Timestamp,Eccentricity,Semimajor Axis (m),Inclination (deg),RAAN (deg),Argument of Periapsis (deg),True Anomaly (deg),Latitude (deg),Longitude (deg),Altitude (m),X (m),Y (m),Z (m),Vx (m/s),Vy (m/s),Vz (m/s)
2022-09-01 00:00:00.000000Z,0.000245926941352,42166130.27384401,0.1362223642078774,98.85925429603508,59.83830910089336,253.22786219849075,-0.0212394434572943,72.07351002645952,35790983.309232265,26005045.5558414,33195887.519209277,-73245.190638186,-2420.6119953857983,1895.354120276244,4.992425082021115
2022-09-01 02:00:00.000000Z,0.0002624745999348,42165261.56666441,0.1363975807982656,98.8134521319948,64.3299754940302,278.8615201009243,-0.0204831328453981,72.07089979858192,35785416.849430285,5864392.81060885,41753722.31869166,-29025.513332026225,-3044.961110650053,426.87047305072144,7.0075167645254455
2022-09-01 04:00:00.000000Z,0.0002805706603322,42164833.80181588,0.1365732425806957,98.81001585366236,68.20831284905735,305.0739421854895,-0.0141066852051363,72.07608919989474,35779896.54697078,-15855578.552563485,39062768.56769562,23087.41319614105,-2849.0796899627067,-1157.207667127,7.133574592858585
2022-09-01 06:00:00.000000Z,0.0003037814647212,42165241.43056687,0.1366425006382463,98.82278457509514,70.51419537574162,332.8497005909915,-0.003858868322792,72.08836297756167,35775705.99502005,-33301981.953012034,25844142.71049246,69027.54235835839,-1885.1882528881256,-2429.906090782904,5.331553611817902
2022-09-01 08:00:00.000000Z,0.0003297971299835,42166210.89721767,0.1366013292442587,98.78793929807344,72.24974987329423,1.2478992624814873,0.0074277609839096,72.10513440590677,35774170.89827368,-41770693.52433966,5658351.250508223,96357.36717407934,-412.873901338893,-3047.760433005719,2.0829275220882897
2022-09-01 10:00:00.000000Z,0.0003438203152924,42166849.60184392,0.1366019974058028,98.6707009030806,73.53286513591684,30.180963452906877,0.0166131106501447,72.12194059554852,35776178.821783766,-38977826.40638739,-16053219.5482784,97637.18462621648,1170.7117001605166,-2843.9385174030017,-1.7370814298001198
2022-09-01 12:00:00.000000Z,0.0003364770714533,42166433.76732732,0.1367950258259381,98.5258186821661,72.5351841017823,61.41716510690644,0.0211374470965395,72.1334462258899,35781505.12348525,-25677821.47642388,-33437698.13879517,72464.7453352095,2438.346379001975,-1873.6365031951905,-5.094088504007987
2022-09-01 14:00:00.000000Z,0.0003194854150635,42165382.64957632,0.1371159812258269,98.44342510249426,68.72186052639086,95.39716359228836,0.019758572861813,72.1355952026256,35788508.47651315,-5458249.613476148,-41811873.18463181,27612.99168125184,3048.521285235211,-398.9541894637996,-7.0762453749138166
2022-09-01 16:00:00.000000Z,0.0003020534341647,42164832.449795,0.1373618096496116,98.43891464917168,64.77292782033773,129.42481727486785,0.0128952166430629,72.12767170712326,35794781.365436524,16231734.114876077,-38924095.82817877,-24798.172853751053,2837.5021354589894,1182.4938298914733,-7.145072742592243
2022-09-01 18:00:00.000000Z,0.0002801479907726,42165249.235685326,0.1374306629721733,98.4513889340776,61.92494348816355,162.3273207462525,0.0024801294486476,72.11252909808181,35798366.965027526,33551836.208825983,-25556345.39744721,-70594.97932669155,1862.73308744742,2445.085895685862,-5.281431155343615
2022-09-01 20:00:00.000000Z,0.0002599893341521,42166077.4968062,0.1373930218660538,98.4197653597502,58.93256467571964,195.41589233683248,-0.0085969114457942,72.09496192883977,35798508.605941206,41841016.39546207,-5309359.3930486925,-97387.67261021528,386.7299615595275,3049.3943141637724,-1.988074138462184
2022-09-01 22:00:00.000000Z,0.0002542736160433,42166522.452825606,0.1373956120280366,98.33194990593113,56.5728294383927,227.93034497222624,-0.0172824351888949,72.07972917273689,35795567.940878,38868242.2780865,16366781.727799464,-97909.97449311613,-1193.51221312266,2832.898266434953,1.8474399785240252
2022-09-02 00:00:00.000000Z,0.0002622187790436,42166279.34063552,0.137543785159619,98.2254918449324,57.23069309751213,257.4516953153994,-0.0211838381581787,72.07035238637066,35790541.80827082,25431772.37222987,33636546.28030047,-71975.8954218469,-2452.8219964376794,1853.5434320905736,5.191059249501883
2022-09-02 02:00:00.000000Z,0.0002741180427488,42165628.45280178,0.1378262157380737,98.15699373319168,60.66720508130573,284.1641948229563,-0.0192172573714296,72.06873324684668,35784660.12868442,5146797.923214375,41847475.77045853,-26538.47705481652,-3051.9093539025494,374.5338325816092,7.139341365875483
2022-09-02 04:00:00.000000Z,0.0002857690311372,42165102.705884,0.1381148314559938,98.15527712660077,64.78794103986496,310.1337088090591,-0.0119095181583637,72.07513229782458,35779196.91805828,-16524238.674839675,38783883.95292325,26167.6152700909,-2828.8419978948746,-1205.9897638436294,7.162535219601572
2022-09-02 06:00:00.000000Z,0.0002998374772191,42165122.91459279,0.1382584740279808,98.18591851944322,68.31184064444281,336.67436818712457,-0.0012698657679884,72.08819639010927,35775375.93130066,-33741266.51330221,25267378.487494823,71908.94550962992,-1843.1796425384211,-2461.94832468927,5.248297844338993
2022-09-02 08:00:00.000000Z,0.0003175950721948,42165736.35127492,0.1382399747006362,98.16330509240524,71.39538493105702,3.712403555779544,0.0097430828833538,72.10502623801429,35774235.804651245,-41861895.61566516,4939085.766580561,98286.64113718992,-360.4314373631107,-3054.3842073860897,1.9072445411715944
2022-09-02 10:00:00.000000Z,0.0003311099363991,42166455.48133988,0.1382525835326954,98.03031009148,74.10522529012663,31.23409951589353,0.0180298656535813,72.12143317247899,35776379.1804713,-38696252.14566106,-16721055.043075947,98093.61552281748,1219.424506983144,-2823.3627071437318,-1.9618681715396893
2022-09-02 12:00:00.000000Z,0.0003299949734413,42166530.879128754,0.1385244050625723,97.84393904742912,74.91891688458067,60.70014437215427,0.0212290729297543,72.13266619647653,35781580.78994354,-25099355.488274865,-33874165.30876856,71292.2733124835,2470.2018596595776,-1831.4298097310048,-5.312061614361944
2022-09-02 14:00:00.000000Z,0.0003182753920876,42165830.80761585,0.1390130124680813,97.72950606766348,72.45804759113902,93.3598270416345,0.0184164816863402,72.13491407458307,35788476.07180465,-4738718.853038705,-41899488.9362061,25065.47546473956,3054.947033305013,-346.49368687552646,-7.231619958301076
2022-09-02 16:00:00.000000Z,0.0003061517172133,42165133.27071059,0.1394313574378248,97.72832063965302,68.35109519667203,127.54231645846464,0.0103855511376566,72.12713103244472,35794859.80543117,16898541.710815024,-38639360.21277854,-28104.92473725377,2816.769634533967,1231.076933503478,-7.195335569486271
2022-09-02 18:00:00.000000Z,0.0002923570837608,42165132.74068921,0.139593970139328,97.76311632600913,64.6373784730155,161.28799079244448,-0.0005954805846476,72.11174781858928,35798671.062820435,33986374.75368796,-24976068.9323861,-73825.1608853287,1820.438449006616,2476.7038173427595,-5.2097138993986825
2022-09-02 20:00:00.000000Z,0.0002784047108579,42165688.493409246,0.1395766602113192,97.74224767232792,61.00164580683741,195.00854237820596,-0.0114469100799487,72.09356184148068,35798889.94719645,41926415.8054334,-4589915.024416909,-99698.60211768805,334.28017364487,3055.5466094363933,-1.8096802363206632
2022-09-02 22:00:00.000000Z,0.0002739307230764,42166201.4358014,0.139588420810184,97.64235732323988,57.76040911298335,228.4160126068564,-0.0191389118973088,72.07777089598338,35795729.01146889,38581687.12279009,17031695.609173417,-98679.21869932076,-1242.004768789339,2811.95004192495,2.087927733462858
2022-09-03 00:00:00.000000Z,0.0002805638956906,42166281.23372851,0.1397860172882082,97.51230216374006,56.79064716984087,259.5885865953733,-0.021517337526562,72.0683954415827,35790278.94583407,24850424.22752005,34067971.490102045,-70974.56638688939,-2484.331984917474,1811.1237694517995,5.43138758829177
2022-09-03 02:00:00.000000Z,0.0002904509454326,42165952.02659112,0.140167236125366,97.4278764157181,58.592691940978064,287.952200513002,-0.0178888082636327,72.06749561491377,35784036.95364349,4427046.407144092,41929102.0226917,-24000.035175319223,-3057.9532561182546,322.0211594628855,7.316309149446682
2022-09-03 04:00:00.000000Z,0.0002976579955607,42165483.12029123,0.1405756571381657,97.43121110640064,62.00009449511713,314.6311015808273,-0.0092169935811571,72.0749989375419,35778526.73158874,-17188561.41679121,38493334.18924759,29603.172362969355,-2807.747093636039,-1254.4718297954266,7.22906136019467
2022-09-03 06:00:00.000000Z,0.0003025704892485,42165202.72254856,0.1408193830490818,97.48857355133636,65.83275318699604,340.8371430956105,0.0021242332451688,72.08892476860784,35775014.286620066,-34170922.14407396,24682596.375668943,75361.59271232087,-1800.5918172195618,-2493.301154221131,5.186336453446324
2022-09-03 08:00:00.000000Z,0.000308736904911,42165368.86559188,0.1408515270151056,97.5020407426472,69.69472599667228,7.060814542391421,0.0129818476603167,72.10589990934177,35774312.525943786,-41940795.75850378,4217638.882242444,100867.97016102487,-307.8433310073392,-3060.1127458405217,1.732484881126247
2022-09-03 10:00:00.000000Z,0.0003156848182413,42165935.31050651,0.1408748942130397,97.39179942065662,73.55387231233018,33.40996305399224,0.0202805647364298,72.1218195567765,35776685.53233212,-38403059.98663298,-17384597.146107208,99137.46901380626,1267.8052820480373,-2801.925732134988,-2.204972764395375
2022-09-03 12:00:00.000000Z,0.0003164194002729,42166385.23208337,0.1411856972013883,97.19864421101828,76.29861455686807,60.95122249564377,0.0218885281598649,72.13253403354585,35781766.6199934,-24513146.83520605,-34300993.16612202,70519.76997205731,2501.339477648307,-1788.6348057046469,-5.56281639053131
2022-09-03 14:00:00.000000Z,0.0003087832606357,42166196.36038961,0.1418092374889658,97.06682548420042,75.91668765103114,91.54931601676807,0.017258849206506,72.1347491447318,35788407.37719774,-4017406.477762074,-41974723.30785736,22648.89055179097,3060.474819234096,-293.87583992188456,-7.427779733500067
2022-09-03 16:00:00.000000Z,0.0003007579389154,42165578.21501734,0.1424165266598759,97.07400305367716,72.4696452122001,125.06387322065078,0.0076339269930188,72.12730605850612,35794724.1213741,17560746.67820833,-38342788.03002053,-31580.3654482261,2795.2005640256607,1279.35712259451,-7.286605186601707
2022-09-03 18:00:00.000000Z,0.0002951355429889,42165208.02527719,0.1427169174798155,97.14474344553436,68.22986055975746,159.29985846255073,-0.0042947090632545,72.1121099016106,35798711.64343603,34411149.3890745,-24387565.561267305,-77493.21836156136,1777.5767270664849,2507.64391952324,-5.170245083404484
2022-09-03 20:00:00.000000Z,0.0002900498158571,42165363.1979657,0.1427495157348124,97.15886839928864,64.14200981958354,193.43727499312325,-0.0151675323417707,72.09366450063754,35799121.26472418,41999395.90167646,-3867987.4665119927,-102622.88398205134,281.67751500784686,3060.815261748829,-1.646660570775896
2022-09-03 22:00:00.000000Z,0.00028984164233,42165782.54753353,0.1427694186153141,97.07309056439144,60.37630442358595,227.35461929778123,-0.0219127874808598,72.07739208835305,35795923.12820942,38283298.69864868,17692664.26422352,-100097.04397883517,-1290.1823825467638,2790.1409104288946,2.3343167426921245
2022-09-04 00:00:00.000000Z,0.0002974325078745,42166111.69074919,0.1429929461811634,96.93895894264593,58.06627444810726,259.8713363800009,-0.0225972440708509,72.06781567490255,35790176.63017624,24261020.686310437,34490064.92583184,-70503.92506435918,-2515.130648018758,1768.1056071818025,5.697939979455128
2022-09-04 02:00:00.000000Z,0.0003079880134826,42166162.58703939,0.1434444784075306,96.84815675357748,58.10052686384744,290.0095369741395,-0.016956701736438,72.06733341865417,35783578.32297981,3705234.442577807,41998583.352052905,-21747.7510429916,-3063.0832337957586,269.3445824805692,7.533568299031226
2022-09-04 04:00:00.000000Z,0.0003140720200188,42165905.95564291,0.1439565525358675,96.85861582470504,60.20673199061137,317.9834266812213,-0.0064770438727711,72.07575147883138,35777928.092065744,-17848399.400240257,38191194.92254234,33064.50340353566,-2785.7911513816366,-1302.6406607672473,7.340121002110739
2022-09-04 06:00:00.000000Z,0.0003122787904893,42165471.073529,0.1443036188423023,96.94550960163446,63.49001179144887,344.7101917953033,0.0059946594837772,72.09055270126065,35774632.47378008,-34590805.08735083,24089954.628520686,79143.50688435535,-1757.429643766218,-2523.956080722849,5.1624392997548645
2022-09-04 08:00:00.000000Z,0.0003062550386068,42165188.91166742,0.14439831539757,97.0090039221063,67.2447799446378,10.991298258305957,0.0170097022298079,72.10778541200047,35774375.347925,-42007309.81063052,3494195.623617097,104002.40912094888,-255.12057979333957,-3064.9474703000164,1.5807275568309889
2022-09-04 10:00:00.000000Z,0.0003019784444002,42165400.7613681,0.1444228396509673,96.9518249444204,71.45830226477328,36.93250704906352,0.0234507378932316,72.12320429875106,35777084.297724366,-38098257.87184676,-18043704.233641945,100831.63200202976,1315.8394943297196,-2779.6374983723385,-2.444366748306724
2022-09-04 12:00:00.000000Z,0.0002988336698299,42166005.36313248,0.1447158630153378,96.78711023733123,75.7482857907573,62.89931485030616,0.0233976164175263,72.13314933511609,35782125.099686965,-23919324.37037387,-34718131.7454815,70354.69166100674,2531.7401243214,-1745.2669202545585,-5.828832288259599
2022-09-04 14:00:00.000000Z,0.0002923785585625,42166369.46702586,0.1453991967082707,96.65683323796758,77.9116305118794,90.95026509764014,0.0167031437645235,72.13503419808127,35788433.32785178,-3294583.8288726965,-42037661.00978779,20670.78885289754,3065.0860736610466,-241.1228659975799,-7.654897748626799
2022-09-04 16:00:00.000000Z,0.0002864953829231,42166083.33064355,0.1461656570456116,96.67516879318696,76.11601757979159,122.8025502986921,0.0051053556929324,72.12790566425589,35794488.38265556,18217988.551848184,-38034642.209978126,-34881.731655447446,2772.7909496499574,1327.308610270666,-7.419250951620533
2022-09-04 18:00:00.000000Z,0.000287535110521,42165497.60999423,0.1466231180695539,96.78909226743878,71.89400166331205,156.97808183845413,-0.0082107663843431,72.11320684965646,35798518.52109225,34825846.69118885,-23791260.23522309,-81299.2597676979,1734.1644731465935,2537.88929133609,-5.174476534196276
2022-09-04 20:00:00.000000Z,0.0002928750914781,42165183.1330835,0.1467274599091848,96.8587010387967,67.56599041411039,191.30031291937712,-0.0195109786391245,72.09489937318936,35799155.72315803,42059810.63959917,-3144060.8915444138,-105977.91118880708,228.94958683824697,3065.2012930204423,-1.5195286507402808
2022-09-04 22:00:00.000000Z,0.000299877572324,42165330.8813484,0.1467483842589572,96.81283573004444,63.6552311717856,225.322510514742,-0.0255815182367091,72.07833967406822,35796082.46622845,37973129.71034638,18349271.735661443,-102146.94836802762,-1338.019075436682,2767.487677249412,2.561950177133443
2022-09-05 00:00:00.000000Z,0.0003104715277422,42165774.17136575,0.1469629463726018,96.69533321787613,60.464727772578335,258.702760305456,-0.0246367499607123,72.06845219487532,35790197.832451455,23663775.701453064,34902566.958298884,-70721.15638257413,-2545.199619721459,1724.5144779122495,5.968176445157772
2022-09-05 02:00:00.000000Z,0.0003237260158199,42166200.69661013,0.1474389704319501,96.60798851278253,58.895153890321495,290.44145507505027,-0.0168198592850685,72.06809500097371,35783292.45156567,2981674.561979972,42055859.84168711,-20075.536826857344,-3067.290617651858,216.53336315432068,7.776505972244007
2022-09-05 04:00:00.000000Z,0.0003321771414097,42166284.9123152,0.1480167251891426,96.62509799914788,59.4835417635546,319.92718049751903,-0.0041768616822211,72.07718096971688,35777427.69974568,-18503420.797985625,37877615.34203519,36192.79460633976,-2762.9778820510646,-1350.4685929226443,7.492679843739289
2022-09-05 06:00:00.000000Z,0.0003279021303461,42165876.6508704,0.1484476181964238,96.73664554827369,61.699828562379295,347.6971238446685,0.009884232785316,72.09282044190151,35774230.6871532,-35000656.64239703,23489769.27879924,82918.08762941242,-1713.709127179659,-2553.896088674064,5.185605482718636
2022-09-05 08:00:00.000000Z,0.0003121753729795,42165236.37806313,0.1486012855222722,96.85051547629948,64.55198684191122,14.830866465972804,0.0215063152116373,72.11045516586582,35774374.678807005,-42061319.54400491,2769132.063351087,107454.22965175012,-202.2846183348,-3068.8893298026323,1.4702935481670265
2022-09-05 10:00:00.000000Z,0.0002952231504191,42164973.65414813,0.1486152359533002,96.8600882696905,67.98255560901814,41.487882932277486,0.0274248742542529,72.12548071309511,35777510.244438425,-37781876.11826991,-18698069.50899245,103091.2515914436,1363.5080025259842,-2756.5152279182303,-2.6573634440424265
2022-09-05 12:00:00.000000Z,0.0002831545926601,42165466.6867278,0.1488351471342701,96.74885653045416,72.70294162523236,66.9698809571359,0.0258627942964027,72.13450198788512,35782655.97750428,-23318046.31108521,-35125434.616542995,70875.65592565817,2561.386795975549,-1701.3525237179024,-6.088156304054902
2022-09-05 14:00:00.000000Z,0.0002731962334071,42166275.82652272,0.1494792766434191,96.6373115187499,77.25482298675186,92.61285849509432,0.0170502531850153,72.13568246324392,35788660.83693805,-2570528.5967469485,-42088369.50816635,19353.017577625105,3068.765447881023,-188.26778120135776,-7.895706004067295
2022-09-05 16:00:00.000000Z,0.0002661882417949,42166551.128612176,0.1175188123318463,96.95477150968634,77.94524854795775,121.68003990251783,0.0149797584748766,72.12861401889994,35794306.65885523,18869940.83895211,-37715242.18048807,-29052.33110934801,2749.5429572241665,1374.8954215451777,-5.939539476254048
2022-09-05 18:00:00.000000Z,0.0002707463983388,42165998.57447559,0.1181175601171561,97.14884675810924,74.58430177713319,154.9149425842498,0.0136670711304316,72.11451101280676,35798200.52066823,35230232.603961244,-23187707.648927648,-66115.15415819957,1690.2255710872482,2567.4132219272924,-4.116065046420778
2022-09-05 20:00:00.000000Z,0.0002860750345205,42165250.54817568,0.1183041037229891,97.31984816531627,70.34167509495953,189.05085162745377,0.0083825270210071,72.09665984554059,35799025.70080517,42107660.9769812,-2418804.108293345,-85598.97780660084,176.13543938722188,3068.7012746502123,-1.168010853206376
2022-09-05 22:00:00.000000Z,0.0003026238293861,42164968.469327286,0.1183166934775187,97.33703789315544,66.69997827105148,222.74086792225728,0.0007309643397855,72.08003346875205,35796201.11712232,37651469.08361919,19000919.107090853,-82125.19785770646,-1385.476422701759,2744.012724767271,2.113972137452934
2022-09-06 00:00:00.000000Z,0.0003181022187009,42165339.79507835,0.1184816335010224,97.23092197270708,63.22646205266502,256.3923593634932,-0.0070530481948768,72.06975737482888,35790354.43794812,23059214.438621696,35305114.47375007,-56494.19537754724,-2574.513134299646,1680.3922065519678,4.844110232203112
2022-09-06 02:00:00.000000Z,0.0003352140307819,42166062.99171604,0.1189247102444768,97.13360804499666,60.43575596577225,289.36195220111017,-0.0127382602048098,72.06919568767616,35783235.64694095,2257010.2224710407,42100914.574152224,-15500.352532882203,-3070.569309838423,163.64033661697889,6.281853698344715
2022-09-06 04:00:00.000000Z,0.0003487059481953,42166560.52221055,0.1195142721343025,97.15858777172228,59.549135144785005,320.3151230851259,-0.014708169748621,72.0785915908956,35777105.91109915,-19153024.189181093,37552966.28021413,29878.7721935447,-2739.325616366357,-1397.9031628234927,6.03284510432977
2022-09-06 06:00:00.000000Z,0.0003466386315616,42166358.979929455,0.1199940926063424,97.31658016448311,60.52220625485341,349.2825148103205,-0.0124034668105472,72.0949125949358,35773860.285507694,-35400093.923294336,22882737.56110264,67431.48248451832,-1669.4714078692482,-2583.08601372052,4.156836810170978
2022-09-06 08:00:00.000000Z,0.0003260380084664,42165526.43634236,0.1201938429071081,97.50910969137058,62.097390133328375,17.615085688411096,-0.0064805968662212,72.11306165097646,35774286.071232095,-42102781.15883447,2043286.4714946896,87004.82652625952,-149.38519530232975,-3071.9359474042994,1.1528492238964223
2022-09-06 10:00:00.000000Z,0.0002987290837537,42164779.53050268,0.1201920200393047,97.6008266188044,63.84958336631132,45.86816104080609,0.0013608824272634,72.12791134580873,35777869.95702357,-37454198.811862856,-19346963.167137124,83247.40536504811,1410.7723882345374,-2732.590160254793,-2.1752304343510565
2022-09-06 12:00:00.000000Z,0.0002761218684613,42164924.82111949,0.1203039861558983,97.53860190766088,67.40485907203205,72.4653760496764,0.0088427268864307,72.1360420477532,35783277.17474989,-22709800.27811475,-35522479.657170475,57057.04175651352,2590.2614601911755,-1656.9432468237478,-4.935336480747358
2022-09-06 14:00:00.000000Z,0.000258097896688,42165940.82283628,0.1208160213513757,97.43313152358972,73.12820499032685,96.9298211954257,0.0137498021877672,72.13622851623181,35789114.121218674,-1845794.9448589813,-42126830.789596885,15351.304154620437,3071.511746901449,-135.36969207835153,-6.385359219990148
2022-09-06 16:00:00.000000Z,0.0002455682183409,42166790.18874354,0.12163170229844,97.47044260925996,76.99672442048598,123.09870171383132,0.0145874668695512,72.1288057428087,35794305.998238,19516026.37247438,-37385006.57715417,-30760.007427169643,2725.4590062397715,1422.057909867715,-6.129199686757971
2022-09-06 18:00:00.000000Z,0.0002488739051238,42166562.52894415,0.122308485423567,97.68970012784185,75.72662297189743,154.21800860667045,0.011061039924673,72.11513412136844,35797874.55725948,35623846.43024133,-22577705.094546262,-68912.91114008715,1645.7905814099165,2596.1737453003548,-4.223224657484231
2022-09-06 20:00:00.000000Z,0.0002713336361517,42165542.48552534,0.1225654626123398,97.9297519422099,72.27747735964068,187.49202721917567,0.004188722090358,72.09792323907996,35798748.69176005,42142791.75961388,-1693193.9806558758,-88789.05264234928,123.28635183357072,3071.3093742835663,-1.1676079823394288
2022-09-06 22:00:00.000000Z,0.0002983482368355,42164743.226736136,0.12256426960765,98.0284870151924,69.42932160050125,220.30717546604575,-0.0040156389465187,72.0815148306447,35796197.83424482,37318538.24040822,19646730.29627726,-84917.41099167675,-1432.5051185702173,2719.748212881627,2.2217459261503274
2022-09-07 00:00:00.000000Z,0.0003203711092628,42164838.15170462,0.1226516526675101,97.9807565978668,66.31885231426743,253.53694548300945,-0.0111578443248155,72.07095004074674,35790525.41117947,22447848.07878328,35697154.21598701,-58197.866914628925,-2603.0418539237453,1635.79276746166,5.0321280709826
2022-09-07 02:00:00.000000Z,0.0003415161865488,42165670.44870686,0.1230099131804462,97.9072445825803,62.95902201553822,287.05148395418365,-0.0151569913755477,72.07001230740259,35783306.35486429,1531881.801787356,42133601.75960112,-15701.855545875873,-3072.9126506340854,110.7219951083371,6.501903349308956
2022-09-07 04:00:00.000000Z,0.000361322487053,42166577.51609315,0.1235497023127232,97.93134428742805,60.81239635484162,319.2655627254404,-0.0148262599176725,72.07943150723553,35776893.41549076,-19796598.108991,37217473.29815652,31206.131630056327,-2714.8480857672257,-1444.8995464338918,6.22809498859186
2022-09-07 06:00:00.000000Z,0.0003653616349774,42166726.46813998,0.1240267727075737,98.08581925205962,60.67341244068384,349.3490745556179,-0.0102016261196185,72.0962998033044,35773448.597131975,-35788656.625981,22269336.23514133,69920.30599667832,-1624.7430710687563,-2611.502282952268,4.27722083554352
2022-09-07 08:00:00.000000Z,0.0003452924638997,42165902.1490693,0.1242467225258022,98.29678659055384,61.12957600979288,18.782926998202647,-0.0025380102195213,72.11514728619626,35773980.42605032,-42131435.46139467,1317213.1456538746,89994.37349851867,-96.44899307938098,-3074.089348226193,1.1689022231327415
2022-09-07 10:00:00.000000Z,0.0003122426945443,42164770.09919591,0.1242309889046871,98.44152734604664,61.08717348294383,48.777827821021056,0.0060271868921212,72.13025021529059,35777954.8721992,-37115114.47747552,-19989921.69003471,85965.50220324169,1457.6200637361374,-2707.8830963008904,-2.2643207351734813
2022-09-07 12:00:00.000000Z,0.0002815788159819,42164429.54379651,0.1242374497807493,98.44962774936008,62.29446758040341,77.65218356028973,0.0130544366584488,72.13786545139335,35783750.44815737,-22094503.87920456,-35908970.8912028,58829.96086449841,2618.367226782467,-1612.061864386745,-5.102293007995987
2022-09-07 14:00:00.000000Z,0.000254480885243,42165358.2304458,0.12456828137053,98.38691618903684,67.08971718487132,103.00099479475716,0.0164743885718334,72.13708109469505,35789632.60841794,-1120265.7482128006,-42152883.04905446,15776.756082264716,3073.3283130566706,-82.44266348390222,-6.584214374798153
2022-09-07 16:00:00.000000Z,0.0002318470573265,42166700.274061546,0.1252441584293507,98.41968064061768,72.95681551887441,127.17518991120866,0.0151838838719684,72.12900545482435,35794469.16107404,20156419.319925748,-37043845.153586365,-31728.96420478219,2700.5446757805216,1468.788075251341,-6.309682209660881
2022-09-07 18:00:00.000000Z,0.000227687104614,42167029.473478295,0.1259043177056245,98.63090914697112,74.6049052548619,155.38449683642864,0.0094108761092387,72.11549567053001,35797620.48779622,36006861.787185185,-21961224.578281045,-70985.08091030695,1600.8556674723393,2624.1614663709997,-4.343325907668317
2022-09-07 20:00:00.000000Z,0.0002514460712501,42166013.59626348,0.1261993113536769,98.90521904822732,72.88572256917702,186.8949593725196,0.000712635519654,72.09894903875423,35798402.35818664,42165347.30051169,-967264.658961846,-91423.95278944793,70.39900393847083,3073.018959574821,-1.2009768306135034
2022-09-07 22:00:00.000000Z,0.0002871654212854,42164733.496046685,0.1261848280070504,99.06921727372756,71.45997029448304,218.22286900573036,-0.0084495173246598,72.08296832548163,35796107.53011993,36974465.336426325,20286649.95388893,-87455.02280865818,-1479.1067052180856,2694.6952769105555,2.2813151633614344
2022-09-08 00:00:00.000000Z,0.0003165627989796,42164378.72360454,0.1261853082307833,99.080102308829,69.42280464149997,250.32052808176647,-0.0154364236105947,72.0722120212491,35790732.91346335,21829793.292785104,36078665.61764339,-60014.10323184943,-2630.787597798075,1590.7243835300665,5.168437018162582
2022-09-08 02:00:00.000000Z,0.0003420936411419,42165185.077591,0.1264232974925691,99.03439910963448,65.88241669316126,283.9872682823211,-0.0182028373389396,72.0707278754624,35783556.95576134,806374.0982316346,42153978.81707628,-16362.791685267068,-3074.327265175738,57.79136560082208,6.679344300526327
2022-09-08 04:00:00.000000Z,0.0003679533634171,42166408.67327461,0.126859718778537,99.0538994257602,62.832539764345206,317.10886349484264,-0.0158801210545426,72.07981319287815,35776901.79515483,-20434110.772820298,36871308.6187247,31833.15488495017,-2689.55401966673,-1491.4389748975289,6.400460131195045
2022-09-08 06:00:00.000000Z,0.000380332044107,42166980.96094518,0.1272817040874888,99.18736242909596,61.788735381151305,348.118442546914,-0.0090235446086677,72.09691599128053,35773149.84645787,-36166398.603045486,21649883.6830242,71633.54612616093,-1579.5399959410352,-2639.124410506648,4.399988012548924
2022-09-08 08:00:00.000000Z,0.0003654181125106,42166356.58510572,0.1274931414785138,99.38641339341724,61.47854677576346,18.331229570652848,0.0005322958494724,72.11642897772474,35773592.587106444,-42147480.24034319,591349.6834117193,92315.36273944318,-43.49924385654596,-3075.339222924,1.2115655215396786
2022-09-08 10:00:00.000000Z,0.0003315152284623,42165017.88285814,0.1274706911854704,99.5493416896779,60.15120350857316,49.593433232164536,0.0101692165136001,72.1320813870228,35777817.33325325,-36764983.56139079,-20626504.239964016,88273.77922891553,1504.0316919161878,-2682.404299713275,-2.309746860488931
2022-09-08 12:00:00.000000Z,0.0002970572549761,42164184.94267398,0.1274020584450228,99.60317193623884,58.985699791532575,80.79475360546738,0.0171967664270994,72.1395937231323,35784040.646978535,-21472598.964571998,-36284611.79032644,60536.80974355189,2645.7022463447147,-1566.736678852203,-5.219340023053244
2022-09-08 14:00:00.000000Z,0.000264376190509,42164773.916231,0.1275562534943252,99.57765501285536,61.35861861450947,108.52790421042454,0.0195856491206865,72.13801327080733,35790176.526975095,-394328.3616612577,-42166466.521296665,16484.861246202134,3074.230833668663,-29.52269788540596,-6.7377638585462565
2022-09-08 16:00:00.000000Z,0.0002311740146674,42166350.13704264,0.1280260147181226,99.60123009539674,66.96344285816383,132.97266403855556,0.0165341089026781,72.1290392336475,35794856.489560485,20790855.055787187,-36691970.42063707,-32131.30956074012,2674.819382470552,1515.0469395488278,-6.457748320058821
2022-09-08 18:00:00.000000Z,0.0002141670955545,42167306.55882855,0.1285715550565804,99.77342429467129,70.88703154113767,158.94522577498444,0.0087298478803595,72.11524866879846,35797597.236249566,36379183.50823953,-21338751.95916317,-72321.67124563578,1555.4492344702464,2651.3414622528453,-4.44973274812873
2022-09-08 20:00:00.000000Z,0.0002315037131028,42166607.52487472,0.1288534251540415,100.03307863011742,71.58433769436961,188.0542772971996,-0.0017739196296168,72.0991237807386,35798135.91494935,42175477.21340938,-241688.1491631912,-93304.09586936128,17.51214034326884,3073.8164105101914,-1.2431008487015074
2022-09-08 22:00:00.000000Z,0.000271067153427,42165027.40479875,0.1288311869500343,100.22484661331929,72.23861835837772,217.27487786669317,-0.0120864692221331,72.08363650461546,35795984.212165974,36619680.20704025,20920027.059556272,-89382.88402605853,-1525.2452429778996,2668.8737820820247,2.309841880739576
2022-09-09 00:00:00.000000Z,0.0003071656251771,42164143.55096806,0.1287625515224393,100.27921939219868,71.97683502489181,247.5536120420109,-0.0192960713252027,72.07282578605322,35790948.233197205,21205673.88837869,36449243.62521728,-61508.45415072601,-2657.734535495781,1545.232799326127,5.257273997920011
2022-09-09 02:00:00.000000Z,0.0003364730518456,42164680.57206368,0.1288758702714537,100.260122940114,69.14362539972619,280.48594915907216,-0.0213137720953996,72.07072431872378,35783956.95458748,81149.06753693242,42162012.40192915,-17071.46769650368,-3074.8186546954,4.903587917539397,6.803666391772687
2022-09-09 04:00:00.000000Z,0.0003669719383868,42166054.83371674,0.1291766582622439,100.27371711796198,65.65519747710333,314.0513315860844,-0.0174757501718067,72.07914007174729,35777155.95919505,-21065022.998462077,36514825.8012243,32048.22599074359,-2663.471338573432,-1537.4708091818843,6.526904697967148
2022-09-09 06:00:00.000000Z,0.0003878869972653,42167030.71876797,0.129500756500949,100.37433765394408,63.95398336457709,345.75099179628825,-0.0087404435748654,72.096071598505,35773040.48299393,-36533049.03847476,21025051.982729577,72665.23881137169,-1533.9078687826898,-2665.916405209605,4.49536282592985
2022-09-09 08:00:00.000000Z,0.0003811381556316,42166745.432154976,0.129674990866919,100.53561854144074,63.24074346732919,16.40507640462115,0.0025638346518407,72.1160603398525,35773190.869877085,-42151012.11579131,-133460.8720401381,93845.6196331251,9.410203235120676,-3075.675907192121,1.2518670741375322
2022-09-09 10:00:00.000000Z,0.0003503252089183,42165408.10634304,0.129653124608248,100.68211417263944,61.33841080101617,48.259457307847256,0.0133698516954089,72.13246782228349,35777433.90495779,-36404260.95039106,-21255913.692023948,89866.55702640789,1549.965645232891,-2656.1758302694807,-2.3324780938687417
2022-09-09 12:00:00.000000Z,0.0003155364458833,42164193.96023,0.1295549753214517,100.75125187465385,58.56046769729899,81.058328583148,0.0207065320665871,72.14039958594259,35783984.98781904,-20844729.971230827,-36648846.4731101,61764.85833571204,2672.2578230887625,-1521.0090446922875,-5.294771550867488
2022-09-09 14:00:00.000000Z,0.0002820209391724,42164308.8946453,0.1295829991485129,100.75040441943894,58.39342349070481,111.30648614623765,0.0225066781929912,72.13853320208354,35790489.74055907,331438.2926617004,-42167320.7445448,17052.62125980804,3074.243868144787,23.353145388143787,-6.840698070545405
2022-09-09 16:00:00.000000Z,0.0002430287050756,42165810.82838921,0.1298442296053253,100.76441422850024,62.08470399638792,137.67360738643688,0.018172149822039,72.12881193416376,35795248.89489536,21418986.501357343,-36329333.20394679,-32308.978352266167,2648.318525043984,1560.812887175101,-6.556680812859395
2022-09-09 18:00:00.000000Z,0.0002125458487312,42167267.03664442,0.1302114833855106,100.87971852637094,66.30852686726051,163.4023135392436,0.0087585962235881,72.11450995005765,35797718.92962833,36740694.49177735,-20710356.01051087,-73113.16231519698,1509.5981827636704,2677.701101446037,-4.517688983274159
2022-09-09 20:00:00.000000Z,0.0002167866392367,42167112.68074415,0.1304271677642198,101.07813718843715,68.84578557045236,190.7328045967754,-0.0032648835735353,72.09854113055192,35797956.96443495,42173218.0033003,483393.4576372015,-94425.1143752685,-35.35794665854121,3073.6943901515524,-1.2654520739055863
2022-09-09 22:00:00.000000Z,0.000253017154074,42165521.44121432,0.1304043193624379,101.24813860245466,71.77123096773009,217.70449261563544,-0.0146461458373824,72.08353937692571,35795824.16872197,36254304.810151964,21546697.98168546,-90495.09348742991,-1570.9136660435986,2642.285554729137,2.333659502489153
2022-09-10 00:00:00.000000Z,0.0002929182679388,42164165.143108696,0.1303077655123257,101.31731533192898,73.79279143079482,245.68519588650145,-0.0222368593333834,72.07284590046243,35791110.52139191,20575623.04720675,36808766.47599036,-62313.60002789595,-2683.8867957145235,1499.326647910395,5.316111795880426
2022-09-10 02:00:00.000000Z,0.0003252207531806,42164276.50890941,0.1303264061689867,101.31725139562526,72.38650211699374,277.1710319433839,-0.0238836329060624,72.07019679679536,35784423.34440826,-643727.5591732059,42157642.33404165,-17382.403470819,-3074.3999998617337,-47.93405581780688,6.878538561576678
2022-09-10 04:00:00.000000Z,0.000358447076999,42165599.68936758,0.1304913063623015,101.32530768674854,69.0301431903009,310.6090080210032,-0.019045763729816,72.07773764373472,35777621.87598947,-21689366.10255615,36148006.349309176,32268.428338339752,-2636.612625667141,-1582.9901981709045,6.5959764737084985
2022-09-10 06:00:00.000000Z,0.0003864129355722,42166875.36335365,0.1306953540864136,101.38836187508586,66.95331464990171,342.7212716561154,-0.0089615629572769,72.09409167866902,35773179.304376096,-36888719.08292144,20394864.482721567,73302.79877212073,-1487.8568243365269,-2691.870759430044,4.539542130557916
2022-09-10 08:00:00.000000Z,0.0003888720189577,42166984.63407447,0.1308115186526384,101.49550557229138,66.11734049529741,13.55235596280846,0.0036778542495124,72.11420834179668,35772906.29415708,-42142221.31937924,-857128.7834803507,94674.68239615989,62.26670841083892,-3075.0894272947885,1.259858285995409
2022-09-10 10:00:00.000000Z,0.0003638533113707,42165832.794457264,0.1307950198521085,101.59846753421074,64.2175024017416,45.44850589310381,0.0154577084199492,72.13134570105011,35776929.65684886,-36033239.22011718,-21878005.03485735,90618.50284835271,1595.4073668407682,-2629.193823705785,-2.3609395556957367
2022-09-10 12:00:00.000000Z,0.0003308480088407,42164420.735812105,0.1307120581281007,101.65455208882224,60.71951761447234,78.98126549189979,0.0231704396054226,72.14007134790016,35783613.02715562,-20211267.575416543,-37001539.93876979,62211.034321866246,2698.0291675696526,-1474.885107719901,-5.348562572670177
2022-09-10 14:00:00.000000Z,0.0002993860959971,42164065.49137208,0.1306858911105281,101.66282645338096,58.64833583179812,111.1247243733116,0.0246883009033587,72.13849107670914,35790474.64849881,1056693.9203100973,-42155366.37683973,17076.91844558646,3073.380722907284,76.17764993769677,-6.900479141528359
2022-09-10 16:00:00.000000Z,0.0002606301414025,42165246.28684391,0.1307915483276445,101.6693651930894,60.115322630157976,139.72325995421974,0.0195401404904973,72.12841968639123,35795492.346508235,22040612.108086087,-35955880.77773231,-32671.789446014896,2621.064574471837,1606.0859582135497,-6.6011178325002255
2022-09-10 18:00:00.000000Z,0.000221572334447,42166934.06984177,0.1309740065665665,101.72712397390832,63.0610323395785,166.78710896635386,0.0090465034527786,72.11360185248166,35797892.65497111,37091338.44728584,-20075972.18732824,-73690.80453164034,1463.3184729881505,2703.241810391769,-4.531197350597747
2022-09-10 20:00:00.000000Z,0.0002108638046102,42167375.82394997,0.131091673531092,101.8367189529388,65.74747382264651,194.05716730329829,-0.0040146255063744,72.09755927253234,35797864.018453464,42158589.81591301,1208034.168060754,-94974.11304026494,-88.20560104267469,3072.648345973618,-1.2445309932331616
2022-09-10 22:00:00.000000Z,0.0002371428345014,42166070.44754215,0.1310755735451509,101.9398192397744,70.14774205788741,219.6213355544532,-0.016132495102182,72.08295951860256,35795634.76655516,35878370.33788643,22166671.448590264,-90794.6176522587,-1616.114229913677,2614.923565277812,2.3795876827367524
2022-09-11 00:00:00.000000Z,0.000276053273631,42164431.86827552,0.1310033637779203,101.98922396940124,74.50738208378611,245.28402466025457,-0.0240071611344839,72.07255977391397,35791158.98646511,19939625.8875902,37157192.692260206,-62244.44956369221,-2709.2547693554598,1452.9985650322765,5.369322481641808
2022-09-11 02:00:00.000000Z,0.0003097873016847,42164065.16438201,0.1309847832800703,101.99520271797472,75.08507577793648,274.7795083211302,-0.0254592257994754,72.06958436269268,35784835.81466606,-1368363.592178238,42140759.00574902,-16962.139083766033,-3073.0852247830703,-100.7338477831301,6.91990132298097
2022-09-11 04:00:00.000000Z,0.0003438832089808,42165149.68701438,0.1310461762965247,101.99878300249397,72.50036287548005,307.4494438878364,-0.0200408251383844,72.0762549222813,35778192.72952325,-22307327.225782327,35770633.28779304,32897.96943212378,-2608.984341474457,-1628.0134049797057,6.610971862573946
2022-09-11 06:00:00.000000Z,0.0003764119117214,42166563.63358231,0.1311346251515228,102.02647808942672,70.40697541489664,339.6127672793954,-0.0091726675239848,72.09175062564408,35773548.1401335,-37233597.973663256,19759004.96484086,73924.56889034265,-1441.3815164718635,-2716.9965441758577,4.522239747503566
2022-09-11 08:00:00.000000Z,0.0003874064831195,42167038.28395639,0.1311855828465541,102.07402785278612,69.66365014996877,10.41052307878696,0.00423110535604,72.11159359074857,35772834.208283804,-42121241.62922422,-1579981.025097569,95065.0546013634,115.07806330022792,-3073.573433715356,1.2143786571206618
2022-09-11 10:00:00.000000Z,0.0003696406385759,42166192.75063028,0.131177944856871,102.11831038009802,68.13944259030177,41.99020672380326,0.0165512972657414,72.12921580889544,35776468.48533944,-35652022.249662854,-22493018.062104065,90617.00705862272,1640.3563927182747,-2601.4424902108544,-2.421547782023072
2022-09-11 12:00:00.000000Z,0.0003397822576091,42164778.33350418,0.1311435037330799,102.14123580495354,64.6383051881411,75.56018171170949,0.0244500349307361,72.1388453889272,35783064.18843658,-19572345.10956773,-37342822.28519125,61773.8856297509,2723.0102025821066,-1428.3517097666004,-5.405644195694981
2022-09-11 14:00:00.000000Z,0.0003112528703683,42164065.95552643,0.1311314751702773,102.14468976959188,61.433024141155286,108.84327492130087,0.0257797326141401,72.13798010201806,35790163.99693076,1781277.0076539554,-42130658.61258193,16300.174680223638,3071.6413384696057,128.95926754218473,-6.934761904698933
2022-09-11 16:00:00.000000Z,0.0002766411992428,42164803.79476956,0.1311604778699705,102.14656730709169,61.030144278259,139.31645413170682,0.0201643255401496,72.12802461183144,35795510.88445764,22655604.082981672,-35571604.58136457,-33567.86622489205,2593.0661021762794,1650.876228116208,-6.598304676629671
2022-09-11 18:00:00.000000Z,0.0002358441213874,42166428.91193476,0.1312037873101409,102.16023593730176,62.25173749002096,168.1481786631781,0.0091010837566521,72.11287563829782,35798024.51700024,37431053.89504703,-19435515.602476794,-74416.62896642408,1416.618244511229,2727.9732483458506,-4.48707367855363
2022-09-11 20:00:00.000000Z,0.0002137476074133,42167336.7918134,0.1312254734259079,102.18010623565594,63.66002155358958,196.7859195339637,-0.004438381190868,72.09663354355598,35797828.75200917,42131567.78125817,1932358.5635716908,-95256.38505548568,-141.02887649551388,3070.6784562474327,-1.168095923135342
2022-09-11 22:00:00.000000Z,0.000227158794021,42166517.03998331,0.1312242592911249,102.19180993066088,67.87869265566232,222.62335836510027,-0.0168044541369636,72.08231086396371,35795427.102505125,35491848.64646045,22780035.194514874,-90471.80098731976,-1660.8496066075922,2586.7782693617182,2.46688601503359
2022-09-12 00:00:00.000000Z,0.0002600561185632,42164858.12812872,0.1312243210437067,102.19252333872012,73.8939910506852,246.67951092437124,-0.0246557657644911,72.072341906675,35791059.57541697,19297620.21570983,37494522.68401499,-61336.70343816418,-2733.8454361266704,1406.2342405448,5.439890849015825
2022-09-12 02:00:00.000000Z,0.0002926658293225,42164077.65182872,0.1312362039157789,102.19031768530016,76.68111445041271,273.9737410564316,-0.0258659522930804,72.06935840631029,35785081.91006838,-2092883.126309859,42111241.05019184,-15681.9661594002,-3070.8834297836515,-153.51579023356248,6.949529654071617
2022-09-12 04:00:00.000000Z,0.000325894331407,42164797.83442588,0.1312492051943543,102.19076764195394,75.4739485508751,305.2686115946485,-0.020100613988027,72.07538059265683,35778723.50061492,-22919076.32630981,35382420.17739485,34202.13532781619,-2580.5881772425,-1672.5653761109772,6.5872068112799615
2022-09-12 06:00:00.000000Z,0.0003602059294993,42166174.074377805,0.1312512551777045,102.19104373452672,73.80581882867745,337.03317099693726,-0.0089113155595952,72.08995097481845,35774051.71529977,-37567817.32969313,19117021.44435554,74870.7259844311,-1394.469538821793,-2741.3122749888544,4.448472901152988
2022-09-12 08:00:00.000000Z,0.0003777726571273,42166917.713452816,0.1312453022161494,102.18419916489812,73.36551363497884,7.581703792215344,0.0046786807338148,72.10919670994959,35772990.36050514,-42088083.39607195,-2302538.1510175797,95351.23458622032,167.86303912172966,-3071.127116276393,1.1089018598122269
2022-09-12 10:00:00.000000Z,0.000367507660576,42166423.38681562,0.1312503134219534,102.16756564418594,72.43568498360621,38.62804788066021,0.0169916403117589,72.12694241993121,35776178.08492127,-35260511.46012172,-23101395.87593104,90112.56752628506,1684.8219257081628,-2572.902767142091,-2.5305469228237416
2022-09-12 12:00:00.000000Z,0.0003418127836443,42165167.7299841,0.1312832934722534,102.14823822982312,69.42159887313892,71.7539801520139,0.0246963918270046,72.13732794474402,35782513.739200145,-18927854.905362938,-37672975.87213134,60564.32978776912,2747.194825054994,-1381.38591283071,-5.487675294550402
2022-09-12 14:00:00.000000Z,0.0003161969982768,42164262.30038254,0.1313342415394736,102.13820141913794,65.75878073827371,105.50898864307663,0.0257155309156113,72.1373501252909,35789686.28460696,2505223.68855181,-42093336.27946365,14674.257268072528,3069.0142849560784,181.71432860229268,-6.965160060498284
2022-09-12 16:00:00.000000Z,0.0002870539453727,42164562.887749344,0.1313617704585005,102.13863963497091,63.97838997067932,137.36159425371358,0.0197879747733585,72.12787069315371,35795328.15641853,23263933.59891353,-35176545.00574889,-35185.91971734225,2564.3174372185345,1695.195723151635,-6.5650204490580775
2022-09-12 18:00:00.000000Z,0.0002498760385359,42165905.34174513,0.131335087385428,102.12820063679592,63.62697539305076,167.79036052074343,0.0085373240880478,72.11264794996181,35798066.14730537,37759793.41684877,-18788943.600466862,-75573.66080423113,1369.4971774971862,2751.906169068833,-4.394452372483168
2022-09-12 20:00:00.000000Z,0.0002225672802498,42167043.03585911,0.1312912751371693,102.08041731725588,63.32445888940934,198.20633659007476,-0.0049698538514336,72.09618703031028,35797820.99941898,42092107.21500172,2656464.8997664754,-95590.75439945,-193.82702724770243,3067.7881804284098,-1.0369021093807218
2022-09-12 22:00:00.000000Z,0.0002247617160013,42166752.98383534,0.131313058627433,102.00390430777956,65.86821393220232,225.8070513437328,-0.0170617168061097,72.08200787225267,35795221.416797586,35094703.54427349,23386873.998341188,-89820.47331595568,-1705.1180131184492,2557.8428777151016,2.603213010617345
2022-09-13 00:00:00.000000Z,0.0002487137173621,42165322.835630186,0.1314155867724504,101.94285107742796,72.11788722515556,249.691085647172,-0.0244687152236923,72.07252917925045,35790823.42234683,18649583.20067353,37820770.6571442,-59800.620932938575,-2757.6574040614514,1359.0217704259262,5.543119340484584
2022-09-13 02:00:00.000000Z,0.0002772021578576,42164286.04354184,0.1315172069851767,101.9222605571776,76.78439675670899,275.1246274750116,-0.0252123512659588,72.06985853409684,35785101.830462106,-2817308.634455252,42069006.34478048,-13621.578127124145,-3067.7959147744987,-206.2949812015924,6.987779512929182
2022-09-13 04:00:00.000000Z,0.0003077070618235,42164600.36040398,0.1315441504444412,101.9220219606833,77.36924064859421,304.62789438263064,-0.0191274587851505,72.07559802494995,35779088.06075218,-23524643.38773097,34983159.71768619,36252.85440408462,-2551.423578350535,-1716.6655889228352,6.545601916224001
2022-09-13 06:00:00.000000Z,0.0003411239094691,42165786.99429206,0.1315031016612336,101.9067669420446,76.60505343806537,335.5032684959041,-0.0078931333391293,72.08939434277254,35774560.14831693,-37891372.51545115,18468566.169873446,76350.29746279442,-1347.1110749950526,-2764.8356444074334,4.334576566629892
2022-09-13 08:00:00.000000Z,0.0003625451260909,42166667.56810556,0.131459781086147,101.85925738344304,76.70290671811935,5.553553565732747,0.0054254513970968,72.10788597407829,35773314.95255753,-42042641.32532901,-3025231.989184683,95830.5483586624,220.63820495949636,-3067.754415404217,0.95107953917557
2022-09-13 10:00:00.000000Z,0.0003589041866316,42166501.43760596,0.1314813993960754,101.79058651640813,76.50214906959005,35.92263919861379,0.0172073686863404,72.12540721015111,35776107.123179816,-34858496.62978928,-23703533.7923712,89419.79280851265,1728.8140685080375,-2543.5612795750217,-2.6908644572373435
2022-09-13 12:00:00.000000Z,0.00033797533903,42165508.05914913,0.1315871360145283,101.73053212086776,74.2807567059934,68.29705537739933,0.0242602068046931,72.13624357789905,35782097.0004289,-18277569.557815507,-37992266.5761254,58839.75145910376,2770.57731261541,-1333.9676460004123,-5.607240469118039
2022-09-13 14:00:00.000000Z,0.0003151523461194,42164574.30185529,0.1317260201761892,101.70474546707749,70.7091532189715,101.97741460816718,0.0246886288051491,72.13708111687258,35789190.95978275,3228676.0585897327,-42043537.50039698,12340.79919205123,3065.48367067772,234.45689789454516,-7.010522985336992
2022-09-13 16:00:00.000000Z,0.0002912012031886,42164528.60290384,0.1318052723869749,101.70751015191529,68.02958852496398,134.72751343101038,0.0184076928742821,72.12824704141644,35795030.524332024,23865631.755269624,-34770767.48341533,-37528.46692340421,2534.8054941692567,1739.0514227854164,-6.5216386974352805
2022-09-13 18:00:00.000000Z,0.0002605125489105,42165481.01106112,0.1317731199385396,101.69309142833266,66.40021828583488,166.43836032287757,0.0071636245929731,72.11316930662356,35798022.21963832,38077524.18243081,-18136278.088931337,-77302.71344119166,1321.9505589766156,2775.046383308304,-4.270720836341185
2022-09-13 20:00:00.000000Z,0.0002338010842258,42166606.03942156,0.1317037445673435,101.6109306080004,64.60343108167737,198.3828106565526,-0.0059431395154263,72.0965346317208,35797824.33088127,42040165.98390554,3380369.71100008,-96222.8001109302,-246.5983307185938,3063.981620820615,-0.862275152616286
2022-09-13 22:00:00.000000Z,0.0002291457207438,42166751.20076315,0.1317527443544127,101.47185707759677,64.91672897525791,228.2765657634735,-0.0173118891529254,72.08237858919003,35795043.59487916,34686924.49760203,23987215.01597563,-89140.33360037422,-1748.912429994136,2528.1161488103025,2.7851024548964123
2022-09-14 00:00:00.000000Z,0.0002445292836944,42165714.97114691,0.1319631628547769,101.35467147285895,69.86329270106296,253.52030189390425,-0.0238441843610616,72.07336002276365,35790500.5649041,17995567.641834274,38135943.45544335,-57929.09566977252,-2780.6809855810543,1311.357638810388,5.684455243647856
2022-09-14 02:00:00.000000Z,0.0002680483422111,42164976.89935892,0.1321908570944791,101.3128501510723,73.60979794973856,279.895704999349,-0.0237999744149845,72.07131533080097,35784894.61168308,-3541582.199233982,42014025.14449434,-11002.787678500286,-3063.8300090862244,-259.07919784024784,7.048690830728987
2022-09-14 04:00:00.000000Z,0.0002935160581706,42164926.09370717,0.1322858523082076,101.31597661252292,76.15107027348992,307.43940785962883,-0.0172539210244832,72.07728376083364,35779263.11175376,-24124033.415342823,34572762.08926262,38952.71615547884,-2521.5000602613823,-1760.3225532644212,6.506026861431303
2022-09-14 06:00:00.000000Z,0.0003234448274337,42165820.40377399,0.1322471392515418,101.29927242911448,76.82542491010408,336.87719236498384,-0.0060464194147158,72.090582873562,35775140.038207464,-38204342.02194703,17813502.36802265,78416.16153240277,-1299.3180220183394,-2787.5698237829106,4.201557848247545
2022-09-14 08:00:00.000000Z,0.0003455671791615,42166701.230671205,0.1321894394785232,101.22980841198448,77.79868390520046,6.073037696898342,0.006732344129121,72.10808623328852,35774074.523812816,-41985124.18962431,-3748190.647904481,96695.2543710382,273.3761795463849,-3063.450817145826,0.7577785894757071
2022-09-14 10:00:00.000000Z,0.0003466918888837,42166793.38112232,0.1322298218726405,101.12534826826814,78.42643431604144,35.6484115369528,0.0175853319822588,72.12461491659282,35776775.23005766,-34446488.56858638,-24299550.62332065,88824.28388053368,1772.275304815655,-2513.4253317466705,-2.894018172068938
2022-09-14 12:00:00.000000Z,0.0003307056703765,42166105.44779772,0.1324021708769605,101.0338548048862,77.1070165267671,67.15165123126968,0.0235592802075287,72.13481051446767,35782549.95166962,-17622497.005050916,-38301016.75563919,56909.786938281664,2793.0826549234625,-1286.1518504157284,-5.766272659093394
2022-09-14 14:00:00.000000Z,0.0003111139854787,42165277.20277476,0.1326330189619176,100.99508639153642,73.96531223819586,100.41480339007582,0.023046808680602,72.13535812014747,35789507.67927411,3950166.976374682,-41982214.65084033,9559.08071363536,3061.00746377773,287.06803034163954,-7.082557026279742
2022-09-14 16:00:00.000000Z,0.000291921133492,42165014.49409387,0.1327908705427022,101.00403222012224,70.75351469242604,133.69071892149967,0.0162210618708041,72.12628847303831,35795378.14919459,24459227.55776781,-34356221.14313465,-40446.71210705113,2504.5785914666835,1782.2958244527251,-6.486454333033656
2022-09-14 18:00:00.000000Z,0.0002689097857242,42165568.92434942,0.1327973968704936,101.00172494804728,68.03029089793122,166.48284697498167,0.0049872304918932,72.11074945365196,35798456.4089286,38383511.7873254,-17480409.57201287,-79596.70459424524,1274.13184466156,2797.293336179648,-4.136143370216734
2022-09-14 20:00:00.000000Z,0.0002473300445215,42166497.64938436,0.1327349723319868,100.91771938051122,65.00686825060849,199.65516728245376,-0.0075358931010063,72.09350474500009,35798181.741327815,41976369.02403416,4100834.284586361,-97284.46651677645,-299.13044970611395,3059.2696697740967,-0.6618871871146449
2022-09-14 22:00:00.000000Z,0.0002408094525516,42166907.69511869,0.1328079289900619,100.75151197858852,63.33294479210991,231.5629693778503,-0.0178742434392674,72.0790409622521,35795081.59110478,34270642.3464891,24578355.860636964,-88670.76720663221,-1792.0405034919238,2497.733690195322,3.0008742897903296
2022-09-15 00:00:00.000000Z,0.0002500385114016,42166320.55274827,0.1331080565836303,100.5973217532769,66.12274443309856,259.0008230092,-0.0231733911502903,72.07037144783813,35790192.60537871,17338796.1290471,38438665.8499873,-56016.80097421006,-2802.814903619399,1263.465873281502,5.860569098041144
2022-09-15 02:00:00.000000Z,0.0002654141152773,42165358.55048243,0.1334688770262187,100.53848591746386,71.41081860717736,283.852375575916,-0.0220055627100479,72.06903028606173,35784539.32489307,-4262043.252948381,41946706.61852361,-8110.605325019044,-3058.974001149911,-311.6055748423705,7.138369149807882
2022-09-15 04:00:00.000000Z,0.0002846565234187,42165045.670842886,0.1336673517737904,100.54996983831292,75.19438076950776,310.14587424953817,-0.0147539998506295,72.07544115158275,35779168.19839472,-24714003.63536057,34153398.57095673,42093.18375267358,-2490.9420003082982,-1803.3235082663448,6.483262569493044
2022-09-15 06:00:00.000000Z,0.0003087362833075,42165600.969606,0.1336689153464058,100.54577803886318,77.23677083426826,338.20298107517,-0.0034744489575893,72.08860999351498,35775376.08839183,-38504726.23604939,17155120.63838198,80987.9994796467,-1251.297143643243,-2809.425972926963,4.069500590461823
2022-09-15 08:00:00.000000Z,0.0003285158055401,42166361.79274878,0.1336167549948805,100.47445832830002,79.14893935490598,6.461188044884164,0.0086939684406077,72.10552900847928,35774460.40492473,-41915018.211139575,-4468009.583405229,98013.58429807564,325.88893334870824,-3058.2695912183144,0.5492610431031245
2022-09-15 10:00:00.000000Z,0.0003319714802286,42166617.31155972,0.1336739532828947,100.35345401737094,80.66788043286361,35.161325368982176,0.0183947601581863,72.1214681744347,35777034.84137807,-34024982.41719154,-24886768.52667498,88524.57446874255,1815.122724073677,-2482.627403757908,-3.1248717293939974
2022-09-15 12:00:00.000000Z,0.0003198348780389,42166229.37382588,0.1338983227384945,100.2432824666146,80.41903599833357,65.6124889849842,0.0229690004202456,72.13148317730393,35782520.25527349,-16963291.823280293,-38597470.38075299,55051.18312649553,2814.743481727884,-1238.0449415602277,-5.958624992267684
2022-09-15 14:00:00.000000Z,0.0003027617934714,42165598.92794952,0.1342096179743223,100.19680311997335,78.1106042727272,98.05039284376768,0.0211766632805662,72.13234372701201,35789245.9617582,4669495.730994679,-41908041.60877008,6613.145224921716,3055.6627397459624,339.5408222898932,-7.185345105880793
2022-09-15 16:00:00.000000Z,0.0002868705240269,42165250.81721119,0.1344509249085657,100.21480488766451,74.8934400788829,131.32314214934448,0.0135308370314053,72.12379642896298,35795098.88951932,25044935.793521564,-33931270.31289112,-43718.92737195466,2473.660660780733,1825.0133148259688,-6.472197764281868
2022-09-15 18:00:00.000000Z,0.0002707613840426,42165463.93328055,0.1345176231101396,100.23470098185705,71.55533221743886,164.7082727350433,0.0021577017696163,72.1085787937101,35798339.29234356,38677770.08911262,-16818991.424304884,-82345.84975913895,1225.9589361736253,2818.7438056143387,-4.008336876406958
2022-09-15 20:00:00.000000Z,0.0002561848012182,42166091.613840766,0.1344803977039653,100.17323400650268,67.87408596602508,198.51583410802883,-0.0097791867575063,72.09129027425807,35798197.475476064,41899816.66044448,4820663.105966352,-98796.63322657852,-351.58409520618187,3053.670040490089,-0.4536949458113039
2022-09-15 22:00:00.000000Z,0.0002515327323944,42166582.22584423,0.1345664812592513,100.0128750388114,64.90138637938061,231.71642747289084,-0.0189447157530775,72.0766905394645,35795014.74463488,33843767.89357345,25162795.180991825,-88551.25473262445,-1834.655805416292,2466.592053949326,3.236055205162823
2022-09-16 00:00:00.000000Z,0.0002586984961957,42166403.41760866,0.134921281480509,99.84556905761418,65.42214350500029,261.43665303229284,-0.0227681380556326,72.06823491178046,35789887.95043502,16676358.672082122,38730329.7473041,-54286.66178143361,-2824.1236267175736,1215.15261850164,6.063080207804008
2022-09-16 02:00:00.000000Z,0.0002701294721935,42165715.80668683,0.135395810333006,99.77763205102092,69.28394525753252,287.72422190857685,-0.0201854691513623,72.0675361256534,35784108.43277458,-4981806.653345838,41866890.44025732,-5200.238154164651,-3053.2148469176,-364.1025985469714,7.25638896220873
2022-09-16 04:00:00.000000Z,0.0002832955504645,42165277.278362416,0.1357110822314826,99.80173907546984,73.41304039344251,313.6602180643533,-0.0119457647789889,72.07459983766294,35778891.75365304,-25297166.02691716,33723380.59732267,45446.15356315255,-2459.6269993717806,-1845.854450541338,6.485159258568617
2022-09-16 06:00:00.000000Z,0.0002999900020941,42165500.01166899,0.135778469301258,99.82151880234692,76.52549085472998,340.62348275935415,-0.0003801378110606,72.08795802864564,35775429.83420581,-38793977.24728072,16490709.009556688,83919.87470008401,-1202.8580667870444,-2830.4956277428346,3.952929745200872
2022-09-16 08:00:00.000000Z,0.0003146947459104,42166048.53194078,0.1357453482421562,99.76642092875092,79.33413877186914,7.968625415008533,0.0112727097723133,72.10451417469395,35774770.14653792,-41832355.65993,-5187643.887470664,99758.07215517842,378.3683370950383,-3052.186900902614,0.343211976422753
2022-09-16 10:00:00.000000Z,0.0003178343155295,42166364.68554138,0.1358129741390412,99.647248495276,81.70848489105623,35.810933352002,0.0197719589262811,72.11986144274539,35777357.91580605,-33592831.48492983,-25467618.08568901,88618.55909194917,1857.482589752788,-2451.053777307605,-3.367047122449843
2022-09-16 12:00:00.000000Z,0.0003082041810648,42166237.232514,0.1360693533016826,99.53119939714836,82.5483423309084,65.17889179313029,0.022763738630259,72.1294958762119,35782641.47109876,-16298249.444461783,-38883099.77153772,53462.21041812998,2835.5872813154265,-1189.506497404335,-6.173407203624073
2022-09-16 14:00:00.000000Z,0.0002932284441338,42165856.08591925,0.1364401915113574,99.48241371418317,81.29566034767149,96.5634088724226,0.0194201213709237,72.13041268055372,35789128.77505557,5388252.34135511,-41821585.63913734,3751.229580260666,3049.3974064833737,391.9776801430698,-7.316193388155792
2022-09-16 16:00:00.000000Z,0.000279668613129,42165536.53375207,0.1367549684323693,99.51057401582304,78.45827569069147,129.4465822752151,0.0106608639468635,72.1222268169471,35794889.95509531,25623844.908638436,-33495978.19620561,-47109.13158628888,2441.9742674859144,1867.241249143612,-6.484854964698933
2022-09-16 18:00:00.000000Z,0.0002692540297173,42165499.35470539,0.1368853690094379,99.55648986584993,74.82297962306029,163.10319276100228,-0.0010965503957115,72.10732017208126,35798225.20558171,38960891.39791072,-16152002.35426719,-85383.39251973365,1177.3768014430832,2839.3900310565327,-3.900053708209612
2022-09-16 20:00:00.000000Z,0.0002623569571287,42165789.708932295,0.1368788920034371,99.53135591328778,70.80338414665218,197.2127776940364,-0.012589066607366,72.09003917647621,35798219.48163471,41810833.27864637,5539776.744403466,-100698.29434787456,-403.9796471394956,3047.1683794345604,-0.2536386596463492
2022-09-16 22:00:00.000000Z,0.0002620462145632,42166203.21277582,0.1369633559417251,99.4003978980256,67.1704416042041,231.04403926730865,-0.0205947991608103,72.07526616968902,35795011.533834495,33406560.82039809,25740401.30855265,-88834.97145327133,-1876.7593489329129,2434.6924846656625,3.4754776417992845
2022-09-17 00:00:00.000000Z,0.0002698352510478,42166330.499062136,0.1373314522092132,99.24112189192836,65.89257378006671,262.554917452102,-0.0228314832585642,72.06686845374233,35789664.79277165,16008522.840228075,39010869.08826261,-52888.57345055439,-2844.606122969672,1166.43352406465,6.280739261283492
2022-09-17 02:00:00.000000Z,0.000280135463733,42165996.579090014,0.1378814228205037,99.17234620654192,67.89646843678746,290.7017578859597,-0.0186249180786305,72.06669505716664,35783681.03474543,-5700563.241861921,41774663.04316309,-2482.0697172807622,-3046.544846395921,-416.5436975498372,7.397521324047458
2022-09-17 04:00:00.000000Z,0.0002889514261962,42165576.761884056,0.1383061120528667,99.21107618109306,71.50087284078656,317.14855292243755,-0.0091303360618886,72.07448907619586,35778505.95063173,-25873205.54729931,33282989.63597436,48789.55020373948,-2427.5620261770728,-1887.889315575104,6.513811637220687
2022-09-17 06:00:00.000000Z,0.0002979599114628,42165518.01636464,0.1384514707031378,99.26193547643604,75.0909545316027,343.6035349688117,0.0029911009462128,72.08827490010987,35775328.02970508,-39071887.64032763,15820702.760857232,87030.91340207838,-1154.022848212638,-2850.763883954384,3.86099282513178
2022-09-17 08:00:00.000000Z,0.0003055425908032,42165793.18563868,0.1384443170930988,99.23687947757416,78.51417431315569,10.303927745942776,0.0143387039972417,72.10469507213332,35774980.389559306,-41737115.87179817,-5906614.449058769,101833.19511140592,430.7865848500589,-3045.205890780998,0.1536903248872331
2022-09-17 10:00:00.000000Z,0.0003058148886785,42166070.27876685,0.138512797632627,99.1346596458652,81.57117345572375,37.446104180525694,0.0217340712234989,72.11951702853142,35777694.143803015,-33150200.9606811,-26041703.73085815,89119.17167697058,1899.3326391723551,-2418.72346991519,-3.605134409279682
2022-09-17 12:00:00.000000Z,0.0002969550714691,42166141.777417965,0.1387785463972737,99.02356266196158,83.42651372055437,65.79312809363799,0.0231015838063281,72.12865214610102,35782867.48769763,-15627655.656615809,-39157680.558531895,52259.67391045704,2855.6032444159155,-1140.563659826499,-6.397800187042738
2022-09-17 14:00:00.000000Z,0.0002833200536449,42166028.37057184,0.1391834654220849,98.97663666511782,83.36326189415462,95.98620386307618,0.018034232168721,72.12941706646632,35789133.91121724,6106116.864551755,-41722824.34598203,1162.9961537259703,3042.212613522088,444.3506882041589,-7.468096608443115
2022-09-17 16:00:00.000000Z,0.0002711572575465,42165828.03800647,0.1395532648432555,99.01404646880476,81.24354538765782,128.14266341379448,0.0079010682387607,72.12143420121062,35794750.7411931,26195682.233502317,-33050509.10653816,-50403.54231794173,2409.531097559695,1908.9566071195188,-6.524820807144907
2022-09-17 18:00:00.000000Z,0.0002649962413338,42165640.57442775,0.1397399714403084,99.08471962152268,77.62909506966199,161.75395360907766,-0.0045244232658667,72.10680980653854,35798115.21321981,39232717.51515087,-15479738.065102989,-88524.31353476811,1128.40486759011,2859.2194596847075,-3.818642764272672
2022-09-17 20:00:00.000000Z,0.000265404550189,42165608.318139605,0.1397617578166732,99.10006885608004,73.5366023481903,195.89601564472568,-0.0158110291664179,72.08959200032804,35798234.10350607,41709412.90648873,6257840.753038905,-102875.79551018856,-456.2953333712289,3039.766783271261,-0.0737037329232186
2022-09-17 22:00:00.000000Z,0.0002708303909197,42165829.31912816,0.1398305018193482,99.0111502775369,69.75138753705824,229.83733844892603,-0.0227965037544184,72.07464790962707,35795055.820115566,32959162.528328154,26310906.241484385,-89501.62538443995,-1918.3326379143796,2402.050730729885,3.705742540273961
2022-09-18 00:00:00.000000Z,0.0002810151888358,42166131.50977555,0.1401727250915841,98.87482755404945,67.30600966771672,262.4926969186214,-0.0234606988657763,72.0661739611483,35789539.384711206,15335543.403972838,39280164.80158249,-51894.60041311336,-2864.249633713616,1117.3334269279617,6.501717546814498
2022-09-18 02:00:00.000000Z,0.0002925553263969,42166168.972487286,0.1407508497384232,98.81156324708816,67.49185892443275,292.4524230856809,-0.0175196763568251,72.06635191991005,35783317.598774575,-6417994.537317449,41670104.38942051,-100.72013085159595,-3038.95986392355,-468.8991371252293,7.55376067186636
2022-09-18 04:00:00.000000Z,0.0002996926734292,42165900.853116505,0.1412610367763805,98.86392521725789,69.99921761731107,319.98332428599906,-0.0065562871102957,72.07483761771344,35778084.29315169,-26441821.66921416,32832519.89638297,51939.97232252936,-2394.7570089694896,-1929.3997617566588,6.5666811665409215
2022-09-18 06:00:00.000000Z,0.0003021105628054,42165645.13671341,0.1414844832364014,98.947825284157,73.42406467371518,346.5710671497887,0.0063958546110515,72.08918989127143,35775117.534593344,-39338284.2029566,15145564.970017238,90141.78947395498,-1104.816252793627,-2870.213916809214,3.7973797263255658
2022-09-18 08:00:00.000000Z,0.0003015473643268,42165618.2132903,0.1415050546267829,98.96125437410583,77.00166472081771,13.07865130826768,0.0177121663000464,72.10566701386097,35775095.9088626,-41629334.34188555,-6624404.011724017,104106.85833294428,483.1124435890275,-3037.3289803109,-0.0101292980274529
2022-09-18 10:00:00.000000Z,0.0002968185482232,42165765.17197592,0.141563767549893,98.88689899666578,80.40906537873019,39.8421306720189,0.024208736740307,72.12005852067422,35778017.029982924,-32697337.638356376,-26608595.19718537,89973.7421516917,1940.647260845444,-2385.6573550407325,-3.8267191827789535
2022-09-18 12:00:00.000000Z,0.0002868539964159,42165960.62964098,0.1418163359290671,98.78890766281968,83.08760164905596,67.35229058489115,0.0240344826125108,72.12863165210874,35783163.147618584,-14951895.07116126,-39420976.8162339,51482.58022394816,2874.779505172494,-1091.247935357675,-6.619307286744519
2022-09-18 14:00:00.000000Z,0.0002734904231346,42166107.258137465,0.1422286251669079,98.74652224134572,84.24867529418673,96.31618724710874,0.0171804870149213,72.1290831539034,35789235.84153129,6822675.78265007,-41611758.26968785,-1031.9379533779384,3034.1120797260423,496.6271472106466,-7.63164348543649
2022-09-18 16:00:00.000000Z,0.0002617538524402,42166092.87629253,0.1426308964242924,98.7907037186225,83.12229859577937,127.47259955275976,0.005480302260424,72.12116374482386,35794668.851637244,26760110.84781201,-32595078.857016124,-53433.14649692115,2376.348080406693,1950.1334540294688,-6.588064076010065
2022-09-18 18:00:00.000000Z,0.0002583170664008,42165853.826025724,0.1428604199879946,98.88121975021258,79.84099908201101,160.73115199112044,-0.0078874139952053,72.10679479137096,35797998.50642917,39493066.64911145,-14802557.33409959,-91592.80602775412,1079.068235876313,2878.2191918199974,-3.766238204904311
2022-09-18 20:00:00.000000Z,0.0002650113180384,42165546.08975967,0.1429044606021503,98.93410442787572,75.90228113419727,194.68203830988932,-0.0192541510375717,72.0897117008521,35798218.37574044,41595561.89843066,6974461.862025786,-105188.71879018735,-508.5053367134316,3031.468777243449,0.0786997197245029
2022-09-18 22:00:00.000000Z,0.0002767415130494,42165502.60392225,0.1429474391705081,98.8906212510238,72.33687571197582,228.3579947776973,-0.0254481800350265,72.07464668166566,35795117.517996214,32501745.58085697,26873997.552032568,-90476.8224908677,-1959.3562041257787,2368.684989994103,3.916352369489759
2022-09-19 00:00:00.000000Z,0.000290390143524,42165843.77278908,0.1432329484097591,98.7855054682904,69.32886795755398,261.54461302833715,-0.0246611505497777,72.06600990868168,35789503.726853184,14657700.486462666,39538071.62649902,-51309.28509040963,-2883.043854191495,1067.879556369625,6.714993684223356
2022-09-19 02:00:00.000000Z,0.0003046831285179,42166217.16361422,0.143791018537908,98.73166921194482,67.99356228258445,293.01622872330074,-0.0169764189262797,72.06635015034979,35783053.646774754,-7133781.078930361,41553280.98521962,1864.695494148329,-3030.4595636142294,-521.1381728908841,7.715736624902339
2022-09-19 04:00:00.000000Z,0.0003129301269399,42166208.90814947,0.1443510942079305,98.79393387239462,69.15338471766023,321.8853318301926,-0.0044065529849806,72.07540336901216,35777688.751958184,-27002736.7243011,32372254.40564057,54762.33551039296,-2361.2244243670366,-1970.3576700201656,6.637876826926292
2022-09-19 06:00:00.000000Z,0.0003110276909231,42165866.06404367,0.1446421324535118,98.90758331692388,71.91754063676028,349.1046257667311,0.0096162198523538,72.09036439238083,35774850.57383092,-39593028.63566731,14465745.009531144,93092.0154957052,-1055.2639976102128,-2888.829235596132,3.7610978082615336
2022-09-19 08:00:00.000000Z,0.0003024552512794,42165540.29020017,0.1446887653119573,98.96232387976792,75.15328216386528,15.912953204189224,0.0211913653161978,72.10703792437604,35775138.52465986,-41509086.05238701,-7340509.843702338,106430.92579445876,535.314151356262,-3028.558587457404,-0.1438780870557914
2022-09-19 10:00:00.000000Z,0.0002912622578916,42165477.75656692,0.1447282224185364,98.92244643426372,78.45072904957655,42.75157057129098,0.0270593351601494,72.12109226445254,35778320.971295245,-32234532.4301187,-27167877.563036315,91082.4681814326,1981.4000988139528,-2351.876726229545,-4.023025859196994
2022-09-19 12:00:00.000000Z,0.0002784329409422,42165713.04689641,0.1449472580479104,98.84318611257572,81.61558721891929,69.75608008847288,0.025524413153268,72.129068317834,35783510.816548795,-14271400.684905436,-39672774.75965544,51103.9168728501,2893.1039453856165,-1041.5923405433568,-6.826921929934638
2022-09-19 14:00:00.000000Z,0.0002640409073335,42166090.69195537,0.1453409089854718,98.8068552813929,83.91303029428948,97.57710628712668,0.0169281952702057,72.12907302665955,35789418.881578706,7537470.700307386,-41488423.645321324,-2781.6192678143234,3025.1008717722857,548.7722939559533,-7.796379084180649
2022-09-19 16:00:00.000000Z,0.0002516457922857,42166307.29868946,0.1457514175948362,98.85440259652488,83.97697954548141,127.53976481540026,0.0035568268221811,72.12109079761211,35794634.01216673,27316765.14528518,-32129951.941797424,-56080.77065519952,2342.4451963516376,1990.74454065813,-6.66730520476528
2022-09-19 18:00:00.000000Z,0.0002493759773205,42166108.26414283,0.1460071396190538,98.95763266127206,81.32490042246206,160.15661674260255,-0.0109785787234087,72.10695520896886,35797861.825929314,39741753.125230536,-14120871.687856048,-94436.25931573646,1029.3955928729067,2896.3765601350515,-3.740457685309848
2022-09-19 20:00:00.000000Z,0.0002609346275271,42165592.71478408,0.1460664863616916,99.04046052086105,77.74876963091474,193.7151987403903,-0.0227136871037803,72.09009833497579,35798144.29856348,41469306.01494697,7689200.815465437,-107486.51525435878,-560.5812266210728,3022.279426325905,0.2006870257151283
2022-09-19 22:00:00.000000Z,0.0002788942309682,42165252.141450375,0.1460793604486585,99.03905439733154,74.67860747906123,226.85381750936455,-0.028394859901055,72.07501660535499,35795155.376251906,32034513.16551014,27429330.223025247,-91647.01854437614,-1999.810286451073,2334.61550154208,4.100194142545965
2022-09-20 00:00:00.000000Z,0.0002966413400773,42165506.45526978,0.1462886290933554,98.96786961249164,71.63112745123983,260.04579551607605,-0.0263603846878807,72.06619870809557,35789528.010831386,13975296.60333022,39784424.688156925,-51079.99895425832,-2900.981006526995,1018.1005001977388,6.911109737686008
2022-09-20 02:00:00.000000Z,0.0003144091540321,42166137.85094555,0.1467839800932169,98.92531181569484,69.18251381115432,292.6194383369305,-0.0170184243960832,72.0665362457824,35782898.38511601,-7847604.888426797,41424243.995106414,3396.3766402605897,-3021.0472582406423,-573.230332952827,7.873653194066961
2022-09-20 04:00:00.000000Z,0.0003261010662244,42166462.56158913,0.1473510178215435,98.99184552616762,68.97280159263302,322.8542016645635,-0.0027946280955785,72.07598325746537,35777363.36008302,-27555696.43645307,31902453.444736283,57172.66097460211,-2326.9788309387686,-2010.7365317525437,6.719118201498425
2022-09-20 06:00:00.000000Z,0.0003228597992769,42166158.31155548,0.1476898346191456,99.12726841456494,70.78923486532747,351.00001481106915,0.0124722989727733,72.09151367777747,35774575.055024385,-39836012.3910905,13781657.461709974,95749.11789500616,-1005.3915410500888,-2906.59483625932,3.747247516167553
2022-09-20 08:00:00.000000Z,0.0003075516184607,42165571.04593694,0.1477582860153847,99.22046899245888,73.28010283421715,18.515033771613783,0.0245704378351941,72.10846534146745,35775136.781751536,-41376468.85902664,-8054471.378908852,108654.28192725813,587.3613721644978,-3018.8975825244447,-0.2476817770524737
2022-09-20 10:00:00.000000Z,0.0002892963390577,42165236.066209726,0.1477719739662458,99.21736562506752,75.95810024091845,45.93606458889472,0.0301031765209235,72.12225844154578,35778613.84874119,-31762088.97965555,-27719177.9066751,92311.7165023295,2021.5660481887692,-2317.402483874935,-4.189152276664752
2022-09-20 12:00:00.000000Z,0.0002722036569937,42165420.21969006,0.1479410813776218,99.16027765481589,79.12243934995796,72.91829442987323,0.0274569971931367,72.12960860279043,35783909.00124824,-13586611.435741456,-39912899.007131375,51040.56312199346,2910.5651254184204,-991.62942342897,-7.011808701088481
2022-09-20 14:00:00.000000Z,0.0002553763211255,42165993.17799575,0.1261529134370043,99.7542055643325,81.74928832956834,99.77908539395624,0.0194654014668214,72.1290412019825,35789682.48555076,8250046.036934122,-41352892.69464214,-2476.3434031936818,3015.187960876383,600.751880752866,-6.766928412447148
2022-09-20 16:00:00.000000Z,0.0002410728791332,42166464.99405058,0.1265486962590394,99.8077690502576,83.0828121128913,128.46596395569557,0.0151987524289503,72.12087324261523,35794649.74633308,27865310.80744552,-31655426.39386904,-48736.55613780732,2307.846367574364,2030.7628452495069,-5.786876377823511
2022-09-20 18:00:00.000000Z,0.0002383629534563,42166387.54218224,0.1268160152181319,99.93328498897328,81.30700804580451,160.18445778348013,0.0066318631270456,72.1069432320479,35797706.046114,39978649.75552132,-13435124.53454464,-82031.0488216374,979.4191342529692,2913.679202013274,-3.2477759130570223
2022-09-20 20:00:00.000000Z,0.0002530805137524,42165744.625004485,0.126886981231461,100.05367956561108,78.28537008160339,193.15130099574628,-0.0038937174746673,72.09040620102596,35797998.93280274,41330751.26771185,8401590.517424386,-93373.6472771794,-612.4921547137852,3012.204643860102,0.1710651209662372
2022-09-20 22:00:00.000000Z,0.0002766299686813,42165109.345658645,0.1268718239117246,100.09260629587963,75.92819268766772,225.536724238764,-0.0134693182264025,72.0754427798034,35795140.86766113,31557759.192968316,27976541.17193539,-79654.10956454488,-2039.674819181552,2299.864348168121,3.554195359126769
2022-09-21 00:00:00.000000Z,0.0002987645854278,42165171.845669545,0.1269965324613966,100.04642283973904,73.29201956004641,258.29225179982507,-0.019403647843646,72.06647979110821,35789587.51221152,13288716.195636582,40019058.38495757,-44476.78791067719,-2918.0561822458108,968.0277271338553,5.994431123034959
2022-09-21 02:00:00.000000Z,0.0003191761712584,42165808.21345439,0.1273958480892516,100.00813226915078,70.78133839799388,290.92352729763843,-0.0199643901333168,72.06665074891016,35782861.21178897,-8559077.328234876,41283071.076495394,2788.9878349616297,-3010.7270298089006,-625.140276302485,6.833989979599146
2022-09-21 04:00:00.000000Z,0.0003358271097104,42166494.67488574,0.1279268044132892,100.08102410118263,69.28194353233154,322.44175463094854,-0.0148888528323205,72.07624116197252,35777130.27831261,-28100390.018809013,31423433.780686293,49491.4759901406,-2292.037509265566,-2050.5069467741364,5.839915130126241
2022-09-21 06:00:00.000000Z,0.0003345517800063,42166359.48676776,0.1282903041063116,100.24990868571967,70.02557882615493,351.6273692052151,-0.0055100017992367,72.09223954415378,35774265.90689193,-40067083.47079599,13093776.885386376,83065.20517598641,-955.224100658744,-2923.4978649100462,3.269505607328252
2022-09-21 08:00:00.000000Z,0.0003149013430817,42165584.893763214,0.1283779489561428,100.3941752679202,71.55356448425484,20.05461091736037,0.0055828887226456,72.10959642879567,35774974.49866128,-41231501.24126675,-8765797.215149203,94411.73550490369,639.2346341606892,-3008.3535385798014,-0.1926488230949247
2022-09-21 10:00:00.000000Z,0.0002900636232829,42164937.83480823,0.1283643918247882,100.43148680687824,73.210209912338,48.45658689046391,0.0152784416197204,72.12339355517419,35778687.726878144,-31280103.57241221,-28262104.125283934,80385.54368648822,2061.144191936791,-2282.251662499756,-3.615654752113751
2022-09-21 12:00:00.000000Z,0.0002681274510733,42164976.8958863,0.1284717343313526,100.3915818923818,75.84444838209254,75.95138574024993,0.0208375648529723,72.13039237346885,35784092.6703228,-12897562.958187526,-40141057.33473835,44680.241939766245,2927.1790140375533,-941.3669743085647,-6.07510493396014
2022-09-21 14:00:00.000000Z,0.0002479000277216,42165652.46664316,0.1287596706626389,100.3639287283197,79.53529259188161,102.36940971253549,0.0206664337547335,72.12947476369294,35789752.145686515,8960480.25311245,-41204862.07332994,-3149.656565270396,3004.379487756375,652.5761619792111,-6.9053669912503
2022-09-21 16:00:00.000000Z,0.0002304258021294,42166382.18884543,0.1291148408829965,100.41271109853705,82.10637669956785,129.82350739896594,0.0147550067905669,72.12130499755438,35794466.3798318,28405815.33857498,-31171069.990844965,-50262.2117412935,2272.5402852319603,2070.21153108346,-5.879966204895316
2022-09-21 18:00:00.000000Z,0.0002255561725219,42166495.85527594,0.1293708146838478,100.53296058095914,81.4402546446275,160.43801822866047,0.0046771142476892,72.10780703117193,35797320.55676005,40203658.84011543,-12744723.693658866,-83987.79661545197,929.104659470446,2930.1450056541667,-3.2719576741003102
2022-09-21 20:00:00.000000Z,0.0002413748828579,42165814.84709609,0.1294437449858548,100.6617194946982,79.16580538814236,192.64992812043357,-0.0068361461435097,72.09188939791217,35797608.4460642,41179495.20695525,9112277.895484902,-95236.34497305714,-664.2859844246329,3001.2394628702286,0.2204067694038211
2022-09-21 22:00:00.000000Z,0.0002693016805921,42164916.93388377,0.1294069941302264,100.7277523445058,77.68201747046534,224.13528265339409,-0.0166308940675709,72.07735307264741,35794927.9686004,31070742.18117799,28516132.94328188,-80938.03846729691,-2078.9926569638496,2264.396262618129,3.661516201626176
2022-09-22 00:00:00.000000Z,0.0002957027776242,42164710.14808062,0.1294549898390112,100.7140391279216,75.79112150985371,256.11309993322493,-0.0219781709626264,72.06842778102006,35789562.125705786,12596987.533894485,40242126.44883058,-44869.12780708684,-2934.2874891910164,917.6016210667782,6.128779612623762
2022-09-22 02:00:00.000000Z,0.0003204463644356,42165509.53884397,0.1297413150983893,100.68919799233171,72.47297701809092,289.5382455506135,-0.0213173853724584,72.06845537337847,35782849.86950012,-9269231.104170129,41129431.76209234,3350.536623795516,-2999.49423394227,-676.9404419375159,6.95856744659875
2022-09-22 04:00:00.000000Z,0.0003428475730273,42166534.88306845,0.1301913829254927,100.75239377849924,69.95494947094632,322.08485173276864,-0.0147091770949966,72.07809580159758,35776990.814440645,-28637664.58627681,30934388.400223102,50816.152640614,-2256.35494981259,-2089.7242940249766,5.922924751706541
2022-09-22 06:00:00.000000Z,0.000346538692093,42166689.46695477,0.1305399255593444,100.91520568939367,69.66225866476951,352.3132001033272,-0.0038718998208282,72.09442870981142,35774071.29338861,-40286671.38044748,12401031.65027806,84776.72819590675,-904.6966438580436,-2939.5540436484403,3.292113409098299
2022-09-22 08:00:00.000000Z,0.0003255092878452,42165839.16269041,0.1306341207006352,101.0770176347478,70.13537550254203,21.778061235739777,0.0082466597756517,72.11208120503157,35774955.783917904,-41074183.503408894,-9475518.673983583,96055.19050246474,690.9821006431631,-2996.901908850908,-0.2332877047265076
2022-09-22 10:00:00.000000Z,0.0002952644232333,42164872.5339414,0.1305968316200606,101.14612609767563,70.405488056564,51.53461099748977,0.0182827794584466,72.12571635169999,35778988.99553813,-30788376.184528112,-28797439.37829688,81542.58935013722,2100.1398762500467,-2246.38600502671,-3.706842138133697
2022-09-22 12:00:00.000000Z,0.0002684128481223,42164676.0559171,0.1306427203874792,101.13245937854032,71.81994805202467,80.22226527681713,0.023415608253918,72.13203090658818,35784614.09049551,-12204166.449049372,-40357822.89840304,45071.09649682046,2942.9131897682573,-890.7906634839642,-6.191850411048905
2022-09-22 14:00:00.000000Z,0.0002438074019841,42165379.73886214,0.1308541968043517,101.11370800628596,75.2824999205592,106.85882705351877,0.0221669241686188,72.13026098775073,35790221.86306149,9668607.24754905,-41044957.17964388,-3598.4095883286527,2992.650591592463,704.2165216438455,-7.01657620935996
2022-09-22 16:00:00.000000Z,0.0002216499867954,42166345.08096159,0.1311462782988735,101.15426501729507,78.66405677463798,133.51013885176096,0.0148120668595537,72.12155262526119,35794641.6709263,28938050.115579013,-30677840.11366711,-51402.0936392144,2236.539654833684,2109.0324103080243,-5.956472589594503
2022-09-22 18:00:00.000000Z,0.0002128751243717,42166703.43027697,0.131370553058031,101.25953219254494,79.13528628046676,163.00231807683068,0.0033041507894877,72.1080918455046,35797150.39633187,40416831.65527607,-12051028.05472722,-85491.11333153486,878.5163096998729,2945.7285967738435,-3.294304579191366
2022-09-22 20:00:00.000000Z,0.0002277542451016,42166077.80519437,0.1314378969446019,101.38159159689052,77.89593840277774,194.18632119238103,-0.0092548581312688,72.09266900529161,35797251.30805153,41016173.86268221,9819751.12229278,-96687.38515217208,-715.8711110334344,2989.391531700784,0.2566090542632345
2022-09-22 22:00:00.000000Z,0.0002584269941419,42164978.73364512,0.1313893700844893,101.45919809051064,77.63756409104442,224.4352522452695,-0.0194489718650408,72.07869667081209,35794620.964033715,30574720.302097965,29046880.67374688,-81949.12619448436,-2117.6902724957918,2228.281773725093,3.7442701266920495
2022-09-23 00:00:00.000000Z,0.0002887250646851,42164461.00907828,0.1313778738739651,101.4687152897685,76.9567536771392,255.18003268179163,-0.0244655958607406,72.070051070715,35789434.60988098,11901718.498237276,40453073.42960713,-45188.870514536655,-2949.6550634652504,866.9318503089114,6.233206055423727
2022-09-23 02:00:00.000000Z,0.0003166665151537,42165145.4694471,0.1315500660613047,101.45561956708178,74.02118245190464,288.2108254941081,-0.0228561305835375,72.07004496164711,35782831.87513367,-9976475.987535805,40963608.34766633,3770.004709592209,-2987.374918512241,-728.5123337882582,7.054535653837893
2022-09-23 04:00:00.000000Z,0.0003447691557761,42166429.79331519,0.1318865289851326,101.50397467484296,70.84853277191208,321.426845836188,-0.0149473510309853,72.07963667882429,35776925.10036902,-29166314.092655987,30436371.300931748,51815.479818889085,-2220.0090515651623,-2128.297507992993,5.984532079944041
2022-09-23 06:00:00.000000Z,0.0003559942079005,42166963.49420564,0.1321814553587428,101.64269553788483,69.66854424946352,352.56676868807205,-0.0027963168087467,72.09615489393852,35773941.359736875,-40494251.32006053,11704952.612576343,86048.85957217509,-853.9154623886106,-2954.725371198742,3.3050924140830413
2022-09-23 08:00:00.000000Z,0.0003373239725062,42166182.49358322,0.1322692879666107,101.7990445564391,69.19481851996385,22.98418347238085,0.010324515069051,72.11405524536707,35774950.27734088,-40904754.932166085,-10182059.467545489,97241.40854916352,742.5041110425234,-2984.567704576284,-0.2690186244810183
2022-09-23 10:00:00.000000Z,0.0003039977043327,42164934.66493184,0.1322172230486936,101.88438413345634,67.99822263867875,54.191086419811256,0.0208118306715638,72.12756643048186,35779295.47536232,-30287734.969665103,-29323973.891790617,82330.30053952338,2138.4935421493915,-2209.8775688115606,-3.7788793425102414
2022-09-23 12:00:00.000000Z,0.0002733901287354,42164426.2534649,0.1322106355756746,101.89154866842684,67.69831640706383,84.57158372232428,0.0257443265566202,72.13318957313649,35785195.62470162,-11507486.46242122,-40562572.94023144,45270.78235584258,2957.761449522522,-839.9853437482559,-6.279207102154098
2022-09-23 14:00:00.000000Z,0.0002446762127092,42165054.375016175,0.1323408517617336,101.88119479121868,70.14435279016226,112.2152749949402,0.0237090527877415,72.13043158687843,35790815.863927186,10373475.30854608,-40873115.60517144,-4010.161107592849,2980.033232303148,755.6057510713678,-7.095107043788213
2022-09-23 16:00:00.000000Z,0.0002169267866913,42166203.73193204,0.1325523767733276,101.91104666085072,73.60751687424248,138.79492441014926,0.0151967897029996,72.12096288832348,35794947.66189364,29461372.314218458,-30176048.07976561,-52282.15159535228,2199.894392205151,2147.189459409501,-6.005083688075188
2022-09-23 18:00:00.000000Z,0.0002024247211171,42166838.16433272,0.1327253667734985,101.99248415526344,74.90834159187607,167.48120126374883,0.0024693453754051,72.10736488780479,35797033.75898659,40617887.87519384,-11354502.116417164,-86572.4713622037,827.7023926767763,2960.4221084246096,-3.3004645205065364
2022-09-23 20:00:00.000000Z,0.0002138816279499,42166359.83848232,0.132779324097885,102.09277703932544,74.81421081139466,197.54224987328635,-0.0110522765467702,72.09243786983214,35796821.86280664,40840815.85919313,10523563.0116396,-97655.0460789178,-767.2110627539162,2976.671973843106,0.2933592428737521
2022-09-23 22:00:00.000000Z,0.0002448159935706,42165146.3368096,0.1327310298296558,102.1650297533145,76.08429717272104,226.2688425286467,-0.0217091735243791,72.07923423656322,35794143.85081509,30069929.658894576,29568459.394717053,-82530.19980398602,-2155.746853930257,2191.542420344658,3.8120056965112337
2022-09-24 00:00:00.000000Z,0.0002777088709337,42164315.9416468,0.1326862753467098,102.18611424707264,77.04742054564436,255.35869930824936,-0.0265878929145498,72.07116658303903,35789135.65128462,11203236.076962128,40651744.58626007,-45232.26495274625,-2964.1542267131967,816.0429432646763,6.310846360180506
2022-09-24 02:00:00.000000Z,0.0003082009645869,42164764.89075727,0.1327615672340394,102.18181519152252,75.09602440978115,287.39668872964825,-0.0243057438308519,72.07132925788176,35782738.86324123,-10680521.611248955,40785608.89935207,4248.852278568738,-2974.382217997329,-779.8365425444294,7.118143401147728
2022-09-24 04:00:00.000000Z,0.0003411785088146,42166177.833646685,0.1329693117634425,102.21265414909568,71.77430775263511,320.7792354767612,-0.015395589580813,72.08086426836417,35776893.66773853,-29686164.77911152,29929508.18200065,52641.80036732857,-2183.01782911393,-2166.2134886329304,6.01506798698912
2022-09-24 06:00:00.000000Z,0.0003613899547842,42167120.49755485,0.1331765165897292,102.31136750345976,69.98939705166556,352.5641401159585,-0.0021918773881453,72.09743432078295,35773872.78423722,-40689779.3706132,11005735.93862774,86948.65046391821,-802.8980410389472,-2969.005625518296,3.294793827162677
2022-09-24 08:00:00.000000Z,0.0003489438824949,42166570.18371071,0.13324335091988,102.43542101409132,68.8358001291725,23.693897979266836,0.0117652388102746,72.11551087646039,35774958.88020371,-40723287.09212141,-10885209.679739686,97932.8882163133,793.7866902832077,-2971.353640387141,-0.3146812372341284
2022-09-24 10:00:00.000000Z,0.0003156581566657,42165137.62415875,0.1331913797192457,102.51449228867772,66.37566551108699,56.17052837668532,0.0226774496211206,72.12894266368531,35779587.874217175,-29778328.703445848,-29841549.580976848,82610.67803456186,2176.198301202253,-2172.737513108547,-3.8442247001813072
2022-09-24 12:00:00.000000Z,0.0002833252231949,42164272.331478216,0.1331543732001193,102.5323983911259,64.16923714170328,88.44615635192993,0.0275395831547133,72.13391637894544,35785808.0167072,-10807690.581932591,-40755245.69755599,45070.76057393332,2971.725320190173,-788.9656853172326,-6.343833215483009
2022-09-24 14:00:00.000000Z,0.0002520820374422,42164712.02151034,0.1332117761960589,102.52879696025173,64.94153210306915,117.7557599167629,0.0249810231046046,72.13008209281328,35791522.87379958,11074951.84121105,-40689379.86695228,-4613.862015967001,2966.5350998370027,806.729985421963,-7.139800613972454
2022-09-24 16:00:00.000000Z,0.0002190916674502,42165962.3239048,0.1333338463905111,102.54654598554136,67.56820105552838,145.18302381015326,0.0156478279038008,72.11962992427053,35795409.05273091,29975719.886305213,-29665828.571105592,-53094.39877568177,2162.616251138978,2184.671095174087,-6.0168927489255815
2022-09-24 18:00:00.000000Z,0.0001977149856429,42166872.92831023,0.1334400679715128,102.59710011544136,68.94008593202307,173.82874965199855,0.002028358869514,72.10565747828917,35797024.61916617,40806863.66470177,-10655351.120981108,-87338.07634913902,776.6783547377769,2974.218064389045,-3.2760277679988983
2022-09-24 20:00:00.000000Z,0.000203320193132,42166622.96227794,0.1334735888083585,102.6617050818346,69.722300738578,203.04954375553623,-0.0122189923613052,72.09113349756291,35796374.58452719,40653576.30984812,11223481.211044392,-98132.74830862782,-818.2890545915977,2963.0813855838824,0.3468693842014251
2022-09-24 22:00:00.000000Z,0.0002313757824063,42165401.98455671,0.1334385187899079,102.71149238721524,72.65768871944798,230.13420542481396,-0.0232512198393491,72.07883530619347,35793517.20519898,29556631.43199045,30080677.181401152,-82563.9658245178,-2193.151108053323,2154.188615856445,3.878594085357424
2022-09-25 00:00:00.000000Z,0.0002645116009936,42164302.22157475,0.1333931778859514,102.73087668470431,75.65716181135673,257.19029622793084,-0.0280747348228217,72.07165163848285,35788635.18205319,10501841.806299776,40838045.83167838,-44801.188914108985,-2977.7857203811136,764.9504116508313,6.369844422437296
2022-09-25 02:00:00.000000Z,0.0002962849944269,42164427.72124603,0.133405775579508,102.7312943279326,75.32304448780093,287.6067480735141,-0.0253521171179117,72.07227255960123,35782508.54807307,-11381115.536748791,40595445.76233208,5017.4588701744415,-2960.528162492772,-830.9000266165042,7.150098448416588
2022-09-25 04:00:00.000000Z,0.0003325419482446,42165804.90063478,0.1334931554686268,102.74493739685413,72.50712169071714,320.50073555392134,-0.0157694146371528,72.08184630951011,35776846.259811416,-30197070.35730921,29413886.051800277,53503.88957613473,-2145.3973794765666,-2203.464442707252,6.007989584985095
2022-09-25 06:00:00.000000Z,0.0003616001596535,42167106.43625506,0.1335928844628537,102.7934991018427,70.54340687291673,352.5145550372389,-0.0018682727914147,72.09837532266289,35773851.65083501,-40873220.48533052,10303509.976373112,87615.88069261864,-751.6585380766458,-2982.390943636174,3.2489361527912983
2022-09-25 08:00:00.000000Z,0.0003585867738577,42166930.92121405,0.1336263239006606,102.859227137791,69.10860616279213,23.98392890765898,0.0126196172849249,72.11653861632522,35774978.034680866,-40529830.99187988,-11584829.305580065,98167.05171067464,844.8204721687969,-2957.2606179439754,-0.3859245632849293
2022-09-25 10:00:00.000000Z,0.0003288551592955,42165470.71119178,0.1335945470806111,102.90472814365008,65.85960592722937,57.282965830860654,0.0237740915038994,72.12994126395805,35779835.86678718,-29260250.002496317,-30350052.246913794,82306.3070276051,2213.252354038079,-2134.971715903283,-3.918479954197985
2022-09-25 12:00:00.000000Z,0.0002972202742662,42164256.52934896,0.1335633103278935,102.91834903571194,61.9396749281766,91.27584520239886,0.0285593228937139,72.134378866194,35786394.8490338,-10104856.085348671,-40935774.90665199,44293.20095779392,2984.810410713633,-737.7382153864634,-6.39738070575334
2022-09-25 14:00:00.000000Z,0.0002660253008854,42164401.95450608,0.1335731643985729,102.91828641910377,60.76249075167199,122.53032164956494,0.0256599486516397,72.12947736364738,35792294.62400673,11773013.242081225,-40493720.87507691,-5646.892196242598,2952.1644685676965,857.5855717145032,-7.155137647842388
2022-09-25 16:00:00.000000Z,0.0002298554091085,42165640.07920068,0.1336104276053622,102.92392084500034,61.8577141737471,151.4999933982609,0.0158402361612579,72.11787293891942,35796020.06883006,30481124.197859053,-29147172.54814235,-54077.83613797134,2124.711915090564,2221.4748171234246,-5.987824353360694
2022-09-25 18:00:00.000000Z,0.0002020106448264,42166788.45065959,0.1336424572289556,102.93935751876792,62.37734820555338,181.03244674594015,0.001735270867966,72.1032596235832,35797168.2073382,40983834.6407492,-9953588.74672719,-87968.92195191828,725.4503086995248,2987.11254425826,-3.20929980289612
2022-09-25 20:00:00.000000Z,0.0002002571724205,42166824.75163977,0.1336514195412096,102.95712435846563,63.22158591148014,210.23826586829472,-0.0128605166884309,72.08894547380805,35795982.60246893,40454580.83829812,11919463.51269689,-98198.36970103762,-869.0971524193367,2948.616501029275,0.4334646531883951
2022-09-25 22:00:00.000000Z,0.0002223153518312,42165711.98914463,0.1336426456983756,102.96926287582065,67.40887806566597,236.10959972317477,-0.0240150152101163,72.07757508397872,35792800.603102595,29035009.14481949,30583484.053912792,-82006.6648221732,-2229.895755620143,2116.221958637924,3.960768043291862
2022-09-26 00:00:00.000000Z,0.0002524060993242,42164430.5067858,0.1336318602794754,102.97370136230478,72.53126658257705,261.05885220495503,-0.0287173556108882,72.07152299216442,35787944.95582135,9797750.649066186,41011957.23022894,-43742.63152167146,-2990.549006085219,713.6603716001305,6.423187466701925
2022-09-26 02:00:00.000000Z,0.0002832463222656,42164197.508427136,0.1336285546174717,102.97415194943872,74.34097790205487,289.3322240305604,-0.0256904782260555,72.07292562618417,35782103.877112284,-12078071.517885,40393143.71499355,6299.469328864167,-2945.821005443486,-881.697364276614,7.156709809124842
2022-09-26 04:00:00.000000Z,0.0048752319305792,41956387.88656813,0.1336285620848279,102.97410180572852,180.16971285850605,213.53400859736865,-0.0157659839441323,72.02126100742183,35748447.218909085,-30647333.579085905,28903063.332679767,54518.76851541631,-2100.1264577491165,-2238.9774826218045,5.945375581028144
2022-09-26 06:00:00.000000Z,0.0048554982435465,41957898.55575872,0.1336237690792865,102.97134420521398,179.80390383115807,244.01691968744504,-0.0015688046924069,72.05346815474353,35668214.26472663,-40934027.66303863,9606939.67422223,88000.30043987115,-689.644587332004,-2997.4021953411743,3.1364414922976134
2022-09-26 08:00:00.000000Z,0.004845980016348,41958172.11489045,0.1336198152307955,102.96098456665418,179.7553603258558,274.3263791473691,0.0131042095324945,72.22188677733966,35563717.09848562,-40099928.60512385,-12292490.883799538,97564.64907191634,917.9253481448808,-2943.5951890316005,-0.546478087467179
2022-09-26 10:00:00.000000Z,0.0048355187206998,41956890.64001919,0.1336317828674497,102.9465554655502,180.1141718342149,304.3838711273639,0.0242332442839582,72.54162645909008,35463512.03915181,-28297532.76399333,-30821530.867837984,80426.54986757801,2284.9960125825837,-2081.1885923969157,-4.106365382010765
2022-09-26 12:00:00.000000Z,0.004822982416521,41955454.94407698,0.1336538453383285,102.93814065540174,180.58090977515903,334.452883430947,0.0286827906316805,72.98683051551646,35394570.41893518,-8705001.49955966,-40855603.55628479,41129.13548536596,3029.110187429888,-638.8566059051782,-6.552959276095748
2022-09-26 14:00:00.000000Z,0.0048250188648477,41955291.84521792,0.1336587461263524,102.93718559440636,180.9711179863358,4.656617795312831,0.0251560285249875,73.49768687706498,35375381.57736256,13293432.222774168,-39580814.566538215,-9551.6842348461,2936.37417940195,984.9253295554702,-7.190462485040554
2022-09-26 16:00:00.000000Z,0.0048420951475815,41956413.43770844,0.1336330802544908,102.932273153217,181.3598091298861,34.853554696617294,0.0146380867861946,73.9962682081143,35411242.72326381,31608365.79833982,-27336059.57919073,-57582.810457929794,2030.7070154497148,2335.056183663709,-5.835010552347599
2022-09-26 18:00:00.000000Z,0.0048557008076981,41957663.88372545,0.1335966848223222,102.9117784074412,181.709735422909,65.01762909124234,0.0001159791379265,74.40763668295499,35492670.899364874,41187984.331501655,-7530368.993966422,-89686.499506542,568.8130601208187,3035.773332748217,-2.8744711127981635
2022-09-26 20:00:00.000000Z,0.0048593359120148,41957896.98082203,0.1335858482844633,102.87683874946735,181.80415776915552,95.31328990262864,-0.0143403032246284,74.6806427529862,35597657.576950714,39445665.50308514,14352608.555997487,-97112.87882201884,-1039.4114067886735,2900.264127398269,0.8555040111978208
2022-09-26 22:00:00.000000Z,0.0048653914092251,41956927.25335435,0.1336191617752166,102.84175152239824,181.57196655702435,125.78424224010028,-0.0247823761995139,74.80218237626214,35697500.66926573,26934085.86971605,32325040.135922626,-77996.88021431329,-2353.4658747979324,1976.8161676317372,4.326590661295684
2022-09-27 00:00:00.000000Z,0.0048786789287082,41955621.49004494,0.1336751284912818,102.82260338595782,181.1959437549632,156.26003705513423,-0.0284543114080711,74.80067499359721,35764689.6397394,7116102.129857351,41537663.70694097,-37696.025066054215,-3023.470606151161,524.1196572522092,6.6066893543731
2022-09-27 02:00:00.000000Z,0.0048847624264947,41955179.228010565,0.1337019913518805,102.81995568367626,180.8295283446708,186.64865009150995,-0.0244512835202667,74.73809354443374,35780591.56289385,-14625063.731061555,39540684.62527117,12803.88596895436,-2876.2929412923872,-1065.7264075038288,7.096459875162076
2022-09-27 04:00:00.000000Z,0.0048740216774163,41956118.449013546,0.1336606230052619,102.81085155285932,180.43957683216072,217.0848206477632,-0.0138852537450855,74.69307400126378,35740752.25001557,-32422732.2169789,26884264.64351691,59847.41422870732,-1952.7916899159688,-2369.2942982776067,5.667667886467594
2022-09-27 06:00:00.000000Z,0.0048591332059671,41957651.6958018,0.1335802409656934,102.76293652253244,180.07202562597726,247.628904088064,0.0004074861224226,74.73955385288805,35656262.66152097,-41453436.55937041,6963844.566113733,90670.73202355132,-496.0297952999204,-3036.333580386117,2.691748929654584
2022-09-27 08:00:00.000000Z,0.0048507694299996,41958217.3144787,0.1335561969113089,102.67303446965494,180.0110018399521,278.0488234792388,0.0145566822511447,74.92641030214443,35550615.46623413,-39213384.84970493,-14843226.314090293,96770.22749047856,1105.730417990645,-2879.3486326305024,-1.0421915136366977
2022-09-27 10:00:00.000000Z,0.0048382128198212,41957166.16560732,0.1336424734745523,102.58567789304166,180.36077096731705,308.20601715684666,0.0246557437714629,75.26388256999529,35452872.29997042,-26238420.16902531,-32578717.374537997,76288.84232567095,2415.0565636122915,-1930.0154060684044,-4.51684265881117
2022-09-27 12:00:00.000000Z,0.0048195788685119,41955654.66938551,0.1337657735196593,102.54482652034476,180.82849694892903,338.3183590968959,0.0278629140284011,75.72096795673023,35389482.71580343,-6035375.045512182,-41329252.345505975,34712.01739978542,3064.422211450871,-441.9614526443141,-6.759458484584727
2022-09-27 14:00:00.000000Z,0.0048134884403416,41955246.34711025,0.1338112117811803,102.54070434920509,181.2225445452591,8.523783983314608,0.0232715992870261,76.23418667060807,35377367.66924983,15835620.926381622,-38636187.79380775,-16508.40649376713,2866.479808053083,1172.4961203209914,-7.129380814465736
2022-09-27 16:00:00.000000Z,0.004823937485913,41956202.79313341,0.1337541601857542,102.52712070675756,181.63730156405012,38.695419594684246,0.0122169975327546,76.72486086219911,35419720.99858153,33319548.20957067,-25236177.44433216,-63152.96353275122,1875.4051629142796,2460.731642352834,-5.519806859583322
2022-09-27 18:00:00.000000Z,0.0048339230304205,41957482.50931467,0.1336706644649344,102.47243555239032,182.058711518816,68.80645311382885,-0.0021290257358371,77.12048177418808,35505171.59677818,41600365.49117804,-4859280.605900405,-92314.70093264912,372.02061409680687,3065.1831149885497,-2.3918548448379835
2022-09-27 20:00:00.000000Z,0.0048363304713326,41957896.0531482,0.1336581702623365,102.38481610171806,182.2617244679608,99.02727638047293,-0.015734939688595,77.37456179345685,35610640.53443826,38455152.07552832,16859700.203551996,-96055.1706479646,-1223.187634705537,2826.6316376976124,1.372786961589427
2022-09-27 22:00:00.000000Z,0.004842738546338,41957122.437562056,0.1337539227153711,102.30185783694635,182.1366239699466,129.42220549194178,-0.02489027982728,77.4792985679403,35707426.51812642,24819902.90028053,33987669.40844164,-73515.32225306664,-2474.7383246565178,1821.4955033566132,4.738522493730288
2022-09-28 00:00:00.000000Z,0.004858577598181,41955871.87959637,0.1339039689984856,102.25820150704932,181.8285194605614,159.844302520955,-0.0271955010468717,77.46750357641616,35768979.040005624,4455996.273530357,41910887.94076182,-30972.76003445851,-3050.5109140521463,329.52687459279105,6.803202316093015
2022-09-28 02:00:00.000000Z,0.0048708350324682,41955262.60785327,0.1339983710423261,102.25373599764698,181.4894155520052,190.2061059091976,-0.0221218344773676,77.40360554851539,35778217.773571886,-17112397.72314611,38526921.65576487,19985.56034646717,-2802.376923296698,-1247.6386187778944,7.023942954623263
2022-09-28 04:00:00.000000Z,0.0048689099164235,41955914.97852045,0.1339620842562728,102.24251170725886,181.1193332463383,220.63234203758597,-0.0110876055322069,77.3663999983712,35732383.18264208,-34065540.15399176,24755415.27538627,65563.29299870008,-1797.3866515958134,-2489.994224869715,5.341387588445545
2022-09-28 06:00:00.000000Z,0.004861512209015,41957330.644347765,0.1338497309525526,102.16282687763535,180.7727990538326,251.2021595991262,0.0029050331948551,77.4278612355435,35644030.79476867,-41802301.68050902,4292021.20537553,93350.6904203034,-300.20522214775684,-3062.791899774228,2.1930771741787125
2022-09-28 08:00:00.000000Z,0.0048575593780696,41958128.083148286,0.1338366694452346,102.00572328414954,180.70496162934907,281.7145943999129,0.0160114449062443,77.63321867548008,35537661.04887737,-38164279.69149903,-17332418.714404225,95619.4135910029,1289.1272960498618,-2803.086457437736,-1.5834135395937752
2022-09-28 10:00:00.000000Z,0.0048466076358341,41957412.19296009,0.1340274138471447,101.84932040270652,181.02405165086853,311.9887656635256,0.0245642673236568,77.98794385646046,35442693.65223481,-24069720.604386672,-34199785.22331443,71531.95754001824,2535.137932995999,-1770.6561755153484,-4.953382985990331
2022-09-28 12:00:00.000000Z,0.0048248659690218,41955961.65264607,0.1342942279057079,101.77556804164831,181.46227171468345,342.17460662413805,0.026142082517671,78.45612130869596,35385019.64166773,-3340285.5201055743,-41629352.43843693,27577.27711858573,3086.909297126926,-243.1270988941871,-6.966779303620718
2022-09-28 14:00:00.000000Z,0.0048110966078229,41955328.266245626,0.1344282273194252,101.77066664655916,181.83043753039232,12.408147178599547,0.0203278674455891,78.97079390217198,35380010.395902105,18311599.20809798,-37529023.80108214,-24097.582344423336,2784.574888178449,1355.1412528467824,-7.044436238905355
2022-09-28 16:00:00.000000Z,0.00481337085592,41956038.21593423,0.1343799073293308,101.75507730162386,182.23772388128847,42.580483158601226,0.0088496878877874,79.4526914152865,35428756.41792125,34891581.667929314,-23030177.795055214,-69113.33626937045,1712.3435273123923,2576.0568460977515,-5.162753325826491
2022-09-28 18:00:00.000000Z,0.0048176649457177,41957252.73550624,0.1342782249647507,101.67487111066232,182.6984793495231,72.66130129148057,-0.0049661694640929,79.83192157957484,35517989.175331905,41839918.42219477,-2167392.439440374,-94999.59710889976,173.8342521742817,3081.826664392137,-1.860513913647242
2022-09-28 20:00:00.000000Z,0.0048169062687281,41957814.12492404,0.1342842011702888,101.54348426712583,182.991154729957,102.8170819546147,-0.0172217883849316,80.06685487807982,35623585.743619695,37305940.9819851,19297733.274616383,-94716.3156385446,-1401.7693178396269,2741.387451038612,1.933164665728019
2022-09-28 22:00:00.000000Z,0.0048214690688362,41957285.45869893,0.1344578503280837,101.41996967960829,182.97175225334468,133.13039086970048,-0.0245752574879958,80.15511381722597,35716928.97052682,22603880.0701483,35511329.07770602,-68495.56117860315,-2585.7958579335827,1658.7923235238447,5.17728476232958
2022-09-29 00:00:00.000000Z,0.0048373223003275,41956185.76806079,0.1347190561700492,101.35721705567649,182.74011915267585,163.4856675212863,-0.0251131444815106,80.13387337068883,35772552.47783306,1777553.049845992,42113185.2444199,-23597.361313791072,-3065.0962677944544,133.62045115102543,7.003953737347678
2022-09-29 02:00:00.000000Z,0.004853795423085,41955480.42282914,0.1349090383059151,101.35623520666402,182.4408455209571,193.80398614895057,-0.01877917047173,80.069803634248,35775048.51396259,-19530067.256686386,37355946.659177884,27765.57859423933,-2717.011225316763,-1424.5142750421887,6.932720093115043
2022-09-29 04:00:00.000000Z,0.0048603051739812,41955820.99170312,0.1349193914586794,101.35417909846788,182.10756509958165,224.19314885951343,-0.0073388959645723,80.04149401669002,35723408.75376551,-35569024.8393324,22525085.779464096,71675.89333743359,-1634.5210503612368,-2600.582396333961,4.979247729490647
2022-09-29 06:00:00.000000Z,0.0048617146887328,41956986.24777263,0.1348180626093731,101.26536859665056,181.80343928901732,254.74529125562475,0.0060631617816711,80.11856296489671,35631595.05453887,-41979052.00918235,1602353.6355775064,96137.97896663318,-102.9650609398522,-3076.646792568637,1.6518568376326035
2022-09-29 08:00:00.000000Z,0.0048645630224867,41957901.72728544,0.1348408940439244,101.06966096833186,181.7391499811817,285.3112341104071,0.0176874136580921,80.34237343716629,35524945.357523225,-36956818.593464,-19749759.022429094,94280.9462241172,1467.3432763327696,-2715.099372478645,-2.1621761939385484
2022-09-29 10:00:00.000000Z,0.0048588890343676,41957576.14720961,0.1351478718490924,100.86479149245498,182.01179745729672,315.6969427588935,0.0242165219496048,80.7137275724797,35433058.90873305,-21800442.97227125,-35677897.71136269,66363.47003411641,2644.7140653576607,-1603.7643554309286,-5.413423295516796
2022-09-29 12:00:00.000000Z,0.0048380829686892,41956339.029488586,0.1355829434166972,100.76743588685922,182.3916310585041,345.97497250013816,0.0237629365462338,81.19210383565307,35381207.46269944,-631097.8156245719,-41754570.62560825,19926.52016797332,3096.462403192604,-43.19040817224385,-7.17928248548904
2022-09-29 14:00:00.000000Z,0.0048186327659663,41955549.880022414,0.1358462993404149,100.76947759934282,182.7009003510519,16.261028786146458,0.0164931614567549,81.70733772910272,35383256.01295221,20710887.913675908,-36263921.918441534,-32173.8243991558,2691.0079383888474,1532.0930909912904,-6.946691855531607
2022-09-29 16:00:00.000000Z,0.0048122304453712,41955952.5995246,0.1358485339744083,100.76427706049932,183.05634277585287,46.465310189650864,0.0045821870775362,82.17972482255644,35438238.037465096,36317844.51415998,-20727221.316981737,-75416.07708967495,1542.215298813795,2680.5637322517364,-4.779299226057946
2022-09-29 18:00:00.000000Z,0.0048094306234184,41956997.533411086,0.1357584562780132,100.67523633351514,183.50613009798963,76.54908259282139,-0.0084909953799762,82.54210687049957,35531004.915146,41905622.33616735,534252.8365990939,-97808.740338124,-24.92335966957083,3085.6583114861974,-1.296321579619408
2022-09-29 20:00:00.000000Z,0.0048039308577952,41957646.87903489,0.135797657983444,100.5177090749497,183.848757588478,106.6618354985272,-0.0190200304323851,82.75782507946667,35636412.2167502,36002695.70350527,21656859.16967902,-93266.68606693116,-1574.4358750995086,2644.896813048687,2.524617259256584
2022-09-29 22:00:00.000000Z,0.0048045827272355,41957385.96038937,0.1360525994595699,100.36859421302692,183.91438549448387,136.89962762779425,-0.0241288527525224,82.82999795639222,35725986.050203554,20294941.421349555,36889951.74408068,-63170.65431333304,-2686.198943430838,1489.366106132974,5.637889854628534
2022-09-30 00:00:00.000000Z,0.004817733014134,41956525.24545701,0.1364260412714824,100.29690726072648,183.75366004357048,167.18430560368395,-0.0225005599888976,82.80013175023153,35775439.976803765,-908467.2853538832,42143783.51470784,-15808.823739890851,-3067.1650788299853,-62.8196066260648,7.212307244417838
2022-09-30 02:00:00.000000Z,0.0048356926170597,41955818.50854152,0.1367226775577345,100.30694137818728,183.4971144562916,197.44977792490164,-0.0146475057315552,82.73695862392,35771141.56678244,-21868287.40370168,36032463.094919056,35957.268027747086,-2620.5231425965976,-1595.6441675678632,6.833623754977359
2022-09-30 04:00:00.000000Z,0.004848947705672,41955866.02147126,0.1368061161094023,100.3267413751549,183.2103156957338,227.78049592780968,-0.0027409346796226,82.71854130545368,35713893.55753626,-36926962.25301863,20202286.90615584,78095.95354144154,-1464.8376951130365,-2700.598578283953,4.59689571313191
2022-09-30 06:00:00.000000Z,0.0048588414396106,41956679.09087224,0.1367446401999003,100.25486563632536,182.9653446522921,258.2727051967465,0.0099265669486737,82.81176690406781,35619027.030189686,-41982791.93780195,-1094145.447947702,99062.45936128777,94.88468210268871,-3077.818236776366,1.0848896898420843
2022-09-30 08:00:00.000000Z,0.0048692990237219,41957567.40445905,0.1368101513139432,100.05758475179204,182.91854881998884,288.84103219533074,0.0197679691920256,83.05388267334202,35512562.1001944,-35595874.74687977,-22085192.815297224,92898.9016255865,1639.6200095093077,-2615.731709178952,-2.764150501785808
2022-09-30 10:00:00.000000Z,0.0048715009872636,41957619.27836045,0.1372164226062801,99.83596376060964,183.14018500194447,319.31035357660284,0.0238983256538861,83.44108731107275,35424076.45477959,-19440072.990231734,-37006822.19589828,61012.32973012051,2743.296509914632,-1430.0343701694655,-5.8882568411619
2022-09-30 12:00:00.000000Z,0.0048559656577512,41956736.25619676,0.1378124599246038,99.73173247003736,183.4430825636869,349.6813393475139,0.0210531100965835,83.9286073701083,35378122.34141982,2080672.4900367293,-41704386.47639093,12023.496276407768,3093.0234852541694,156.99617384647314,-7.396380820125317
2022-09-30 14:00:00.000000Z,0.0048341651403944,41955903.48582501,0.1382269247183443,99.75158633465202,183.6660196395832,20.035515776593257,0.0120591234211358,84.44344014194628,35387104.84182174,23023230.69936861,-34846300.14429597,-40502.39783440309,2586.1778150746395,1702.597892781189,-6.844780567562796
2022-09-30 16:00:00.000000Z,0.004820035488745,41955976.97286967,0.1383124296744381,99.77266569218015,183.9232527826191,50.30154732504676,-0.0004066829177576,84.90564725719445,35448091.32319751,37592256.541347496,-18337091.19175737,-81917.63454304363,1365.7496850792345,2773.823311620317,-4.385676285469175
2022-09-30 18:00:00.000000Z,0.0048098177954981,41956750.427785605,0.1382557577062624,99.6967331793901,184.30112819970805,80.4269712514383,-0.0126893433607318,85.25087753844898,35544109.40223616,41797173.479569934,3234329.2473625094,-100731.12967648446,-223.41781264860384,3076.685221273425,-0.7190567066079947
2022-09-30 20:00:00.000000Z,0.004798771110795,41957402.0853221,0.1383306008891694,99.53632490399244,184.6380028192272,110.52923449882198,-0.0212894719405683,85.44747320843794,35649024.64254205,34550783.61927205,23927332.34465687,-91834.87048193492,-1740.481871158847,2537.577040789026,3.129023862940712
2022-09-30 22:00:00.000000Z,0.0047940143545441,41957399.10826977,0.1386532270387677,99.38051003069562,184.75230071168355,140.70946336571822,-0.0238479500959868,85.50405327735025,35734548.62746224,17902521.098249845,38117905.11520095,-57778.90206673351,-2775.545418908794,1313.914558576146,6.108643421581779
2022-10-01 00:00:00.000000Z,0.0048019770664557,41956847.28463776,0.1391212957188896,99.31129926123364,184.64520751168385,170.93024647704877,-0.0197190363922995,85.46640000599999,35777642.9300075,-3591115.6074105464,42002542.87101693,-7896.634506639939,-3056.705670558656,-258.99782742654713,7.426034306330685
2022-10-01 02:00:00.000000Z,0.0048184042163358,41956242.43571732,0.1395155391856008,99.33886376654443,184.4254550633692,201.14331866844637,-0.010064143071915,85.40514906351416,35766530.92929035,-24117451.91962964,34561822.66614404,44291.229989869054,-2513.2898981192966,-1760.3301529109797,6.734344404435038
2022-10-01 04:00:00.000000Z,0.0048356828285293,41956057.61307497,0.139677472714771,99.39000100842198,184.1871989578856,231.40498409733615,0.002473851626959,85.3975583677123,35703882.24940639,-38133628.03732163,17796505.077500407,84639.4811131455,-1289.0163928330649,-2789.6185015372857,4.209854312440895
2022-10-01 06:00:00.000000Z,0.0048521736993295,41956465.28973032,0.1396637348743501,99.35640963828403,184.01248473423635,261.8053033900491,0.0144211680689088,85.50743556606464,35606377.63999464,-41813309.721693024,-3786315.039939793,102068.49940591224,292.52537421991667,-3066.2792956032704,0.5115729160314637
2022-10-01 08:00:00.000000Z,0.0048692403147376,41957176.54474124,0.139756989656317,99.19145783978544,184.00074313522444,292.3243366739747,0.0223526116759893,85.76764189827861,35500586.8560089,-34086987.949017525,-24328920.677563906,91557.43724380695,1805.2166464674424,-2505.3839168475997,-3.370624748320892
2022-10-01 10:00:00.000000Z,0.0048800654393034,41957523.32350005,0.1402162107855779,98.98541537734243,184.1817610136335,322.8336388273686,0.0238599679708228,86.16978795137973,35415856.54759009,-16998538.090686765,-38180944.18156679,55682.40657356989,2830.4400786815654,-1250.2024746686757,-6.363911179452134
2022-10-01 12:00:00.000000Z,0.0048734228380917,41957094.76940348,0.1409297375155101,98.89168274258692,184.40691483427636,353.2797743659994,0.0183586365191978,86.66521196620407,35375874.390634835,4783434.902205871,-41479105.587971136,4145.4447540655365,3076.59042659228,356.56588125027827,-7.612085968910994
2022-10-01 14:00:00.000000Z,0.0048535377414044,41956365.35656334,0.1414875795172743,98.9385230979473,184.53228775512272,23.70302406745166,0.0073873386819783,87.17853904392976,35391611.06139337,25238696.858892474,-33282392.5323422,-48798.26512337528,2470.536152897099,1865.9188466702017,-6.742651400948825
2022-10-01 16:00:00.000000Z,0.0048341182605283,41956138.14223518,0.1416710690848151,99.0000356918988,184.6560977102472,54.05117727025795,-0.0058301055430248,87.62987719576954,35458291.86564914,38709387.89987383,-15870168.701221917,-88396.9677253914,1183.7114865234869,2855.448771761225,-3.995353081742531
2022-10-01 18:00:00.000000Z,0.0048174211384196,41956551.85943648,0.1416561494247091,98.95903154405788,184.9020138445293,84.25627050113235,-0.0174250020827518,87.95774639410422,35557223.12964904,41515084.39934301,5921270.914446367,-103668.27419989162,-420.8050838469723,3054.9696366443336,-0.1485244039946181
2022-10-01 20:00:00.000000Z,0.0048011314483538,41957101.78214783,0.141754225192104,98.81899542128323,185.1718615271326,114.3862968441846,-0.0240825941753215,88.13545140897615,35661333.44379477,32956356.94649723,26099567.5518798,-90472.63577107992,-1899.2199714539845,2419.899155283207,3.725383985910506
2022-10-01 22:00:00.000000Z,0.0047903730580589,41957313.38313688,0.1421145865179755,98.67433395165364,185.2904437397781,144.53610072712354,-0.0239626782522443,88.17704455356647,35742554.56095133,15436619.91505055,39190058.24760131,-52511.012378197134,-2853.4743593997755,1133.174540466223,6.572818317434122
2022-10-02 00:00:00.000000Z,0.0047913300341971,41957111.26570647,0.1426417856248251,98.61672622735432,185.21174177247897,174.70999036477835,-0.0171196803107665,88.13249125843203,35779140.17751533,-6259227.2884823,41690023.89771297,-143.3695579607256,-3033.760731668789,-454.1037520139287,7.63690092725493
2022-10-02 02:00:00.000000Z,0.0048033814565182,41956707.627509296,0.1431061022062434,98.66414851411714,185.01639404143737,204.88173917417453,-0.0054147586822054,88.07417821422864,35761225.81430633,-26268138.30375869,32950084.310524188,52462.97402330196,-2395.7429001790542,-1917.8874700958047,6.637125351606077
2022-10-02 04:00:00.000000Z,0.0048214618237002,41956384.03819256,0.1433319863628677,98.74872167071698,184.82200157614804,235.077834046124,0.007978149114561,88.07831598727272,35693393.71401939,-39183826.39155208,15317739.88041722,91054.15128122516,-1107.77619470681,-2867.257626437653,3.829982748389368
2022-10-02 06:00:00.000000Z,0.0048416125198862,41956385.04843597,0.1433561486233736,98.76363194802218,184.72369584591297,265.3703674630164,0.0193535249578266,88.20531806220635,35593666.619945675,-41471110.82509173,-6462835.116503043,105014.74597633164,489.1269818323251,-3042.0596877120392,-0.0498727222201397
2022-10-02 08:00:00.000000Z,0.0048627595990248,41956792.349887855,0.143448686148391,98.65204823749166,184.76678071379624,295.7990627502719,0.0254220679415503,88.48338200417012,35489057.4802419,-32436375.292159848,-26471406.935735628,90255.43572375254,1963.414959488945,-2384.514247023187,-3.961688821941195
2022-10-02 10:00:00.000000Z,0.0048809379641028,41957300.04782621,0.1438984491514063,98.4848391356886,184.93133148427663,326.2999596953537,0.0242557286888611,88.89948942149665,35408479.955964014,-14486170.48624685,-39195276.11652413,50508.39385977443,2905.750627147668,-1065.045151382521,-6.823267370335092
2022-10-02 12:00:00.000000Z,0.0048851527822682,41957360.47514152,0.1446573784634013,98.41359021745936,185.09798565457564,356.78862107618244,0.0159706725237533,89.40142248401416,35374574.10345831,7465614.105973375,-41079842.72520199,-3470.4232392342788,3047.2234623659124,554.6428335224193,-7.815580260848454
2022-10-02 14:00:00.000000Z,0.0048715268031781,41956891.37457076,0.1453184506148998,98.49015137882438,185.13785280643077,27.26487644737611,0.0028399802807181,89.91196896632361,35396860.74379307,27347801.10010727,-31579185.991257027,-56776.82721082671,2344.588739324527,2021.343060152145,-6.63829718586714
2022-10-02 16:00:00.000000Z,0.0048504277824689,41956444.54288944,0.1455921490730229,98.5989207248976,185.11564393308237,57.70014974961915,-0.01134044755259,90.35166464045666,35468860.28154261,39664569.773230046,-13337321.276217995,-94590.12112307004,996.8971169241606,2925.101128113246,-3.6160480714440535
2022-10-02 18:00:00.000000Z,0.0048295369705291,41956445.04787002,0.1456127150855794,98.60777950295645,185.18619364223292,88.01320480553035,-0.0224508780460043,90.66199289501408,35570305.76025941,41060753.88928154,8583414.809870228,-106442.38622772731,-616.2384837384697,3020.631293337025,0.3995137087689768
2022-10-02 20:00:00.000000Z,0.0048095200192091,41956781.70604019,0.1457106087731343,98.50580783687631,185.33408548077787,118.20855900454578,-0.0273154719393844,90.82113549966093,35673272.83397048,31226369.480320573,28164285.414499115,-89133.52909592475,-2049.988360725898,2292.386316340884,4.293764120801458
2022-10-02 22:00:00.000000Z,0.0047933336695688,41957132.006041154,0.1460680459287509,98.38544082926586,185.41244063766123,148.3600098074334,-0.0245738383695665,90.84844324724004,35749949.71409118,12907774.279342651,40101905.19390034,-47464.01169271323,-2919.6717615787297,947.9176496272246,7.011345065393576
2022-10-03 00:00:00.000000Z,0.0047864745408692,41957285.21473281,0.1466073976967553,98.3440718517964,185.3340383363726,178.51139942806492,-0.014963080556577,90.7979274189292,35779907.265235975,-8901486.348323792,41207574.35956576,7234.529526207649,-2998.430687410917,-647.3176216468137,7.831495433191148
2022-10-03 02:00:00.000000Z,0.0047919513532169,41957165.43688002,0.1471009667202468,98.4082573549937,185.14662225010844,208.66240937365544,-0.0010556228008084,90.74356911603056,35755225.26400731,-28311187.592007294,31204058.228521325,60190.287321595686,-2268.368599476701,-2067.650733379116,6.537452293647595
2022-10-03 04:00:00.000000Z,0.004807753838695,41956810.89654239,0.1473632991192435,98.52015528322652,184.9867595277696,238.80926259810803,0.0134060130090919,90.76031935564887,35682429.91419687,-40072967.56298646,12776507.305809194,97060.83584321706,-921.8737597751046,-2933.1760600377866,3.462583367979384
2022-10-03 06:00:00.000000Z,0.0048282183447243,41956454.85116632,0.1474061938213101,98.58043515601018,184.96500344644164,268.99747646454097,0.0244332725853719,90.90492192477316,35580884.336656585,-40957474.32288609,-9112253.891813869,107690.78784571037,683.8523527141132,-3005.248736808597,-0.5861244114614287
2022-10-03 08:00:00.000000Z,0.0048500454183591,41956475.68586436,0.1474699641269501,98.52701857246956,185.08061666027183,299.31313117698016,0.0288245750532654,91.20064187524356,35477964.589077875,-30650948.013713315,-28503415.988795254,88896.64609352463,2113.5260731363296,-2253.63794346981,-4.519675349879037
2022-10-03 10:00:00.000000Z,0.0048725841594362,41956985.50462477,0.1478512380697273,98.40874128205868,185.26010662026653,329.7631491298337,0.0251003542825478,91.62974150988218,35401971.7076087,-11913671.257140215,-40045472.25355077,45524.10869845371,2968.8926009023025,-875.3737710273393,-7.248531800430567
2022-10-03 12:00:00.000000Z,0.0048874568922809,41957494.64514204,0.1485722334128069,98.36385594583084,185.40280521970783,0.2544429876197438,0.0140628509946764,92.1367140542759,35374294.20244732,10115735.068768425,-40508484.31280103,-10672.668226360496,3005.050462881102,750.3511172490456,-7.992483076974145
2022-10-03 14:00:00.000000Z,0.0048835379354568,41957422.70010942,0.1492704609822179,98.4642607231022,185.39274798742352,30.752584701662972,-0.0012884880628366,92.6430648031984,35402936.94656087,29341606.60264252,-29744312.733118583,-64203.8728668956,2208.8948607582943,2168.191451825046,-6.523527746278539
2022-10-03 16:00:00.000000Z,0.0048649632866946,41956887.55331873,0.1496042700170093,98.61550371183144,185.24358148853443,61.259817709182585,-0.0165868927362326,93.0702358159444,35479840.756128654,40453967.77476304,-10749732.388713516,-100232.39200441864,806.1275289926986,2982.496318960498,-3.247723579695002
2022-10-03 18:00:00.000000Z,0.0048431671099444,41956468.02040268,0.1496440716115616,98.67767895750676,185.1233139554829,91.69263364661538,-0.0274408161154569,93.36282504368288,35583349.73308456,40436473.12954524,11209200.13140686,-108819.56588980604,-808.8794206068847,2973.8483965839105,0.916576756859712
2022-10-03 20:00:00.000000Z,0.0048220477157133,41956487.89911278,0.1497159509792051,98.622286609469,185.11159444374684,121.98283571119576,-0.0307647708689757,93.50378462830416,35684807.06452234,29368505.31933813,30112696.193943527,-87670.38909068369,-2192.160741610588,2155.608683145468,4.8190157072177815
2022-10-03 22:00:00.000000Z,0.0048022169925179,41956875.18258044,0.1500292642907088,98.53299700512802,185.1124894869452,152.16714771174395,-0.0256153034312198,93.51757105567648,35756703.15388497,10326924.863827173,40849694.75287058,-42613.24188893463,-2973.8767358946725,758.940927939964,7.406056028814643
2022-10-04 00:00:00.000000Z,0.004787937146503,41957351.31829918,0.1505307273752438,98.50817807500648,185.00744459280784,182.32363385712296,-0.0133565622752977,93.46205818425246,35779936.71184566,-11506583.180283029,40557385.55136252,14133.260376386184,-2950.874800199017,-837.8208677171658,7.993068363472758
2022-10-04 02:00:00.000000Z,0.0047856593450155,41957569.89925065,0.151006968992306,98.5816831267426,184.8098669573781,212.4804429548365,0.0027584605888904,93.41265577860638,35748539.95462976,-30237852.99120904,29331291.02057057,67266.51615688499,-2131.705127820276,-2208.9827101684223,6.424112540774604
2022-10-04 04:00:00.000000Z,0.0047967628051859,41957293.38260543,0.151272145002169,98.70796764275816,184.67097004202003,242.6054096914823,0.0184164607833663,93.44287165332842,35670996.25136708,-40797180.08973124,10183772.28051648,102400.5397450703,-732.0969954376418,-2987.0842536622968,3.1046080436900247
2022-10-04 06:00:00.000000Z,0.0048144977029503,41956666.557535775,0.1513147302343469,98.79983268074338,184.719137795436,272.7101907378988,0.0293138298960725,93.60555135835484,35568008.02437024,-40274513.493932,-11723078.877290688,109847.17146800648,875.8648098732842,-2955.996323086926,-1.091603012368303
2022-10-04 08:00:00.000000Z,0.0048334971711799,41956272.31895639,0.1513336249211645,98.79571665494773,184.9173766470402,302.91143373926684,0.0322866898671311,93.9187869666307,35467258.97878604,-28738317.201849595,-30416092.24690413,87297.69941809676,2254.897686364983,-2113.323131011581,-5.032231451199429
2022-10-04 10:00:00.000000Z,0.0048564338004072,41956634.11791573,0.1516085365560953,98.72440298804804,185.14040342747904,333.2830637677394,0.0262513627254962,94.35999927058238,35396292.03385885,-9292068.393389158,-40727861.879963584,40649.60083468909,3019.594716421253,-682.025924923668,-7.623883018031869
2022-10-04 12:00:00.000000Z,0.0048795978549704,41957483.44406247,0.1522175833401734,98.70282641004368,185.29904583956784,3.738709855116781,0.0126514099518336,94.87057554614354,35375042.29184766,12722494.290724022,-39767647.85966978,-17424.756519680024,2950.269025935108,942.8260497619582,-8.126750718835838
2022-10-04 14:00:00.000000Z,0.0047804883455616,41963762.558933645,0.1528738854194694,98.81374912136444,203.663084589809,15.854341313381784,-0.004829920741069,95.37902869699884,35392578.2716741,31202631.990341216,-27770188.726275668,-70917.39542494476,2061.427464470004,2310.1853495457617,-6.379725152637706
2022-10-04 16:00:00.000000Z,0.004767593826307,41963303.34131889,0.1532203129278334,98.98991107692224,203.4874538495269,46.398251596944256,-0.0212989953518707,95.84133147702356,35446695.34782594,41038831.94093692,-8069686.681357047,-105026.02288509968,607.0404942729862,3032.02500600639,-2.870410188478068
2022-10-04 18:00:00.000000Z,0.0047445081291022,41962516.62633012,0.1532595078225684,99.0947280338441,203.27561142943665,76.94048888068595,-0.032065502758624,96.19440986116544,35538496.92355101,39558194.266932346,13861503.864438085,-110344.35558216611,-1006.8669494565352,2916.5007383478264,1.4262666412384593
2022-10-04 20:00:00.000000Z,0.0047212635045705,41962146.13228399,0.1532880717157796,99.08349942927946,203.1711267775251,107.34611813840364,-0.0340708602989048,96.40219641358766,35642222.19256767,27233702.423459463,32000448.971880093,-85463.13343320246,-2334.840327953615,2005.298302857546,5.32128232797019
2022-10-04 22:00:00.000000Z,0.0046973111983958,41962458.33484208,0.1535269868476331,99.026281137998,203.15429231911097,137.5695115820274,-0.0267394663748654,96.46940620484844,35729385.1167409,7492650.991384564,41435518.72696284,-37247.40868103417,-3020.624536051578,556.1430454105948,7.759910195887495
2022-10-05 00:00:00.000000Z,0.0046739076209906,41963188.37575518,0.1539474599709944,99.01605719984062,203.0826290676998,167.70259627722044,-0.0120422100295296,96.43846741926414,35776641.461582504,-14280281.690999104,39662305.18590836,21195.076187656017,-2887.6023935704825,-1036.415094936655,8.09922616211798
2022-10-05 02:00:00.000000Z,0.0015402039306314,42094510.277503766,0.1543603454166261,99.08995424174948,201.96330780513463,198.7941846437811,0.0061209390225368,96.4024914812431,35777740.199766144,-32220914.41227833,27183177.871826984,74146.38555524418,-1980.1910871942068,-2349.5561007152323,6.267876941429432
2022-10-05 04:00:00.000000Z,0.0015449130535293,42094395.88568524,0.1545936180936506,99.21434764854372,201.7599297078971,228.9539116575086,0.0228832944768511,96.40109527776188,35758906.10138061,-41487540.53498551,7369047.799015781,107312.3229897422,-534.0701130508008,-3027.341809015434,2.7303955196326712
2022-10-05 06:00:00.000000Z,0.0015623376979795,42093594.93687242,0.1546218481346229,99.31788510856856,202.1316734028996,258.5952733140893,0.0336718458689645,96.43560507130718,35728363.32158004,-39555738.40086416,-14432202.31254866,111645.3446774527,1058.8398214692645,-2888.327516643957,-1.557708782366282
2022-10-05 08:00:00.000000Z,0.0015827346829997,42092800.82711671,0.1545970407320452,99.34577771573592,202.8466380920677,288.0162743052985,0.0354613589421637,96.5173343062803,35693963.27927913,-26925742.35379206,-32327366.8779256,85852.54513477391,2368.628598527709,-1966.8377551661315,-5.444466482833933
2022-10-05 10:00:00.000000Z,0.0016073468710297,42092883.1230275,0.1547558243017409,99.31158784256108,203.37278952466065,317.7348096285664,0.0276039720784596,96.64570049013896,35664627.47950386,-6997487.785097383,-41456336.758149415,36768.942164976645,3038.496823223897,-509.5064807851513,-7.8761817989162015
2022-10-05 12:00:00.000000Z,0.0016387813560389,42093914.41095025,0.1552061542568311,99.30454158407352,203.6267190136529,347.73224246101194,0.0120621604608762,96.80788003151244,35648364.79382282,14830235.835337304,-39322899.88370919,-22422.105237974145,2883.489458521461,1088.6288792456037,-8.185005968542992
2022-10-05 14:00:00.000000Z,0.0016610016913162,42094850.56112167,0.1557559389962093,99.40663406117974,203.74546772345116,17.766879798498692,-0.0070549359632769,96.98121781767549,35650117.89692931,32624554.1456744,-26495413.609463982,-75723.92933783462,1944.1919323871352,2391.4825873685463,-6.276689793954212
2022-10-05 16:00:00.000000Z,0.0016577867670947,42094679.35395149,0.1560807237087577,99.58300075656796,203.4781903507517,48.09760300148855,-0.0245634464071425,97.13889142213284,35669872.141408294,41548253.01894777,-6462656.866411515,-108672.56707871838,477.2268717266495,3043.4204837242955,-2.6620858000314924
2022-10-05 18:00:00.000000Z,0.0016384948274651,42093645.563255794,0.1561141289572992,99.71436444031126,202.717137099,78.92852590067562,-0.0356293706347403,97.25799203966233,35702155.18078517,39189652.277423896,15326758.734405126,-112296.0288909806,-1116.5559914559967,2868.5681121204743,1.6798226823439726
2022-10-05 20:00:00.000000Z,0.0016176323752898,42092806.617167726,0.1560902914966248,99.741526976219,201.9254022028298,109.84411023768008,-0.0371430488376612,97.32687558680465,35737686.3320753,26211250.50689449,32965218.007192604,-85573.28271556033,-2404.4209263339494,1917.7957511490167,5.57187661290458
2022-10-05 22:00:00.000000Z,0.0015943403871696,42092877.25068107,0.1562275377717756,99.71230376638488,201.44704615221175,140.4554459806881,-0.0286027397993078,97.34850155431168,35766447.635024086,6145793.840495318,41694051.82318541,-35696.587648623914,-3040.1616658419184,451.2906836236143,7.963179303908648
2022-10-06 00:00:00.000000Z,0.0015666986331919,42093745.89727052,0.1565298707766883,99.7079526578826,201.07361375147005,170.9057479364186,-0.0122432580316703,97.33888312652878,35780725.536246985,-15579397.393767564,39174628.2129485,23905.906944970877,-2855.257935132891,-1134.695351131146,8.211505368473846
2022-10-06 02:00:00.000000Z,0.0015453515111342,42094679.42726412,0.1568489823005824,99.76764489542852,200.59666760860188,201.38815644258028,0.007581732469231,97.32189674216023,35777100.12699318,-33106241.876520976,26096643.59332456,77195.71114788463,-1900.860625934538,-2414.254524505861,6.249500956155127
2022-10-06 04:00:00.000000Z,0.0015423696822356,42094865.95385986,0.1570366649143648,99.8715733723183,200.36123391883933,231.60240913365064,0.0255593886044494,97.3225054674465,35756993.79674318,-41707888.62215319,5984080.17258577,109809.24884127104,-432.9206037380579,-3043.6120247204844,2.599137888859954
2022-10-06 06:00:00.000000Z,0.0015542390978152,42094065.5974068,0.1570552457398498,99.9671973845834,200.8498995570288,261.1381697943686,0.0368189314612919,97.36042351589832,35725908.0581952,-39050340.71511348,-15741942.515350657,112895.51740784995,1154.625181941603,-2851.6008756199567,-1.7642813888897952
2022-10-06 08:00:00.000000Z,0.0015694064419906,42092937.44207114,0.1570030626753544,100.01018240753194,201.86411888746284,290.24831611334315,0.0382340155621269,97.4456461911311,35691846.25060713,-25829746.31320075,-33206932.73743861,85518.85292845637,2433.059923517197,-1886.810372089268,-5.666926262915487
2022-10-06 10:00:00.000000Z,0.0015890745449406,42092609.16853761,0.1570548442002527,100.00193226533432,202.7249993064386,319.60854700963534,0.0292936701636395,97.57637705782363,35663483.13102886,-5607149.830442515,-41666010.973606125,34972.836319561575,3053.8868846479845,-407.78232535819245,-8.049740698771268
2022-10-06 12:00:00.000000Z,0.0015091891696029,42102290.13143463,0.124706639905808,101.16773679302038,166.41795632213154,24.98624410205093,0.0218891471514005,97.73069877818185,35666542.51573013,16138540.775821276,-38823990.64408619,-18094.57839569157,2845.8573841352027,1180.85837316611,-6.574646172363273
2022-10-06 14:00:00.000000Z,0.0015294295572405,42103664.42468253,0.1250929412752142,101.25860752407958,167.36020083171036,54.170862991260535,0.0158412737062338,97.86629936305664,35687768.0805822,33502101.40197452,-25439061.77024065,-60893.456882289705,1865.4150401849008,2450.3708118000245,-5.038855587584531
2022-10-06 16:00:00.000000Z,0.0015366811587727,42103970.04070895,0.1253535662906426,101.4371607924952,167.37156857623216,84.16041314391825,0.0052610267987524,97.9636344084709,35719151.80862145,41780639.24053799,-5152890.272022649,-87358.5591482453,381.3445474058285,3053.625387112226,-2.142514686814694
2022-10-06 18:00:00.000000Z,0.0015396100346514,42102918.32221848,0.1253826821838541,101.59416649779192,166.2765811820016,115.23033759863247,-0.006944742640785,98.013439978805,35752330.55123135,38752099.81165223,16530060.32807761,-90342.6633099514,-1202.5000796241284,2829.999670463081,1.3331298909879314
2022-10-06 20:00:00.000000Z,0.0015454382432846,42101650.555882245,0.1253299616197409,101.65206429014444,164.9097362572789,146.62775680150529,-0.0173883673912359,98.01977642401737,35777820.23190237,25258491.092950474,33750979.14831752,-69023.25366164104,-2458.719609620276,1843.327964693539,4.453064575270266
2022-10-06 22:00:00.000000Z,0.0015435292293689,42101341.4617244,0.1253787871285725,101.6411897743389,163.80251527270022,177.80780928412972,-0.0231636412601979,97.999600407272,35788141.40964712,4954976.695357186,41874125.58141888,-29109.550578418755,-3050.897376076225,361.2008916484832,6.37938930063321
2022-10-07 00:00:00.000000Z,7.02630731682941e-05,42164994.22869949,0.1255557224475035,101.63818619451555,106.36918333379344,265.3214543664108,-0.0226431622852613,97.99477801566724,35787098.67407699,-16697729.347290613,38718116.99035365,18722.59264084665,-2823.1621385708686,-1217.7658216319924,6.5977191894519285
2022-10-07 02:00:00.000000Z,8.707968390997119e-05,42165908.98278145,0.1257608474835655,101.68574756560405,93.208514355784,308.51679241264327,-0.0159157621550306,97.9948750216074,35785485.20107527,-33854476.07220812,25132482.82343577,61595.3101026632,-1832.600537409776,-2468.951208097607,5.036710700888079
2022-10-07 04:00:00.000000Z,9.76432199533523e-05,42166451.276956126,0.1258870382400372,101.77240783739444,88.39857475682834,343.3246430262873,-0.0047792735324843,97.99731026748324,35784370.12351789,-41891021.3180776,4776149.311255786,87963.70355661605,-348.22992328062173,-3055.0815401797754,2.118526451057991
2022-10-07 06:00:00.000000Z,8.209186854462713e-05,42165801.375677496,0.1259003267086075,101.85725762722046,88.48378559704427,13.240002474903022,0.0077546239849825,98.00059328365192,35784294.90023943,-38641565.58042458,-16866886.02551964,90713.86477455068,1230.025092204607,-2818.1050738985373,-1.3727721590913808
2022-10-07 08:00:00.000000Z,4.80437197226724e-05,42164475.37473965,0.1258529854423864,101.90397824483776,84.17827269508686,47.58332195021811,0.0182785573949068,98.00298503534464,35784971.92835388,-24981455.10283789,-33965421.87134787,69082.32375403955,2476.8632047595006,-1821.8691929469608,-4.498092746452036
2022-10-07 10:00:00.000000Z,1.4706480593333934e-05,42163714.513673015,0.1258472280826992,101.90846812258256,71.78346866823726,90.05673623444645,0.0239116956350091,98.00395240545002,35785578.12229252,-4591171.590138837,-41912995.39423287,28863.70583111551,3056.382238182239,-334.847627323414,-6.416954104070313
2022-10-07 12:00:00.000000Z,2.0502720852709566e-05,42164403.65175418,0.1259603444609508,101.90818724653688,228.70169762883285,323.221419904454,0.0230777846456666,98.00445240847876,35785574.235055484,17036022.17674933,-38568797.31696147,-19150.39998152299,2812.527663631416,1242.3514606211077,-6.613641122488117
2022-10-07 14:00:00.000000Z,6.151879377690311e-05,42166015.09129526,0.1261603753805218,101.9564246575044,227.08366259609795,354.8745923822346,0.0159378079803201,98.00569378064368,35785294.46128027,34073922.97263619,-24833825.174204998,-62071.91631684368,1810.994229641391,2484.864994353606,-5.034660829413362
2022-10-07 16:00:00.000000Z,8.322129227887255e-05,42166889.28179456,0.1263109275969379,102.06145588074732,225.5735693086916,26.363595104851235,0.0043699270163505,98.00749817699796,35785608.01707589,41932566.20994044,-4408341.58375583,-88370.72150331653,321.5874663700432,3057.926085137193,-2.101977810511385
2022-10-07 18:00:00.000000Z,7.483662254503119e-05,42166097.337421104,0.1263272272198989,102.16447637353735,212.2936628445532,69.62329349886569,-0.0085097415728895,98.0081733564981,35786861.38999002,38495130.99166581,17204758.205019858,-90962.79173679296,-1254.3733694255925,2807.1588455112774,1.399377955421087
2022-10-07 20:00:00.000000Z,6.918276463966864e-05,42164540.8404775,0.126280753067889,102.21147704757784,180.83490078912197,131.11532785126252,-0.0191867256722204,98.00631093929758,35788321.91902123,24688371.580681384,34183179.91202967,-69118.47675599334,-2492.319859161091,1800.253498955189,4.52955957088358
2022-10-07 22:00:00.000000Z,7.66980647844407e-05,42163763.00897417,0.1262825769480449,102.21319698887532,154.18293189242638,187.84387257878012,-0.0247248066618897,98.00247414503846,35788829.62998305,4231917.122874237,41954059.7496199,-28678.033734979053,-3058.914812363188,308.525606625958,6.445556548669996
2022-10-08 00:00:00.000000Z,8.14337458112163e-05,42164377.94656823,0.1263526300011659,102.21246317857396,130.4243881556014,241.68174559764077,-0.0235848487125398,97.99893800627824,35787869.52740113,-17364368.796189416,38424606.98772934,19501.60369352755,-2801.6314040449734,-1266.323538762124,6.629282165152423
2022-10-08 02:00:00.000000Z,9.599208754741154e-05,42165743.44291104,0.1264369302780783,102.23215268325532,108.73206390394456,293.4355027121096,-0.0160484066144195,97.99792698318753,35785996.329104535,-34283501.29537304,24544893.08920696,62461.37173640974,-1789.6518511181662,-2500.204955124817,5.028614693532416
2022-10-08 04:00:00.000000Z,0.000111068174302,42166645.80975197,0.126485326869833,102.26550880875617,100.08674422297922,332.1316661606012,-0.0041396773864274,97.9999907151598,35784368.48212779,-41967166.234008506,4052896.668055239,88630.72962455661,-295.4112907785907,-3060.647644706535,2.072658478312232
2022-10-08 06:00:00.000000Z,0.0001019684921103,42166287.7039076,0.1264896495692181,102.29499960486068,99.26447748542915,3.0103312664939312,0.0089253735124961,98.00374280628014,35783857.00358353,-38344352.46905726,-17531003.960973784,90951.43536624672,1278.5301905372137,-2796.4877427715164,-1.4431670782878496
2022-10-08 08:00:00.000000Z,6.899889135236302e-05,42164946.5307242,0.1264740285640161,102.31000453819765,97.2246652027008,35.12059397585889,0.0196125208799808,98.00706297189924,35784429.79697841,-24390746.608546272,-34391405.71256372,68787.28421274305,2508.0005754876224,-1778.859153192607,-4.57169164968455
2022-10-08 10:00:00.000000Z,3.2649354838825984e-05,42163829.32165253,0.1264695042811785,102.3120452608706,89.55927571141221,72.86778257093005,0.0250271924148467,98.00877039270368,35785286.76255621,-3865976.115142692,-41985804.0552238,28098.95454098191,3061.7341495336345,-282.0195532582005,-6.470031141136964
2022-10-08 12:00:00.000000Z,7.564666081475376e-06,42164096.63310144,0.1264934915430461,102.31213786441758,177.3607923675645,15.14891270636388,0.0236956745730372,98.00937827655092,35785651.76307458,17700257.72096207,-38268597.47388256,-20162.91242382382,2790.6335229316496,1290.7400103366276,-6.626912597001548
2022-10-08 14:00:00.000000Z,4.711645744591201e-05,42165667.71010099,0.1265358174816301,102.32249795579293,227.6372668155032,354.94504593279765,0.0159621538461121,98.0102126287153,35785551.74110824,34498177.55266073,-24241460.841207247,-63007.51369616091,1767.7702142186088,2515.760264411677,-4.99984976142529
2022-10-08 16:00:00.000000Z,7.933995633332356e-05,42167009.60522414,0.1265650284335648,102.3430082856656,230.01505497326053,22.63030658617776,0.0039010327796735,98.0116355675878,35785784.62023529,42002632.45191329,-3683374.873410359,-88899.04621618707,268.69795439782547,3063.0181102775846,-2.0261853856395025
2022-10-08 18:00:00.000000Z,8.034355007729869e-05,42166684.97467187,0.1265677734557649,102.35779017617064,220.85419571637084,61.85916282363402,-0.0092343317554769,98.01227737998072,35786949.92995187,38192290.95633156,17867154.550228447,-90860.05087527008,-1302.6784331704564,2785.087789807551,1.4942814661839834
2022-10-08 20:00:00.000000Z,7.56176487931614e-05,42165087.41081324,0.1265688916155696,102.35814059617717,192.2819659684453,120.51132772299756,-0.019890389820478,98.010427844042,35788569.02542673,24094378.212108184,34604730.359753914,-68352.89762451929,-2523.022662440311,1756.9685724716744,4.613666359840855
2022-10-08 22:00:00.000000Z,8.699053626917462e-05,42163888.46082258,0.1265845722741379,102.35379940631906,165.83337710690057,177.04208982052126,-0.0251838848542919,98.00612756676868,35789414.43671529,3506996.315182449,42021454.260737374,-27431.343259254536,-3063.743741227945,255.70980957686632,6.491194517038708
2022-10-09 00:00:00.000000Z,9.344244925952534e-05,42164147.565035954,0.1265943979899236,102.35321922304774,145.43598526202976,227.51760931471145,-0.0236877407377694,98.00154353383992,35788671.24773621,-18024828.036345564,38120137.14025974,20884.489259858063,-2779.317869076297,-1314.4181281004628,6.62002191215097
2022-10-09 02:00:00.000000Z,0.0001038872613176,42165490.003534384,0.1265784423997069,102.34859627578535,124.01262909587317,279.0255181638503,-0.0158141406320193,97.99933986143452,35786665.37993782,-34701773.10985555,23951063.879745405,63574.07221637392,-1746.248168864495,-2530.640178769389,4.964210522502879
2022-10-09 04:00:00.000000Z,0.0001209293404991,42166669.703011736,0.1265521318065209,102.32826814668933,112.36626476070484,320.7757066951067,-0.0036984521985498,98.00069980763573,35784582.23607989,-42030925.55944237,3329901.9122931384,89124.87940217707,-242.6061722517624,-3065.270623999767,1.9690720764181864
2022-10-09 06:00:00.000000Z,0.0001189189805609,42166658.02458598,0.1265504502142347,102.29406731849012,110.50260088864133,352.75961300151886,0.0093809626283756,98.00460452302065,35783546.584106535,-38036569.34514775,-18188423.226789147,90639.79848596304,1326.557888294354,-2774.067266578084,-1.5581605002660237
2022-10-09 08:00:00.000000Z,9.001360801374008e-05,42165461.69823816,0.1265873544989002,102.26272191395674,110.39756761899947,22.982305346860397,0.0198923061887479,98.00878324337975,35783830.44663243,-23794178.310759723,-34806091.327138096,67703.74293384372,2538.339669927134,-1735.402519668892,-4.665823480044753
2022-10-09 10:00:00.000000Z,5.209295686417581e-05,42164141.34109913,0.1266345273030323,102.2487757616556,107.30739562792388,56.171253569956455,0.0250081951515278,98.01148105585234,35784781.47243874,-3141168.2470228034,-42045737.63842454,26500.10492081478,3066.188340943718,-229.2074424844536,-6.515120003671357
2022-10-09 12:00:00.000000Z,2.10803786384194e-05,42163974.7005907,0.1266426403339815,102.24748655669534,125.71486393500231,67.84833117007912,0.0233695647861901,98.01260621666722,35785502.54517914,18357980.290362723,-37957299.44780662,-21856.00119951767,2767.97207859753,1338.6618876251844,-6.606581850840739
2022-10-09 14:00:00.000000Z,3.421077952562114e-05,42165280.23725529,0.1265910045232447,102.23302303337164,216.0713066372485,7.589184032778773,0.0154490024477154,98.01330480376512,35785713.36649585,34911466.310621895,-23642666.119778525,-64314.76103727344,1724.104517606544,2545.852774526407,-4.914647819995028
2022-10-09 16:00:00.000000Z,7.038635781942844e-05,42166870.0512853,0.1265240016392576,102.1804636065397,231.13557017835345,22.660631760517514,0.0034176793435733,98.01432060797438,35785994.1664282,42060123.62457276,-2958371.756797076,-89410.55643848635,215.8148032027436,3067.1774925189507,-1.8949218708348825
2022-10-09 18:00:00.000000Z,8.069376867244706e-05,42167077.26441399,0.1265215575912257,102.09811261409006,227.660624678428,56.30052951291614,-0.0094504083979971,98.01478518881272,35787052.17616339,37878583.30120704,18523173.06772519,-90359.33452186374,-1350.526819187518,2762.209994782643,1.6376396687419654
2022-10-09 20:00:00.000000Z,7.731470544229738e-05,42165692.67213798,0.12660464464249,102.02881231636005,203.5305139722281,110.58028182763724,-0.0196774923430146,98.01299172745544,35788701.417147346,23494075.45415365,35015228.186784685,-66898.93574170952,-2552.945930198475,1713.220436210197,4.72836442071682
2022-10-09 22:00:00.000000Z,9.045330404112452e-05,42164218.5496632,0.1266959108056294,102.00215320152006,176.43486075871974,167.780247856288,-0.0245296615628079,98.00851316200614,35789809.01956412,2781930.456607813,42076072.662919365,-25364.907405449907,-3067.6776680047114,202.88761717866535,6.541865210465382
2022-10-10 00:00:00.000000Z,0.0001010250392784,42164064.92523689,0.126706609724911,102.00002830280184,157.76439041773713,216.5296504520004,-0.0227452983525269,98.0031888476956,35789350.59429828,-18679260.901180997,37804519.46307942,23023.533773978532,-2756.222692945499,-1362.063362450274,6.588315144469972
2022-10-10 02:00:00.000000Z,0.0001095472011936,42165226.28639058,0.1266313175802393,101.9787823039192,137.95353611750582,266.4405761381707,-0.0148566724881961,97.99988067303642,35787375.55356283,-35109437.775872566,23350665.45870523,65195.71688981843,-1702.384192085212,-2560.2800538905385,4.855005109107113
2022-10-10 04:00:00.000000Z,0.0001267629321673,42166555.478941865,0.1265490076040851,101.91318090476514,124.46182009733326,310.0804886314595,-0.0030331136413448,98.00033975769472,35784976.53346777,-42082361.52528762,2606709.6094846646,89756.88198730155,-189.79809951791907,-3068.960184035413,1.8094411644000417
2022-10-10 06:00:00.000000Z,0.0001313714688339,42166878.24269142,0.1265485917831241,101.8187799077264,121.42741642183226,343.29514379224173,0.0095097594996181,98.00405371689772,35783435.436699465,-37718159.19120724,-18839600.47146033,90064.3548370736,1374.1223579412144,-2750.834680341835,-1.7262571562099098
2022-10-10 08:00:00.000000Z,0.000108953250417,42165940.61957812,0.1266499053090719,101.73769459199396,122.4136915578986,12.476873132960543,0.019381506111379,98.00883821257456,35783317.98027665,-23191634.20162617,-35209828.593242735,66025.30228969248,2567.882131806266,-1691.4808591355477,-4.796889616071235
2022-10-10 10:00:00.000000Z,7.225150352011861e-05,42164582.139193885,0.1267809849405305,101.70165526159172,122.41696757062626,42.59546592322697,0.0239360105460536,98.01253537662186,35784202.39266806,-2416657.5050698067,-42093016.60784282,24126.82576590229,3069.737696748679,-176.39511407976605,-6.572227016398246
2022-10-10 12:00:00.000000Z,4.0297520905113054e-05,42164066.85562724,0.1114137808472468,102.55575433630216,129.9243416307885,64.31801732811466,0.0276203800095288,98.0144264774284,35785193.45311511,19009240.316010453,-37635021.060412034,-20171.04729734496,2744.53976791136,1386.1298176012722,-5.795183558525948
2022-10-10 14:00:00.000000Z,3.134894910631008e-05,42164982.59295492,0.1113380745896746,102.52984411275088,188.92049688125732,35.43073492698132,0.026256673798168,98.01525825979932,35785768.53575246,35313831.44751865,-23037468.558896884,-57276.0354793495,1679.9980033791244,2575.155117003009,-4.272478129829796
2022-10-10 16:00:00.000000Z,5.961754667928284e-05,42166570.80876357,0.1112185295442809,102.41906099741898,226.47576389307264,28.069048726422,0.0179077981837704,98.01592306043494,35786215.58829605,42105093.2779004,-2233276.953049735,-78886.78432945134,162.9397851185014,3070.413508746219,-1.5906624610847442
2022-10-10 18:00:00.000000Z,7.588919252696383e-05,42167229.61173788,0.1112194109438945,102.23534406539213,231.22132985010956,53.58948944674084,0.0048946846227351,98.01607675768868,35787193.01975327,37554073.601390205,19172906.668480568,-79129.54367519348,-1397.9168399313048,2738.5263569469166,1.5253420720854027
2022-10-10 20:00:00.000000Z,7.455032081874342e-05,42166244.305851616,0.1113968399471479,102.07400437937592,213.0584694642096,101.99404233981716,-0.009245255454929,98.01429240477042,35788760.3343132,22887538.896121237,35414748.89960381,-57917.28781113326,-2582.089077547858,1669.004162823553,4.230393071010947
2022-10-10 22:00:00.000000Z,8.700068606425715e-05,42164700.33801932,0.1116082150332595,102.0075413512444,185.5029545832274,159.69372002903145,-0.0207331359960482,98.00985696877244,35790003.675099514,2056784.8350435288,42117944.91003479,-20987.069081022924,-3070.7204894930965,150.05118095724856,5.789875438797549
2022-10-11 00:00:00.000000Z,0.0001020876163525,42164165.6880705,0.1116802353366218,102.0035436324565,167.15341635029054,208.12369611195396,-0.0265541552266639,98.00416491426448,35789824.81761421,-19327644.32635973,37477709.36486908,21656.90587688987,-2732.3526751988024,-1409.2724943068722,5.780710812301264
2022-10-11 02:00:00.000000Z,0.0001114931102945,42165028.38077778,0.1115950315409529,101.97380435263868,149.17057968149138,256.2142520501958,-0.0252341650818737,98.00001373979671,35788011.12692498,-35506506.73542968,22743539.945180263,58461.28451897951,-1658.061315113829,-2589.141770128693,4.205365890174409
2022-10-11 04:00:00.000000Z,0.0001283821771595,42166363.727000274,0.1114824848645738,101.86682941269524,134.9699640961432,300.6035138603839,-0.0172077554420573,97.99955196345584,35785470.278663084,-42121462.27237462,1883051.2335750165,79452.34900850653,-136.97953254253815,-3071.7280467964006,1.489881425565554
2022-10-11 06:00:00.000000Z,0.0001384967435238,42166955.18417305,0.1114881325845999,101.70678269970044,130.86960795833,334.9493038765169,-0.0046892077055741,98.0028031234342,35783527.40042611,-37389043.562811926,-19484843.75370073,78932.59234494405,1421.232637039652,-2726.788918969595,-1.63138048663432
2022-10-11 08:00:00.000000Z,0.0001238149249485,42166330.56162185,0.1116516436709982,101.56553861324691,132.3233366058124,3.724011542667167,0.0089273290538848,98.00785830493272,35782983.76219376,-22582996.674248826,-35602880.68983679,57023.47533629239,2596.6287769519354,-1647.0843463078418,-4.313788726473781
2022-10-11 10:00:00.000000Z,9.116726051863592e-05,42165078.37446683,0.1118771235194331,101.4993675355541,134.2283654226668,31.9718010794894,0.0199854830030386,98.0123703770062,35783680.316426314,-1692353.125875516,-42127833.96376456,19637.304325339494,3072.3750990486283,-123.57425864009714,-5.830675187413427
2022-10-11 12:00:00.000000Z,5.924344175926209e-05,42164332.74792472,0.1120087545145981,101.49722943740451,139.6001383513753,56.68700699402332,0.0255547236771516,98.01507872049832,35784823.73825782,19654047.532104257,-37301918.70537038,-23116.26769958205,2720.325471960067,1433.1466911092282,-5.769754902967046
2022-10-11 14:00:00.000000Z,4.051899068460537e-05,42164836.32212942,0.1119652448420731,101.47811071178292,170.45074660133753,55.93879021134515,0.024218118751461,98.01622003717864,35785742.39783143,35705232.09592697,-22426002.039604917,-59657.76707896733,1635.4480763311788,2603.6717845015314,-4.144498541233963
2022-10-11 16:00:00.000000Z,5.118361632075953e-05,42166220.65071338,0.1118421215882864,101.35182616560276,216.63970217059347,39.95865360974076,0.0164437060141771,98.01662132837896,35786429.31406053,42137508.78198626,-1508176.259558605,-80064.49154124154,110.07711528640488,3072.7345760498315,-1.3912786223840443
2022-10-11 18:00:00.000000Z,6.705671218153348e-05,42167155.46697548,0.1118620249081978,101.11767591231022,232.4706850486593,54.44370942316986,0.0044335114762411,98.0163740555175,35787374.09046842,37218775.03021445,19816329.31353408,-78761.0151191069,-1444.840263423392,2714.044247653172,1.746175091559104
2022-10-11 20:00:00.000000Z,6.763241858592923e-05,42166641.06918925,0.1121330945519165,100.89505880495228,221.6518805088167,95.56540334426892,-0.0085120379296888,98.01450972941863,35788780.45478367,22274849.544059608,35803307.99705238,-56052.266274382,-2610.442124254427,1624.3242096935303,4.41593685436019
2022-10-11 22:00:00.000000Z,7.755004184775314e-05,42165236.54231478,0.1124849925703944,100.79619122621868,194.4452987685786,152.94874191292263,-0.0189211812678447,98.0102639670489,35790011.67930932,1331701.6232065435,42147111.49288239,-18067.580670681116,-3072.866209300634,97.20286473087005,5.890233989634944
2022-10-12 00:00:00.000000Z,9.599400960409037e-05,42164427.29422823,0.1126639438464135,100.7945281737926,175.3525268780103,202.11962694416744,-0.024082155348529,98.00458146241472,35790039.87573582,-19969817.69577888,37139748.27759681,24895.37480144584,-2707.7084898160174,-1456.048502227891,5.766340122538928
2022-10-12 02:00:00.000000Z,0.0001084739582067,42164933.20139113,0.112616634598075,100.77321176373772,158.91340038714483,248.6575897171234,-0.0227295387356277,97.99996949957855,35788460.3655733,-35892833.43459391,22129679.13923048,61174.65589967884,-1613.281446345817,-2617.235890667824,4.076646433159806
2022-10-12 04:00:00.000000Z,0.0001256339310196,42166141.73224367,0.1125051777183714,100.65573588028356,144.92020438980344,292.84917303148865,-0.0153406105270315,97.99874756392948,35785947.11503311,-42148078.8700045,1158831.1745542418,80913.57995872514,-84.14749808958595,-3073.586305541868,1.278345903567952
2022-10-12 06:00:00.000000Z,0.0001399977215891,42166901.62804162,0.1125274478976158,100.46583723318518,140.07438632287636,327.9696866007548,-0.0039847454088528,98.00140872343044,35783759.794449195,-37049040.1299208,-20124312.856894527,78732.37222412061,1467.8937834669998,-2701.9346386057464,-1.871019359801392
2022-10-12 08:00:00.000000Z,0.000133174364032,42166589.718850255,0.112749647129387,100.29257600761105,141.62825500544398,356.67623877165204,0.008240047441578,98.00643187437446,35782846.65409016,-21968065.53676968,-35985408.065072194,55187.00655742511,2624.578249873577,-1602.209300341004,-4.518332584622871
2022-10-12 10:00:00.000000Z,0.0001066604510011,42165547.31050726,0.1130659073767782,100.20988139579036,144.6464702823328,23.827901985632167,0.0180437848404185,98.011480758794,35783296.182433724,-968098.3702166572,-42150313.84236329,16623.908291616703,3074.090316661036,-70.73983859508246,-5.945528609961765
2022-10-12 12:00:00.000000Z,7.653588098778042e-05,42164718.30205087,0.1132893755793269,100.2130282344045,149.1367324616095,49.420050850325225,0.0228323309318751,98.01490581024196,35784481.8980774,20292500.799366463,-36958086.25280396,-26531.056090472863,2695.322317147923,1479.715353296037,-5.76372145878519
2022-10-12 14:00:00.000000Z,5.436881877987097e-05,42164866.70654269,0.1133102104598689,100.2137237697277,165.82277551072542,62.81696743945472,0.0214043670120186,98.01642883094864,35785682.3387801,36085729.82341538,-21808343.520062145,-62585.9786718755,1590.4517984445606,2631.405522276169,-4.018265935072814
2022-10-12 16:00:00.000000Z,4.901896462016934e-05,42165927.63846049,0.1132160303002526,100.10399949477195,202.57307567886144,56.25874418819056,0.014266112314131,98.01664794440346,35786642.507174455,42157427.34825521,-783114.8171886448,-81739.44470491754,57.22830507198505,3074.1468622771586,-1.1770115003899466
2022-10-12 18:00:00.000000Z,5.691440435756531e-05,42166936.31485274,0.1132580443688258,99.86403480804606,228.6739241866545,60.47928299024329,0.0034724298124968,98.01593510584284,35787616.686038524,36872769.09264546,20453446.750014197,-78736.2041790441,-1491.291774680616,2688.771016044705,1.9937891737681368
2022-10-12 20:00:00.000000Z,5.7709705984340696e-05,42166851.99817323,0.1135980489868185,99.61383619962912,226.65401945003148,92.82942828635692,-0.0079700483831079,98.01384104013518,35788834.97966904,21656141.65547151,36180963.28857083,-54313.98193264775,-2637.996107825654,1579.1879635873045,4.633903143426991
2022-10-12 22:00:00.000000Z,6.443070042982547e-05,42165747.00420433,0.1140783126452711,99.49499696668045,201.24649557478185,148.43386539965852,-0.0169629257745261,98.00978029166188,35789924.74410751,606877.3454590677,42163691.78304573,-15040.24936466315,-3074.107972721012,44.35261390597995,6.0222658946483145
2022-10-13 00:00:00.000000Z,8.434512112301049e-05,42164814.21621419,0.114385402413921,99.5015721530558,180.9478866080184,198.80260842869657,-0.0211647858601042,98.00435653418612,35790043.79576492,-20605568.242767163,36790830.64405244,28448.06149581717,-2682.2932425532344,-1502.381556207042,5.776596924493047
2022-10-13 02:00:00.000000Z,0.000100839383363,42164971.08489855,0.1144106439851532,99.50288276046362,165.87034605078887,243.9562650332156,-0.0195822596928734,97.9996505997433,35788700.56356208,-36268264.7487703,21509324.08832401,64337.223170500576,-1568.0569890208935,-2644.560407025453,3.960040552917288
2022-10-13 04:00:00.000000Z,0.0001192203750351,42165948.95117974,0.1143232565818922,99.3984362001162,152.94546099492302,287.0660011743658,-0.0127814361898416,97.99792132550144,35786336.10339623,-42162155.295295045,434266.8532549151,82856.21951198424,-31.315027668301497,-3074.543186305481,1.0634348857158495
2022-10-13 06:00:00.000000Z,0.0001366832158155,42166763.62271807,0.1143633270858688,99.20412465475162,147.92356968342597,322.36641070636915,-0.0027001732605172,97.9999925328404,35784062.03890248,-36698168.22169345,-20757871.91202858,78934.45469146715,1514.0982895175164,-2676.2850757489045,-2.128806588857412
2022-10-13 08:00:00.000000Z,0.0001369893548129,42166721.18462106,0.1146286970006504,99.0181376202935,149.51895276147718,351.0439195564346,0.0078861478188845,98.00476152827696,35782878.19989985,-21346895.71369014,-36357370.29936501,53581.30089675893,2651.7276232761783,-1556.8684619871922,-4.7513744293270985
2022-10-13 10:00:00.000000Z,0.0001177248791891,42165945.65465459,0.1150171417028754,98.92861490748577,153.24471007208408,17.49511871280919,0.0161147735832101,98.0100605532858,35783074.243693784,-243961.4904526533,-42160503.20735367,13619.361483597617,3074.882426217124,-17.90357090678728,-6.09223798162316
2022-10-13 12:00:00.000000Z,9.117821254996378e-05,42165158.58972182,0.1153253275833417,98.94057588448618,157.60958679652668,43.204375381039775,0.0198067018785547,98.01402170072724,35784219.077162325,20924526.16403288,-36603655.08017276,-30155.347078072333,2669.531009371217,1525.824510096455,-5.785266574597397
2022-10-13 14:00:00.000000Z,6.834636455370583e-05,42165052.7982744,0.1154196112690896,98.96803195015944,167.50203012595014,63.36850220707903,0.0180509802700777,98.01591500832022,35785623.86192627,36455277.6225825,-21184690.74967979,-65887.35890242462,1545.0160922738955,2658.350245842999,-3.909093306734321
2022-10-13 16:00:00.000000Z,5.3650031198641696e-05,42165751.62513912,0.1153683755721142,98.8960098144891,190.59660738180105,70.42818050981452,0.011442508885483,98.01601440232454,35786856.71001864,42164870.00840008,-58299.42956849071,-83862.06182704348,4.404684241202077,3074.6543791388235,-0.966148958859082
2022-10-13 18:00:00.000000Z,4.926742350953457e-05,42166659.899117246,0.1154252837181386,98.68578871883943,218.1686754664341,73.14726083485118,0.0019037582955746,98.01480639275282,35787920.528041765,36516163.43122423,21084116.14106073,-79134.50907671497,-1537.2589906350809,2662.71970612805,2.2512971623357334
2022-10-13 20:00:00.000000Z,4.669038024706693e-05,42166887.67741488,0.115796149259949,98.44129032638564,225.26371126216972,96.37637657625775,-0.0078709530823657,98.012324041398,35788969.23902157,21031612.177818097,36547685.84481818,-52887.89388313411,-2664.7388307661595,1533.6135728248576,4.872176216557567
2022-10-13 22:00:00.000000Z,5.021392292197256e-05,42166166.39991896,0.1163672445905646,98.31773376537696,203.58798494178396,148.25380277031027,-0.0151951281631991,98.00833287892284,35789829.92103956,-117415.0597662949,42167801.69902533,-12153.303966314168,-3074.438112994065,-8.477672918196419,6.180975255025482
2022-10-14 00:00:00.000000Z,6.976774390315091e-05,42165272.18884152,0.1167973422707636,98.3373810372269,182.6304832419089,199.26872797828196,-0.0181469020085031,98.0032702906294,35789912.1498007,-21234608.82789167,36431232.87724755,32060.71990997561,-2656.1117733137944,-1548.250264193974,5.814904419424375
2022-10-14 02:00:00.000000Z,8.691967569085349e-05,42164554.59546472,0.116912728841887,98.37150330067718,186.548337013341,225.39413406358213,-0.0160636993846905,97.99851911567008,35788991.04418724,-36632722.36922282,20883145.098923624,67749.17156271539,-1522.44647488424,-2671.036560983802,3.866986799652254
2022-10-14 04:00:00.000000Z,0.0001014082192386,42165237.74931613,0.1168627989073138,98.29964853302204,172.19182298675153,269.901901179931,-0.0096618951324443,97.9957831773041,35787107.637282595,-42164164.90324832,-289476.94678679586,85184.38651639804,21.42175356186293,-3074.5459061238694,0.8619812776504365
2022-10-14 06:00:00.000000Z,0.0001184634307373,42165996.68666418,0.1169153842743234,98.12336152427224,165.33477179705335,307.0179969326926,-0.0007951469552984,97.99640543023811,35784851.91309048,-36337692.29949594,-21384186.23310999,79571.22512944763,1559.7298100433736,-2649.851135185487,-2.3867276699395035
2022-10-14 08:00:00.000000Z,0.0001252537535057,42166152.635362215,0.1172024155841066,97.94202092826391,166.7297325425075,335.89019854404864,0.0080667557293397,98.00009183587724,35783194.78909995,-20721490.46816491,-36717774.84478915,52358.571800601385,2677.998874596746,-1511.141612218114,-4.998386626965237
2022-10-14 10:00:00.000000Z,0.0001155967531474,42165659.89084894,0.1176366785828242,97.85403467301424,172.36328061739587,0.4319843799550631,0.0145082024912809,98.00530508098012,35782648.81734288,477784.42306599393,-42158077.10045663,10856.223296262096,3074.7574037971917,34.842438736705674,-6.263495314316291
2022-10-14 12:00:00.000000Z,9.681501350240564e-05,42165011.95061313,0.1180101657261568,97.87600888446022,179.85063351293726,23.00979797580013,0.0168173362535816,98.01031227677072,35783117.474266484,21548147.83320633,-36238757.7817268,-33735.50865167869,2643.0172004336346,1571.450568758268,-5.835908905399079
2022-10-14 14:00:00.000000Z,7.91371493227809e-05,42164764.8084861,0.1181712900245344,97.93091479264892,190.53938813494344,42.351968769828666,0.0144434263610068,98.01401001512215,35784161.72742165,36812323.35249087,-20554986.59632124,-69348.99255703222,1499.1755304097885,2684.579154200034,-3.8264212507067104
2022-10-14 16:00:00.000000Z,6.750847467444808e-05,42165126.21232437,0.1181627597737569,97.90509593385904,207.40875892169743,55.592620147938256,0.008138593840262,98.01607880791232,35785380.59898091,42158152.72580153,667027.8225848111,-86307.09806886686,-48.47295305723286,3074.3603164625792,-0.7729880108444136
2022-10-14 18:00:00.000000Z,6.157264266428457e-05,42165812.57834244,0.1182221265524384,97.74520941186796,227.3087465452358,65.93516825621546,-0.0002582108599326,98.01659276602828,35786616.7677014,36146287.98073868,21709581.64411865,-79939.61286468383,-1582.9248881630297,2635.9028192259934,2.5033786106019718
2022-10-14 20:00:00.000000Z,5.596386916192205e-05,42166201.35005784,0.1185833897558715,97.53070155969132,238.33967935285847,85.1998279469268,-0.0083461561413028,98.01554237604348,35787866.75069477,20397224.823994,36904232.84826021,-51861.6069546245,-2690.842453358908,1487.4503420815863,5.117665041417448
2022-10-14 22:00:00.000000Z,5.0749009821998166e-05,42165870.45417503,0.1191941301179735,97.41512191959796,228.04518667009737,125.68927391581948,-0.0138593684188591,98.01278183611264,35788981.76437918,-845994.1717068385,42158630.27888163,-9573.61070230083,-3073.8842266536167,-61.55521352558756,6.357751302401807
2022-10-15 00:00:00.000000Z,5.872347164882105e-05,42165157.67132248,0.119720632380608,97.44929924830556,204.8391787665417,178.9390400164861,-0.0153238670960693,98.00858372845474,35789496.33274112,-21861256.74201858,36058195.910745166,35525.73307300895,-2628.99956429073,-1593.903989746339,5.878784177656394
2022-10-15 02:00:00.000000Z,7.490006368600096e-05,42164841.20292757,0.1199272202512928,97.52016768133493,188.3061433331256,225.47894519571207,-0.0124543571913336,98.00418799027342,35788918.487383634,-36988454.57715616,20246227.44121775,71209.43227085899,-1476.0393512362125,-2696.9769560612945,3.801771312424576
2022-10-15 04:00:00.000000Z,9.236174500228333e-05,42165208.33523018,0.119919126167932,97.49333882059064,176.51860780037637,267.3727049963373,-0.0061801687456639,98.00144869951244,35787249.49386312,-42152983.10436346,-1018888.3382103584,87750.29023052818,74.58032378270481,-3073.704486224696,0.6841999284287745
2022-10-15 06:00:00.000000Z,0.0001110454648617,42165815.554946624,0.1199749987171585,97.35141172667116,171.02061553820508,303.09502293344275,0.0016629121052247,98.00171208757038,35785121.50524956,-35962667.24870055,-22009553.348408744,80582.515333249,1605.304834039779,-2622.4610157398383,-2.6311747326687587
2022-10-15 08:00:00.000000Z,0.0001223479043515,42166083.46175409,0.1202601362163452,97.1878174697196,172.58865045066796,331.7759908815157,0.0088604522686235,98.0049858109057,35783400.758533984,-20083760.692170206,-37070677.95786816,51558.94632538593,2703.715398156753,-1464.595362942762,-5.2456968492073965
2022-10-15 10:00:00.000000Z,0.0001199415572073,42165856.62736737,0.12071101549232,97.1070788906404,178.11384123148363,356.4187394604762,0.0134263948501577,98.01005248596762,35782672.0637741,1206379.3660117718,-42143545.15240967,8463.17524526639,3073.7002164226137,88.00790493550096,-6.44888094877235
2022-10-15 12:00:00.000000Z,0.000107280143967,42165413.98812974,0.121124747912534,97.13780698768008,185.00636407580757,19.582814869920576,0.0141374283204743,98.01524512188192,35783015.07208547,22171343.920476355,-35860742.84228583,-37087.67219408061,2615.4714109264496,1616.9234020232684,-5.911067159048609
2022-10-15 14:00:00.000000Z,9.129133171954726e-05,42165133.61405084,0.1213372979552774,97.21579469727376,192.87700172996836,41.72029221910253,0.010857634743716,98.01921368750004,35784123.32356268,37162219.540925,-19915329.209668707,-72779.04844909157,1452.5569826440465,2710.105354960212,-3.772667211254567
2022-10-15 16:00:00.000000Z,7.586760784834872e-05,42165219.78186459,0.1213638275137357,97.23445188973038,202.9888891429292,61.67394424429307,0.0045683015105019,98.02127538726926,35785564.71719696,42140493.54511436,1395936.5366627933,-88923.81632162305,-101.59311708812083,3073.053606005975,-0.606238981623827
2022-10-15 18:00:00.000000Z,6.168406605992641e-05,42165618.75503111,0.1214138573122019,97.131300992945,215.74637008187324,79.101825284877,-0.0029066544455911,98.02135126999424,35786989.85456028,35765963.99725524,22331304.66803865,-81079.13916862084,-1628.218580948715,2608.12713537192,2.737507395538068
2022-10-15 20:00:00.000000Z,4.874702025133869e-05,42166019.32157143,0.1217318670703814,96.959774305067,226.12964983717035,98.97054013090737,-0.0094131089290946,98.01968453445292,35788202.72649576,19756867.875009287,37251359.04079498,-51256.8523914249,-2716.117704677207,1440.7124217638725,5.357304211169404
2022-10-15 22:00:00.000000Z,3.987240275880879e-05,42166023.69291128,0.1223298544408425,96.86000899143752,220.59004652147348,134.68895584938917,-0.0130878310329986,98.01659769685646,35789069.01962335,-1573861.694028166,42137823.48284127,-7409.756530752848,-3072.3603314618963,-114.66531253445018,6.54196062767842
2022-10-16 00:00:00.000000Z,4.522447661675658e-05,42165597.23976792,0.122912681500685,96.90637467777115,199.10054123380684,186.2102010788184,-0.012911361116828,98.01256948016444,35789355.96658434,-22480674.312676504,35675134.895189546,38673.673224644364,-2601.091425511828,-1639.1011335629205,5.962282440270691
2022-10-16 02:00:00.000000Z,6.267051892905055e-05,42165217.53178176,0.1231978962858129,97.01119359819904,185.14115660307053,230.1428948270649,-0.0090045292176783,98.00856307865476,35788773.9574858,-37332607.843441546,19604061.235323463,74527.4553953271,-1429.2470603632305,-2722.0909540739985,3.764649384124488
2022-10-16 04:00:00.000000Z,8.232837054732434e-05,42165286.58722375,0.123229637128164,97.03386901438247,177.7080358285204,267.6329039575373,-0.0025628534319521,98.0059917749631,35787292.67723626,-42129119.21566993,-1747170.2732360263,90388.1106642066,127.65388882643802,-3071.957737170561,0.536587409974103
2022-10-16 06:00:00.000000Z,0.0001018545396664,42165665.492612496,0.1232787966393354,96.9358620451262,175.01516660493013,300.50595482482333,0.004525393212281,98.00603135443264,35785348.02574072,-35577233.63100251,-22627708.993908264,81867.92234342679,1650.3469985737877,-2594.325297156104,-2.850866904446727
2022-10-16 08:00:00.000000Z,0.0001161909043366,42165953.17764577,0.1235399556952247,96.79843113479248,177.4730988976242,328.2704427012935,0.0102325256858645,98.00888614736483,35783648.97046881,-19440689.86158479,-37412205.966555394,51172.10148507099,2728.588815879133,-1417.6658871035784,-5.480120018894482
2022-10-16 10:00:00.000000Z,0.0001202226701282,42165952.02233639,0.1239792691755821,96.72806163566396,183.14818126198185,352.7526502080296,0.0129559888107318,98.01367268600298,35782786.21013794,1933791.2383774023,-42116550.84117536,6521.369360290041,3071.71635879652,141.0842240559183,-6.6367257792886205
2022-10-16 12:00:00.000000Z,0.0001143533354139,42165752.67121588,0.1244067593239525,96.76457286499716,189.81978904109928,16.131887979951777,0.011951584141586,98.01889557890364,35782983.694891155,22787155.601702973,-35472581.42368076,-40061.1413095068,2587.170370754245,1661.8575038778608,-6.003479459329595
2022-10-16 14:00:00.000000Z,0.0001018977450516,42165533.26119534,0.1246517636301322,96.85824322358496,196.2382064049354,39.70611079195516,0.0075284011812042,98.02307150774143,35784090.594456166,37500554.67789739,-19270600.904496025,-75995.56130388752,1405.5599719402542,2734.7940436430067,-3.746520795402376
2022-10-16 16:00:00.000000Z,8.568830350462495e-05,42165424.3924124,0.1247032948531552,96.91322663731891,201.92217406549943,64.05140924068725,0.00095805971519,98.02518577955288,35785706.18488517,42110237.43239724,2123486.6401851475,-91542.31355380145,-154.61659203676888,3070.839611203662,-0.4704089348381377
2022-10-16 18:00:00.000000Z,6.762696196485472e-05,42165516.94471008,0.1247362575960934,96.86315552484872,206.861617973926,89.24390427566392,-0.0058763267738308,98.0249184896152,35787342.12345959,35375406.34748177,22945619.63436026,-82432.01923167359,-1672.9671399598362,2579.61661724825,2.944953377242423
2022-10-16 20:00:00.000000Z,4.942617625690736e-05,42165803.034859456,0.1249894368400241,96.73798053996944,209.7921318598256,116.51840511991428,-0.0110015759910111,98.0226239292246,35788596.470626034,19111419.647193044,37587024.98429381,-51023.675462517946,-2740.541994477117,1393.6103377335512,5.580450742968405
2022-10-16 22:00:00.000000Z,3.590607250534862e-05,42166046.3313204,0.12552975029648,96.657532642136,202.81608027377644,153.6534639339672,-0.0129156483967117,98.01904955592327,35789266.072206736,-2300267.3577015405,42104615.18030106,-5688.972445546963,-3069.910193376843,-167.66594318020253,6.723133685177412
2022-10-17 00:00:00.000000Z,3.749010206751431e-05,42165964.530793294,0.1261227218669446,96.71104606512009,184.04684296425904,202.44728199231065,-0.0110394519577797,98.0150097032532,35789288.553538986,-23092470.551991247,35282118.231750645,41408.123208746845,-2572.4392766170326,-1683.7448523208018,6.056942576832697
2022-10-17 02:00:00.000000Z,5.327058017862655e-05,42165652.0052127,0.1264638651704969,96.84142251775302,175.79457805250394,240.64764341938377,-0.0059105623021778,98.0113478066335,35788615.94939874,-37665075.568351634,18957086.31010339,77558.6109928922,-1382.095244148527,-2746.362578306848,3.750953251508655
2022-10-17 04:00:00.000000Z,7.272132438214186e-05,42165475.39901915,0.1265292001795077,96.91073565408044,175.25464662497566,271.19808974080644,0.0009717734228621,98.00904047135484,35787274.06199166,-42092676.52072439,-2473830.220194269,92937.55712206308,180.61125244926015,-3069.3077752375398,0.4196068052678681
2022-10-17 06:00:00.000000Z,9.167785695915214e-05,42165573.327353016,0.1265635323280776,96.85972523830092,177.2085567682901,299.37725038452265,0.0076037693079366,98.00896588413478,35785539.734186105,-35181707.99242192,-23238246.949903905,83289.52220344137,1694.8301313708737,-2565.465268495196,-3.0401418468053207
2022-10-17 08:00:00.000000Z,0.0001074679366852,42165788.73900563,0.1267830477805274,96.75281088935492,181.5699845108844,325.2073135108387,0.012070076270728,98.01140833558507,35783930.23805955,-18792735.13804287,-37742156.89237255,51116.04196539415,2752.607389026781,-1370.3870561154652,-5.692109436097836
2022-10-17 10:00:00.000000Z,0.0001168331107364,42165954.91838617,0.1271858051938129,96.6942415659438,187.77963482446933,349.1427620364146,0.0130872346821777,98.0158042653648,35782979.70372228,2659543.080670648,-42077150.17638025,5024.685501072608,3068.8121271050213,194.0353969982192,-6.815961012374075
2022-10-17 12:00:00.000000Z,0.0001180160828664,42166012.650011934,0.1276013415755101,96.7328959827179,194.50319107938708,12.46779537387179,0.0103547624691573,98.02091424461904,35783016.70848526,23395210.84763973,-35074565.96822386,-42585.29058199101,2558.1361197340207,1706.224707582832,-6.103351935412409
2022-10-17 14:00:00.000000Z,0.0001105570664065,42165932.19604652,0.1278588211561589,96.8335871951414,200.27504641707603,36.68170327944385,0.0046306617301812,98.02523372342804,35784056.451801375,37827153.592289485,-18621245.59095372,-78869.52580146478,1358.2157412166168,2758.632284286178,-3.74189413836536
2022-10-17 16:00:00.000000Z,9.558924809776028e-05,42165716.20397971,0.1279251601391339,96.91325336261696,203.40599879098005,63.55545437348202,-0.0024811884565999,98.02746789289073,35785783.94714247,42067438.77988849,2849208.083860032,-94007.59921038362,-207.51259423699804,3067.724135535768,-0.3644852543144785
2022-10-17 18:00:00.000000Z,7.680959057804254e-05,42165518.82048361,0.1279386752641745,96.90648507915382,202.6225305352629,94.42735277647932,-0.0089711381109368,98.02699478700436,35787631.58644998,34974858.96782609,23552160.177539896,-83854.6011703672,-1717.1500856658276,2550.393319549597,3.1216869973555235
2022-10-17 20:00:00.000000Z,5.76082946460156e-05,42165594.85680936,0.1281184182023172,96.82460447802728,197.76962917425016,129.44141235777172,-0.0129745029175973,98.02413845912618,35789000.94700826,18461217.50817801,37911058.588924654,-51062.04713767643,-2764.1100200961164,1346.174473614034,5.779310939779212
2022-10-17 22:00:00.000000Z,4.1522060284476365e-05,42165957.54027374,0.1285689501464565,96.7639385936832,185.45835674291504,171.89132461081255,-0.0132930121218523,98.01997890115348,35789553.85327971,-3024885.071011435,42059056.13496786,-4375.356982579069,-3066.541569736844,-220.52673540629408,6.891571100754431
2022-10-18 00:00:00.000000Z,3.86722124143892e-05,42166229.85790205,0.1291261703838707,96.81852196967272,166.0497039618406,221.3232892566288,-0.0097554050339033,98.01573996538306,35789317.450881824,-23696411.389020085,34879397.82949709,43693.81013321742,-2543.060545043603,-1727.8104576746025,6.153017267202516
2022-10-18 02:00:00.000000Z,4.970611630615103e-05,42166109.57255316,0.1294927856336425,96.96199491464168,161.56958201729338,255.73864581624096,-0.0033079372378192,98.0123122728937,35788488.7933399,-37985779.06781046,18305695.47611649,80203.09684243372,-1334.609278443471,-2769.7783898275825,3.7528534761741095
2022-10-18 04:00:00.000000Z,6.510802134294115e-05,42165772.164267205,0.1295823551299834,97.06850548283244,168.79116007085824,278.4906781778641,0.0042286453196615,98.01029765528772,35787229.645683706,-42043775.73911873,-3198435.922853472,95255.45249011688,233.4235953067613,-3065.757750502515,0.3293185543289805
2022-10-18 06:00:00.000000Z,8.110085607629757e-05,42165562.34510584,0.1295973433740718,97.0618493026147,177.33929976497384,300.03121673026965,0.0106883549024517,98.01018491069809,35785713.69310011,-34776405.3951113,-23840821.29366858,84693.83498652528,1738.7306422059748,-2535.90132279108,-3.1978240198491004
2022-10-18 08:00:00.000000Z,9.656391509984902e-05,42165616.83458377,0.1297636002711872,96.98656710230566,185.0334923896537,322.49647189583163,0.0141997266843214,98.0122168067277,35784249.56422608,-18140336.96344834,-38060378.18396988,51264.28108125544,2775.7609252265256,-1322.7908161322707,-5.875473343248161
2022-10-18 10:00:00.000000Z,0.0001099384940781,42165877.5726974,0.1301096912682678,96.94021791842172,192.3561751102176,345.3061685711187,0.0137263150406759,98.01611363784328,35783256.49677534,3383181.6993324705,-42025434.77259602,3905.1626803371273,3064.994330445897,246.82719934492627,-6.9768609375715975
2022-10-18 12:00:00.000000Z,0.0001180873539131,42166184.71612649,0.1304894424275652,96.97748981424526,199.3586820901307,8.35337023513067,0.0093563462659063,98.0209599839133,35783121.236958206,23995163.360732622,-34667013.68052862,-44652.450311856046,2528.390902198124,1749.9980326606888,-6.199864130505864
2022-10-18 14:00:00.000000Z,0.000116788922758,42166304.66232314,0.1307391572238003,97.07630512474634,204.97706812398891,32.72268768691368,0.0022744932216896,98.0253434578884,35784024.480039,38141868.365941,-17967724.54519269,-81319.67388257601,1310.5557902747405,2781.6080569462906,-3.749604625726775
2022-10-18 16:00:00.000000Z,0.0001045735840729,42166070.773120806,0.1308106410026737,97.16754504175364,206.86326181746065,60.8298068982964,-0.0055665326661865,98.02776064756506,35785784.22821949,42012181.46752752,3572619.492801798,-96185.35081364003,-260.2500791215326,3063.713785941053,-0.2832092358546188
2022-10-18 18:00:00.000000Z,8.664858439548376e-05,42165626.73955645,0.130807056609187,97.1909899121328,202.5927485217925,95.15850228280198,-0.0119805853720572,98.02725282890032,35787817.9255356,34564595.18787206,24150553.956548527,-85192.68765749608,-1760.7473568358066,2520.4799059988204,3.26789194085048
2022-10-18 20:00:00.000000Z,6.920740635068149e-05,42165429.36090089,0.1309165085993005,97.14532211369662,192.75925704263872,135.11652192491758,-0.0151438080480147,98.02397960081662,35789359.90469632,17806620.370776072,38223284.01751041,-51234.458318855446,-2786.8183065385388,1298.4350616673885,5.9491937600006
2022-10-18 22:00:00.000000Z,5.321635967474042e-05,42165784.86374944,0.1312602305998018,97.10298138710804,177.5281007555885,180.4673959929413,-0.0140966553307905,98.01922334094957,35789891.69994409,-3747385.487151068,42001187.3037351,-3379.006171755902,-3062.2652405575545,-273.21896248306945,7.038984446152477
2022-10-19 00:00:00.000000Z,4.657052214989132e-05,42166372.541568354,0.1317412031495138,97.15286147415748,155.90815642881245,232.11500130613103,-0.009028339608231,98.01463008181754,35789441.35736943,-24292278.996832136,34467198.472588815,45552.95238770263,-2512.9746554082653,-1771.2762765246673,6.240293419095612
2022-10-19 02:00:00.000000Z,5.27008242456836e-05,42166550.45226122,0.1320976693408864,97.29461248262294,148.12057675951283,269.83962772431687,-0.0012677230007001,98.01129225436092,35788419.5551772,-38294660.29328504,17650232.111151163,82408.52178645425,-1286.8136617865553,-2792.3278249192404,3.7602127729852697
2022-10-19 04:00:00.000000Z,6.109767773711285e-05,42166165.9540259,0.1321991404253789,97.42308803166394,158.84558630851478,289.0665334279861,0.007046933931989,98.00954727864509,35787187.23915403,-41982542.258770965,-3920620.000297141,97223.81171284422,286.0653900524108,-3061.3119886837585,0.2580474132558373
2022-10-19 06:00:00.000000Z,7.073032069014915e-05,42165653.366140366,0.1321946750369698,97.45253126945607,174.8246744466255,303.140032835015,0.0135637332631636,98.00944343845204,35785885.78506289,-34361618.42626739,-24435151.189697437,85923.12112920386,1782.028822251786,-2505.65269657061,-3.326989621546613
2022-10-19 08:00:00.000000Z,8.367089694921778e-05,42165465.91665293,0.1323037610844233,97.40695610010722,187.8577098217667,320.23632162915527,0.0164030030701754,98.01105912337678,35784616.84511776,-17483888.90787291,-38366766.77129263,51457.07907357658,2798.0418686792973,-1274.9061163966694,-6.0276365064879815
2022-10-19 10:00:00.000000Z,9.953261554564804e-05,42165735.42264502,0.132579150266585,97.37263776512184,197.2457310005324,340.968033180118,0.0147063414920715,98.0143403421894,35783630.92788411,4104312.4158657272,-41961521.48137085,3041.0028961347098,3060.2703424149413,299.4288799674422,-7.11166806600412
2022-10-19 12:00:00.000000Z,0.0001142213079063,42166262.92053336,0.1329019677291335,97.40550440685638,204.75502098389924,3.5124187509862157,0.0088837838193606,98.01874819605963,35783318.68046766,24586722.95876884,-34250244.5844506,-46315.29837399759,2497.9558704854285,1793.153115737052,-6.281984442195198
2022-10-19 14:00:00.000000Z,0.0001199794541612,42166627.30468087,0.1331239702926239,97.49394816641713,210.49138904527163,27.774074266748777,0.0005006516513512,98.02307990326996,35784013.896496475,38444596.85915897,-17310488.122330144,-83315.79809270414,1262.610003215232,2803.71055116402,-3.758165677759121
2022-10-19 16:00:00.000000Z,0.0001118169703455,42166463.52842532,0.133191203854417,97.58308670299482,212.00363326020488,56.25746550104872,-0.0081539376385528,98.02571815315233,35785707.20251649,41944583.911894105,4293255.204841724,-97969.90268861716,-312.7994470268433,3058.8153580745425,-0.2175596796466414
2022-10-19 18:00:00.000000Z,9.534041199470004e-05,42165837.53419247,0.1331764555549419,97.62185228978274,205.89430265775695,92.40980988495018,-0.0146933874933706,98.0253629793346,35787869.18535221,34144913.24845851,24740443.21606759,-86291.55610247047,-1803.740205520833,2489.89858390305,3.387906608741754
2022-10-19 20:00:00.000000Z,8.050416313387795e-05,42165336.9870038,0.1332290858601277,97.6026084432935,193.0540334494721,135.347982691783,-0.0172826620897399,98.0218895157968,35789614.650948346,17148001.203995008,38523534.29342736,-51374.92887068969,-2808.665199682179,1250.421158903775,6.088873045149729
2022-10-19 22:00:00.000000Z,6.638750635295159e-05,42165562.39941113,0.1334644121471106,97.57593222342844,176.7882301611418,181.71733026479404,-0.0151376667431553,98.01662445581168,35790223.40995949,-4467440.526002048,41931045.63593414,-2561.74354679852,-3057.094303079564,-325.71633692428355,7.159057490200805
2022-10-20 00:00:00.000000Z,5.678249493982496e-05,42166381.289384775,0.1338387450982325,97.6165429799453,154.13117229924265,234.41087260442765,-0.0087509330025555,98.011585231834,35789637.614718385,-24879871.210693,34045719.39957644,47064.00286281663,-2482.202324191575,-1814.124031007373,6.308768743032126
2022-10-20 02:00:00.000000Z,5.975110691967165e-05,42166929.06296116,0.1341476244519399,97.74108618152616,139.96785820161574,278.5283820576477,0.0002086043148617,98.00818794705026,35788418.272544466,-38591677.05434412,16990990.567782365,84173.69698551887,-1238.7314541595258,-2814.003182403209,3.76128669551232
2022-10-20 04:00:00.000000Z,6.176182965750494e-05,42166635.23199989,0.134245716231999,97.8711025490278,147.607040088169,300.83978595791984,0.0093114024992406,98.00665422463844,35787163.05359728,-41909097.4269559,-4640078.474024696,98758.1652391354,338.5150802277831,-3055.9758045264025,0.1948810806861081
2022-10-20 06:00:00.000000Z,6.165453627515001e-05,42165865.00438529,0.1342266082924325,97.9224176694388,168.64272242045908,309.83485797329274,0.0160233511734196,98.0065892871244,35786062.59273569,-33937602.834352784,-25021017.210447665,86826.07675358039,1824.709849304004,-2474.737068796509,-3.43485802538511
2022-10-20 08:00:00.000000Z,6.903165089266268e-05,42165368.738081045,0.1342840254517275,97.90125216123592,189.6051618474806,318.97691513922405,0.0184298701124019,98.00778744011076,35785035.65615689,-16823715.691678926,-38661260.52205599,51511.33946067957,2819.446371832617,-1226.7579110225122,-6.149974478596631
2022-10-20 10:00:00.000000Z,8.562165418029851e-05,42165549.33149187,0.1344827980376035,97.87811198268916,202.8221662927729,335.8677315617856,0.0157956781476929,98.0103351695369,35784117.52151766,4822626.671952752,-41885534.17427143,2262.623073205988,3054.6484492867994,351.8147961362531,-7.215300991343392
2022-10-20 12:00:00.000000Z,0.0001060603284674,42166244.6989862,0.1347316631127601,97.90423377666524,211.12906406700824,357.6206120271983,0.0087830765811446,98.01410075604382,35783639.38867357,25169681.130561184,-33824551.231081665,-47686.560504321016,2466.8501470214123,1835.669725930952,-6.339334140357744
2022-10-20 14:00:00.000000Z,0.0001194603503393,42166877.59928003,0.1349069763495221,97.97450393983404,217.05762478826225,21.708027200011976,-0.0007270772001435,98.0182109427344,35784060.48635202,38735297.40806022,-16649937.724329157,-84884.40930778818,1214.404738239171,2824.93066312422,-3.75453700735588
2022-10-20 16:00:00.000000Z,0.000116584326129,42166867.58087449,0.1349607483970607,98.0478109669568,218.7383028038745,50.03902329064989,-0.0101519228536616,98.02105629025984,35785572.86925391,41864799.50498914,5010701.83995964,-99294.31123595349,-365.1344191330759,3053.0349797201056,-0.1551921069232222
2022-10-20 18:00:00.000000Z,0.0001017707178773,42166143.49531542,0.1349433000212143,98.08589320793628,211.97430771534275,86.84704325511112,-0.0169132431304883,98.02102913397007,35787770.034118444,33716126.27140932,25321512.09530924,-87007.5323445313,-1846.112204573505,2458.669510455516,3.49025170930498
2022-10-20 20:00:00.000000Z,8.911940713742773e-05,42165343.73672159,0.1349608673272845,98.081368908003,197.07481922611117,131.82978465529035,-0.0191387710886278,98.01762491460448,35789712.67173134,16485734.077377817,38811666.881304525,-51298.74924461703,-2829.650700620617,1202.1590492722642,6.2010178857046485
2022-10-20 22:00:00.000000Z,7.802752727729422e-05,42165332.016034186,0.1351020454439347,98.06660093556256,180.11578970584222,178.88013052178923,-0.016168725698232,98.01204036390396,35790484.44580985,-5184732.594643902,41848669.98343918,-1742.415192694589,-3051.043379127727,-377.9960919825395,7.248187710163402
2022-10-21 00:00:00.000000Z,6.655883274292321e-05,42166258.33163364,0.1353543031157567,98.0951381322514,157.49334871822114,231.55067956231517,-0.0087388698177307,98.00655108184984,35789866.38440354,-25459004.583594527,33615134.33125972,48362.062643029945,-2450.7647678067333,-1856.3393505598108,6.349491448150973
2022-10-21 02:00:00.000000Z,3.675504504331473e-05,42166144.07438709,0.1355815038496005,98.18822374576268,187.57247491208733,231.4565621698183,0.0011978374033988,98.00250948511176,35788972.74352749,-38877125.4066631,16328715.333933162,85555.71208482458,-1190.4837485866012,-2834.6769691271406,3.743746430957229
2022-10-21 04:00:00.000000Z,3.7098696515522094e-05,42166088.51682072,0.1356591203132249,98.29557054574404,189.5304036736053,259.47046427648854,0.0109680773148817,97.9995512650506,35788237.32665229,-41824808.38345622,-5355236.974103149,99821.98064214422,390.5907602695788,-3049.6582119510667,0.1266715971480822
2022-10-21 06:00:00.000000Z,4.889462839268776e-05,42165154.8331611,0.1356353293740815,98.34820473782786,217.50590221419185,261.5224767834271,0.0178891804497601,97.99756233554233,35787321.66792431,-33507218.52532481,-25596573.866152007,87278.35844754842,1866.5546187771467,-2443.182143122424,-3.532121305372058
2022-10-21 08:00:00.000000Z,7.089699375477891e-05,42164310.69239042,0.1356582148748359,98.3418632175906,236.0039849769664,273.11209202879166,0.0200177030301211,97.99678623289924,35786011.1946956,-16164052.430270812,-38942729.43578594,51243.412763315166,2839.833345805049,-1178.5090150610388,-6.247878212961765
2022-10-21 10:00:00.000000Z,9.634049098297588e-05,42164297.17015943,0.1357856410763749,98.32797708523212,241.1146827966648,298.098687739843,0.0167109481566363,97.99806085774098,35784246.638458826,5533461.834519353,-41797696.01506386,1371.7971511499445,3048.1564212926905,403.7989153688308,-7.286291565881204
2022-10-21 12:00:00.000000Z,0.0001247131396541,42165081.41330203,0.1359504113737257,98.34577054383804,241.48584027169787,327.7958905379805,0.0088213190706112,98.00208007810323,35782494.688208304,25740078.418612316,-33391089.12966273,-48928.97641875838,2435.2190435642683,1877.4965953798887,-6.363678254026165
2022-10-21 14:00:00.000000Z,0.0001483216412552,42165981.60987241,0.1360627210502094,98.3910505059589,242.68958368140895,356.6353394807191,-0.0015317690874829,98.00841637486344,35781601.25985014,39010956.965986885,-15986911.89464258,-86109.28315234464,1166.0240305396871,2845.4002098715223,-3.725424392830986
2022-10-21 16:00:00.000000Z,0.0001530451630687,42166198.94232059,0.1360946957034873,98.43529185103776,243.822615607926,25.546984533769955,-0.0115418898817712,98.01519893576386,35782239.35652098,41769695.4969934,5725368.550434805,-100137.40889252916,-417.3860039314725,3046.55210449125,-0.0808437505579338
2022-10-21 18:00:00.000000Z,0.0001368684485187,42165475.218252346,0.1360847247404899,98.45629096204436,240.65626261613951,58.779139601336375,-0.0184836494488491,98.01986612285522,35784346.248107664,33273396.69751177,25894950.461367484,-87213.95033808523,-1888.182957564814,2426.7954001373646,3.588307867696727
2022-10-21 20:00:00.000000Z,0.0001148215132679,42164419.39812873,0.1360957180674349,98.4532964918042,230.88331712108956,98.637985338576,-0.0204557777672234,98.02063939953476,35787008.98870828,15812612.459325025,39087827.29342069,-50800.69635197704,-2850.068435159468,1153.35303737699,6.29355748677766
2022-10-21 22:00:00.000000Z,9.400354848907117e-05,42164092.17113125,0.1361720853115083,98.44568194869473,219.50829500960245,140.09980239481158,-0.0168954562756999,98.01768703746528,35788995.72696639,-5907722.852782002,41751238.214956485,-685.4743980661078,-3044.135380073948,-430.55215103898206,7.306693675386985
2022-10-22 00:00:00.000000Z,6.571639133556627e-05,42164974.471960224,0.1363062921523676,98.46143505489026,207.2768326064644,182.3929169373488,-0.00872920331494,98.0129577113065,35789605.98584785,-26037008.707862545,33169116.060446013,49656.76311937101,-2418.330211295085,-1898.354962599226,6.355107826943154
2022-10-22 02:00:00.000000Z,4.274238320485574e-05,42166255.34188728,0.1364285335440327,98.51241988195044,182.96897921150517,236.72761920295537,0.0018701718339209,98.00865536298625,35789107.05808154,-39154050.71061717,15653410.80500796,86686.6308924099,-1141.2191504361836,-2854.8605959642478,3.693693612313691
2022-10-22 04:00:00.000000Z,3.739143124205712e-05,42166569.54618575,0.1364701144271712,98.57209370298216,173.6527732901606,276.0633421556147,0.0120522475191102,98.00571046063816,35788265.94870689,-41725876.62847085,-6078377.282116291,100432.8383269811,443.32244309234153,-3042.4556832031926,0.036011976702748
2022-10-22 06:00:00.000000Z,3.791210058855851e-05,42165618.05280792,0.1364570932076667,98.5999313004242,209.0948783754781,270.6736358557992,0.0190465206452598,98.00381296872544,35787462.20014955,-33059220.75697789,-26172850.053587336,87170.6529659477,1908.546150033156,-2410.530401732992,-3.635870035912967
2022-10-22 08:00:00.000000Z,5.739540158203283e-05,42164435.157971285,0.1364763179660197,98.59388582875658,243.2129263924921,266.6427011970623,0.0209221520412581,98.00274855013328,35786439.74599846,-15487872.07934684,-39217021.89837883,50436.15016779718,2859.7623548994834,-1129.2169260892842,-6.3334445544950615
2022-10-22 10:00:00.000000Z,8.451942977732805e-05,42164126.727566905,0.1365528843197568,98.58578013928876,252.03217386002356,287.9141614289637,0.0171341591461514,98.00321791379083,35784893.295559235,6255465.439600639,-41696406.02819999,94.11866295646904,3040.667685186153,456.42342794999576,-7.32801418634569
2022-10-22 12:00:00.000000Z,0.000115342226807,42164893.55699738,0.1366345095440685,98.5946248117723,251.0669572622604,318.95569207190675,0.0086862095887933,98.00624209596604,35783088.33506732,26313401.83112616,-32941937.93807672,-50305.77081076261,2402.366931041826,1919.2733564879304,-6.348644131769595
2022-10-22 14:00:00.000000Z,0.000144983161335,42166025.72436103,0.1366734847743077,98.60988954413835,250.61249924890052,349.4826831704767,-0.0021392682063884,98.01190388731872,35781878.03698074,39281368.89792217,-15311215.672399584,-87178.29175637684,1116.674955271658,2865.1069261116368,-3.656862937270191
2022-10-22 16:00:00.000000Z,0.0001568753554469,42166525.30473895,0.1366777456548087,98.6133376000034,251.25323500752089,18.927372595442943,-0.0124048271088601,98.01864152672448,35782130.97163498,41664536.1455007,6445502.9641592335,-100571.7408483959,-469.96033841490384,3038.906030757746,0.0227494016566903
2022-10-22 18:00:00.000000Z,0.000144235678996,42165910.03985047,0.1366868937176179,98.6015345202362,248.35780740047824,51.92188783313412,-0.019321670652381,98.02379238076772,35784021.62089277,32820980.56398712,26465511.695413355,-86861.30970244821,-1929.844718178584,2393.848872397757,3.698006106894959
2022-10-22 20:00:00.000000Z,0.0001220942816518,42164678.588945545,0.1367239652604767,98.58651705978774,238.0714520138762,92.30674806542994,-0.0210110904589497,98.02514753307776,35786748.17123029,15134722.526714845,39354990.05199266,-49732.36453640506,-2869.589853176601,1103.966206522745,6.377595596934523
2022-10-22 22:00:00.000000Z,0.0001031592296219,42164001.108230464,0.1367775689236508,98.58058987681494,224.71014181509585,135.75340302809897,-0.0170135185644177,98.02243243341977,35788979.70304479,-6628468.693888423,41642876.13746827,814.385673886024,-3036.2423574308696,-483.0672896416036,7.339116179217121
2022-10-23 00:00:00.000000Z,7.67357836410896e-05,42164682.143809855,0.1368200355905471,98.58516865635828,211.60462592498823,178.93153401067198,-0.0084090435869969,98.0174917160356,35789780.12153433,-26606404.6758228,32714367.593835108,51161.42718126856,-2385.154725762133,-1939.8366683658996,6.323346710759608
2022-10-23 02:00:00.000000Z,4.978010338809096e-05,42166181.71933493,0.1368338680560361,98.59018819097952,186.12825885128564,234.48037655524388,0.0024761877925999,98.01285075100542,35789264.152277455,-39418758.25139438,14974762.740704872,87742.30140265806,-1091.7138871178809,-2874.140685893258,3.603244025255721
2022-10-23 04:00:00.000000Z,4.207842604954752e-05,42166946.6080976,0.1368307718948445,98.58167802601514,164.34914234889573,286.3471094263853,0.0126949449057012,98.00982148501,35788310.148133256,-41614702.26903513,-6798211.614510609,100692.16411707278,495.81996024624266,-3034.353085156617,-0.0895204470161228
2022-10-23 06:00:00.000000Z,3.207363440414297e-05,42166165.358211495,0.1368493478426238,98.55671863123943,190.1653008075888,290.6362598581409,0.0194734439451134,98.00803744102971,35787551.6831754,-32602220.956818394,-26740101.109859485,86505.6991698073,1949.8928379362217,-2377.226282817054,-3.760620058624565
2022-10-23 08:00:00.000000Z,4.252645839116009e-05,42164720.87811269,0.1369096086256759,98.53235893449695,247.9302384609688,262.9766041249158,0.0209683068362773,98.00682753822235,35786803.058469966,-14808316.216614718,-39479026.59297311,48989.72910769629,2878.8085952318665,-1079.6910247167507,-6.420076405431537
2022-10-23 10:00:00.000000Z,7.134421008020035e-05,42164040.66131774,0.1369743299503337,98.52488428526296,264.31401145748873,276.6821956520741,0.016775125555769,98.00658474487196,35785553.41557615,6974321.808213864,-41582876.54252136,-1752.5074649980545,3032.29106784461,508.8001249531797,-7.349390721464423
2022-10-23 12:00:00.000000Z,0.0001032608754649,42164660.99023001,0.1369897989651691,98.52551870090672,262.4721022331673,308.60754047923183,0.0080408453426491,98.00852017030688,35783806.921642415,26877899.36555917,-32483924.222023483,-52038.91818523037,2368.8630008909,1960.3804297841004,-6.296060915513051
2022-10-23 14:00:00.000000Z,0.0001372651190329,42165948.66088247,0.136955714793589,98.50886957081164,259.97338582997475,341.2097699672352,-0.0028507134375052,98.01324820918695,35782332.13606955,39539696.89513364,-14632488.87782853,-88297.50960573695,1067.095046180382,2883.90164516237,-3.542613695755164
2022-10-23 16:00:00.000000Z,0.0001566022512337,42166754.383134045,0.1369313146531174,98.46330384940458,259.9503047836829,11.366976998002457,-0.0129311582852417,98.01967317492264,35782143.46169197,41547383.50020362,7161984.7683789125,-100732.22642502964,-522.2801648229888,3030.360001443857,0.1687193006968725
2022-10-23 18:00:00.000000Z,0.000149008976865,42166354.45009638,0.1369723419224458,98.40586326969604,257.7067987675368,43.75559549063146,-0.019459413292567,98.02521170127382,35783678.69694562,32359952.15274265,27026742.454827312,-85974.46369954909,-1970.8458648405808,2360.2610059445446,3.836091044433079
2022-10-23 20:00:00.000000Z,0.00012678490013,42165063.05418749,0.1370692986233342,98.36668172332082,247.9357155667176,83.65008354133863,-0.0206708559112408,98.02730290571208,35786334.13053776,14453897.533469137,39609660.0304688,-47998.40123202882,-2888.231715075776,1054.3602569308412,6.468999604360081
2022-10-23 22:00:00.000000Z,0.0001084864281311,42164057.07562488,0.1371500656195421,98.35731087692288,233.10690578580835,128.56823313384356,-0.016256772096042,98.02513910575858,35788771.558981605,-7345720.818968881,41522145.34703641,2950.6048927225224,-3027.48223969023,-535.3303341627784,7.356254214072941
2022-10-24 00:00:00.000000Z,8.550121169183619e-05,42164403.498089686,0.137147382197365,98.35501618770886,219.11299655900936,172.6416808824695,-0.0074440287374225,98.02024827168556,35789841.9114605,-27166785.462940685,32250602.958837416,53121.07865823747,-2351.34657668218,-1980.6588030147263,6.257536769048833
2022-10-24 02:00:00.000000Z,5.668772521671626e-05,42165933.86591198,0.1370742885147502,98.31953954357937,194.6761930447643,227.1911628117205,0.0033428745217387,98.01531419903566,35789421.12589042,-39671271.22192699,14292840.28753889,88963.16899117091,-1041.9792501303014,-2892.521071487377,3.467890881776056
2022-10-24 04:00:00.000000Z,4.796725900721262e-05,42167136.59417515,0.1370307444348371,98.2347169040012,164.0163484988548,288.0147500583585,0.0131456620337319,98.01209919013156,35788373.981620565,-41491370.88698404,-7514694.462247026,100783.56144591786,548.0776029140085,-3025.353025561673,-0.2609509550590994
2022-10-24 06:00:00.000000Z,3.582847569703867e-05,42166719.59340377,0.1371046411466355,98.13484008457644,170.4196599754925,311.7917685646235,0.0192868631049512,98.01041918247871,35787575.75075936,-32136318.60420298,-27298297.93535908,85369.65082347598,1990.597005682992,-2343.271785208024,-3.9219837410392775
2022-10-24 08:00:00.000000Z,2.802727994793665e-05,42165172.34048136,0.1372603479840344,98.07300358942004,242.152233807932,270.2019961439248,0.0201099932009327,98.00925200588944,35787031.14365029,-14125434.192584308,-39728721.55518789,46870.2684080902,2896.9833448935365,-1029.930446431848,-6.524877562713414
2022-10-24 10:00:00.000000Z,5.689464635734026e-05,42164098.99789307,0.1373709578821393,98.06039121052572,276.2475239273299,266.20073392260434,0.0154296486410071,98.00853460870177,35786120.81811421,7690078.774074198,-41457053.76678724,-4318.358492249854,3023.040579358812,560.9373929330449,-7.364954369647509
2022-10-24 12:00:00.000000Z,8.923295345736469e-05,42164437.70627701,0.1373571797011233,98.05600136154077,275.0492970130357,297.48640484654226,0.0065675084738066,98.00945400078784,35784563.92484,27433698.217335653,-32016911.09578357,-54362.29133796546,2334.713915876868,2000.831267296452,-6.214077655061504
2022-10-24 14:00:00.000000Z,0.0001254251139655,42165760.3826178,0.1372649782411491,98.01076616600398,270.4302756070273,332.2364238809378,-0.0040221785814278,98.01308067946566,35782943.436699644,39786077.77050628,-13950507.801807037,-89728.99165962248,1017.2808348104408,2901.793407508868,-3.3821619524965345
2022-10-24 16:00:00.000000Z,0.0001516093676805,42166850.26670928,0.1372180666458159,97.914425244945,269.5140366691875,3.3369519056660217,-0.0134286621934397,98.01889396953432,35782331.214337304,41418332.085753486,7875066.819181028,-100845.33227051071,-574.3522073563129,3020.912947106757,0.3662300239574551
2022-10-24 18:00:00.000000Z,0.0001505604070353,42166752.93579961,0.1373037298165381,97.8046914329151,268.0758323370188,34.97272284710671,-0.0190813637430442,98.0245937271476,35783413.386865765,31890368.578041524,27578860.573287264,-84689.20004737985,-2011.1894779396237,2326.0243357667664,4.018038078735736
2022-10-24 20:00:00.000000Z,0.0001292436975267,42165541.17426537,0.1374906716639231,97.7334215563187,259.7567490352635,73.44803789506925,-0.0194527370320759,98.02742346278824,35785851.01274954,13770184.53998245,39851998.97391489,-45611.948986479685,-2905.994520060415,1004.52782312051,6.585630548184836
2022-10-24 22:00:00.000000Z,0.000110008335411,42164290.54430696,0.1376482712702998,97.71745551762665,244.27358438986,119.02791631572336,-0.0144743742899438,98.02603811939332,35788403.884182744,-8059442.342295902,41389159.51210761,5833.9686434304285,-3017.8580102953,-587.3476341387014,7.373981371599591
2022-10-25 00:00:00.000000Z,9.079514562532392e-05,42164227.11556975,0.1376588988858998,97.71546019627428,229.0444677898343,164.3365970632467,-0.0055526583538622,98.02147205421622,35789776.23106339,-27718148.71134106,31777885.880228303,55742.6655878926,-2316.911939214438,-2020.8290615457129,6.168066519980062
2022-10-25 02:00:00.000000Z,6.30140990219363e-05,42165573.94341127,0.1375428114745804,97.65539130550404,206.6156499907827,216.9024970909032,0.0048186530942666,98.0163497150974,35789561.596313216,-39911632.56823736,13607651.571123246,90605.48391430402,-992.0210764097412,-2910.0086971446085,3.2907985462988822
2022-10-25 04:00:00.000000Z,5.280475467075039e-05,42167086.845066905,0.1374770904045605,97.5051188645768,171.42217297904327,282.3248815798695,0.0137473890309632,98.01285019409222,35788474.451083094,-41355959.66850166,-8227850.7684425935,100959.36098394424,600.0918158927943,-3015.457417439301,-0.4824962977235461
2022-10-25 06:00:00.000000Z,4.586710421680629e-05,42167170.70922309,0.1376261163573644,97.3248692499762,164.01182801177202,319.9959582286227,0.0187548703636596,98.0111995025885,35787552.166709274,-31661603.51078384,-27847462.300690304,83959.80219758989,2030.6592038614372,-2308.664618110168,-4.130882439017057
2022-10-25 08:00:00.000000Z,2.218799234725576e-05,42165749.1946098,0.1379288367349753,97.21286710190752,209.6249910948422,304.5759762852806,0.0184813297441261,98.01024633284364,35787081.24624381,-13439286.41973004,-39966101.3676986,44176.48179639858,2914.294478533109,-979.9295612318152,-6.6639257963117
2022-10-25 10:00:00.000000Z,4.0885451275219246e-05,42164362.33415352,0.1159759833213401,97.50088796717708,282.58202148622024,261.4122222962116,0.0153536795798985,98.00940962692351,35786482.68848088,8402756.457183983,-41318867.38432035,-5945.021530947561,3012.931184498759,612.8484758873682,-6.208421805070021
2022-10-25 12:00:00.000000Z,7.357059346462594e-05,42164308.2043142,0.1159890457747884,97.49804079675717,286.4511908841996,287.628219685279,0.0171183219355104,98.00959632742232,35785231.575240724,27980907.00286006,-31540707.113705344,-47827.98144787342,2299.927371908341,2040.6451225836604,-5.155219078837831
2022-10-25 14:00:00.000000Z,0.0001100260432103,42165510.90927992,0.1158692917871837,97.42361662099206,280.65575727201167,323.5827456186965,0.0143207370826456,98.01213155191692,35783640.412693895,40020627.43554142,-13264952.224937877,-76789.45825271217,967.2267648173528,2918.796548905632,-2.702283996954075
2022-10-25 16:00:00.000000Z,0.0001415436867188,42166805.931982495,0.115811634699269,97.25881316556423,278.8780685012963,355.61231830040055,0.0078048317792437,98.01707812657688,35782717.97444514,41277428.88413185,8585123.122052908,-84957.85694258256,-626.1880328713871,3010.564820668301,0.4866877393986946
2022-10-25 18:00:00.000000Z,0.0001480459980372,42167057.10730692,0.1159493171429683,97.06962360434262,278.2931601079849,26.474075519838586,-0.0006179911054935,98.02260258443464,35783331.88933671,31412207.855254557,28122193.08601881,-70089.92265523974,-2050.88173010389,2291.1273967373577,3.5481700566847003
2022-10-25 20:00:00.000000Z,0.0001297165518887,42166066.20021146,0.1162440009973387,96.945241984345,272.1179137636077,62.85920841787657,-0.008664667511795,98.02597272033428,35785433.50778681,13083546.870836206,40082242.5768677,-36183.03118045233,-2922.8768448903925,954.4567003015044,5.652389378721757
2022-10-25 22:00:00.000000Z,0.0001088099836891,42164709.58034839,0.1165164183089677,96.9183130445476,257.23709789331326,107.84852392446184,-0.0142007775945708,98.02540948563504,35787978.34049246,-8769653.174661761,41244083.31162209,7601.141233752647,-3007.36789795304,-639.1266545508478,6.227804975146013
2022-10-26 00:00:00.000000Z,9.238263917895022e-05,42164243.45097998,0.1165968227151839,96.92741945369704,240.57814918396951,154.57645089048964,-0.0158158667256136,98.02136104345767,35789624.410722345,-28260519.8304832,31296336.525777712,49408.81186966658,-2281.854456551771,-2060.3530952257597,5.115381567099131
2022-10-26 02:00:00.000000Z,6.849664587848563e-05,42165222.78227369,0.1164914127118941,96.85568589321625,220.00750735278933,205.29576606139116,-0.0131957211304108,98.01616766652788,35789696.98830837,-40139911.84137184,12919273.717301564,77891.94096673056,-941.8474562887716,-2926.6097079011734,2.6115138520722603
2022-10-26 04:00:00.000000Z,5.646115094988108e-05,42166821.779360406,0.1164273827653638,96.63630994457463,184.73324329410528,270.86765718956167,-0.0071867886259697,98.01228496953532,35788648.59329071,-41208604.57037362,-8937642.009572016,85275.51563578553,651.8525839435226,-3004.670396601272,-0.6101116194714457
2022-10-26 06:00:00.000000Z,5.638349932974988e-05,42167422.29674668,0.1166541169607017,96.34835803850632,168.89866699997245,317.07052958196704,0.0004723045215935,98.01049468255536,35787544.41220652,-31178282.722905155,-28387577.35092768,69480.58194294063,2070.0705838239346,-2273.4072046927085,-3.677016227085087
2022-10-26 08:00:00.000000Z,3.4040910973993925e-05,42166369.42702359,0.1171291227595274,96.15721147390198,185.10609257038595,331.1357084140045,0.0076736794236522,98.00981797823022,35786975.35823539,-12750117.85708455,-40191168.04485688,34727.09145618534,2930.741641915653,-929.69108870893,-5.752880933045851
2022-10-26 10:00:00.000000Z,2.6058013052520192e-05,42164813.78625885,0.1175307307569026,96.12128602093584,270.80965466432355,275.5496223690515,0.0125371189264417,98.00923457348485,35786570.50303007,9112137.877756825,-41168330.18532741,-9580.11382614673,3001.964970924555,664.5336597979857,-6.268182293519116
2022-10-26 12:00:00.000000Z,5.6657289003284266e-05,42164323.1591235,0.1176356455811423,96.13420500528368,293.9978564353506,282.4305301130478,0.0138890182090614,98.0091296577086,35785671.8034204,28519346.567708477,-31055289.429332957,-51405.41807447977,2264.509901619478,2079.83173833174,-5.079017987907902
2022-10-26 14:00:00.000000Z,9.21109833387014e-05,42165240.699401416,0.1175312263230347,96.061313245067,290.02083220935253,316.5642525925546,0.0115213797684987,98.01080279592148,35784283.26652865,40243197.79701466,-12575707.327849235,-79365.81946996828,916.9338559267098,2934.925102995232,-2.5061143606649656
2022-10-26 16:00:00.000000Z,0.0001267279581073,42166604.304908976,0.1174813476657337,95.86919889353848,288.0223542656603,348.8409684680403,0.0062035553121867,98.01479251670858,35783224.621021174,41124509.34175273,9292350.531006243,-85829.63612062969,-677.7922298413171,2999.32274553404,0.7536083460143567
2022-10-26 18:00:00.000000Z,0.0001407240744268,42167188.74824691,0.1176754429675613,95.63878026763942,288.3638162968627,18.81711385337663,-0.0005462352330927,98.0198469190763,35783434.87423432,30925277.41680406,28656946.799387947,-68990.84591125007,-2089.9243270322936,2255.566065497992,3.816395186300572
2022-10-26 20:00:00.000000Z,0.000127748056564,42166532.26418088,0.1180820235872215,95.48468074619348,284.7054280590635,52.71537757558036,-0.0068782478572139,98.0234884478806,35785131.705862,12393808.08164462,40300541.38594198,-33364.23446944215,-2938.8724502735136,904.136550496956,5.850961794920142
2022-10-26 22:00:00.000000Z,0.0001059256328385,42165240.50155254,0.1184873271052209,95.45534320425683,271.9455476868048,95.58692615743212,-0.0111128912564237,98.02368509407658,35787537.861727744,-9476465.031966085,41086988.40649232,11430.659235524752,-2996.001194229016,-690.6786399728444,6.303448728174071
2022-10-27 00:00:00.000000Z,9.031478493338572e-05,42164467.5880834,0.1186757989348774,95.48723461772109,254.33590086451957,143.2434317513491,-0.0121925776582091,98.02030165681148,35789381.43913225,-28793933.81164621,30805943.414509792,53265.6143052859,-2246.164103669591,-2099.243039741547,5.046915259066292
2022-10-27 02:00:00.000000Z,7.176010300861817e-05,42164977.14996574,0.1186271990980053,95.44494783783078,234.7408718545773,192.9577868065078,-0.0099602116705321,98.01520722401304,35789788.85335735,-40356078.854822814,12227605.877839992,80775.48776891654,-891.4504602417206,-2942.33611591854,2.415423416773299
2022-10-27 04:00:00.000000Z,5.9055141922233286e-05,42166403.69941924,0.1185871461390122,95.23460524946748,202.5173233991756,255.46951912686555,-0.0051846677261223,98.01091457124764,35788891.32624702,-41049232.81119524,-9644236.292486826,86427.99756324307,703.3629454653546,-2992.997424505605,-0.8845366758682326
2022-10-27 06:00:00.000000Z,6.355411129902973e-05,42167386.4807852,0.1188751213542002,94.92076761794333,181.02569960910628,307.3549693066143,0.0006844022832513,98.00876918962535,35787623.333843656,-30686295.74663652,-28918815.5846736,68578.8632428926,2108.824250246534,-2237.4957512636006,-3.960983410515511
2022-10-27 08:00:00.000000Z,5.159328747821227e-05,42166874.42202124,0.1195075220048293,94.69471612261188,186.1425245285986,332.5458199329791,0.0059704376744791,98.00825904689128,35786806.87905339,-12057946.683416344,-40404051.68301913,31963.729462500232,2946.3114532913296,-879.2082045379914,-5.974711516943115
2022-10-27 10:00:00.000000Z,2.7422938773148013e-05,42165417.75509402,0.1201148428077153,94.65687326245283,229.62717595571408,319.1810563237247,0.0092758653238576,98.00816990364164,35786405.67882679,9818131.376033112,-41005521.24214346,-13535.528927577932,2990.141888421234,716.0015307245003,-6.369713157361774
2022-10-27 12:00:00.000000Z,4.106459358667887e-05,42164552.18379691,0.1203682135355539,94.70150910535548,288.3044497032674,290.54137671438656,0.009850525535505,98.0082659295198,35785807.57738082,29048943.93981584,-30560660.84764548,-55559.04882404287,2228.465621918133,2118.404371103397,-5.030638783212766
2022-10-27 14:00:00.000000Z,7.343872502959165e-05,42165049.52308808,0.1203227765527143,94.65970477568186,294.7056173637498,314.2653741223901,0.0077290260678318,98.00949276877824,35784751.070482075,40453733.19009612,-11882666.830860212,-82646.1285578019,866.4014666948182,2950.1948784721358,-2.3167643564536315
2022-10-27 16:00:00.000000Z,0.0001083707883687,42166305.17688576,0.1202930370903007,94.47435167380064,294.8244749387327,344.4171329049661,0.0036561571486069,98.0126220417271,35783766.51042115,40959485.79050077,9996949.426157326,-87370.26587191943,-729.1723492413946,2987.195396340089,1.0369714565637205
2022-10-27 18:00:00.000000Z,0.0001283461687811,42167136.43094476,0.1205306100475388,94.2307973372517,296.64350767188586,12.928146465938449,-0.0011493893704413,98.01697989111076,35783724.59213139,30429434.504575484,29183341.38651191,-68367.8533537138,-2128.323268563945,2219.337279657949,4.120633883919056
2022-10-27 20:00:00.000000Z,0.0001223959337142,42166870.50069776,0.1210278242179474,94.06332226768956,295.69087516071306,44.13394842016632,-0.0053358010271293,98.02054012254334,35785029.03511859,11700812.329558494,40507068.73358003,-30716.947370266505,-2953.978612297072,853.5592976208225,6.096355118753106
2022-10-27 22:00:00.000000Z,0.0001020453469689,42165809.2546621,0.1215551493795968,94.03807725904151,286.3203192941687,83.61260301011895,-0.0077843527136931,98.02125972204144,35787193.13072399,-10179990.799559357,40917998.658503786,15430.59656904058,-2983.750018230267,-742.0084237144554,6.425286836998029
2022-10-28 00:00:00.000000Z,8.581533751713675e-05,42164893.90740631,0.1218617271907759,94.09945256992371,269.1544467128615,130.79651168702074,-0.0079081142389509,98.01853700165503,35789120.89666481,-29318453.973693565,30306807.46174822,57589.569456128585,-2209.8360230353264,-2137.5013467656213,5.01305706829812
2022-10-28 02:00:00.000000Z,8.348803947717925e-05,42164348.49684435,0.1218933050493655,94.10830496810168,236.7408186410745,193.2785439959817,-0.005803693157178,98.013659413513,35789637.587134615,-40559975.04773981,11532672.267914128,84309.55195060465,-840.7742672841787,-2957.2034231495622,2.234822949842749
2022-10-28 04:00:00.000000Z,7.92132299478799e-05,42165390.55809051,0.121881680087465,93.95180555127016,212.99278761325365,247.26093406421884,-0.0022123737877991,98.00938490816306,35788544.38180205,-40877201.488788985,-10347735.323789723,88265.87943732948,754.7068646159174,-2980.452719040066,-1.1646798876452404
2022-10-28 06:00:00.000000Z,8.768988105145614e-05,42166506.25119501,0.1221858887427564,93.66578722502318,194.95536565249415,295.66483096785106,0.0017090909962172,98.007707573561,35786767.54583012,-30184246.22828522,-29441226.14059348,68251.93074960195,2147.042716531928,-2200.890363251759,-4.269220309644826
2022-10-28 08:00:00.000000Z,8.757370547095449e-05,42166560.62685913,0.122907464612967,93.43792650980691,193.97732934969468,326.953811646656,0.0047587149431607,98.00865730162518,35785328.209467664,-11360482.634578886,-40604142.14842059,29549.244831463653,2961.1169908805537,-828.3320333870515,-6.23403358619293
2022-10-28 10:00:00.000000Z,6.632437025274491e-05,42165466.879421,0.123694089738293,93.40775423320908,206.74706928028013,344.29863710110635,0.0060842486479301,98.01091624065197,35784637.62223162,10523536.902417667,-40828353.27017475,-17439.44036869426,2977.4727583368217,767.5054797139305,-6.515109339630111
2022-10-28 12:00:00.000000Z,4.746104835312975e-05,42164404.8370187,0.1241217337907691,93.49539545998496,236.65829383615667,344.3843757350531,0.0054376807090252,98.0133862508888,35784340.52814613,29571978.647967886,-30052770.14210952,-59974.36860926681,2191.631560659724,2156.6344428383813,-5.023822436615572
2022-10-28 14:00:00.000000Z,5.719370811024803e-05,42164430.69749261,0.1241666829524751,93.51146001832517,268.7978660673488,342.3135745609033,0.0031907852550881,98.01608748326584,35783996.129782416,40652697.15123228,-11180170.42743023,-86449.93767458796,815.29799960778,2964.7581723826725,-2.157051035675692
2022-10-28 16:00:00.000000Z,8.410173493814443e-05,42165394.96787783,0.1241598441391564,93.36864830404984,283.6484572284322,357.69132562804543,0.0001545498215192,98.01948384956872,35783714.6629317,40780127.81607941,10704900.102136033,-89580.99439646713,-780.7199680441055,2974.1088636846025,1.310194962874024
2022-10-28 18:00:00.000000Z,0.0001046272273112,42166321.4083126,0.1244121329122313,93.14305820245676,291.53398813589524,20.11731936387016,-0.0026948485236477,98.0232844477352,35784041.76760005,29919895.426246464,29705967.356239803,-68407.16028290916,-2166.370370215177,2182.1387795588844,4.437193251575176
2022-10-28 20:00:00.000000Z,0.0001049331476794,42166426.82621352,0.1249566148770072,92.97987916888852,293.8808533554882,48.018619230912606,-0.0045013585234004,98.02613654584094,35785329.96581932,10998411.64551463,40703710.78491341,-28568.87411987888,-2968.2707302923736,802.2992690811659,6.373810927669063
2022-10-28 22:00:00.000000Z,9.08677324620868e-05,42165719.53388137,0.1255682612694194,92.962916869102,286.6229481779002,85.37596942193957,-0.0047627634207031,98.02648505250436,35787273.30391119,-10886057.851708906,40735920.28499433,19211.15787069473,-2970.4548793559543,-793.5239497768714,6.591188188763381
2022-10-29 00:00:00.000000Z,7.990241603501739e-05,42164852.602745056,0.1259745990693503,93.052285518304,269.20611277680496,132.78287498116222,-0.0034610669603093,98.02378934798892,35789003.80661705,-29838073.95748477,29795188.528710924,62022.93726741184,-2172.5328867234034,-2175.415186384708,5.024600684879307
2022-10-29 02:00:00.000000Z,7.642950218065551e-05,42164557.30428974,0.1260847510067556,93.11772583022486,249.1367307488126,182.86426226424308,-0.0010596334164452,98.01910028852588,35789638.89385591,-40753373.18146969,10829409.475547772,88252.91283284641,-789.5476161648976,-2971.29851580612,2.090526314494898
2022-10-29 04:00:00.000000Z,7.685842383975581e-05,42165110.85306104,0.1260925941961373,93.03854016493024,227.82725219053097,234.33053016143185,0.0016317522753949,98.01456964180652,35788863.393736035,-40692460.7403234,-11053114.111491833,90716.80912050972,806.090749370718,-2966.9331219016854,-1.4253876501748275
2022-10-29 06:00:00.000000Z,8.707489671651029e-05,42166081.75602495,0.1263598748748509,92.81909232678366,209.92057361187543,282.5364279402397,0.0036950509895862,98.01220710523296,35787147.491362125,-29671264.75169453,-29958680.833749227,68607.33503951889,2184.7348472937965,-2163.4177136839744,-4.577722015811736
2022-10-29 08:00:00.000000Z,9.662103056079156e-05,42166559.51101131,0.1270713760966272,92.61933936190756,205.28802915742023,317.45135108265725,0.0043961587946502,98.01269898781742,35785420.8713571,-10657504.49959728,-40794392.26583348,27746.40626972899,2974.9886285312496,-777.0103612593755,-6.512334770790384
2022-10-29 10:00:00.000000Z,8.777056271695156e-05,42166012.28281918,0.1279561076502172,92.60201565502872,212.048130529394,340.793206381248,0.0034543423013311,98.01519765685435,35784380.31687477,11227244.47820784,-40640206.81504905,-20927.155005443616,2963.79680930662,818.8726675775952,-6.695123926143451
2022-10-29 12:00:00.000000Z,6.775098056796266e-05,42165017.39797192,0.1285389779601978,92.73160901882927,227.82041400575488,354.9766082833563,0.0011730354144651,98.01834162024538,35784034.647795774,30086879.482588552,-29536829.066404626,-64263.20585368807,2154.0666472559237,2194.217862162096,-5.06160922436497
2022-10-29 14:00:00.000000Z,5.949609401059973e-05,42164632.60788653,0.1286856324578216,92.8193264073068,252.613277636342,0.1812698437958761,-0.0016600022487434,98.02144945272757,35783986.98951228,40839959.63722432,-10475409.9440836,-90457.9392779406,763.9552536009027,2978.409654051998,-2.042793807664257
2022-10-29 16:00:00.000000Z,7.08329062491474e-05,42165164.81264471,0.1286957160789499,92.74541864761966,275.5352913886046,7.418425212582417,-0.004063633010637,98.0245765517946,35784066.12749776,40589273.61841392,11408493.40058476,-92293.08576334231,-831.9795335626237,2960.143131525232,1.5481461848960731
2022-10-29 18:00:00.000000Z,8.626234688350188e-05,42165997.02161379,0.1289255090115867,92.56353998965142,290.09735728078954,23.12343382745713,-0.0052024669494261,98.02763854652574,35784514.85578994,29402516.968169823,30218809.169798344,-69136.05077206415,-2203.719268437745,2144.3469820592904,4.737982518824856
2022-10-29 20:00:00.000000Z,8.960515356753737e-05,42166376.93766421,0.1294610595825507,92.41895667738984,297.5099018453127,45.93981379112704,-0.0046497434022337,98.02984584236246,35785612.2645567,10294049.463497195,40887816.78190932,-27138.25066776932,-2981.668697661538,750.8831627266013,6.659544630729229
2022-10-29 22:00:00.000000Z,7.93707055861478e-05,42166077.982747056,0.1301016953936382,92.41049281755372,295.6988262961668,77.8417188146011,-0.0025105954483175,98.03007707165531,35787235.85941599,-11587685.655353883,40541875.967903055,22417.09152265696,-2956.316513871234,-844.7305135239042,6.7876623254116
2022-10-30 00:00:00.000000Z,6.77691920677043e-05,42165433.7747528,0.1305685002167398,92.5182644079662,281.823329240835,121.6892662415407,0.0006119782795767,98.02776420876243,35788797.72342565,-30348051.35144151,29275276.017464783,66160.72063949612,-2134.660648100848,-2212.640146014064,5.081429593064421
2022-10-30 02:00:00.000000Z,6.539829369110692e-05,42164971.955771975,0.1307377720652378,92.62937788394382,260.9918350482247,172.48751516369006,0.0037892331450244,98.02349756256002,35789568.80056604,-40934324.5257633,10123634.659956444,92246.22726217008,-738.1332739811102,-2984.5073897986795,1.9949190578027027
2022-10-30 04:00:00.000000Z,7.081005360543146e-05,42165054.813914254,0.1307528278878095,92.62606691203511,241.1248590038749,222.43534645925965,0.0060265446768379,98.01890746694754,35789121.28879716,-40495662.72024213,-11754583.00287634,93545.98398069196,857.180802224011,-2952.5559522429294,-1.6453779268152298
2022-10-30 06:00:00.000000Z,8.313599953749324e-05,42165662.77110063,0.1309448220333273,92.4870849726174,225.17568316984347,268.6026312609823,0.0065444158687406,98.01590062029396,35787610.96580345,-29149898.25991725,-30466849.06169373,69578.5932546634,2221.722295505353,-2125.344246708392,-4.862011666919562
2022-10-30 08:00:00.000000Z,9.870401052739724e-05,42166310.11870348,0.1315539766971932,92.3328389751418,218.11633041136972,305.8981212158966,0.0050176118611589,98.01565792231771,35785732.48754678,-9952167.74554276,-40972497.31834639,26661.05334642097,2987.9306647741,-725.5160131671513,-6.786958144947128
2022-10-30 10:00:00.000000Z,0.0001031741278676,42166337.97437546,0.132425418424022,92.32739588476628,220.5234162964244,333.5809466240622,0.0017208507272576,98.01799160106091,35784304.75727437,11926595.589483151,-40440416.02971206,-23747.05580851049,2949.231551230462,869.9318643520747,-6.892480089278642
2022-10-30 12:00:00.000000Z,9.091762531297788e-05,42165680.31227179,0.133100594140947,92.4840535524562,229.16354246028587,354.8699484587132,-0.0024762897176506,98.02164214491316,35783725.062253706,30591940.626316484,-29012947.912448324,-68078.62099419512,2115.902916557004,2231.106609397826,-5.135361451413331
2022-10-30 14:00:00.000000Z,7.49691482504491e-05,42165064.59727573,0.1333358799903466,92.63740711368746,242.95133845832623,11.01463223076023,-0.0063226855931863,98.02534049536456,35783824.74196785,41014605.71413381,-9768533.334338626,-94300.15544351695,712.4551097285057,2991.1752362214784,-1.9765450448773485
2022-10-30 16:00:00.000000Z,6.895273178583335e-05,42165108.40905507,0.1333536784233186,92.6418055017282,261.984549381739,22.062323708468337,-0.0085787647979928,98.0285070337374,35784276.87375948,40386391.02492906,12107828.093962988,-95196.90350590834,-882.9222912728651,2945.3315187850326,1.7368197387935296
2022-10-30 18:00:00.000000Z,7.174173159819502e-05,42165659.62051255,0.1335283011686804,92.51835873030836,281.1984103411283,33.05650608716561,-0.0084346126697337,98.03096985788972,35784987.17262298,28876895.76099549,30722125.218908075,-70378.96975204856,-2240.355681540452,2105.9722240471647,5.000479914790349
2022-10-30 20:00:00.000000Z,7.249767362373085e-05,42166156.2972125,0.134000667684373,92.4014288643049,294.9719189648437,49.483481625673065,-0.0057839083295324,98.03239017959484,35786033.17020989,9587473.297260271,41059674.90770241,-26426.732771011462,-2994.142985835506,699.3137164399386,6.927894023114081
2022-10-30 22:00:00.000000Z,6.504650794900686e-05,42166240.71736927,0.1346103826582604,92.39906278761104,300.1615234254193,74.37818722155465,-0.0012705470253147,98.03219947821302,35787364.96191441,-12284874.02895288,40336222.02535039,24869.936092376287,-2941.2982113150265,-895.6101705854387,6.992303531530375
2022-10-31 00:00:00.000000Z,5.398884884412918e-05,42165941.53434947,0.1350882500324669,92.5114681850522,292.54856651018895,111.95871512223468,0.0038888423905346,98.03004071061112,35788655.696012035,-30848167.031525057,28747593.63976901,69692.02257524547,-2096.19734727799,-2249.152237441924,5.169909535449144
2022-10-31 02:00:00.000000Z,5.079837991495037e-05,42165507.23007856,0.1352881837138042,92.64734525963306,271.85227482094825,162.5974457652663,0.008244013970298,98.02622184217064,35789414.11723988,-41102697.21005457,9416020.823428152,95922.3599639173,-686.5707729948763,-2996.8208510236045,1.9462581524174687
2022-10-31 04:00:00.000000Z,6.0057713813917945e-05,42165235.83084183,0.1353020534639233,92.70011701942812,251.8880103837512,212.58667444851807,0.0105127296785814,98.02182364593706,35789232.487061225,-40286941.89803308,-12451508.577701272,96415.98275766862,907.9453760034868,-2937.340789630173,-1.8149405795290603
2022-10-31 06:00:00.000000Z,7.584708065244435e-05,42165376.56608556,0.1354083308857037,92.63333817471522,238.90108475446468,255.7190913281512,0.0099360495024757,98.0184023391362,35788028.23891367,-28620441.45776637,-30965315.92869603,70930.24668437426,2257.9929440666315,-2086.708488410215,-5.104160048690415
2022-10-31 08:00:00.000000Z,9.476846826743688e-05,42165917.24796444,0.1358611019489443,92.52819822181664,231.29789527173023,293.5085084977853,0.0064996152237241,98.01735610948144,35786185.98459759,-9244792.803697744,-41138342.84628652,26203.13729990211,2999.94630420385,-673.8920075740973,-7.03614522378485
2022-10-31 10:00:00.000000Z,0.000109980992527,42166388.37408724,0.136616012747365,92.53011244783497,230.0584857990237,324.8299354183748,0.0009763042494606,98.01915296655862,35784460.29824764,12621319.464278253,-40229171.48907943,-25830.535165183523,2933.7869218882006,920.641807572522,-7.085418282886256
2022-10-31 12:00:00.000000Z,0.000109897909364,42166256.54141387,0.1372933122504938,92.69035923131942,234.1533174431773,350.6607995595738,-0.0052186609035164,98.0229600946084,35783546.96856323,31086994.07309214,-28481596.23818736,-71205.85994052081,2077.1603071221502,2267.2659787184007,-5.226867727762924
2022-10-31 14:00:00.000000Z,9.526821961581288e-05,42165669.06476688,0.1375818044331503,92.88458349951,241.1620697986745,13.544200994517958,-0.0103607959958744,98.02720306797134,35783626.71221856,41176663.03510514,-9060198.889350489,-97655.74719524776,660.8315800700874,3003.0397335452844,-1.947709792744384
2022-10-31 16:00:00.000000Z,7.842918854052898e-05,42165280.68038239,0.1375998668535068,92.95713646756124,251.13143219609404,33.58781927355979,-0.0129013553572474,98.0306026509228,35784388.75192306,40171776.11781088,12802241.612995291,-97933.20868789834,-933.510475893362,2929.6886639678773,1.8759380602080469
2022-10-31 18:00:00.000000Z,6.636610701110508e-05,42165408.75708603,0.1377024150833048,92.89397792920464,265.6973374435087,49.16922653575044,-0.0119610249473088,98.03262313224012,35785442.012022555,28343561.929638293,31215456.651193514,-71820.76932770525,-2276.25475244285,2067.054550397147,5.212875927202264
2022-10-31 20:00:00.000000Z,5.758542304301732e-05,42165834.82562916,0.1380735305672431,92.80837699849576,282.7255287275018,62.309328435844016,-0.0076361013984971,98.0331813994282,35786569.36604418,8879315.847783504,41219164.52936451,-26238.88832608257,-3005.690539563487,647.6422825265795,7.158072687344016
2022-10-31 22:00:00.000000Z,4.836694654646341e-05,42166205.44012359,0.1386006754411821,92.80929772817257,296.4099479106113,78.70523216342444,-0.0010027884136494,98.0322900298364,35787668.90542144,-12977048.197649617,40119206.12737884,26597.704585021325,-2925.418648712148,-946.1139559683144,7.180381196161453
2022-11-01 00:00:00.000000Z,3.78464980340174e-05,42166302.51936626,0.1390401688972085,92.91288356748596,298.780529310922,106.31091801324058,0.0061723130461918,98.03000763231069,35788613.65693896,-31338047.377887573,28212699.187334392,72471.02762363288,-2057.179180118979,-2284.9161220906467,5.267509179295081
2022-11-01 02:00:00.000000Z,3.312799543976642e-05,42166064.58008512,0.1392397760880075,93.04984423364417,280.0354388825779,154.9977582699637,0.0119199796773523,98.0265832712809,35789193.55032231,-41258416.28940749,8707298.679846205,98998.24342645018,-634.9046971985049,-3008.227812547917,1.9297158403431505
2022-11-01 04:00:00.000000Z,4.445471942621989e-05,42165610.24369322,0.139249464795883,93.13042986274966,258.10387009347045,206.92691122354788,0.0146117719195181,98.0226192382092,35789144.46860632,-40066525.81451274,-13143186.042989325,98975.4012385234,958.3482112095668,-2921.3057644139217,-1.9379455283650184
2022-11-01 06:00:00.000000Z,6.452135287050273e-05,42165295.35728937,0.1392856046068724,93.11446738944404,249.1218770976623,246.00353535125572,0.0134085661152846,98.01915453889175,35788264.61080799,-28083302.06432389,-31453590.24210754,72323.93094588684,2293.5346649186054,-2047.5490222515648,-5.296904157990515
2022-11-01 08:00:00.000000Z,8.614345103664334e-05,42165514.84481278,0.139576888642704,93.05165906760514,243.4368905881449,281.83180098535587,0.0084964923860126,98.01749140002286,35786632.784704655,-8535782.1584742,-41291737.08718162,26119.413043458724,3011.047402984588,-622.1802552938732,-7.24406463913707
2022-11-01 10:00:00.000000Z,0.0001082184285442,42166190.58936144,0.1401514444503085,93.05645217179632,239.66103773292608,315.68607544423907,0.0010584228852248,98.01857100918804,35784788.30336157,13311142.94670208,-40006561.9430296,-27296.286042268403,2917.484573741704,970.9670270249308,-7.252973141053264
2022-11-01 12:00:00.000000Z,0.0001210272284492,42166628.34745637,0.1407403158956446,93.19697964570256,240.1428230942383,345.1494894065351,-0.0069990654726522,98.02216207379716,35783558.45874011,31571931.095907703,-27943090.61676958,-73604.25919343739,2037.8628002599564,2302.668550736627,-5.313431291809708
2022-11-01 14:00:00.000000Z,0.0001141340526594,42166335.37658052,0.1410314685138005,93.39598546063216,243.1752625776104,12.0047516439415,-0.0135050157094803,98.02673451732971,35783490.98943974,41326210.90972234,-8350874.264223587,-100326.90700413272,609.1131148859058,3013.990299176134,-1.9361456049235508
2022-11-01 16:00:00.000000Z,9.391722311878674e-05,42165681.75601378,0.1410454236790473,93.5093607000118,246.357826150609,38.794635810472734,-0.0165971784901669,98.03042376413522,35784458.13591387,39945718.73578639,13491254.441791805,-100183.39361843962,-983.7157363733148,2913.2248859999618,1.9781035190983811
2022-11-01 18:00:00.000000Z,7.224878213474723e-05,42165327.57053089,0.1410805740556093,93.49546245670368,250.74355476178312,64.50665263201203,-0.0152769892778682,98.0321378605947,35785879.20576176,27802973.51617664,31698479.20292136,-73091.39909992473,-2311.3999610185724,2027.6253232100448,5.3764301596526165
2022-11-01 20:00:00.000000Z,5.250462083637088e-05,42165503.2582566,0.1413376231258165,93.43977170432584,259.6173208625326,85.77038451584674,-0.0097498160463675,98.03181120073113,35787202.86117801,8170088.245984752,41366228.4364749,-26240.2508437306,-3016.313479647926,595.9094915049357,7.339074216549388
2022-11-01 22:00:00.000000Z,3.447623039002865e-05,42166011.03728038,0.1417489150561435,93.4420340429002,274.2401866534655,101.22555561607366,-0.0014102281358514,98.02997514950782,35788156.98845483,-13663776.96546918,39891061.32863685,27817.84605450157,-2908.6973114599195,-996.2034050587658,7.33107885934603
2022-11-02 00:00:00.000000Z,1.995379712705044e-05,42166481.92433465,0.1421090072858229,93.52663659555893,288.8865025336248,116.57404678126385,0.0075272228729304,98.0272489416164,35788721.306634985,-31817451.876803204,27671070.426536158,74544.87089951751,-2017.6388871248728,-2319.903505893344,5.34876624095648
2022-11-02 02:00:00.000000Z,1.3568112905316276e-05,42166556.59293046,0.1422794356536114,93.6436168568266,272.9196509861854,162.5028634484787,0.0146353596504412,98.02405953134384,35788965.24333232,-41401507.26738686,7998089.623099013,101340.27667292905,-583.1746967396666,-3018.718025034313,1.9216285133917723
2022-11-02 04:00:00.000000Z,2.595304895282461e-05,42166100.81322882,0.1422850566383205,93.72331548583055,250.774182498858,214.6473935489769,0.0179427561667498,98.02068640802628,35788864.08194583,-39834713.85020434,-13829004.3999004,100944.77850293068,1008.3556225416758,-2904.464309931692,-2.0304249978815228
2022-11-02 06:00:00.000000Z,4.910282685229552e-05,42165432.47898241,0.1422824199831458,93.7318832880069,252.40639267612465,243.08565347841272,0.0164764161059651,98.01759145779155,35788232.60200544,-27538950.142489426,-31931231.76799266,73403.62671761494,2328.335922249833,-2007.897804249594,-5.445159570037147
2022-11-02 08:00:00.000000Z,7.360640506355931e-05,42165220.9391326,0.1424468336291791,93.6987686024297,252.5043574594528,273.1010511943198,0.0105315276515174,98.01570546807292,35786915.81457291,-7825589.623194354,-41432489.02372099,26060.38278423911,3021.2490998899466,-570.4151655018036,-7.404210879900347
2022-11-02 10:00:00.000000Z,9.94812724590345e-05,42165838.27453497,0.1428290328307467,93.7036488730292,248.3607166283565,307.3223905814541,0.0016022943083562,98.01614897605492,35785157.76052747,13995779.308791071,-39772613.43391728,-28411.925596750312,2900.352701078033,1020.8824131003084,-7.379411038842634
2022-11-02 12:00:00.000000Z,0.0001230865492119,42166735.37598757,0.1432655255212032,93.80860729894482,246.0121166240032,339.65129440518524,-0.0079948187291074,98.019275263763,35783732.0398986,32046666.26887826,-27397603.840368867,-75403.97795151715,1998.0366428804325,2337.29808345899,-5.373179680047587
2022-11-02 14:00:00.000000Z,0.0001279319735748,42166930.57654236,0.1435063399030681,93.9752746734386,246.51216003196188,9.071341724680355,-0.0157026487684294,98.02389835264724,35783466.53246536,41463335.890820056,-7640819.9103818,-102275.09894988211,557.3214498849845,3024.01944179936,-1.91762958261168
2022-11-02 16:00:00.000000Z,0.0001105221511148,42166253.8803479,0.1435143905554379,94.0913294352277,245.92601818581008,39.62748646982828,-0.0193854473890421,98.02782269057003,35784527.27199845,39708445.49977528,14174599.216923948,-101741.52710076932,-1033.5215193757183,2895.946488742134,2.0646397901867357
2022-11-02 18:00:00.000000Z,8.564403804752254e-05,42165462.26942334,0.1435072894936777,94.10476078407557,242.23324098763905,73.3904809077961,-0.0179299931396765,98.02933864770245,35786292.728887066,27255440.565434262,32171021.722050644,-73858.84885654425,-2345.785680048751,1987.7039909528555,5.504003781236222
2022-11-02 20:00:00.000000Z,6.200639961327952e-05,42165252.79389072,0.143665745958036,94.07252119114924,238.24230064373884,107.49461921726368,-0.0116046053424619,98.02816330938036,35787901.61310008,7460091.117955595,41500857.511816815,-26048.864552661755,-3026.019858473649,544.1392493502245,7.471522670278182
2022-11-02 22:00:00.000000Z,3.767190625251633e-05,42165725.13103028,0.143951949694493,94.07503148228736,234.9695039599657,140.8440813515549,-0.0020302671554799,98.02520359328096,35788819.85007755,-14344856.08780877,39651942.20133373,28869.987674000447,-2891.1520330882627,-1045.8577352455814,7.43221260634368
2022-11-03 00:00:00.000000Z,1.6310242715302227e-05,42166482.64898293,0.1442072224412872,94.13496633183397,215.60838627153692,190.22390004899464,0.0082446397899579,98.02170341452388,35789022.47437565,-32286325.802160267,27122992.255879477,76127.42244386791,-1977.599707784286,-2354.09919558383,5.391687300347442
2022-11-03 02:00:00.000000Z,1.3785658706523049e-05,42166921.79866586,0.1443258448225026,94.21631666137937,168.5977873319068,267.23206299630283,0.0164393804785678,98.0184830458665,35788812.8638252,-41532096.29813603,7288760.652845932,102984.94142155806,-531.4073542354338,-3028.2846227250534,1.8958127832172311
2022-11-03 04:00:00.000000Z,1.8436167900120884e-05,42166623.172326334,0.144328750908939,94.27083473806084,193.95731105282823,271.89738361856024,0.0203050245219369,98.01571256152002,35788460.42163268,-39591820.23067875,-14508592.920083206,102177.26302511264,1057.943591345829,-2886.8230083964954,-2.1160271755799
2022-11-03 06:00:00.000000Z,3.328928971597702e-05,42165754.67003743,0.1443231075332627,94.27874361221409,238.5282839517453,257.3982490164688,0.0187439094480851,98.01332737939327,35787923.87037259,-26987828.22729537,-32397968.43243017,73879.33903452322,2362.387320255074,-1967.77469662654,-5.564265838435868
2022-11-03 08:00:00.000000Z,5.808415959698524e-05,42165108.23776138,0.1444166364912496,94.2606309046514,255.06556273167,270.9595914029611,0.0121136315775545,98.01170222797543,35786930.08040138,-7114645.022487223,-41560486.63429474,25665.91043323191,3030.564406337691,-518.6189011406947,-7.520465510984334
2022-11-03 10:00:00.000000Z,8.593071704442544e-05,42165454.4817894,0.1446397730185138,94.2641959222378,254.6482926896871,301.4555471305987,0.0021356505803118,98.01181747739584,35785426.47962882,14674953.192521818,-39527344.4899519,-29524.026722865023,2882.4185067129,1070.3749546265858,-7.457282366142886
2022-11-03 12:00:00.000000Z,0.0001169504318379,42166594.62480521,0.1449027718309379,94.32807382638246,250.98527775985093,335.13943289307787,-0.0085580109300321,98.01443013303236,35783983.09727151,32511120.247673284,-26845214.1596481,-76863.6492736274,1957.7068304397576,2371.1500171266043,-5.389548206457709
2022-11-03 14:00:00.000000Z,0.0001347248605999,42167337.424483925,0.145054469062071,94.43467889785076,250.01722872399375,6.087443885032531,-0.0171109696195786,98.0188623368032,35783551.46303956,41588105.00728331,-6930134.162056546,-103616.08505713436,505.4721032502361,3033.125786146416,-1.869616938216197
2022-11-03 16:00:00.000000Z,0.0001251068346519,42166893.31970278,0.1450574507552721,94.51373924932466,247.84809222335025,38.26369279973897,-0.0211899383337857,98.02290222770884,35784614.01549466,39460103.24670471,14852181.92112425,-102551.88854777232,-1082.9212504992154,2877.8565654514723,2.159774399957758
2022-11-03 18:00:00.000000Z,0.0001014416361628,42165811.3138528,0.1450478548176725,94.52574900956172,239.8889649591893,76.29434827370324,-0.0196211103432002,98.02430799927792,35786660.45278502,26701121.84667604,32633031.952293087,-73903.67410165565,-2379.4155132842225,1947.2985254010964,5.615880530867377
2022-11-03 20:00:00.000000Z,7.997840296122579e-05,42165155.672936335,0.1451483003228887,94.5061213026343,228.19144495073476,118.0917181030332,-0.0127447995128328,98.02239656501575,35788606.42828336,6749421.633675578,41623057.519407086,-25329.91682545782,-3034.8224414928686,492.3385391490765,7.5664242605072545
2022-11-03 22:00:00.000000Z,5.82049875306109e-05,42165427.61835931,0.1453264293361915,94.50816550532494,215.4932806733668,160.86582390456314,-0.0023589552395002,98.018246739156,35789609.253321014,-15020293.67816434,39401886.93970024,30124.64431774065,-2872.7979224750643,-1095.0749750604764,7.482428449221896
2022-11-04 00:00:00.000000Z,3.873379581473365e-05,42166339.75281959,0.1454708218969443,94.54203964585066,190.58948687503883,215.81332828939404,0.0087536509725358,98.0136953362098,35789527.18940985,-32744775.726375144,26568506.811610263,77534.37732136219,-1937.0735480076276,-2387.503187604005,5.382721404671217
2022-11-04 02:00:00.000000Z,3.170198986284666e-05,42166192.05121941,0.1455255000619879,94.57889043078843,213.4148807198872,223.0293409744788,0.0175816883540113,98.00981806620524,35789032.205171615,-41650547.06136414,6579608.485137184,104116.66346863237,-479.6671373845708,-3036.8666870951943,1.8301901292080656
2022-11-04 04:00:00.000000Z,3.30630513929063e-05,42166163.99739338,0.1455281384115178,94.59099588863378,213.2526850819027,253.258440130946,0.0217112161256123,98.00669452422804,35788428.54806152,-39338754.40138973,-15181274.911573252,102684.30789051428,1107.0253016866843,-2868.344053274472,-2.219623702879209
2022-11-04 06:00:00.000000Z,4.5826464139728446e-05,42165262.65216854,0.1455518889221858,94.57787487274736,241.0744762765852,255.52960985661304,0.0199907849457316,98.0044024459525,35787608.41040162,-26431468.361611627,-32853038.67501672,73592.54606441778,2395.6125127945816,-1927.1952894290268,-5.675563907266934
2022-11-04 08:00:00.000000Z,7.01315952322819e-05,42164263.43588136,0.1456353251708934,94.56099244518482,261.270724619478,265.4311518599076,0.0128510778415658,98.00317684143968,35786361.78026958,-6404814.797600172,-41675204.82239133,24651.998886890637,3038.9833420134305,-466.8303369819077,-7.6057324419805346
2022-11-04 10:00:00.000000Z,9.863389113957172e-05,42164215.60667138,0.1457602301789833,94.56282162565368,265.016131359048,291.7668132615044,0.0021926045684283,98.00393857321632,35784536.03755383,15346976.523383103,-39270349.5022665,-30971.43198910313,2863.731986779305,1119.463791011036,-7.488806741376885
2022-11-04 12:00:00.000000Z,0.0001327122477785,42165348.03938313,0.1458719173613347,94.58982170172617,261.25048624702646,325.5913534635613,-0.0091243271991545,98.0076976222462,35782594.06189021,32963905.121819686,-26285016.108378537,-78300.25145272081,1916.885606095734,2404.3422933173274,-5.354486479911587
2022-11-04 14:00:00.000000Z,0.0001614493451012,42166555.16146343,0.1459217795134318,94.62449699550965,259.0760089842094,357.819738284567,-0.0180450163899488,98.01414592649304,35781615.32753682,41698730.315178126,-6216885.869376661,-104576.90979193134,453.4286298332249,3041.4552226363867,-1.7755674635215266
2022-11-04 16:00:00.000000Z,0.0001622749575087,42166538.40933656,0.1459246345770885,94.63618031160644,257.23487815836774,29.73814774469705,-0.0221383822873593,98.02097544717098,35782459.7231346,39197306.810661696,15526638.633473366,-102700.13968579946,-1132.2119585824312,2858.978652624709,2.285615133290608
2022-11-04 18:00:00.000000Z,0.0001403171200014,42165385.9673349,0.1459580185866654,94.61782401058773,250.60890025714832,66.46877159175537,-0.0202591729269467,98.02513318863777,35784886.10621446,26134265.85043666,33086482.367005557,-73145.51835690206,-2412.6187136230506,1906.189816310887,5.735137149516951
2022-11-04 20:00:00.000000Z,0.0001178939978046,42164314.82454608,0.1460584919286922,94.59752043182225,239.72697754640475,107.45296430303176,-0.0128772411512982,98.0249660684142,35787668.18424497,6030449.721701434,41732340.38538731,-23850.724360506367,-3042.880765737521,440.05925207121504,7.642055226699174
2022-11-04 22:00:00.000000Z,9.610258491018474e-05,42164259.7580399,0.1461684649848081,94.59862295687408,229.95531167091352,147.30184698769563,-0.0019687316194502,98.02114972000264,35789532.59606651,-15697785.58996961,39136822.40907277,31913.209665626877,-2853.481396107264,-1144.3659568927717,7.490222208136167
2022-11-05 00:00:00.000000Z,7.004553374436583e-05,42165172.28695048,0.1462164523140213,94.6089914843764,217.89511802445557,189.42852615110243,0.0095129105893644,98.01586765171464,35789948.86457917,-33198258.11014092,26000324.31896408,79115.06863954006,-1895.609025919359,-2420.463121902192,5.31823264791432
2022-11-05 02:00:00.000000Z,5.39841232249754e-05,42166241.13887151,0.1462079675017088,94.59953035626476,197.33798834518495,240.07263850371825,0.0184404833315936,98.01125483150224,35789239.70241711,-41757912.833282255,5861172.684200387,105015.95699046255,-427.2035805866184,-3044.676557334553,1.7096725376910649
2022-11-05 04:00:00.000000Z,5.2440349409199456e-05,42166540.59087072,0.1462150543877679,94.56041469028392,189.8064631866736,277.7224614323893,0.0223688350477427,98.00830474348804,35788106.34721755,-39071052.242231786,-15856683.949707258,102608.70587393976,1156.352335792113,-2848.8559341390987,-2.363550804206944
2022-11-05 06:00:00.000000Z,5.096280343127588e-05,42165756.90138456,0.1462932133334748,94.51326866213762,210.9023514190432,286.7544294597291,0.0202082389183002,98.00688315496724,35787000.34385969,-25860630.201688603,-33303473.60135052,72516.60830455844,2428.5472817903565,-1885.6248547979176,-5.802732529660391
2022-11-05 08:00:00.000000Z,5.96591243795058e-05,42164539.50647484,0.1464194567533714,94.48729425062244,244.98443967790791,282.7802154254793,0.0125289682885035,98.0066493336613,35785845.90669577,-5684401.800331416,-41779043.89996966,22835.212555012076,3046.6311277006835,-414.3442893941782,-7.678979197969655
2022-11-05 10:00:00.000000Z,8.361423825284005e-05,42164075.16541058,0.1465149027243855,94.48795620575768,261.31406918397533,296.5333513946589,0.0014117890419858,98.00794097122434,35784363.01519341,16022861.026528152,-38999272.30286504,-33043.93501196533,2843.9969697861256,1168.7118895359936,-7.484149608910163
2022-11-05 12:00:00.000000Z,0.0001183752185905,42164984.23701821,0.1465270868862611,94.48905185736191,262.13242319192216,325.7997064335993,-0.0101145550829573,98.01160958209216,35782718.86704344,33413015.04911664,-25711899.69857525,-80041.26110637141,1875.0849306876487,2437.053994150978,-5.268412852491809
2022-11-05 14:00:00.000000Z,0.0001550497505144,42166465.639575705,0.1464908665987017,94.45744693016704,261.0744009324727,356.9775718677625,-0.0188958210882636,98.0177136519144,35781799.833504535,41800022.47493185,-5496114.402893544,-105456.98175569758,400.8466597377632,3048.814036821924,-1.6275884072580704
2022-11-05 16:00:00.000000Z,0.0001678584219127,42166956.303325415,0.1465034766895722,94.38924082150562,259.9613482524891,28.247635491619185,-0.0225153780674166,98.0243864907766,35782583.88826378,38923579.78332725,16200951.688134031,-102405.02956413451,-1181.3965753620646,2839.014296218631,2.456374184290977
2022-11-05 18:00:00.000000Z,0.0001525282174007,42165969.42879208,0.1466204324488906,94.31983253226782,253.5215667111878,64.84309769699166,-0.0199650969405982,98.02852707959556,35785097.60624708,25559413.85412891,33532813.436645426,-71684.72331190281,-2445.147902461671,1864.2893251127307,5.880042996499263
2022-11-05 20:00:00.000000Z,0.0001336283210075,42164605.23258029,0.1467839434906021,94.28670702087602,240.8887776420667,107.59064962179896,-0.011931996535217,98.02803066116036,35788170.341344915,5309537.801932493,41830680.338654265,-21574.566710645464,-3049.989098804607,387.5316664211996,7.71760331882225
2022-11-05 22:00:00.000000Z,0.000117495637836,42164156.58877064,0.1468810083495647,94.28716024461713,228.7203589728624,149.83603596852305,-0.0006127444444777,98.02331565544944,35790302.71594896,-16370429.88480689,38861100.73036663,34401.86530003947,-2833.282824536318,-1193.3439712021668,7.471667356923636
2022-11-06 00:00:00.000000Z,9.52221363705439e-05,42164919.47854235,0.1468651948239943,94.28047527794052,216.1038570559204,192.5348736198936,0.0108898015417049,98.0168304083808,35790701.793025844,-33641609.06407716,25425312.64091618,81128.16215698776,-1853.5912582613912,-2452.7090498924217,5.207287522790471
2022-11-06 02:00:00.000000Z,7.908810003697978e-05,42166156.1699458,0.1468064729524838,94.22985071957868,197.5653254747984,241.2006351185481,0.0194162420372176,98.01130179175864,35789625.5094462,-41852939.20026608,5142027.283935376,105974.32048004308,-374.6933361217271,-3051.552340784788,1.534150409672118
2022-11-06 04:00:00.000000Z,7.737912680862608e-05,42166783.23656737,0.1468249292260179,94.13985315950326,186.6967731856759,282.2382240366796,0.022615519501196,98.00820902357204,35787954.35468301,-38792404.51794256,-16526287.101289423,102206.718564556,1205.2548215225238,-2828.5355338187437,-2.5572401998342
2022-11-06 06:00:00.000000Z,7.198874467722277e-05,42166230.814825565,0.1469734754908873,94.05409401526238,196.06727913151204,303.03486284677206,0.0195925043882405,98.0074628154677,35786438.866481826,-25283266.67101645,-33743189.97549017,70813.20669045078,2460.709333606062,-1843.5532829815627,-5.9620247115206295
2022-11-06 08:00:00.000000Z,6.438144663581514e-05,42164947.90453204,0.1471798869069581,94.0138168058864,223.44238268580028,305.782995134021,0.0111606602013881,98.00828749667043,35785223.49415133,-4963642.074685216,-41870166.17442126,20247.77235728099,3053.375482811372,-361.814885211153,-7.759152407248095
2022-11-06 10:00:00.000000Z,7.451918941104251e-05,42164125.29973701,0.1473057606948365,94.01511041728337,250.40738116878256,308.9009394000048,-0.000372424769096,98.01038780173197,35784015.035036005,16692838.22407251,-38716855.91077459,-35841.80072074552,2823.466310615901,1217.5433816136306,-7.460428631121495
2022-11-06 12:00:00.000000Z,0.0001046042537541,42164676.50888278,0.1472805579451389,94.00465593722812,259.7726953776907,329.63206082886325,-0.0118298495726764,98.01423300281768,35782733.93688618,33851507.37753835,-25131806.825379763,-82292.40774810933,1832.800579696412,2468.9964068404606,-5.143011348294209
2022-11-06 14:00:00.000000Z,0.0001441777563488,42166201.00985341,0.1471934108778951,93.9266161347634,262.0507602778155,357.51997783145026,-0.0200332524880114,98.02004142464288,35781990.2767392,41888758.95401152,-4774605.584980583,-106520.28724358056,348.2233508303337,3055.24817937756,-1.4299794027789974
2022-11-06 16:00:00.000000Z,0.0001671389682585,42167149.82297042,0.147227165018632,93.78719474824044,262.7944488079344,27.004239100029977,-0.0226847610701442,98.02643828498258,35782733.20769875,38638677.153721295,16869535.08455867,-101932.47695342,-1230.1654137546427,2818.220783726835,2.675813990351436
2022-11-06 18:00:00.000000Z,0.0001600043278955,42166520.409184776,0.1474530401075665,93.66054454311876,257.89274143739607,62.11883264968041,-0.0190224797774382,98.0305424620052,35785227.48726256,24977710.65690741,33968491.46709149,-69731.46679405651,-2476.920407332876,1821.8812674809328,6.062115029706159
2022-11-06 20:00:00.000000Z,0.0001445546364489,42165046.94836691,0.1477325960029888,93.6075585494262,245.1753978215951,104.97069790703064,-0.0100490661616015,98.0299439335715,35788483.657231376,4587850.896386029,41916287.71189367,-18606.499024276865,-3056.204039864884,334.9451836779141,7.81023905706776
2022-11-06 22:00:00.000000Z,0.0001339139037541,42164216.311187625,0.1478758802558704,93.60933515347648,231.67019370248164,148.55098726800003,0.0017482767824159,98.02466956755832,35790896.05478231,-17037613.628520682,38573898.62961838,37618.224569768245,-2812.2831076995594,-1241.9230622934829,7.445684128112006
2022-11-07 00:00:00.000000Z,0.0001169217857497,42164708.29464733,0.1478393417334634,93.5953490025405,219.223341163836,191.0864804545668,0.0130969884413303,98.01718824634726,35791409.244596064,-34074701.04820708,24843074.8538295,83729.70488855171,-1811.07255830463,-2484.197128535256,5.065857703280932
2022-11-07 02:00:00.000000Z,0.0001015105814507,42165979.45440261,0.1477522295946975,93.5154369582774,202.6542789088345,237.8110831030492,0.0208460745015778,98.01068312865236,35790122.31199795,-41935639.66338655,4421845.638605882,107239.62302953692,-322.12549891826626,-3057.5055564448003,1.3125876374098562
2022-11-07 04:00:00.000000Z,0.0001001725855932,42166883.60915521,0.1477891739058958,93.38344045002168,190.3731967450852,280.30278543473514,0.0228322465273942,98.00717529544002,35787990.746486336,-38502735.59769681,-17190442.856204703,101758.28615666884,1253.744574315822,-2807.379894482478,-2.800917045387307
2022-11-07 06:00:00.000000Z,9.62894300482787e-05,42166628.02923733,0.1480138088986852,93.26266509464512,193.3963965720714,307.4821295425812,0.0184770220395346,98.0068118610324,35786020.09657329,-24699246.559847936,-34172483.65892264,68727.2433404002,2492.1012533567973,-1800.9677597311586,-6.162704842802772
2022-11-07 08:00:00.000000Z,8.20947980624667e-05,42165421.15815993,0.1483193366965813,93.20819028683934,210.6346174706113,320.38228006621443,0.0089539254781038,98.00857396558962,35784617.54650964,-4242422.332291708,-41948771.534121126,17042.238138075598,3059.209871479891,-309.22974859609604,-7.8620640238849235
2022-11-07 10:00:00.000000Z,7.644884889520535e-05,42164352.8179235,0.1485167000190497,93.21317490379344,236.17786527410917,324.91919988527826,-0.0031230423547803,98.01158976271266,35783577.87855392,17356967.535964336,-38423226.464970015,-39337.92370662647,2802.1330950266747,1265.9666012131634,-7.435954903411283
2022-11-07 12:00:00.000000Z,9.525809836495013e-05,42164502.7797783,0.1485083621462675,93.20568313277786,253.8387914526896,337.3521267908275,-0.0144071453007823,98.01581529297104,35782658.93198517,34279409.20388007,-24544807.329998706,-85154.39492439594,1790.0306963521978,2500.177497416058,-4.994824080632564
2022-11-07 14:00:00.000000Z,0.0001316734676123,42165864.67991784,0.1484093743560022,93.10814758253916,261.48477651667554,359.8914091871272,-0.0217339364133891,98.0214140878599,35782175.567338444,41964968.72837943,-4052369.377774972,-107970.22331013868,295.56061814517534,3060.7657498471194,-1.194314785372509
2022-11-07 16:00:00.000000Z,0.0001606206141663,42167122.34807112,0.1484713482394115,92.92282184679532,265.1642400641604,26.48542726166836,-0.0230040811780616,98.02743881006442,35782923.05766188,38342649.49563412,17532424.33541632,-101545.42690812498,-1278.5144404856742,2796.6021121630138,2.939205469049507
2022-11-07 18:00:00.000000Z,0.0001616575080377,42166947.95293602,0.1488079271985925,92.74899834166165,262.7382888004293,59.17131905991663,-0.0177971330479883,98.03142382967326,35785316.818674505,24389239.906427305,34393564.090867385,-67554.86737806984,-2507.931573647676,1778.965519934021,6.284495903789948
2022-11-07 20:00:00.000000Z,0.0001494366289586,42165569.47943099,0.1492327106276576,92.67639839558338,251.19223588297268,100.87155657455708,-0.0075238388648356,98.03087366504948,35788620.0055099,3865495.4816975207,41989202.3151999,-15163.933914652704,-3061.524704594548,282.29772694603594,7.93104005852638
2022-11-07 22:00:00.000000Z,0.0001430080119924,42164441.28116294,0.1494720189892661,92.68341031635065,236.86847489550573,145.26496389174986,0.0049593114417847,98.02539527348956,35791259.30899723,-17699243.541895878,38275227.56498473,41448.101083687885,-2790.486351836617,-1290.1096555357262,7.429364789988879
2022-11-08 00:00:00.000000Z,0.0001320765003812,42164590.83796043,0.1494591608767991,92.67420848572762,224.404957614361,187.81167388478423,0.0161608021613161,98.01725057317287,35791971.09873116,-34497471.7215423,24253554.448020574,86938.90877274422,-1768.0560877691985,-2514.939396669245,4.913144311153117
2022-11-08 02:00:00.000000Z,0.0001188085013304,42165763.65764726,0.1493678488205784,92.58167154607015,209.3226928377192,233.06123117799856,0.0229349880873628,98.00987333085236,35790636.88673931,-42005952.62752724,3700481.301714708,108962.4354256057,-269.496868549062,-3062.547636175587,1.0614811368977728
2022-11-08 04:00:00.000000Z,0.0001180976626432,42166856.46665527,0.149427416133487,92.4230390958798,196.41388730120752,276.2067139589723,0.023354609007753,98.00578698995088,35788180.49288854,-38201945.43993732,-17849352.676113255,101509.90111592956,1301.8277589054624,-2785.392069677399,-3.085022821233575
2022-11-08 06:00:00.000000Z,0.000117578625411,42166912.42247044,0.1497227522913694,92.2771793183943,195.7619946254493,307.0863166877718,0.0172463410959083,98.00550490877148,35785785.33639013,-24108440.06287402,-34591545.739326924,66541.15307183073,2522.7239873205094,-1757.8632480640158,-6.404557425084819
2022-11-08 08:00:00.000000Z,0.0001035768416833,42165892.90493718,0.1501277859613468,92.21264748567371,206.64342959756976,326.35400742064155,0.0062487600440548,98.00796351030104,35784119.99902872,-3520634.189266712,-42015007.66083006,13468.35218900556,3064.1279226557685,-256.58312440344343,-7.996777649112353
2022-11-08 10:00:00.000000Z,8.830642881521948e-05,42164712.49943875,0.1504156165503578,92.22476247882824,225.7483144735382,337.3230253214307,-0.006625118688933,98.0118443778353,35783139.881365,18015303.224617425,-38118502.54969776,-43374.38015746161,2779.9900685662533,1313.9839220025524,-7.426588388319654
2022-11-08 12:00:00.000000Z,9.298452233066076e-05,42164497.28048315,0.1504598766856453,92.23203569824648,245.80421151728632,347.34670206856526,-0.017803718278212,98.01655585984436,35782534.83849581,34696740.00255767,-23951004.85723327,-88595.84299371959,1746.773389102298,2530.5999408860807,-4.842408645116925
2022-11-08 14:00:00.000000Z,0.0001204446491646,42165558.439958975,0.1503789812463838,92.14099755627628,259.00166814530274,4.327891771453406,-0.0241322286478971,98.02203159453592,35782357.30596077,42028678.07621491,-3329477.395606684,-109905.60479688372,242.86191468769,3065.372983375936,-0.9375408996187088
2022-11-08 16:00:00.000000Z,0.0001498991229856,42166930.20934427,0.1504671191647307,91.94206358545668,266.4585773985301,27.157629977812,-0.0237516974479793,98.02761427625089,35783169.07017729,38035561.773249045,18189598.071417037,-101448.64602405098,-1326.4364676912005,2774.165391190932,3.2345301501520374
2022-11-08 18:00:00.000000Z,0.0001573655169388,42167198.468701534,0.1508912445216896,91.74242198921036,267.15009755842584,56.751614180591744,-0.0166512572880309,98.0313446468964,35785422.607487746,23794128.966555264,34808058.05232162,-65421.49049771815,-2538.1717411072605,1735.5485373011431,6.542347442901088
2022-11-08 20:00:00.000000Z,0.000148310487452,42166089.93174945,0.1514588490639471,91.65676807667184,257.76537688710226,96.30365534027202,-0.0047241976134582,98.0308755744586,35788638.65467188,3142661.354186206,42049500.78244376,-11517.784803113482,-3065.9446683471747,229.59679172436216,8.083771793522871
2022-11-08 22:00:00.000000Z,0.0001444130584341,42164804.54147805,0.1518231284274436,91.67376048406906,243.11972530729503,141.0090513976678,0.0087314496128788,98.02547531117172,35791399.956193194,-18355114.640213136,37965214.69804863,45678.5910136788,-2767.895184677477,-1337.8981874332455,7.434843388674527
2022-11-09 00:00:00.000000Z,0.00013950653226,42164599.314127885,0.1518705141378569,91.68152613593972,230.31117907815383,183.8835301433117,0.0199427389951392,98.01703820093005,35792331.04312297,-34909762.58841727,23656893.97852624,90653.55617629192,-1724.5510000717093,-2544.937779741372,4.767153399603941
2022-11-09 02:00:00.000000Z,0.0001298993541915,42165561.99481613,0.1517954911946495,91.59469592636496,216.26103004606247,228.0946206407512,0.0257318185846471,98.00901741574872,35791082.89314011,-42063785.561015815,2978034.530890793,111178.42827066735,-216.8154371713224,-3066.6876230349053,0.8002975706862696
2022-11-09 04:00:00.000000Z,0.0001302751975071,42166733.88407896,0.1518761951836587,91.42789572065432,203.1562923052674,271.443591495557,0.024408799022171,98.00431957916616,35788457.78189924,-37889983.07400447,-18502988.127136447,101627.71851987936,1349.5006975335496,-2762.5818641812043,-3.393593909303348
2022-11-09 06:00:00.000000Z,0.000133536830625,42167070.25789319,0.1522262894840572,91.27006797150663,200.10022589772885,304.7391766832619,0.0162484323000038,98.00387777796293,35785724.05570012,-23510816.624255683,-35000407.41212193,64510.66462624459,2552.5747796696965,-1714.2464170914216,-6.679207163175068
2022-11-09 08:00:00.000000Z,0.0001231286479743,42166308.77025911,0.1527156695679624,91.20136110736952,207.119726303618,327.87339465121295,0.003428378497193,98.00675307828055,35783774.71530604,-2798272.7824315773,-42068947.84427892,9807.816547653616,3068.12530392469,-203.88062957057997,-8.16458262551959
2022-11-09 10:00:00.000000Z,0.0001046341296996,42165146.338116616,0.1530923656065217,91.22302726439388,220.8723544935309,344.1858295071364,-0.0105542035094012,98.01134485623008,35782764.37934103,18667821.561338253,-37802801.04330265,-47712.59801105031,2757.0345025320444,1361.5890397704034,-7.442694346089008
2022-11-09 12:00:00.000000Z,9.77535739265516e-05,42164652.924100414,0.15320463143617,91.25217923617392,238.441926198268,356.67445309231294,-0.02183013155452,98.01655693669493,35782401.12113383,35103475.610511884,-23350555.076689053,-92477.4309158034,1703.0316287521894,2560.260301176017,-4.702306837268105
2022-11-09 14:00:00.000000Z,0.0001128616810206,42165354.325678565,0.1531571821509269,91.18667483582485,254.70465317157164,10.564784601520651,-0.0272132722622701,98.02197935680825,35782539.13067043,42079904.02354655,-2606084.0312731755,-112315.54056611237,190.1351992137365,3069.073989728446,-0.6780451058155461
2022-11-09 16:00:00.000000Z,0.0001373505592372,42166656.19472119,0.1532603070095394,91.00308397886586,266.06285047546635,29.47741028418518,-0.0250842617723067,98.02708103166688,35783477.11812094,37717498.58714186,18840956.7285103,-101757.47633784264,-1373.9209855034203,2750.921074204644,3.545724014747794
2022-11-09 18:00:00.000000Z,0.0001480566889009,42167266.38228972,0.1537311633820795,90.80169600715732,270.28439771476184,55.54270100485307,-0.0158739414045218,98.03039808714124,35785596.434314,23192544.652134784,35211961.76969726,-63544.23620696876,-2567.6289111412257,1691.6441067346,6.825078603731805
2022-11-09 20:00:00.000000Z,0.0001419446445771,42166534.43570925,0.1544083053869671,90.71250186685636,263.83063977112926,92.16731588749782,-0.002006925331258,98.02992422503904,35788622.938628875,2419594.338123019,42097281.90820777,-7930.924079557118,-3069.455317807768,176.85919724271045,8.265430932535404
2022-11-09 22:00:00.000000Z,0.0001391580408512,42165256.4310789,0.1549007288517291,90.74298994645712,249.52094666946925,136.52348624450568,0.0127212263224917,98.02475182974476,35791376.932479605,-19004956.185849156,37644083.73079386,50056.52662218615,-2744.512322097634,-1385.272020400658,7.46782347026703
2022-11-10 00:00:00.000000Z,0.0001394241097025,42164745.06884791,0.1550306300769569,90.777102478023,236.1395840428776,179.9444636357824,0.0241947433251788,98.0163442190086,35792486.8519306,-35311369.37164221,23053410.647862755,94690.7636546498,-1680.572267360921,-2574.184400078533,4.641343311347348
2022-11-10 02:00:00.000000Z,0.0001347205065177,42165419.80821694,0.1549852276468774,90.71251968686676,222.76221244830415,223.4601684609145,0.0291459145212301,98.007963478151,35791405.69197725,-42109062.10927992,2254831.1468501296,113820.7408184322,-164.1000483672343,-3069.931080217835,0.5471245267661615
2022-11-10 04:00:00.000000Z,0.0001368878201868,42166556.79736263,0.1550794387298541,90.5553221133592,209.78762203093237,266.66885403555744,0.0260850945180696,98.00273070713718,35788754.411400706,-37566894.3316239,-19151102.86183428,102178.17823835996,1396.7492494152311,-2738.964638407958,-3.7084872657586927
2022-11-10 06:00:00.000000Z,0.0001437542757573,42167109.09071042,0.1554608935947254,90.3983775290219,205.084046304084,301.6107568016149,0.0157318895397001,98.0019797001318,35785794.244596094,-22906498.29782017,-35398947.54646226,62818.77277527417,2581.6464803483864,-1670.1357589169954,-6.97313281208984
2022-11-10 08:00:00.000000Z,0.0001384604307235,42166632.960644506,0.1560082863451026,90.33105408539728,209.54659360771845,327.3007066197618,0.0008365997943802,98.00501600369844,35783582.60074974,-2075490.7509118,-42110603.15374255,6313.695287229317,3071.200488476658,-151.14019250498328,-8.359946859678454
2022-11-10 10:00:00.000000Z,0.0001218208026737,42165634.81055941,0.1172022447372479,88.60659177622207,221.1831409508265,347.47586984604,4.133709455269141e-05,98.01013328898188,35782483.35747905,19314412.12597076,-37476254.91412841,-41361.417967544105,2733.2767591241072,1408.7663387575412,-5.519374483561918
2022-11-10 12:00:00.000000Z,0.0001079840460878,42164976.71926426,0.1173765521850172,88.67969499436144,234.85843997632747,3.8152721480968497,0.004829309092038,98.01580298956333,35782296.66327684,35499599.43933642,-22743684.023315877,-73779.10966832648,1658.8209720023742,2589.1491553678943,-3.275158855885965
2022-11-10 14:00:00.000000Z,0.0001107496354256,42165328.069897614,0.1173680429186551,88.63967739686437,250.71194933312592,18.089313990113094,0.008275115702715,98.0212023385432,35782752.03664525,42118754.78688967,-1882446.257761137,-86345.88178736501,137.39905184525367,3071.8702962871234,-0.1319916083168105
2022-11-10 16:00:00.000000Z,0.000125957156578,42166422.4708216,0.1174827202776369,88.44317373189672,264.8935216656648,34.19094547564902,0.0096208880203012,98.02576890453884,35783892.028991744,37388702.75762731,19486300.06034628,-75550.31950251377,-1420.9495394893522,2726.883339439588,3.064437867312899
2022-11-10 18:00:00.000000Z,0.0001357153519357,42167224.57811326,0.1179682222901487,88.20653857168337,272.77529239510653,56.63062637809285,0.0086660071324177,98.02845190757772,35785939.33318464,22584855.608459186,35605219.813062415,-44183.685165565,-2596.2870343709515,1647.2781787066067,5.4491194984823705
2022-11-10 20:00:00.000000Z,0.000131798924392,42166894.149447456,0.1187087001103417,88.10622560081265,269.82906268910574,89.75856286333462,0.0057633896159971,98.0277116890976,35788732.99845151,1696753.0204353223,42132718.33433483,-628.776549627637,-3072.0494580744257,124.12206657237124,6.369880305436674
2022-11-10 22:00:00.000000Z,0.0001294205442317,42165777.18749,0.1193028592285758,88.17489192085031,256.69074507463114,132.90531010456718,0.0016754994855108,98.02267293756438,35791354.953012474,-19648325.176634423,37312296.749409415,43366.01077621287,-2720.351087072282,-1432.1898633944104,5.566547257557748
2022-11-11 00:00:00.000000Z,0.0001336908892417,42165056.35527943,0.119515650723585,88.26454955988558,242.7770769834949,176.80319912781877,-0.0026276441679476,98.0144166710286,35792547.664877266,-35702036.076294646,22443830.1311104,75856.13717455238,-1636.1578277468675,-2602.650487702618,3.24695404241316
2022-11-11 02:00:00.000000Z,0.0001517657295743,42164753.30666036,0.1195083166914602,88.22426093508372,229.6812533764189,220.01283180885508,-0.0061729019441317,98.00580268796926,35791517.02849654,-42141733.56943449,1531755.9336531833,87956.72079500808,-111.3694865760381,-3072.263572021024,0.0336111369479378
2022-11-11 04:00:00.000000Z,0.0001564281786395,42165751.39497476,0.1196158885699535,88.04936173924905,218.6568567518756,261.2887419064944,-0.0081806488467713,98.00028311869902,35788612.37138405,-37232691.35207614,-19792817.604400866,76278.91194413911,1443.5818824032822,-2714.552211521934,-3.204912367042396
2022-11-11 06:00:00.000000Z,0.0001661847284294,42166432.87204902,0.1200137677407195,87.86286301839513,213.5222653906511,296.6914845048415,-0.0082333269667658,97.9998019514275,35785147.30777118,-22295259.012392208,-35786338.794841655,43872.67898577088,2609.9962940306737,-1625.5236791300936,-5.590168951050819
2022-11-11 08:00:00.000000Z,0.0001665863875171,42166231.901353575,0.1205924857637352,87.78996914616854,215.9091460951234,324.4638094239341,-0.0063721767779624,98.00397965132396,35782378.47590402,-1351562.168003108,-42138846.02767485,-577.6097896836936,3073.4240074378185,-98.27912957775573,-6.471920680333076
2022-11-11 10:00:00.000000Z,0.0001531858478705,42165393.69969896,0.12108648243421,87.85122614302553,222.8004946876859,347.60034081645307,-0.0030855396806747,98.01098202640378,35780948.18136741,19956012.84752742,-37136827.83558365,-45087.29444070572,2708.699368477012,1455.6804935354053,-5.60508731267049
2022-11-11 12:00:00.000000Z,0.0001369603955354,42164684.89428926,0.121311909543635,87.95189856179398,232.0179435994204,8.37212786505696,0.0008163738230326,98.0187555344456,35780834.5270164,35885457.26782073,-22127060.6773226,-77605.90769573527,1613.9876606383966,2617.444351008324,-3.21704630989686
2022-11-11 14:00:00.000000Z,0.0001298415107646,42164742.80360998,0.121331019814892,87.96029092828486,243.5419526020528,26.928916110878525,0.0044093728815209,98.02581054901287,35781724.5544789,42143963.55128169,-1154249.6761042073,-89275.7281268488,84.36803014917169,3073.8375481892986,0.053130930561263
2022-11-11 16:00:00.000000Z,0.0001327395206044,42165549.90042574,0.1214281974742996,87.82150387482166,256.45800729687346,44.23915861072442,0.0068876059116229,98.03118664984532,35783402.63326744,37045643.848620094,20129823.464262217,-76833.32888766518,-1467.843273764542,2701.9342420323387,3.326260277072483
2022-11-11 18:00:00.000000Z,0.0001358980738375,42166386.32602971,0.1218718412076551,87.62570910476207,266.2256062092798,64.75226615716765,0.0077506368547862,98.03396461376128,35785804.51444681,21965523.745813955,35990440.91698042,-43510.62174779237,-2624.358916698321,1602.136562879886,5.718576230047722
2022-11-11 20:00:00.000000Z,0.0001321638122003,42166410.09156596,0.1226114548178799,87.54065296578378,266.8560583368455,94.28812536427604,0.006888441155476,98.03308583761316,35788689.05466858,967811.32289252,42155717.96915845,1801.86916197718,-3073.721797127836,70.97156662082648,6.578152058023026
2022-11-11 22:00:00.000000Z,0.0001311484354519,42165572.37173048,0.1232713808654256,87.62545815566479,256.95545047577093,134.18098669470265,0.0045556338554933,98.0280099679032,35791288.970396,-20290645.082154725,36966850.12258202,46912.9611667185,-2695.171576355162,-1479.0235319818803,5.661828204587279
2022-11-12 00:00:00.000000Z,0.0001392272110562,42164767.69617343,0.1235601157192117,87.75443295631514,244.59863608736276,176.48272113757636,0.001283679272885,98.01976998710543,35792490.11813893,-36084800.40904224,21822984.086530592,79602.35441712962,-1590.900489012167,-2630.5510785482697,3.2059192652059147
2022-11-12 02:00:00.000000Z,0.0001463629250047,42164814.92779626,0.12358314570027,87.76651717867415,233.65328535225612,217.4894991986116,-0.0022216505397823,98.01114688014856,35791574.35521509,-42161972.85981369,802701.9578386492,90939.0711842182,-58.24560688605411,-3073.7277314747203,-0.1328396842982708
2022-11-12 04:00:00.000000Z,0.0001546403050153,42165590.88718188,0.1236780550346051,87.63588480194095,223.40099312074963,257.94881556257405,-0.0052015464342236,98.00540443391937,35788814.308266334,-36885066.14613228,-20433737.68197468,77732.60946621465,1490.2830920055192,-2689.1728254484483,-3.4536245768286435
2022-11-12 06:00:00.000000Z,0.0001673240503105,42166305.77624271,0.1240536247585376,87.47497299103496,217.8938029265011,293.69821328406056,-0.0069955530372538,98.00456621991692,35785332.07100664,-21673474.554061044,-36166514.05081262,43430.88490883519,2637.694178928996,-1580.1464846980002,-5.856178041628658
2022-11-12 08:00:00.000000Z,0.0001729271926014,42166340.7761444,0.1246274741357654,87.41249293506591,219.09351786323955,322.6471221401541,-0.0071955334249469,98.00857590997808,35782407.033330865,-623139.2560548498,-42155938.642926015,-2785.585838228333,3074.665243179477,-45.125926449733896,-6.68551121388529
2022-11-12 10:00:00.000000Z,0.0001646496242929,42165746.61275568,0.125141835012801,87.48110192997306,224.4544386229612,347.30688691034703,-0.0057525431414274,98.01573600874096,35780836.6532886,20594855.46380309,-36786256.11000503,-48469.73008040206,2683.147416662944,1502.300189529028,-5.710501931126388
2022-11-12 12:00:00.000000Z,0.0001493028044721,42165088.56796526,0.1254011863260183,87.6008460731771,231.64265130039524,10.08914406705879,-0.002997199196773,98.02381523838028,35780753.52229794,36262585.23683045,-21503263.88335979,-81267.27745285044,1568.5186683007764,2644.966410272271,-3.1876253107513994
2022-11-12 14:00:00.000000Z,0.0001369662519156,42164936.10855828,0.1254394758803633,87.64984402502485,240.50516900029743,31.26690693416735,0.0004380217168014,98.03095902965804,35781862.51560308,42157752.76749247,-425357.74300177896,-92258.0131912322,31.243087978044656,3074.833414835568,0.2077049184957612
2022-11-12 16:00:00.000000Z,0.0001307771850239,42165430.980452806,0.1255093889637342,87.56653966457932,251.39464383076628,50.547873669964,0.0037745193334651,98.03596185321,35783789.59598182,36692504.81630113,20767330.1670086,-78372.93747404772,-1514.287187426557,2676.143681859182,3.563044538128289
2022-11-12 18:00:00.000000Z,0.0001265395052043,42166165.41319134,0.1258825753575923,87.41573650717224,261.62798567359897,70.54954892015903,0.0062746852308266,98.03804174170538,35786251.07493088,21340827.448377557,36364857.15737984,-43237.18006173522,-2651.6103853292325,1556.538112906966,5.974040992872914
2022-11-12 20:00:00.000000Z,0.0001199889148746,42166445.30172272,0.1265698981594541,87.34761804069622,265.1699820219095,97.1563636845938,0.0074016000604852,98.03660032522562,35788938.00555039,239950.65737079785,42166392.113617375,3781.056871200471,-3074.4718457632807,17.860925099406018,6.786258081458073
2022-11-12 22:00:00.000000Z,0.0001172138778545,42165952.46872694,0.1272487678139774,87.4408516973338,258.0829089843175,134.22718852644894,0.0069104690333955,98.03145136844812,35791262.54561022,-20925703.00371438,36611073.54298913,50058.37918603566,-2669.2380711548203,-1525.3604054486548,5.770971860869612
2022-11-13 00:00:00.000000Z,0.0001258348087043,42165200.421515286,0.1275933360093379,87.59966084624544,246.4163919798304,175.8090916222782,0.0048781936639123,98.023511885721,35792355.08064636,-36456106.96514945,21196597.915037826,83090.821480247,-1545.257089095397,-2657.649623757736,3.190284575536245
2022-11-13 02:00:00.000000Z,0.0001377160248383,42164991.75592494,0.1276413332577853,87.6620134244204,236.2152763588804,216.0216134088797,0.0017007731325897,98.01513593889892,35791550.98736055,-42169517.86700546,74402.93628295098,93872.3449002233,-5.1757780687865775,-3074.283330434734,-0.2678700169408269
2022-11-13 04:00:00.000000Z,0.0001499072057405,42165489.46351358,0.1277126593357625,87.57953059923626,227.20052545259284,255.19515168903388,-0.0019502301686702,98.00930605624843,35788966.74476779,-36526814.24781796,-21067752.15062608,79362.74389401524,1536.4767678174494,-2663.0322337133007,-3.6724561715340633
2022-11-13 06:00:00.000000Z,0.0001651447167484,42166141.94416384,0.1280438416064645,87.44836981752941,221.91932291962232,290.6884753875128,-0.005246549995987,98.00813222809478,35785543.82065521,-21045985.733004574,-36535470.23761215,43351.74424215709,2664.563001286856,-1534.3607431181167,-6.101492272725029
2022-11-13 08:00:00.000000Z,0.0001753783448161,42166352.561445534,0.1285846824065386,87.39646984455953,222.35654531454145,320.3890188724894,-0.0073926498143968,98.01186395558013,35782517.94260069,104509.45289686322,-42160525.16741023,-4532.275872842905,3074.9779377197983,7.966927196516991,-6.893021727470167
2022-11-13 10:00:00.000000Z,0.0001729690220958,42166017.26312313,0.129093025804507,87.46718887565244,226.607662855508,346.15648040880023,-0.0078325974940309,98.01902773377536,35780798.62967548,21226650.00925496,-36425300.82529783,-51405.88161784291,2656.8224353938854,1548.404619008671,-5.826072925215587
2022-11-13 12:00:00.000000Z,0.0001608871106335,42165492.1977198,0.1293678677751575,87.59608321447789,232.34993967228556,10.37574942051732,-0.0064069606791983,98.02733335600672,35780682.209894426,36628318.28930401,-20874031.1889842,-84607.14408667553,1522.6428860991032,2671.6622690459403,-3.181928076115545
2022-11-13 14:00:00.000000Z,0.0001466458584952,42165222.09396981,0.1294172841585736,87.67364263314296,238.92422250991635,33.81332734327991,-0.0034083726585124,98.03461888359226,35781947.34139101,42158891.29042581,302570.46998577146,-95120.65807679258,-21.81674523905282,3074.918973794678,0.3311664174789803
2022-11-13 16:00:00.000000Z,0.0001341498326072,42165421.56151759,0.1294576345521531,87.63642786852388,246.82735885291729,56.034294929531264,0.0004832470546586,98.03937348892732,35784123.78122599,36328859.48415013,21397752.207800303,-80020.11266348811,-1560.214043571808,2649.601732091888,3.7691445529002894
2022-11-13 18:00:00.000000Z,0.0001226632795875,42165952.69069695,0.1297480214214121,87.52784071616726,255.29710818210276,77.75670191044014,0.0043665483928246,98.04080828988616,35786718.247819826,20710600.10073525,36727975.56832554,-43268.68452097188,-2678.0278328269123,1510.5480648120008,6.20638867577232
2022-11-13 20:00:00.000000Z,0.0001113125708834,42166365.37727867,0.1303463221614761,87.47575778483089,260.1675349482696,103.01837688788748,0.0073332893549229,98.03869283270176,35789285.18919085,-486945.72646847647,42164610.15458103,5331.38600026355,-3074.2938726982093,-35.17146377271536,6.983635666287113
2022-11-13 22:00:00.000000Z,0.0001052174324265,42166227.67767656,0.1309977332165827,87.56895352748109,256.19705405948383,136.97237874085022,0.008668171142388,98.03327515017128,35791333.7418314,-21553552.26587411,36245080.56012814,52749.56928939818,-2642.539561474636,-1571.1681568927,5.883949543090582
2022-11-14 00:00:00.000000Z,0.0001122446358366,42165655.47662687,0.1313709028869663,87.7438420349333,246.1775862223496,176.89134645485635,0.0079969091486346,98.02552897357587,35792244.37966608,-36815944.27017485,20565015.972145878,86204.5950729358,-1499.2224007783202,-2683.9159485006217,3.192581058820125
2022-11-14 02:00:00.000000Z,0.0001271424265766,42165277.42380655,0.1314365249807459,87.8471964299149,237.25361669642737,215.7860103857436,0.0053825058709425,98.01744320712908,35791489.0660959,-42164464.19334032,-652679.1591821115,96600.94291196836,47.8102603070094,-3073.930822306367,-0.3744909307199116
2022-11-14 04:00:00.000000Z,0.0001429907812437,42165471.30189369,0.1314785455408804,87.8105757357678,230.05342995237783,253.0991321353276,0.0013573848840101,98.0116230176192,35789086.32307345,-36158237.084549904,-21694470.51435757,81011.2096688403,1582.1372270676222,-2636.149510253369,-3.859041814851398
2022-11-14 06:00:00.000000Z,0.0001603685431909,42165971.95376576,0.1317508238198872,87.70999700075942,225.6611694498064,287.6726191571047,-0.0031542904120997,98.01013635125793,35785781.147569284,-20413235.37484594,-36893006.40665842,43512.74378144792,2690.5903699208743,-1488.1986116043902,-6.318782154521122
2022-11-14 08:00:00.000000Z,0.0001744192389038,42166283.4545012,0.1322364099846634,87.66810286160906,225.7638578194545,317.6973180668388,-0.0070422961357989,98.01349508692148,35782706.406465545,830914.148126496,-42152654.29229235,-5874.54434758803,3074.3671700595846,60.96399049080688,-7.083930603314285
2022-11-14 10:00:00.000000Z,0.0001780344044304,42166197.29871615,0.1327149544752892,87.73622139056994,229.21670776125768,344.26550231556695,-0.0092961135340908,98.02051346717408,35780834.46592372,21851022.97615762,-36054247.56660431,-53873.17211821242,2629.745438113028,1593.9649265844282,-5.94073088493628
2022-11-14 12:00:00.000000Z,0.0001709036283167,42165866.59945437,0.1329871510922563,87.8645491311559,233.96010369452503,9.48435615567743,-0.0092831591095873,98.02895665085023,35780621.77257113,36982474.90498288,-20239808.043757662,-87529.7137731879,1476.3913418399795,2697.5174200418687,-3.1911226017818897
2022-11-14 14:00:00.000000Z,0.0001574814458368,42165571.20471123,0.1330406881687531,87.9571681554607,238.86577735874755,34.575672938939135,-0.006932981870894,98.0364317023778,35781966.399405554,42147429.622919485,1029050.9172861162,-97719.05096020666,-74.77982015284684,3074.098289273164,0.427976147992359
2022-11-14 16:00:00.000000Z,0.0001416616499998,42165521.52947192,0.1330554650390076,87.95315886351611,243.87098350298157,59.66127177697634,-0.0027708060970309,98.04109284456624,35784366.75074345,35954956.42039559,22020698.67184401,-81617.02366587853,-1605.602095176269,2622.329349527205,3.943750708359454
2022-11-14 18:00:00.000000Z,0.0001249912545717,42165785.66096061,0.1332651958727821,87.8800104242693,249.10501126268124,84.58344667567586,0.0022097777888054,98.0420124709974,35787150.50807396,20075190.08516181,37079594.44163048,-43470.96375219562,-2703.605673062089,1464.1963851534804,6.410049491411599
2022-11-14 20:00:00.000000Z,0.000108567182385,42166202.94096944,0.1337550214870726,87.84184379758864,253.01298346595604,110.79296183938736,0.0067950946379322,98.03919868137628,35789690.61321078,-1212544.3238863335,42150390.02381498,6534.145124210339,-3073.1967502459115,-88.09586900351492,7.161451400395494
2022-11-14 22:00:00.000000Z,9.752196140744688e-05,42166380.55221888,0.1343390706215948,87.92757072192957,251.32719139530707,142.46931083263823,0.0098447615864647,98.03334807813542,35791504.44916151,-22173959.11717536,35869083.79385423,54997.791190985765,-2615.094144338859,-1616.4231521501183,5.990448985632126
2022-11-15 00:00:00.000000Z,0.0001004900425947,42166091.32126156,0.1347097620733425,88.10291056144774,243.68213403598148,180.01346188561104,0.0105551976070827,98.02564721929816,35792191.594181314,-37164232.27399109,19928586.33433933,88881.26800160401,-1452.820675326856,-2709.3368227356877,3.203027289589816
2022-11-15 02:00:00.000000Z,0.0001158536312479,42165656.96898929,0.1347842960135562,88.23238790242283,236.69222470376852,216.9482121830583,0.0086543395855515,98.017831205865,35791423.79063801,-42146918.63973221,-1378152.8500329363,99000.666740721,100.6857747584974,-3072.671993537757,-0.4597050451309095
2022-11-15 04:00:00.000000Z,0.0001343920111637,42165554.570812,0.1347972955483069,88.23404085975517,231.98151986483117,251.73364586995373,0.0045049647363295,98.0120785983292,35789193.02983418,-35779622.23608175,-22313573.111409105,82519.566898877,1627.2424151296088,-2608.5425358395687,-4.01565537741895
2022-11-15 06:00:00.000000Z,0.0001533995060266,42165824.58253741,0.1350049369758655,88.16218380364101,229.22939113845797,284.63797982909995,-0.0009306564548067,98.01029217869235,35786052.06570301,-19775629.929795165,-37238976.69910821,43759.0098253705,2715.7663283795296,-1441.6892824783738,-6.504772160485002
2022-11-15 08:00:00.000000Z,0.0001703324419422,42166152.603836425,0.1354202317327171,88.12944900570099,229.47233113252025,314.5127995411578,-0.0062994258865138,98.01318243819289,35782979.72261852,1555652.7061262543,-42132406.29223356,-6925.359677343673,3072.8387235122414,113.83316364510486,-7.250104426158
2022-11-15 10:00:00.000000Z,0.0001796837337633,42166284.83297754,0.1358487077611612,88.1912327578729,232.38021153821717,341.6319826609828,-0.0102020782335779,98.01989528416333,35780957.11492577,22467648.546543047,-35673391.46929225,-55914.23615384021,2601.936860674301,1638.9549142247452,-6.043492871473025
2022-11-15 12:00:00.000000Z,0.0001786280169563,42166189.66651956,0.1361010246134304,88.31021428703323,236.4404220759897,7.543391837034654,-0.0115740206054154,98.02836238528226,35780585.76590298,37324914.79730031,-19601034.18609068,-89996.60474102494,1429.7939640332584,2722.5189330176527,-3.204175164985406
2022-11-15 14:00:00.000000Z,0.0001681851370593,42165955.50303439,0.1361525451899785,88.40445933564713,240.267186832651,33.71220759828927,-0.0099867038493804,98.03605385665296,35781919.01657121,42123451.629442655,1753612.6531120855,-99943.7373658762,-127.61553168162196,3072.375941192673,0.506423058993632
2022-11-15 16:00:00.000000Z,0.0001515265802888,42165722.11435698,0.13614998805024,88.419497665913,243.0261486511694,61.02507722615636,-0.0057788355382712,98.0407892648044,35784489.26075537,35571070.59622442,22635792.43237289,-83010.73901075705,-1650.4305158096984,2594.34717601477,4.090412719234329
2022-11-15 18:00:00.000000Z,0.0001322631239658,42165691.84235273,0.1362927227134232,88.37280427066226,244.8161225799436,89.36453154093233,2.189408848807617e-05,98.04138940581156,35787492.25186011,19434964.015574712,37419521.04915577,-43684.89928287978,-2728.3397855665867,1417.511970752985,6.583201287298008
2022-11-15 20:00:00.000000Z,0.0001124250478899,42165994.62796386,0.1366712892056205,88.34597742107267,246.0578015258427,118.22837395210829,0.0059625725872931,98.03794913017084,35790099.416617185,-1936507.2988699228,42123746.811444335,7517.645743032862,-3071.1916953705604,-140.8848489903315,7.313171435610643
2022-11-15 22:00:00.000000Z,9.588719752958394e-05,42166405.56593276,0.1371588363669959,88.41883771263055,244.78131339393047,149.50775285577825,0.0105342074511966,98.03156563546165,35791752.4993924,-22786701.711690057,35483271.70724485,56871.63143002056,-2586.9216754962254,-1661.1052807423937,6.080693543504985
2022-11-16 00:00:00.000000Z,9.23495623955105e-05,42166467.14619298,0.1374951993933264,88.57900710047268,239.20206240784887,185.00116031961613,0.012542430570264,98.02375726683664,35792209.37434249,-37500907.0315018,19287606.992674302,91112.87848176729,-1406.075298304031,-2733.902416931016,3.210494738559317
2022-11-16 02:00:00.000000Z,0.0001049890348714,42166105.73679777,0.1375688263420902,88.7156830642125,234.50155616913509,219.6395165680593,0.0113993837829015,98.01614922739226,35791377.64718121,-42116987.6116866,-2101695.005078996,100985.79253329884,153.42753936626792,-3070.510058173317,-0.5335347090332018
2022-11-16 04:00:00.000000Z,0.0001244309121595,42165750.165675774,0.1375590004857727,88.74313064895675,232.96042632560585,251.22967697881845,0.0072930749742018,98.01049317088668,35789300.84665729,-35391226.55589772,-22924809.371357832,83741.73742135988,1671.774730773941,-2580.227841574161,-4.1486156431901
2022-11-16 06:00:00.000000Z,0.0001443714083673,42165729.20397641,0.1377064709030751,88.69536225770311,232.6861380389061,281.6317891437539,0.0011888493510596,98.0084140053204,35786363.98551824,-19133515.708698727,-37573285.60528346,43918.17135036931,2740.084297699148,-1394.8582296532618,-6.660239401789903
2022-11-16 08:00:00.000000Z,0.0001632117428799,42165981.71269989,0.1380445215960977,88.67080587713956,233.65615675189107,310.7707850129157,-0.0053774280824139,98.01073733305482,35783349.89597205,2278378.732599117,-42099880.12020814,-7840.811650359557,3070.399249705636,166.54710357573964,-7.386325025635513
2022-11-16 10:00:00.000000Z,0.0001776512147056,42166281.66013296,0.1384070801725808,88.72360279335146,236.26206908032717,338.2004372716956,-0.0106875749932474,98.0169642629618,35781189.269880846,23076273.626549456,-35283013.84302634,-57629.2731211986,2573.415541315271,1683.3523896045915,-6.1243833050412935
2022-11-16 12:00:00.000000Z,0.0001833182814179,42166443.40053898,0.1386235685523147,88.82561005093018,239.8437353961603,4.607234864652192,-0.0133050888347613,98.02530142478456,35780601.48983415,37655553.434547685,-18958113.240445167,-92026.39640609648,1382.8777790172137,2746.655961180593,-3.2088898056968764
2022-11-16 14:00:00.000000Z,0.0001775873202702,42166348.520730026,0.1386674849345264,88.90868288390685,243.04572495419168,31.412199854430774,-0.0124769857187511,98.03319506275444,35781820.42480757,42087075.6394616,2475828.29155414,-101726.91525847097,-180.29605484705465,3069.756542709018,0.5777757560070789
2022-11-16 16:00:00.000000Z,0.0001620027843911,42166010.62983203,0.1386585313453964,88.9282637014502,244.3370741954596,60.18837149040542,-0.0083538633935346,98.0381626689245,35784476.75957288,35177493.931805305,23242694.61258358,-84064.40788021944,-1694.6804721437195,2565.674471648256,4.216634334397137
2022-11-16 18:00:00.000000Z,0.0001421444784418,42165691.65055306,0.1387563893650945,88.89787245974095,243.2853098744116,91.35318485290804,-0.0019625290356965,98.03868575204044,35787695.34044356,18790293.594191857,37747587.61190932,-43738.8338772167,-2752.2274680476808,1370.521472720592,6.727843902653824
2022-11-16 20:00:00.000000Z,0.0001212951937301,42165778.937167175,0.1390359444727302,88.87958328057474,241.41493176625195,123.32008535245356,0.0050611792553044,98.0347839637102,35790450.9831706,-2658501.62250966,42084701.61772913,8446.903919273063,-3068.291304695175,-193.51400688801468,7.435031961990697
2022-11-16 22:00:00.000000Z,0.0001004833420958,42166309.32038397,0.1394115352928978,88.93656196678072,238.88439404845877,155.8688468120925,0.0109002136337903,98.02785170634483,35792038.99779274,-23391571.652094148,35087814.09649954,58490.97491886562,-2558.042813619575,-1705.1981295395133,6.146140641607539
2022-11-17 00:00:00.000000Z,8.902453265671257e-05,42166743.06232626,0.1396847522205397,89.06762424259917,233.8427881598603,190.8534794026491,0.0140215311853383,98.01980659547394,35792292.776749365,-37825916.77035248,18642331.64204704,92945.5664496896,-1359.0083103331024,-2757.606044290482,3.20337640170626
2022-11-17 02:00:00.000000Z,9.568643838983364e-05,42166589.48856744,0.1397470833998045,89.18975851144829,230.744258637003,223.9045254099601,0.0135610295825697,98.01232368126688,35791359.341672376,-42074770.83433625,-2823042.9577963813,102514.90662730296,206.01614795577984,-3067.449420110174,-0.6082313520861503
2022-11-17 04:00:00.000000Z,0.0001134424199291,42166063.98305444,0.1397267062415706,89.22570326090029,232.77670945500333,251.91271914148624,0.0095538490474891,98.0067790495317,35789411.57987757,-34993267.72288913,-23527987.96650124,84554.76748061569,1715.7215540410405,-2551.2204370784243,-4.267818075090079
2022-11-17 06:00:00.000000Z,0.0001332804849128,42165715.73385553,0.1398294471604264,89.1944812040199,235.95097338444072,278.84945669104366,0.0029624435408337,98.00442385331252,35786713.44903263,-18487166.180493623,-37895875.50662515,43813.07637951815,2763.541739010522,-1347.726615541353,-6.7899669003808745
2022-11-17 08:00:00.000000Z,0.0001530649752131,42165796.79298072,0.1400933833949485,89.17674727441664,238.4314455999108,306.47052218956907,-0.004533138343839,98.0060925925869,35783822.77436957,2998838.640467533,-42055174.96351546,-8809.134065027323,3067.0566446614025,219.08433785501865,-7.490776155010915
2022-11-17 10:00:00.000000Z,0.0001716463269841,42166193.43644409,0.1403800392153387,89.21897128825569,241.0315114906209,333.9159121233412,-0.0109594604150499,98.01163772860473,35781555.68379972,23676734.29489285,-34883354.75797473,-59169.96678791648,2544.1981269768294,1727.140399648367,-6.175275365872657
2022-11-17 12:00:00.000000Z,0.0001842265418873,42166612.0360105,0.1405467979871975,89.29755548116765,244.2560965199928,0.7028815160550489,-0.01457992450811,98.0196424692215,35780707.41258452,37974370.34324698,-18311378.43906228,-93695.1622728379,1335.665387033965,2769.9202683579124,-3.1928533883741768
2022-11-17 14:00:00.000000Z,0.0001846067257085,42166724.17658527,0.1405782099608031,89.35746933895216,247.1445788813007,27.844638222840487,-0.0143772412529036,98.02766200499563,35781703.885928325,42038450.436185226,3195348.051250824,-103049.35384143009,-232.79813785643148,3066.2441706634368,0.655513254463182
2022-11-17 16:00:00.000000Z,0.0001716495565874,42166371.3722047,0.1405755598795473,89.36719632007728,247.6602088057313,57.406734572999,-0.0103459839867586,98.0329814947456,35784334.6716672,34774521.068603724,23841131.120583512,-84668.44678159097,-1738.3361749015276,2536.3277260504497,4.333494874747588
2022-11-17 18:00:00.000000Z,0.0001523431925502,42165800.27339718,0.1406567273085345,89.34232739120078,244.60222103071385,90.57243363219963,-0.0035083521949906,98.03368920234708,35787726.47186303,18141537.790270276,38063667.19190639,-43460.6607683875,-2775.26738413104,1323.2478323112268,6.849919613305285
2022-11-17 20:00:00.000000Z,0.0001323830275913,42165597.36973256,0.1408631271970888,89.3295587744471,239.9401611528781,125.32527805211748,0.0043532044062246,98.02956997719704,35790687.494218946,-3378213.1042748834,42033288.53323845,9514.06786332708,-3064.508659583399,-245.9629410911249,7.526595887481833
2022-11-17 22:00:00.000000Z,0.0001097027031565,42166111.30860224,0.1411273779256536,89.3701786608924,235.4865533348523,159.81299626570626,0.011169770428205,98.02216547844364,35792315.832496576,-23988380.32530902,34682864.626838915,60022.2804470296,-2528.4779330036963,-1748.689259569447,6.18027837766355
2022-11-18 00:00:00.000000Z,9.073205985664728e-05,42166882.29361591,0.141316185168514,89.46154020169482,229.3657469912058,195.91620777485912,0.0151308066313493,98.0137982739294,35792424.486972645,-38139222.23936293,17992972.415171657,94480.92110222706,-1311.6398509589228,-2780.443842949071,3.1704872754885574
2022-11-18 02:00:00.000000Z,0.0001014706389188,42166040.27617935,0.1413577834498463,89.54651587406917,245.1922847038042,210.07905707218768,0.0151535791407077,98.00602764865312,35791605.60257196,-42020617.7448321,-3541771.1051441324,103599.33793402404,258.36239621412625,-3063.446397523412,-0.697221928950269
2022-11-18 04:00:00.000000Z,0.0001164715524565,42165470.44060995,0.1413452477745492,89.5692678751381,247.3807055734484,237.94371351975985,0.0111688482681005,97.9997233338383,35789939.59546885,-34586780.53627572,-24122481.05498757,84873.90790866847,1758.9839113740193,-2521.5136229264613,-4.385956763359808
2022-11-18 06:00:00.000000Z,0.0001377090918161,42164795.00994893,0.1414313020590091,89.54367602004815,251.80784317960607,263.6208460791139,0.0041628034702543,97.99626708041086,35787302.36249123,-17838260.87430841,-38206267.18771283,43280.29164655113,2786.067575709113,-1300.3404962615198,-6.902605646004864
2022-11-18 08:00:00.000000Z,0.000159416871736,42164611.813581005,0.1416371024379034,89.53074906903267,254.59514457549287,290.929240067316,-0.0040492140806176,97.99690033818209,35784072.77075028,3715081.424140275,-41998214.27249749,-10033.801009846711,3062.8095057300948,271.3916565195582,-7.5656355419832355
2022-11-18 10:00:00.000000Z,0.0001820310350285,42165012.28486191,0.141846039774233,89.56190058333002,255.99278783463544,319.5878461062275,-0.0112853577249636,98.0021663661158,35781030.68788628,24267267.107977606,-34474504.770480536,-60728.95299505613,2514.3260032185394,1770.3370550768918,-6.19098666112203
2022-11-18 12:00:00.000000Z,0.0002023103001389,42165660.97924607,0.1419532142616889,89.61220374874311,257.7356971389364,347.88584408901187,-0.0155826084040607,98.0112430892084,35779183.320508525,38279756.03778318,-17660432.713906486,-95134.21223157768,1288.1380999476212,2792.423905942218,-3.144535725137577
2022-11-18 14:00:00.000000Z,0.0002110088256575,42166033.81186397,0.1419685484435095,89.63808901730029,259.8888685824016,15.799470436297462,-0.0157399901190594,98.02179309939828,35779335.40848038,41975307.06557329,3913473.152359448,-103944.08435484576,-285.2951059917961,3061.954020012296,0.7548200101363878
2022-11-18 16:00:00.000000Z,0.0002023019908147,42165763.10818868,0.1419862162214848,89.62416499672663,260.4701180517723,45.32307070426436,-0.0116619216254881,98.03058535001792,35781627.56851977,34358092.33540598,24432766.068806697,-84744.89482727138,-1781.7055612653653,2506.266730676014,4.455946849262132
2022-11-18 18:00:00.000000Z,0.0001824864439563,42165005.327697374,0.1420831777490803,89.59389091764872,257.52242766319654,78.38735675228708,-0.0043999031482647,98.034772351233,35785318.11492378,17482385.849666614,38368233.09495632,-42677.77011987666,-2797.7419802240884,1275.3955723548934,6.9601516484954375
2022-11-18 20:00:00.000000Z,0.0001614020818215,42164473.207717374,0.1422536721574214,89.5835067061594,252.51493741402152,113.48582908341136,0.0041227613271849,98.03323495974116,35789047.40051798,-4103263.393031739,41967065.06295593,10944.724922343628,-3059.8952758707524,-298.7210848378821,7.591516190636361
2022-11-18 22:00:00.000000Z,0.0001368484229057,42164828.38560305,0.1424248021917264,89.60978741814253,248.75621535526992,147.2942688969922,0.0116265634496301,98.0270986053374,35791546.5214055,-24583920.26176955,34262359.335732505,61689.00657356891,-2497.941996835709,-1792.0540820793558,6.17886914384367
2022-11-19 00:00:00.000000Z,0.0001093772337814,42165839.53229503,0.142521460875314,89.65630006186157,245.1220403134288,180.9558642772076,0.0160870650099466,98.01889790369594,35792313.87493126,-38444520.90360278,17330797.589876063,95886.62254903738,-1263.4214810371666,-2802.650437500747,3.10085161217664
2022-11-19 02:00:00.000000Z,9.64267943199056e-05,42166434.65813612,0.1425368292418244,89.68412843129553,241.49665588300263,214.6276658564525,0.0162753809914513,98.01101048555944,35791643.26918574,-41953142.17994212,-4267710.015518647,104308.4813069629,311.298442973758,-3058.532260163313,-0.8163657871499398
2022-11-19 04:00:00.000000Z,0.0001049295770268,42165984.52683605,0.1425563942807272,89.66947328748924,245.45436465201436,240.76057086196545,0.0120901044443852,98.00483574759268,35790008.346638374,-34164575.50904073,-24716939.472245097,84648.13972669498,1802.3091969971265,-2490.746905311016,-4.51997131426039
2022-11-19 06:00:00.000000Z,0.0001243050410281,42165034.86058716,0.1426679322350794,89.63527082058393,254.2740454642411,262.05365407765885,0.0046010041090258,98.00126276071992,35787621.812546566,-17175198.39951644,-38509245.63111435,42155.49784474845,2808.101355597921,-1252.0118751505115,-7.011961108069318
2022-11-19 08:00:00.000000Z,0.0001463927553785,42164509.36615732,0.1428474643767581,89.62442627081823,260.29909571182924,286.1215780981892,-0.0042133142294558,98.00125718033676,35784657.552483305,4440202.519736597,-41928340.15157074,-11755.130819206644,3057.619832792795,324.238264881902,-7.617684259264078
2022-11-19 10:00:00.000000Z,0.0001709479970596,42164800.48745263,0.1429889980077942,89.64551814633566,262.5008846906973,313.9851332892828,-0.0119813104392742,98.00555841822516,35781657.10674868,24859064.802344084,-34051009.11841464,-62563.689991291074,2483.342351373707,1813.452819466116,-6.169395116477725
2022-11-19 12:00:00.000000Z,0.0001966402727196,42165620.42210485,0.1430333922599476,89.66496965389258,263.8171587649588,342.7398176351965,-0.0165780604029284,98.01383482523248,35779565.20865528,38578990.18962401,-16997765.981600486,-96555.4076866249,1239.730505562996,2814.217383248982,-3.053741075486844
2022-11-19 14:00:00.000000Z,0.0002129351088836,42166284.58175383,0.143031973432581,89.6482711047665,265.6484600918542,11.017661046914473,-0.0167125109076284,98.02414829401668,35779334.32354571,41901586.63764453,4636647.397590829,-104529.42632635044,-338.1000968305327,3056.58314541437,0.8908532349937028
2022-11-19 16:00:00.000000Z,0.0002097232198312,42166194.58437827,0.1430850651205098,89.59859335243152,266.17255736288973,40.63452237549274,-0.0122955821702659,98.03329589460247,35781345.85679692,33931323.670432344,25021593.92650378,-84297.20781338727,-1824.7093322013595,2475.1778246125327,4.6000592199296655
2022-11-19 18:00:00.000000Z,0.0001914543145815,42165347.69695039,0.1432328598258831,89.55274559906559,262.67372296868035,74.26612068223248,-0.0044811693040319,98.0380774651667,35785020.183827095,16817469.082148045,38663973.57786639,-41286.05277034717,-2819.361625951856,1226.9486010553803,7.0718225850833845
2022-11-19 20:00:00.000000Z,0.0001714682407958,42164489.871099845,0.1434134277551278,89.5419897334553,255.87173386526888,111.15982240206785,0.0046359274534193,98.03689883276373,35788961.564619035,-4827209.547992956,41889880.42937755,12920.477504763923,-3054.292562446864,-351.4709739335267,7.637745058277558
2022-11-19 22:00:00.000000Z,0.0001488201599443,42164555.73715624,0.1435274685370751,89.55880431725194,249.98136224871396,147.10927267166787,0.0125828803817989,98.03065727146786,35791687.57516433,-25171821.662803832,33832963.810631976,63706.96859809359,-2466.629216599553,-1834.8810411460151,6.14340859153559
2022-11-20 00:00:00.000000Z,0.0001181732661288,42165650.52207679,0.1435421571662374,89.56293479768898,244.65051418151992,182.50957200399915,0.017177743144337,98.0221056265234,35792491.596553296,-38738038.19592278,16664838.215086002,97365.61505101647,-1214.8501202772072,-2824.0221553121964,2.9894923765634567
2022-11-20 02:00:00.000000Z,9.622002691709127e-05,42166679.96215339,0.1435332407264223,89.52167771392745,238.28342484236555,218.99199807005576,0.0171249133930438,98.01405274934548,35791696.26410755,-41873311.27415884,-4990957.755624008,104790.17570798437,364.0430305293846,-3052.7086216673347,-0.9757867635429918
2022-11-20 04:00:00.000000Z,9.592078323829272e-05,42166531.60356144,0.1436131047752784,89.44758705342787,241.1901668831354,246.23543464742917,0.012380202600477,98.00800756640916,35790024.18874051,-33732970.478758395,-25302835.319041274,83937.19268210231,1845.0244090565184,-2459.296150137192,-4.683819774896774
2022-11-20 06:00:00.000000Z,0.0001099248341334,42165432.4589024,0.1438046630669242,89.38902393873094,254.4018590351609,263.1609036552062,0.0041840268766329,98.00447099972828,35787846.9028395,-16508167.228994863,-38800115.7429308,40392.56908114425,2829.270657972167,-1203.4039248341603,-7.1329055786674695
2022-11-20 08:00:00.000000Z,0.0001308150553636,42164523.24262044,0.1440084775719688,89.37724873561237,265.29740684595765,282.3587807286597,-0.0052576099615005,98.00398524655436,35785205.0028341,5162822.199584117,-41846056.88029357,-14118.765060589963,3051.537795646837,376.8866632231616,-7.659069789055072
2022-11-20 10:00:00.000000Z,0.0001561421581487,42164577.31157867,0.1441092705322977,89.39168454492074,269.4883911245557,308.2388221003063,-0.0133657643153388,98.00731197606127,35782364.77828839,25442559.443445124,-33618147.907882646,-64886.89916598309,2451.677498223301,1855.9393925978568,-6.116518654470718
2022-11-20 12:00:00.000000Z,0.0001858382006534,42165470.154506855,0.1440979614643016,89.3816971928114,270.73218499352214,337.0944143181466,-0.0178934410865017,98.0145775263766,35780114.86583829,38866380.67629904,-16331350.612544438,-98186.06432373742,1191.045118759453,2835.116100654805,-2.918346745769157
2022-11-20 14:00:00.000000Z,0.0002096988669717,42166422.10256609,0.1440834911986587,89.31824105197302,272.31730177702065,5.66467754960149,-0.0175487183777324,98.02436904182416,35779486.0157187,41815759.377105385,5356904.276366414,-104987.88804164084,-390.6988376535547,3050.299829027022,1.0737061621922956
2022-11-20 16:00:00.000000Z,0.0002134751998193,42166603.13615153,0.1441872458289171,89.22454921680368,273.04656000922154,35.12057533673473,-0.0123635926090382,98.03370011214815,35781102.76611041,33495527.477113698,25601644.06448506,-83413.41612566386,-1867.085906010744,2443.4112527652915,4.781398560347142
2022-11-20 18:00:00.000000Z,0.0001978918413337,42165791.05529025,0.1444198245360305,89.15546357571112,269.63466434865927,68.68912974935895,-0.0037028086047318,98.0391385017612,35784620.08252011,16149040.0244332,38947465.26036104,-39253.971947996266,-2840.112911236749,1178.235317487539,7.201804289705893
2022-11-20 20:00:00.000000Z,0.0001788400608816,42164664.91530626,0.1446603365318573,89.14280299508465,261.6459680312935,106.77206139483263,0.0060944026031827,98.03857771431498,35788702.66995759,-5548240.857926851,41800229.04488874,15585.532749953756,-3047.8125765604213,-404.0149640765309,7.679009394430447
2022-11-20 22:00:00.000000Z,0.0001594903986357,42164348.42133167,0.1447672177006223,89.1580188871349,253.7303798103379,144.74849277263243,0.014342842596207,98.0325020764302,35791702.72149988,-25751147.10551272,33394152.32363424,66297.51450766594,-2434.6558425558687,-1877.0845864991277,6.081213432600556
2022-11-21 00:00:00.000000Z,0.0001295477108229,42165329.26933484,0.144729471653642,89.13177637471048,246.7244110952425,181.8540252404867,0.0187393309239662,98.02369034201035,35792651.833171,-39019550.08459251,15995008.851881962,99164.73001348028,-1166.0091105425415,-2844.510809076865,2.836137127137418
2022-11-21 02:00:00.000000Z,0.0001014393890167,42166711.87704381,0.1447072077278498,89.02401955165833,237.1657068546523,221.59431205986684,0.017998606540114,98.01538396679466,35791773.575568825,-41781207.65759164,-5711476.537916099,105262.5480009634,416.5901212744165,-3045.9780000583346,-1.1830334068842814
2022-11-21 04:00:00.000000Z,9.289639452492324e-05,42167022.25724892,0.1448734770329307,88.87860837455145,235.3080025247452,253.673601135991,0.0122319066359405,98.00942448660284,35789986.07286058,-33292070.0354658,-25880143.09399413,82883.01374814346,1887.1300570125936,-2427.162514762347,-4.890849098379951
2022-11-21 06:00:00.000000Z,9.789398996933863e-05,42165971.177571714,0.1452039193529626,88.7827622847203,250.34500484501223,268.8112514313005,0.0029548674703123,98.00609615072534,35787919.40931691,-15837236.21551026,-39078853.826528735,38023.25400364559,2849.5848590957103,-1154.5153558715028,-7.28220523370079
2022-11-21 08:00:00.000000Z,0.0001139370840991,42164708.0020648,0.1454988272896597,88.76818676945817,267.67115997206963,281.5811324323353,-0.0073051874714311,98.00542108288508,35785606.023617,5882960.515469197,-41751307.82312398,-17215.241808962084,3044.577133083585,429.3453443120061,-7.706292636412648
2022-11-21 10:00:00.000000Z,0.0001383206226976,42164403.8897513,0.1456045264003819,88.78309423466942,275.8293424116007,303.49270281725614,-0.0157047231321749,98.00794675795142,35783047.93923835,26017853.385781955,-33175777.472417746,-67894.34526382979,2419.338949386632,1897.8114340086163,-6.044414906981776
2022-11-21 12:00:00.000000Z,0.00017008796057,42165229.84727688,0.1455578003392862,88.75150537376199,277.8656209059934,331.5763192180166,-0.0198769655583237,98.0141200508287,35780785.322044924,39142043.17936434,-15660942.830015056,-100282.39909309598,1142.0783502338636,2855.131383551264,-2.7426841630991263
2022-11-21 14:00:00.000000Z,0.0002005702274047,42166416.70900119,0.1455387307494926,88.64465964416551,279.41389277501185,0.2260175629460031,-0.0185953275264047,98.0231125428069,35779822.44923546,41717891.44957335,6074531.402857772,-105574.482146755,-443.0998789458953,3043.1044101557627,1.308053690431099
2022-11-21 16:00:00.000000Z,0.0002124158965333,42166932.980315685,0.1457056554446815,88.50554115110576,280.5578599294076,29.312538344500144,-0.0121265153217177,98.03234881961208,35780985.42405857,33050717.79395997,26173171.109957263,-82285.10874391423,-1908.8402567799617,2410.958630081768,5.012525937834503
2022-11-21 18:00:00.000000Z,0.0002011044132423,42166293.96096708,0.1460504152515293,88.41019683883498,277.7883522276349,62.26553020609866,-0.0021761198976991,98.03835356952032,35784209.328441024,15477095.67509182,39218893.57412068,-36663.369452076025,-2859.996126584146,1129.245988982389,7.367373999139997
2022-11-21 20:00:00.000000Z,0.0001828425420851,42165013.23062458,0.1463961240609841,88.39636518727963,269.3384427125255,100.8116128493537,0.0085616401229155,98.03855922564958,35788321.03305517,-6266360.8334221095,41698231.91012468,18986.52299511597,-3040.4559499756724,-456.3612403669633,7.732994211992895
2022-11-21 22:00:00.000000Z,0.0001670544676777,42164287.236196496,0.1465506559480534,88.42040167835081,259.5968931011644,140.60560529699492,0.0171278779439814,98.0329040184108,35791593.13008173,-26321915.230671093,32945987.16452243,69623.47068029047,-2402.025310740049,-1918.6730676409877,6.006277752657351
2022-11-22 00:00:00.000000Z,0.0001414739662361,42164957.45564157,0.1465038205998238,88.38512350227992,251.07105133794263,179.23992129542788,0.0211002916106979,98.02396760499454,35792785.177268475,-39289104.67032518,15321312.730946844,101525.57332234092,-1116.902790191136,-2864.123782563546,2.64837834051046
2022-11-22 02:00:00.000000Z,0.0001114269922092,42166505.32680414,0.1464844893843383,88.23227943520892,239.24388210149377,221.29342369357997,0.0192628759167844,98.01532495918184,35791898.2617659,-41676909.04404534,-6429299.443279225,105995.18049898252,468.9358238059288,-3038.342579511609,-1.4379537145299457
2022-11-22 04:00:00.000000Z,9.804124748240868e-05,42167342.38358831,0.1467487935269467,88.02255885659837,230.93579166174572,259.8873729667424,0.0119760543862288,98.0093300939378,35789930.87904681,-32841975.17874348,-26448892.89349,81729.06954638536,1928.6241400944891,-2394.343454023027,-5.148365952730104
2022-11-22 06:00:00.000000Z,9.412849281198606e-05,42166584.87702907,0.1472634425873887,87.8853127524235,241.9777700840849,279.06177014832525,0.0011384200870387,98.00632425184996,35787822.38626887,-15162500.255432837,-39345463.23281589,35213.10685888518,2869.0484082055605,-1105.341152497468,-7.473946228689567
2022-11-22 08:00:00.000000Z,9.950185909399085e-05,42165096.56887697,0.1477204461635202,87.86915217789107,264.5376794426407,286.5996632933068,-0.0102928998349921,98.00583012445492,35785760.60269833,6600580.427779526,-41644041.08742887,-20998.04134328282,3036.7484300442825,481.625382779924,-7.777803260599025
2022-11-22 10:00:00.000000Z,0.0001192008260715,42164356.31832309,0.1478921729575869,87.89624805164424,279.3487452850003,301.8457358104592,-0.0191203693090037,98.00792992976062,35783566.985918805,26584979.68034672,-32723737.573157504,-71675.8999741363,2386.3334654275195,1939.087211028356,-5.971742374056559
2022-11-22 12:00:00.000000Z,0.0001504382754633,42164949.38293127,0.1478431332812166,87.85931300548884,283.97692257777123,327.34183271213374,-0.0228150200679266,98.013136948974,35781471.717943475,39406018.3082363,-14986250.62251332,-103055.01016478296,1092.8250994050975,2874.2793535813294,-2.5408718538395885
2022-11-22 14:00:00.000000Z,0.0001854779348766,42166257.4987563,0.1478303785279046,87.72295259410096,286.10756442780576,355.43769838826427,-0.0202387935912413,98.02115248967549,35780324.36297697,41607954.27395689,6789893.044384403,-106573.22074659284,-495.31553354886825,3034.9996446674318,1.588096255434725
2022-11-22 16:00:00.000000Z,0.0002055473781952,42167122.93547774,0.1480644440220621,87.54665040581583,287.93894158145645,23.87356987378569,-0.0119793200232361,98.02996555170644,35781059.874356404,32596787.016785394,26736506.1921937,-81202.39683973338,-1949.98029615782,2377.80902060672,5.297587882972358
2022-11-22 18:00:00.000000Z,0.0002003320147867,42166788.072883,0.1485335622899042,87.42832016126856,286.28945844171926,55.72984545343217,-0.0002095869800906,98.0362919838991,35783893.246936925,14801505.264523312,39478489.05428728,-33740.75292096458,-2879.0100071528377,1079.965297320923,7.581665343821054
2022-11-22 20:00:00.000000Z,0.0001833322152205,42165513.60578773,0.1490140063263265,87.41642669440338,278.2182702352589,93.89602481499143,0.0118891849436108,98.03725341100296,35787900.43932943,-6981671.800285983,41584016.6706294,23014.50402536305,-3032.2173632929075,-508.52262637162863,7.818530799122612
2022-11-22 22:00:00.000000Z,0.0001703924161158,42164437.06843618,0.1492625239741288,87.46026344772946,267.05984923061936,135.08768917951957,0.0209834996020248,98.03219921398292,35791387.43901904,-26884194.73243527,32488512.28286045,73718.4284704049,-2368.7341948805547,-1959.6573326765572,5.938574161192221
2022-11-23 00:00:00.000000Z,0.0001516599872628,42164654.05693797,0.1492507140254843,87.44199091332108,257.12752402909115,175.11151644060735,0.0244888333104643,98.02329693270252,35792888.48364665,-39546756.18132012,14643719.50805658,104616.05209711888,-1067.530467084718,-2882.8704968290094,2.442900683518422
2022-11-23 02:00:00.000000Z,0.0001242856893634,42166109.637097456,0.1492475145801458,87.28101861394461,244.38112684538424,218.0919800254877,0.0212802633099238,98.014259705041,35792096.8910142,-41560475.66575979,-7144507.332426593,107254.7780117914,521.0775030786783,-3029.8062638582146,-1.730196341851935
2022-11-23 04:00:00.000000Z,0.0001098102772358,42167396.58451148,0.1495937641011861,87.03569859853583,231.1830366822489,261.61128665391226,0.0120384035358713,98.00802274687682,35789934.610259086,-32382781.455764662,-27009168.843876574,80788.61111169698,1969.4997320609336,-2360.836650731693,-5.454065311510181
2022-11-23 06:00:00.000000Z,0.0001027999825002,42167151.141142935,0.1502959491622203,86.86688860156832,234.2076248324458,288.8349240650261,-0.0008607441057538,98.0053021802497,35787614.28932844,-14484104.427108044,-39600003.28328949,32259.90063363085,2887.656041695507,-1055.8773644349594,-7.714858930514794
2022-11-23 08:00:00.000000Z,9.521420706697228e-05,42165674.71596443,0.150965318146428,86.85386521808208,254.8409962229072,298.29672082658374,-0.0139272169386108,98.00531032448768,35785634.26746093,7315528.277598571,-41524282.24299088,-25250.99180436305,3028.0550497345757,533.7332440181833,-7.889257494373083
2022-11-23 10:00:00.000000Z,0.0001031475873248,42164513.61042015,0.1512672738934807,86.90793347914932,276.8078911495137,306.3600726810336,-0.0235062304778503,98.00749117650244,35783797.88483311,27143828.86321064,-32261982.398737542,-76152.99400665649,2352.668284178113,1979.780516143472,-5.920339992492702
2022-11-23 12:00:00.000000Z,0.0001294566862422,42164711.424512535,0.1512562272425478,86.8896176626117,286.9669634656155,326.3060451016883,-0.0268248884092796,98.01208878969892,35782032.66747216,39658228.33429285,-14307112.565890014,-106589.90526132446,1043.2856643018224,2892.5766340046107,-2.3358013210339923
2022-11-23 14:00:00.000000Z,0.0001656037393616,42165969.80198872,0.1512579887523046,86.74825520032857,291.1209062586,352.3826426806562,-0.0228015507310751,98.01913565473504,35780911.56336704,41485840.69546351,7503244.999085861,-108220.87533724982,-547.3532515717196,3025.9933562220995,1.8957946341218967
2022-11-23 16:00:00.000000Z,0.0001925254675438,42167126.48641244,0.1515478166886031,86.55287981579652,294.18659472907547,19.602567330320785,-0.0123772298482301,98.02723960857692,35781341.57964665,32133575.53393872,27291912.304743927,-80499.55644512168,-1990.5112756363555,2343.957036618945,5.628182833522495
2022-11-23 18:00:00.000000Z,0.0001947080942894,42167184.18120018,0.1521285549986233,86.42096303322654,294.10224281707065,49.907271619061326,0.0017168520924829,98.0335384228455,35783758.59973999,14122103.425794732,39726448.17216338,-30838.56892360606,-2897.1506598271058,1030.3818661298478,7.848152318029148
2022-11-23 20:00:00.000000Z,0.0001802923923721,42166097.0639936,0.1527466927497462,86.41492599766654,287.2850419447599,86.81418455191536,0.0156876736378738,98.03507650451871,35787536.21063009,-7694287.789191328,41457703.53907373,27383.465641361032,-3023.0878026494024,-560.5083232676095,7.950157813530794
2022-11-23 22:00:00.000000Z,0.0001691344698123,42164815.33067027,0.1531133129232627,86.48619287787722,275.4462380353009,128.65946599077583,0.0257030724725008,98.0306868848614,35791132.59366004,-27438040.379554883,32021790.806854505,78430.56014341606,-2334.775973304686,-2000.0448032602028,5.900003023401393
2022-11-24 00:00:00.000000Z,0.0001578944816492,42164539.07703784,0.1531673334532081,86.50749060920316,264.24006111897774,169.91776621605473,0.0289275180856397,98.02197701620535,35792956.789177604,-39792529.47011552,13962234.322550807,108452.79741695688,-1017.8902794187296,-2900.7598168455106,2.243660922154331
2022-11-24 02:00:00.000000Z,0.0001372129333378,42165650.65014197,0.1531819724574338,86.3786286078243,251.54758384624265,212.81180413029907,0.0242960684841026,98.01254482995024,35792376.018215224,-41431935.80022232,-7857158.159679768,109221.77460669166,573.0119842914149,-3020.376770368765,-2.0389541871395007
2022-11-24 04:00:00.000000Z,0.0001242922312904,42167161.58474252,0.1535614894095349,86.13950905002474,236.3162405780102,258.3576756802617,0.0128363696021547,98.00581964696828,35790081.612657174,-31914568.4216864,-27561068.99596081,80368.72496825998,2009.7454150505207,-2326.6456201529422,-5.794055609670188
2022-11-24 06:00:00.000000Z,0.0001202299230165,42167520.90247844,0.1543945492260848,85.96058609665955,232.2495069127348,292.6827965259154,-0.0025346784299778,98.00314656185896,35787428.32246221,-13802232.608417438,-39842595.316062845,29537.48287540555,2905.391991064218,-1006.128016472663,-8.000695223590641
2022-11-24 08:00:00.000000Z,0.0001069441983776,42166350.49629675,0.1552750070303389,85.95664025280058,244.8359374643952,310.1830713936174,-0.0177146358240943,98.00376864746475,35785303.57770622,8027532.624977664,-41392192.069782495,-29610.656844893187,3018.490529104207,585.6626570979693,-8.048035231708974
2022-11-24 10:00:00.000000Z,9.836797624778524e-05,42164915.471310034,0.1557511563420397,86.05003818266734,267.08854215518073,317.9219364745365,-0.0284981831086992,98.0065023705243,35783699.75253292,27694137.11516063,-31790701.110005043,-81057.2842452917,2318.3512078103035,2019.891300810104,-5.908945924840924
2022-11-24 12:00:00.000000Z,0.0001123403713667,42164619.63045096,0.1558146679580682,86.0761194089681,284.218866336614,330.8521607244215,-0.0317674742574628,98.01100175964729,35782345.560998514,39898488.890986025,-13623677.927294502,-110784.35198692596,993.4720639813488,2910.033973065064,-2.153849908331599
2022-11-24 14:00:00.000000Z,0.000144060702732,42165625.64425256,0.1558313063988017,85.96022266967984,292.7407753876869,352.53458139944706,-0.0264143226444166,98.01730442139416,35781465.71432347,41351436.507610805,8214533.712322884,-110613.26109448315,-599.2061204828998,3016.0995398149767,2.203558642274179
2022-11-24 16:00:00.000000Z,0.0001743255243058,42166935.23118366,0.1561463651653106,85.77005807864163,298.1159817399714,17.438917047014304,-0.0136975732946281,98.02454754945548,35781785.20789145,31661004.82183177,27839420.635745376,-80453.77963964928,-2030.4290842177109,2309.411505020428,5.982630006609792
2022-11-24 18:00:00.000000Z,0.0001837246678157,42167399.28801227,0.1567983026455994,85.63702975112852,300.14004550510634,45.6359262394421,0.0030667834063265,98.03045400581767,35783844.60664299,13438849.871829191,39962847.788099855,-28351.037884760124,-2914.411134897809,980.5004763183288,8.15675098016512
2022-11-24 20:00:00.000000Z,0.000173518341512,42166655.955303445,0.1575251810770187,85.63922024985018,295.38765219955167,80.47007493623896,0.0193906167659627,98.03226190830604,35787306.352264866,-8404192.514664669,41319404.1297326,31676.921441507428,-3013.0595340478576,-612.3129299252366,8.13193925454284
2022-11-24 22:00:00.000000Z,0.0001635067308958,42165369.71221407,0.1580038989877769,85.73839700363408,283.9139788510555,121.92291517786492,0.0308257433058697,98.02847176538602,35790877.47077121,-27983397.66779886,31545970.84946526,83420.8965780443,-2300.1485407858245,-2039.831691057024,5.907557385223704
2022-11-25 00:00:00.000000Z,0.0001584648445796,42164686.28873433,0.1581322680607276,85.80938002157559,271.7497155668434,164.0899446516412,0.0341673801325657,98.02009121311512,35792974.8858039,-40026379.7690698,13277005.080703158,112852.62292712908,-967.986514663138,-2917.7964051466533,2.075970696473868
2022-11-25 02:00:00.000000Z,0.0001468398833794,42165293.16676568,0.1581553702502133,85.74049297365394,259.5075208086842,206.47342171916463,0.0283245890096461,98.01035642790924,35792698.30014384,-41291287.5843782,-8567169.660532922,111906.67573765792,624.7317846811657,-3010.066917234332,-2.336836135092576
2022-11-25 04:00:00.000000Z,0.0001376402947318,42166721.30900586,0.1585022741321839,85.54551474798116,244.5787542398726,251.671903229482,0.0146385194994782,98.00295869051476,35790408.65441145,-31437405.15073823,-28104613.37054887,80667.03835743571,2049.347997156788,-2291.785276885496,-6.14458631506089
2022-11-25 06:00:00.000000Z,0.0001385873869605,42167588.84487101,0.1593592265133721,85.38074886276571,236.09798431163355,290.3965737296002,-0.0034178207548632,97.9999545502788,35787414.44223575,-13117076.882393878,-40073373.60830537,27388.53726082682,2922.2362437542715,-956.1107993392836,-8.315524809816953
2022-11-25 08:00:00.000000Z,0.0001299892827641,42167008.62692919,0.1217239034724773,82.10701006628304,244.0974146187751,315.7540602537477,-0.0166788127501022,98.00100443104688,35784944.77423769,8736280.620612953,-41248053.774803765,-30418.04492357658,3008.0484035207246,637.3900579651688,-6.144061421635076
2022-11-25 10:00:00.000000Z,0.000111060046763,42165569.52137791,0.1223518335535858,82.30189194041243,259.42485698864414,330.3174059739565,-0.0100461553043065,98.00453975326757,35783363.96653403,28235615.66096957,-31310340.9607319,-68708.54740706999,2283.3962591402264,2059.4001187284,-4.243031416346578
2022-11-25 12:00:00.000000Z,0.0001068454784454,42164805.44618908,0.1224968561694345,82.42184016351226,278.12147245367186,341.5878604407916,-0.0009810490365884,98.00942212362668,35782393.900400445,40126675.61723279,-12936475.723194253,-88688.08080503669,943.4136588540144,2926.6496839097954,-1.1742013306050207
2022-11-25 14:00:00.000000Z,0.0001251541194951,42164607.26136227,0.1225305375264997,82.34013358553894,309.3880294031815,340.4911026108692,0.0083212585880904,98.01537919125552,35781496.07258665,41204407.51777692,8923243.40223348,-84788.38761773586,-650.9590057567333,3005.314409348359,2.236371308591347
2022-11-25 16:00:00.000000Z,0.000157424661229,42165867.30618498,0.1228507822914095,82.1370644285822,315.2395443572226,4.932062671420693,0.0155729731733752,98.02265101172785,35781116.93071751,31177939.07089894,28378432.920487165,-57897.58712684174,-2069.87568269289,2274.139154991342,5.063474917237108
2022-11-25 18:00:00.000000Z,0.0001740668514665,42166657.57689337,0.1235292966854083,81.99452158122727,318.81984632167433,31.583615710604143,0.0189671292767476,98.02983038608976,35782267.609185174,12749435.0318915,40186457.83536962,-15153.44077497364,-2930.96099843511,930.1644216461308,6.536851416583021
2022-11-25 20:00:00.000000Z,0.0001677539509752,42166345.90110186,0.1243056605455789,82.0276610079363,317.32334322289853,63.13355209733512,0.0176512706430259,98.0342702396336,35785011.324412584,-9114645.480677912,41166166.837528266,31970.643922151925,-3002.200538518825,-664.2540748639366,6.250584789619005
2022-11-25 22:00:00.000000Z,0.000152985347675,42165259.8896113,0.1248427163612614,82.19826206838272,308.4585778074306,101.90944898091124,0.0119574097199736,98.03386854737194,35788453.14113881,-28523208.01734057,31055481.343319893,70760.06413983015,-2264.678423784824,-2079.4006837688403,4.2738345634648445
2022-11-26 00:00:00.000000Z,0.0001438906163014,42164351.60346418,0.1250151215097908,82.35419050416782,295.97035990774754,144.31853601139517,0.0033171845736904,98.0285304850488,35791142.406649165,-40249000.564897455,12580057.798308304,90691.72025556116,-917.3780916575824,-2934.229141649179,1.1320421409726549
2022-11-26 02:00:00.000000Z,0.0001341040105003,42164435.80437145,0.1250346262113393,82.35199087311595,283.7565335186511,186.60863856838895,-0.0061144012451294,98.0204712247337,35791915.64329441,-41135470.821249984,-9283261.120561209,86273.97814535702,676.8022727318595,-2998.8147608907034,-2.334776508698003
2022-11-26 04:00:00.000000Z,0.0001230300137965,42165511.21765878,0.1253147575692001,82.18771724571091,269.0487910062297,231.5553899375173,-0.0140182549415179,98.0130719399066,35790599.2725744,-30944448.79278314,-28646814.50360642,58535.67329494852,2088.7508338105517,-2255.854811051589,-5.196685143620316
2022-11-26 06:00:00.000000Z,0.0001231089197544,42166622.83889757,0.1260989209900134,82.0336105136647,256.18136694223574,274.6549768940363,-0.0184917166867428,98.008995015893,35788063.92188472,-12419679.89269366,-40295655.26133941,14779.02983450875,2938.3118909437458,-905.2361611863952,-6.680476486228413
2022-11-26 08:00:00.000000Z,0.0001227529240732,42166634.53101967,0.127135497880127,82.08236567032506,255.93175718048417,304.93785508087257,-0.018487882294112,98.00888570807103,35785532.830668874,9450288.577863608,-41090947.766464174,-33329.43466498818,2996.482138751114,689.46763405672,-6.374879181513956
2022-11-26 10:00:00.000000Z,0.0001098231645645,42165507.12786777,0.1278786800274983,82.31598072024423,268.1339980457304,322.5869520017277,-0.0140218145762739,98.01170451217143,35783691.846999496,28774086.848684464,-30816658.349522445,-72840.98532684639,2247.3275714305496,2098.662480867552,-4.344488871492513
2022-11-26 12:00:00.000000Z,0.0001011170289037,42164445.91879424,0.1281053530487128,82.51730653893576,286.7520739559327,333.8542147026268,-0.0061505273107752,98.0162335427376,35782481.555805445,40344793.30893198,-12239557.207908098,-93001.08229121663,892.544612159477,2942.5417617837074,-1.1218366157792552
2022-11-26 14:00:00.000000Z,0.0001126078114981,42164494.48146171,0.128125074164672,82.5234044179116,302.5426934419283,348.1453773830906,0.0032451441279806,98.02197778338538,35781710.6740171,41043911.49307358,9635471.25108222,-88198.68971257345,-702.8421092483383,2993.5852849612297,2.429406442031357
2022-11-26 16:00:00.000000Z,0.0001372974399623,42165487.25486152,0.1283758155136833,82.37985430993648,312.9373202969558,7.983061120039982,0.0118740341671074,98.02860332252789,35781617.12927455,30682535.44280786,28914068.217461318,-59548.97547058896,-2108.872703367268,2237.953896388693,5.348303791888068
2022-11-26 18:00:00.000000Z,0.0001554960451344,42166438.45037393,0.1289936395028851,82.26134280966322,319.63902734475136,31.48834521978469,0.0175893401892359,98.03494938913144,35782709.959451735,12052804.635484386,40401320.55084524,-14640.202272268738,-2946.575543486787,879.3061029977231,6.839975556164441
2022-11-26 20:00:00.000000Z,0.0001550368700334,42166552.25191463,0.1297538734317277,82.2977610206248,321.15637213709283,60.02072212281193,0.0189435686322178,98.03895636662892,35785147.85651155,-9824791.279074926,41002620.35761768,34493.86072233668,-2990.257820640122,-716.0877430648123,6.493404926244788
2022-11-26 22:00:00.000000Z,0.0001435110246555,42165822.73553825,0.130317170923899,82.47541103639618,315.0520026448411,96.0293382461039,0.0155777736595031,98.03871940069612,35788320.48869826,-29055671.72104501,30557691.50184176,74618.5659113631,-2228.4023425982905,-2118.2736341686305,4.393865592721987
2022-11-27 00:00:00.000000Z,0.0001363110913864,42164910.12224887,0.1305227844685587,82.66540809696865,303.32757138556786,137.6410051709493,0.0083257556146662,98.03381708353908,35791019.84480915,-40460409.19433344,11882090.55674689,94872.5065419088,-866.5291784410161,-2949.676361962789,1.1000119378192457
2022-11-27 02:00:00.000000Z,0.000133640395955,42164583.91177756,0.1305234253324267,82.73200159334674,291.19892007008184,179.77726570580234,-0.0009999405311385,98.02588391964312,35792081.760884054,-40968909.977062576,-9993383.78864439,89699.96918143689,728.5183186367208,-2986.665406340749,-2.507035211360668
2022-11-27 04:00:00.000000Z,0.0001302912817294,42165159.612903535,0.1306868542783885,82.64731296136598,278.45888257973746,222.67621696523847,-0.0100800556063241,98.01797372465973,35791061.26980829,-30444939.73142049,-29177787.52352824,60354.32663210382,2127.384838077811,-2219.393152897936,-5.460344817650538
2022-11-27 06:00:00.000000Z,0.0001333815496255,42166197.53622372,0.1312953493785393,82.53786305512578,265.8655198966969,265.4562349495441,-0.0166837043740185,98.01304517804576,35788505.344282344,-11721961.79890954,-40504581.53667344,14579.50612143188,2953.4711777940247,-854.3068130174235,-6.964924556416601
2022-11-27 08:00:00.000000Z,0.000139993824597,42166720.71798341,0.1322260341510854,82.5860103899659,261.04292518855993,300.3122405958792,-0.0192156982550118,98.0124703650439,35785603.74857913,10158283.795480262,-40921742.98005164,-35433.26379785121,2984.1151611510454,741.1558671823382,-6.608407894076242
2022-11-27 10:00:00.000000Z,0.0001335515260401,42166142.8072292,0.1329938648641613,82.82594587653266,266.22739010196017,324.9731218022975,-0.0170724228394159,98.01561843827425,35783394.14304884,29301774.509879217,-30314928.692336872,-76270.02904814247,2210.75998616989,2137.2132805488923,-4.4718768520738
2022-11-27 12:00:00.000000Z,0.0001177059155371,42165069.811137445,0.1332765711713682,83.08167192708046,278.0609512927125,342.9712193633368,-0.010755549070811,98.02086844874864,35782187.27605111,40550002.96508252,-11540399.410956413,-96870.87183750622,841.5995582244548,2957.5614895805297,-1.1147238957708572
2022-11-27 14:00:00.000000Z,0.0001119144712505,42164635.89880112,0.1332762118987397,83.16864617241541,292.5859731331349,358.4474329253525,-0.0017659502885499,98.02694237737867,35781781.79784316,40871261.06400263,10343616.077089071,-91534.2938333511,-754.4298925121359,2981.00227176043,2.567228754921248
2022-11-27 16:00:00.000000Z,0.0001221219566533,42165188.787330806,0.1334307285426623,83.08999659291885,306.1036029579655,15.096776132385491,0.0077125386597828,98.03313027067584,35782080.16585971,30178635.646668296,29440279.84041039,-61521.24701629186,-2147.170709212317,2201.1729911819275,5.580754790611212
2022-11-27 18:00:00.000000Z,0.0001353039045144,42166090.851266086,0.1339358380140291,82.99952627230427,316.4420977714867,34.93632420059728,0.0153221599121316,98.03856840287744,35783276.50944292,11353650.92514408,40603930.61477732,-14774.503404651765,-2961.2676721143007,828.2781519022446,7.106709986443795
2022-11-27 20:00:00.000000Z,0.0001374169095266,42166529.3020426,0.1346176588287823,83.03321308728282,321.572861686192,59.85726544352365,0.0191287057763884,98.04182707667914,35785482.019915536,-10530764.325545393,40827349.428015776,36194.73225498744,-2977.4224479255686,-767.6073209340982,6.7251247127497535
2022-11-27 22:00:00.000000Z,0.0001290665854819,42166224.84320082,0.1351548092905581,83.19914775844619,319.056171319813,92.2897652416894,0.0181372936054024,98.04143797354594,35788304.57994659,-29578414.71538642,30051957.41806885,77676.26410961019,-2191.5144166028717,-2156.4370638264286,4.530815799066458
2022-11-28 00:00:00.000000Z,0.000122763186625,42165507.12830494,0.1353672573200886,83.39406962121089,309.24698769280326,131.98162925044676,0.0125694037488205,98.03690591581166,35790832.21352678,-40659224.68625933,11182115.959599556,98463.30867117076,-815.5103788446097,-2964.2240511592213,1.1082805089026442
2022-11-28 02:00:00.000000Z,0.0001244221972001,42164963.07804392,0.135354000081713,83.49774881282869,297.3626981949985,173.83682692229524,0.0038162989837079,98.02935775474263,35792042.005517095,-40790254.37436517,-10699089.622526577,92879.8853494608,779.9312857576532,-2973.670896297925,-2.626159210471012
2022-11-28 04:00:00.000000Z,0.0001289840305949,42165039.67835187,0.1354189647181183,83.47144243546418,286.14978822619224,215.1501440877372,-0.0059206505059972,98.02132280649434,35791349.31021932,-29937001.85045673,-29699118.04231157,62316.636294274125,2165.3251741239355,-2182.3566944889008,-5.671042385283653
2022-11-28 06:00:00.000000Z,0.0001364670649291,42165748.97965701,0.1358357428218679,83.40149853404502,275.1410001552088,256.3053912250931,-0.0142023113627471,98.01570321772266,35788973.53623599,-11021726.879597504,-40701185.81041169,14868.844293458407,2967.7171093641928,-803.2268439921745,-7.208036365227474
2022-11-28 08:00:00.000000Z,0.0001482572548936,42166518.43059623,0.136578293332558,83.44121646748191,268.0388482905959,293.4486667568766,-0.0189739022359919,98.0144113127693,35785893.01357405,10862142.476420635,-40740863.17442258,-36815.93751747102,2970.8578921952458,792.5154892099748,-6.819635990385194
2022-11-28 10:00:00.000000Z,0.0001516872823641,42166554.5109285,0.1372731968571951,83.65537547644578,268.427629526149,322.93089640132314,-0.0190619050450593,98.01744797597466,35783313.63050375,29819786.131759312,-29805403.020074125,-78898.26644066081,2173.5827649409985,2175.0415010802794,-4.599861149049457
2022-11-28 12:00:00.000000Z,0.0001387168535694,42165774.23771008,0.1375684844385476,83.92220179721026,274.67188738782664,346.50768657222727,-0.0144311831533506,98.0231882158118,35781949.519435465,40742715.66631186,-10839465.361560352,-100030.10445003671,790.497930031661,2971.6724798889245,-1.131886607591865
2022-11-28 14:00:00.000000Z,0.0001222580619715,42165038.55023745,0.1375512883986067,84.06132032942656,284.275518130856,6.853568760239379,-0.0061866699099474,98.02968436304238,35781783.36144127,40686755.96790165,11047074.748244286,-94409.624643526,-805.6888568112448,2967.573681714897,2.6609711463881824
2022-11-28 16:00:00.000000Z,0.0001161548870613,42165077.75965605,0.1376129668755366,84.03812926753417,296.27452310179564,24.96582609677383,0.0036603614442748,98.0356198043162,35782500.61925852,29666747.895072527,29956625.558359176,-63395.122592350286,-2184.7478564711773,2163.8313042347745,5.758759496871316
2022-11-28 18:00:00.000000Z,0.0001180887611234,42165726.70452158,0.137984394357342,83.97526786584348,308.6354307410071,42.7544481250269,0.0126504421391918,98.04015294622548,35783933.28610104,10652565.02092665,40794151.51855713,-15201.26268033756,-2975.0367678405523,777.12796340206,7.321601543990211
2022-11-28 20:00:00.000000Z,0.0001174705309465,42166323.74852496,0.1385459960554953,84.00298412809515,317.49893608486485,63.94761723063704,0.0184876215451593,98.04240984917332,35786010.827807374,-11232044.249530438,40640560.45552356,37278.6194413925,-2963.71395801386,-818.7668358644597,6.920454515279945
2022-11-28 22:00:00.000000Z,0.0001104013013244,42166420.91917289,0.1390123816761624,84.1437277104703,319.29366791982443,92.0933837229504,0.0196454106901687,98.0415187182116,35788453.4560237,-30091115.723062217,29538783.229978144,79939.40341355407,-2154.0496333832707,-2193.855620436476,4.655838266667962
2022-11-29 00:00:00.000000Z,0.0001041690500884,42166030.9508669,0.1392056108083674,84.31794771212476,312.5592027331413,128.731419133903,0.0157864386923413,98.0371753478005,35790641.86636008,-40845414.76208515,10480827.634932864,101271.63222693928,-764.3654115138056,-2977.856551419693,1.131654808975472
2022-11-29 02:00:00.000000Z,0.0001074794227117,42165476.055378005,0.1391872551379228,84.42581760804819,301.3598693063327,169.89801639077766,0.007868733658344,98.03017414442432,35791800.703936234,-40599779.61674223,-11399667.80667522,95471.92965428224,831.0025633071602,-2959.8427148033065,-2.70761703326563
2022-11-29 04:00:00.000000Z,0.0001184659315092,42165169.629938684,0.1391952155100624,84.42985216981161,291.2992176578276,210.02904919615037,-0.0020959875999586,98.02245403196288,35791357.1296763,-29421112.697713356,-30210267.540674005,64014.84003495477,2202.557107799097,-2144.7796677059737,-5.831429439781859
2022-11-29 06:00:00.000000Z,0.0001317518507047,42165421.88204238,0.1394570676347608,84.38834466391167,282.5264483530749,248.9195609307784,-0.0115672560680045,98.01655359152215,35789282.392386526,-10319448.448343156,-40885205.25581883,15266.02942314393,2981.06465750854,-752.0353033864765,-7.400098203611352
2022-11-29 08:00:00.000000Z,0.0001475641381957,42166142.843193285,0.1399919580014496,84.41722728087163,275.12887933559546,286.36842898909225,-0.0181380562642569,98.01460124449986,35786251.50144792,11561564.267564,-40548297.91658253,-37752.825764944086,2956.739784030603,843.516429984551,-6.989510456295444
2022-11-29 10:00:00.000000Z,0.0001602658452782,42166673.70048091,0.1405428897150921,84.58473537035123,272.3486587519552,319.06589307940607,-0.0201471904126581,98.01721974263768,35783430.90782151,30328030.769190017,-29288254.00465306,-80840.86508471625,2135.823114142245,2212.12575418186,-4.703574578373322
2022-11-29 12:00:00.000000Z,0.0001564701633379,42166399.316731706,0.140802911003409,84.8187035743675,274.6655094687191,346.60310933849496,-0.0170784651687483,98.02312143563562,35781844.015717685,40923021.12899718,-10137053.502869733,-102406.2571480246,739.2633451651141,2984.862045609926,-1.1468743866894822
2022-11-29 14:00:00.000000Z,0.0001381350982413,42165628.06757983,0.1407775742018208,84.96806661380242,279.7227230308551,11.485519707330669,-0.0096730008129555,98.029973652918,35781783.11944771,40490646.88419026,11745512.041261569,-96572.3322069821,-856.5984993499566,2953.303064080488,2.73304633290854
2022-11-29 16:00:00.000000Z,0.0001202481682429,42165205.60976763,0.1407778003039367,84.97823936783011,286.9246330698485,34.36138485180375,0.0002373131300408,98.03578582565336,35782882.9222425,29147237.05985261,30462862.22618136,-64789.26721062016,-2221.5944169460354,2125.949899745351,5.894834571704891
2022-11-29 18:00:00.000000Z,0.0001089750133554,42165453.69577199,0.1410300269614052,84.93783194289558,296.9873015702574,54.42495078200995,0.0101514440065033,98.03947723644254,35784643.148545474,9949924.462336754,40971926.887022495,-15496.98039154111,-2987.8891726811426,725.8842814847961,7.483488126426266
2022-11-29 20:00:00.000000Z,0.0001002725637482,42166019.78495723,0.1414588077520222,84.95905415968465,307.52307989677894,73.95117111501622,0.0175167744816255,98.04056381786296,35786713.51122342,-11928349.029563198,40442399.23069369,38109.83887941661,-2949.1514809552004,-869.5400228410758,7.064439985832139
2022-11-29 22:00:00.000000Z,9.048935107575748e-05,42166419.98681191,0.1418258843085168,85.06791863196061,313.5921308553688,97.85365433398772,0.0203972640770776,98.03882943486902,35788804.02847279,-30593659.098821543,29018481.62501265,81624.7183845998,-2116.034354437143,-2230.5095154786727,4.743808113739782
2022-11-30 00:00:00.000000Z,8.276368385349105e-05,42166410.57464259,0.1419787168365724,85.20352123183314,311.0023717588611,130.3855040172139,0.0180010774681789,98.03438958811206,35790534.57629501,-41019071.155293696,9778649.691872776,103315.49968777694,-713.125073071152,-2990.563481703564,1.1412854404160293
2022-11-30 02:00:00.000000Z,8.553374609246786e-05,42166017.10831224,0.1419632058774814,85.28854908951456,301.3043536867405,170.07417873914446,0.0109104197219524,98.02793981066056,35791432.732545644,-40397797.843706,-12094671.322076635,97295.18388053472,881.703315557022,-2945.185783819122,-2.7766309248772103
2022-11-30 04:00:00.000000Z,0.0001004956137848,42165499.02764176,0.1419600872936701,85.29630350325041,292.6194903342051,208.82637369831463,0.0009430307048958,98.02089018055888,35791074.29230228,-28897744.4111776,-30710885.831525043,65118.38169088073,2239.067453835961,-2106.683113242314,-5.95702790533886
2022-11-30 06:00:00.000000Z,0.0001196530179356,42165298.30745103,0.1421321928674873,85.2699155801646,286.75761601658473,244.79110224391303,-0.0093207970317311,98.01522075572456,35789309.66662323,-9615602.1813569,-41056467.41601834,15373.42592175654,2993.526354518359,-700.7577828972435,-7.544037173449395
2022-11-30 08:00:00.000000Z,0.0001393731498757,42165740.46520576,0.1424931769121377,85.28948416080404,280.9112263021985,280.6977665489865,-0.0172176054454098,98.01292949372528,35786511.78103293,12256235.647171509,-40344030.57578444,-38617.69831038548,2941.7904416232736,894.14233372492,-7.108848454159199
2022-11-30 10:00:00.000000Z,0.0001591519487756,42166527.14320156,0.1428752683190535,85.40471828065648,276.5967737787884,314.98124999152094,-0.0206983609083413,98.0150614791694,35783645.85255619,30826411.16911893,-28763545.030972943,-82369.624361987,2097.508742829446,2248.459021946669,-4.764432714777941
2022-11-30 12:00:00.000000Z,0.000166998702451,42166819.287268296,0.1430632380433043,85.57396565372122,276.2697135900258,345.2269760920603,-0.0188518849067815,98.0208418289638,35781873.18605969,41090986.31472304,-9433263.637229225,-104113.05272364532,687.9135735015645,2997.1265796071325,-1.1350234050913628
2022-11-30 14:00:00.000000Z,0.0001541513254868,42166282.11731421,0.1430404713221235,85.69076252205122,278.2827252251494,13.186356059414544,-0.012126460295158,98.02789614137254,35781816.46140418,40283097.09481162,12438817.064358972,-97950.37827420104,-907.149622859658,2938.191755507952,2.809496147929874
2022-11-30 16:00:00.000000Z,0.0001314494357282,42165558.30861346,0.1430278496614825,85.70532161060788,280.79877411847303,40.74364974237491,-0.0022206970915425,98.03366222952424,35783221.68823276,28620298.461597003,30958914.673567463,-65457.15388589997,-2257.711134737337,2087.537048805211,6.010368652109429
2022-11-30 18:00:00.000000Z,0.000110738724399,42165349.33136167,0.1432055704887411,85.67803476373943,285.1117828916451,66.54303465809657,0.0083243519826333,98.0366332136376,35785353.219672546,9245878.429552631,41137250.8268947,-15295.016971557592,-2999.836541328929,674.5567369395959,7.603570126495836
2022-11-30 20:00:00.000000Z,9.270002638249462e-05,42165710.91071281,0.1435173814246427,85.69378340707094,292.2503677418773,89.47069843062206,0.0167601977792386,98.03649582904389,35787537.441376634,-12619635.625780916,40232914.00987423,39088.21882346301,-2933.751536223743,-919.9218752092354,7.1548594611447145
2022-11-30 22:00:00.000000Z,7.595037664199623e-05,42166270.528038815,0.1437775489920945,85.77026147839376,299.2357470650737,112.48812319725724,0.0208495885209334,98.03364495459356,35789358.27044029,-31086116.75811114,28491123.20930603,83068.15067211243,-2077.483400135965,-2266.3968029415773,4.779560539461087
2022-12-01 00:00:00.000000Z,6.360499312393257e-05,42166620.10635525,0.1438778524430433,85.8580380739827,300.0965955294978,141.61675757716444,0.0194726420011608,98.02877180528556,35790585.40199173,-41180364.441349104,9075668.194954991,104785.97822797802,-661.8024468285137,-3002.342265719549,1.1129932393176851
2022-12-01 02:00:00.000000Z,6.369682981155193e-05,42166502.761328354,0.1438712723011805,85.90204681198146,292.8536820417143,178.89173991333837,0.0129448336730355,98.02271566532735,35791051.13246801,-40184575.85996193,-12783998.487966765,98352.80522107428,932.0200574861168,-2929.6993241116484,-2.860063253466865
2022-12-01 04:00:00.000000Z,7.958630189327415e-05,42165950.33477464,0.1438964850047743,85.89274511083046,287.3271475020249,214.50351082688363,0.002951790468514,98.01651492166005,35790578.76173136,-28367249.24506084,-31200889.02254494,65448.15007065527,2274.847668227529,-2068.0732229813666,-6.070551971596245
2022-12-01 06:00:00.000000Z,0.0001026260831091,42165390.07652763,0.1440469282136027,85.86933004093737,286.2627657779872,245.66845719904364,-0.0078869859943543,98.01152857231696,35789035.61241001,-8910552.707367567,-41214952.0820346,14880.037465021773,3005.1085349727814,-649.404332306484,-7.653116482279697
2022-12-01 08:00:00.000000Z,0.0001258663325689,42165432.68910352,0.1442978079190006,85.88271420319909,284.07551887382573,277.92227098572727,-0.0167102793274588,98.0093448955782,35786563.5454852,12945896.220978722,-40128096.90047379,-39775.86318078822,2926.030991442425,944.3891848316632,-7.179356894901287
2022-12-01 10:00:00.000000Z,0.0001504713641688,42166214.11452144,0.1445303762600522,85.95235944798497,280.16280526171096,311.84926731869496,-0.0211755164869558,98.01113987349054,35783843.50177849,31314832.82951288,-28231309.183830317,-83822.51096376767,2058.662029940191,2284.045237248054,-4.773409814340378
2022-12-01 12:00:00.000000Z,0.000169331611538,42166978.29138061,0.1446328910114026,86.04441798388667,278.4405936123161,343.56705512089826,-0.0200796335380809,98.0166421165827,35781992.66163582,41246645.53793583,-8728095.857687946,-105391.80218528814,636.4612597189838,3008.4700544007765,-1.0789257694631107
2022-12-01 14:00:00.000000Z,0.0001667464539142,42166870.19544029,0.1446236759949369,86.09676696420965,278.8176835937668,13.226834404857437,-0.0136756938235028,98.02372673957862,35781888.48331403,40064194.89656927,13127006.75644067,-98638.51839708014,-957.339624017397,2922.2407527527816,2.9129884809931377
2022-12-01 16:00:00.000000Z,0.0001455658327523,42166071.53734507,0.1446513886692055,86.08713946949304,278.3822747034287,43.759765867764266,-0.0036126976135187,98.029486435227,35783501.00742668,28086007.654169917,31444802.848742034,-65324.69509638108,-2293.104194296257,2048.592689986655,6.1287185222507246
2022-12-01 18:00:00.000000Z,0.0001211304579998,42165443.97495572,0.1448164157938392,86.06168215822773,277.1052829635081,75.14677676639192,0.0074793008702478,98.0319122632307,35785997.11660415,8540429.775651887,41290132.702600285,-14367.364129381043,-3010.892148670677,623.1416650441347,7.700320913734318
2022-12-01 20:00:00.000000Z,9.824257426536866e-05,42165476.63527163,0.1450511834451665,86.07376570310721,277.5187699145656,104.80206242102892,0.0166650256336494,98.03063356564292,35788397.5708235,-13306002.470168851,40012064.33208363,40542.68560435741,-2917.527330857653,-969.9225570539212,7.200621593655293
2022-12-01 22:00:00.000000Z,7.525845751669684e-05,42166037.827745095,0.1452169271390544,86.12214589929556,279.20602978813065,133.14444212419517,0.0214785993809231,98.02652038844766,35790070.76768848,-31568656.34075369,27956582.808923826,84620.17108745669,-2038.4020292765267,-2301.5293811330357,4.760038042959016
2022-12-02 00:00:00.000000Z,5.6375513628439166e-05,42166668.590893045,0.1452637504067964,86.16107923091957,277.2776548651668,165.1103969200135,0.0205908940669216,98.02090140145728,35790828.93358297,-41329471.36299043,8371693.668600985,105970.04404018608,-610.3958256409549,-3013.197696465405,1.0326108817780673
2022-12-02 02:00:00.000000Z,5.168660209019666e-05,42166879.43321194,0.1452712742395105,86.15535386103747,270.511851635241,201.9581246437029,0.0141829974518892,98.01496715640351,35790763.777578205,-39960276.92348253,-13467839.44695852,98800.34694197906,981.9535755587287,-2913.379354496189,-2.9794020843477327
2022-12-02 04:00:00.000000Z,6.413729947326166e-05,42166444.05571906,0.1453532661602982,86.11605084511639,271.23938045386444,231.3466598193609,0.0039177262420793,98.00959280180444,35789996.163048275,-27829799.74993096,-31680427.33199792,64995.2990813963,2309.8948799251743,-2028.9442485104728,-6.195161692845439
2022-12-02 06:00:00.000000Z,8.592925441657194e-05,42165664.16323709,0.1455391922731675,86.0867525097384,278.7621819141278,253.9312716772764,-0.007489370935414,98.00557164903648,35788529.76018334,-8204487.244236365,-41360778.39132666,13621.907034631016,3015.8115943888706,-597.9720188322353,-7.746395092267097
2022-12-02 08:00:00.000000Z,0.000110193139643,42165290.4645479,0.1457498886114992,86.09765774523804,283.21889366759945,279.544133595778,-0.016988243478939,98.00391562312096,35786382.57393028,13630394.034018574,-39900593.315406,-41500.580792252535,2909.470952371133,994.2614682509242,-7.211884457519252
2022-12-02 10:00:00.000000Z,0.0001372793496013,42165854.045773,0.1458805748360604,86.13574535068119,282.15251510521466,310.6562852535393,-0.0220098795659318,98.00564343850232,35783945.26869874,31793232.094453648,-27691591.881110974,-85516.3453716764,2019.2962988232373,2318.89380770251,-4.731748507293687
2022-12-02 12:00:00.000000Z,0.0001644945981514,42166895.152038425,0.1459085910633977,86.15723674034022,280.5310090057301,342.34363042785805,-0.0211602573569733,98.01084186923336,35782148.57025723,41390016.16899295,-8021526.715111283,-106535.485252544,584.9145377416348,3018.900734590321,-0.9709564771635965
2022-12-02 14:00:00.000000Z,0.0001631312862953,42166499.77786085,0.1459233306534868,86.13177844390769,294.7905047679818,358.198787480876,-0.0146068340930438,98.0179031363422,35781487.50157621,39833489.73548004,13810042.105948692,-98845.95267767383,-1007.2996243030052,2905.4145266972487,3.0587892614869743
2022-12-02 16:00:00.000000Z,0.0001474748130786,42165860.52739712,0.1460366689216043,86.07749998434943,294.59560627206423,28.53697789256378,-0.0040523278600471,98.0247812388461,35782260.3959008,27542772.80457884,31920066.074428573,-64471.782582788175,-2327.9615060730507,2009.0200141061985,6.269958100334639
2022-12-02 18:00:00.000000Z,0.0001210466951009,42164936.9959214,0.1462547429669641,86.0436371228214,292.59938169812006,60.65365558077645,0.0077023770143321,98.02923524265472,35784298.155546546,7830545.187601655,41428894.99371562,-12644.27852547686,-3021.248798660333,571.3838587485776,7.7943925076084
2022-12-02 20:00:00.000000Z,9.598933934110432e-05,42164581.03318324,0.1464662731409715,86.05467206526976,291.1650963583049,92.16003888058007,0.0174986102622322,98.03023316234588,35786596.19533637,-13991413.853397977,39775661.43071512,42677.84215058954,-2900.5128510662585,-1019.9741976296424,7.217679907148026
2022-12-02 22:00:00.000000Z,7.116610683216191e-05,42164997.97142932,0.146566167591815,86.08300146219311,293.35622976864386,120.02075966951232,0.022668833533273,98.02828398763234,35788362.11551602,-32044416.539499894,27407326.05937702,86569.59795142294,-1998.5113187381023,-2336.366071007329,4.692117270145305
2022-12-03 00:00:00.000000Z,4.695756604183925e-05,42165797.2762345,0.1465688987092635,86.07910569015957,296.71186686454644,146.7474924209257,0.0217633347633672,98.02462623773508,35789316.05311467,-41466367.909896486,7656562.177021727,107166.77484920352,-558.3266021057793,-3023.358732198714,0.8960699541787365
2022-12-03 02:00:00.000000Z,3.280391131901192e-05,42166331.78742816,0.1465956671967953,86.02381533230555,292.80028175130514,180.7922579716252,0.01495640698886,98.02038318470218,35789577.87724755,-39720244.51823567,-14156573.65767981,98871.29279277324,1032.1632955423677,-2896.041934015177,-3.148324857748936
2022-12-03 04:00:00.000000Z,3.877705088505961e-05,42166121.67233136,0.1467512514108259,85.94987857346858,289.2811919655351,214.4632406252178,0.0040191218539951,98.01620387842128,35789332.75650017,-27276599.85021317,-32157091.39005606,63871.74208970204,2344.6547126509354,-1988.7298989997755,-6.350127777383443
2022-12-03 06:00:00.000000Z,6.068340792210362e-05,42165271.97049521,0.1470126950326078,85.91025693266646,297.4597464174758,236.4027743297825,-0.0081390410725848,98.01253400900296,35788550.7408819,-7486778.873778375,-41496717.5001821,11567.453191185255,3025.684339797774,-545.7339413398015,-7.843583084175174
2022-12-03 08:00:00.000000Z,8.773456155374659e-05,42164544.05623239,0.1472430637058421,85.9227388888143,303.6948616170445,260.23495322317507,-0.0182407006641029,98.01017503583168,35787034.173159175,14319268.979315571,-39659277.14884512,-43952.34494980729,2891.776637524358,1044.3875247952017,-7.2218826112698205
2022-12-03 10:00:00.000000Z,0.0001151693125868,42164760.19071686,0.147328367337626,85.94598753104731,302.3596446626666,291.6292827093485,-0.0235184609292793,98.01040358350724,35784832.75906408,32267789.07611601,-27138498.77481099,-87698.28735029155,1978.8399573229683,2353.375450666126,-4.6477844985980274
2022-12-03 12:00:00.000000Z,0.0001455112741811,42165854.453996606,0.1473087500631946,85.91691934779627,298.27223616326444,325.8316321726878,-0.0224673916039489,98.01414477724492,35782640.6309487,41522775.90171968,-7306067.741194136,-107822.75469729087,532.6155096996861,3028.490328707822,-0.8114843340828697
2022-12-03 14:00:00.000000Z,0.0001657111538779,42166703.73600102,0.1473555749471721,85.82052825478334,296.930295712172,357.3586693278214,-0.0152742651340339,98.02071739485112,35781586.66553026,39589426.26462644,14495166.782778488,-98830.17358616226,-1057.276255733972,2887.6033392518198,3.253167734303047
2022-12-03 16:00:00.000000Z,0.0001589379722297,42166406.64750857,0.1475821954815186,85.7146530664372,296.1331174189476,28.35075175956716,-0.0038035601422011,98.02761085353256,35782371.402991295,26988104.75647313,32390533.96340006,-63087.3222996792,-2362.270877371803,1968.5814418013936,6.446627775906224
2022-12-03 18:00:00.000000Z,0.0001342773045488,42165366.41889959,0.1479084321741595,85.66641275646892,291.9554210675402,62.66317413127191,0.0088771832538974,98.03196000817935,35784628.78054232,7114839.473789386,41558125.23784262,-10207.825222196368,-3030.6393009574244,519.2259192016513,7.902495682555209
2022-12-03 20:00:00.000000Z,0.000109085933473,42164633.99636726,0.1481539233296662,85.68019169824632,285.45982607729184,99.22751432471858,0.0193215383178179,98.03234912837614,35787234.074692026,-14675213.30828552,39529160.85998676,45538.154925994975,-2882.4700306454306,-1069.773082159595,7.223898341352148
2022-12-03 22:00:00.000000Z,8.4008425812512e-05,42164790.39433263,0.1482259700021574,85.69939625159982,280.4373296222389,134.30991796983176,0.0246477892063343,98.0293284747688,35789127.60968954,-32512191.537704825,26851958.40194713,89082.69428067096,-1957.9401127098608,-2370.387227310001,4.591146503043156
2022-12-04 00:00:00.000000Z,5.711971426735861e-05,42165630.68748102,0.1482010065912178,85.6643680523331,273.9021449125575,170.9575455822765,0.0233332450930649,98.0246118200561,35789872.24407443,-41592478.99645998,6942254.183785924,108632.8071441566,-506.1808803666524,-3032.47771956098,0.7125582173304456
2022-12-04 02:00:00.000000Z,4.0233173251380337e-05,42166439.51443244,0.1482512484462385,85.5674929208638,258.4874915394444,216.54647226038423,0.0156426279411062,98.01987694100345,35789665.40774393,-39471068.80820736,-14837402.535476409,98857.9914115653,1081.867172009429,-2877.84065940172,-3.3664240661058544
2022-12-04 04:00:00.000000Z,4.124560248735794e-05,42166516.06291968,0.1484862590368135,85.46161390026148,254.31734723247857,250.90077368610423,0.0035765942800574,98.0160192744332,35788948.06868121,-26719284.188661445,-32621143.902744256,62338.62675765314,2378.575870814187,-1948.0984433821584,-6.544426299818107
2022-12-04 06:00:00.000000Z,5.270989985420244e-05,42165733.16086997,0.1488438946287382,85.41166405862825,274.58848614871954,260.7589549906668,-0.0096484400021288,98.01325283433076,35787952.963127494,-6771260.175135561,-41618855.09505151,8885.11587506005,3034.690279423851,-493.574445685886,-7.960891714648583
2022-12-04 08:00:00.000000Z,7.392985659829428e-05,42164758.27127682,0.1491358672544604,85.42985453746326,294.52348482898225,270.8864636261803,-0.0204535909406273,98.01181554134313,35786572.816571966,15000299.796677396,-39406237.34796175,-47093.23127921042,2873.405026738588,1094.036461419094,-7.228554712723001
2022-12-04 10:00:00.000000Z,0.0001008871094963,42164584.75199757,0.1492259818411059,85.45426826187447,301.2558514802617,294.212478774064,-0.0258571481184195,98.0124788288756,35784702.797908485,32730688.3670372,-26578166.125427105,-90464.8379888511,1938.0176287912443,2387.109382846429,-4.538927964453046
2022-12-04 12:00:00.000000Z,0.0001336586765583,42165533.04613228,0.1491894230824752,85.40108338144334,300.1864683917323,325.42080377534194,-0.024286420561456,98.0161047492346,35782755.62249657,41642641.40038616,-6589332.482970436,-109457.89274632018,480.3538954076625,3037.197679069745,-0.6126464074049003
2022-12-04 14:00:00.000000Z,0.0001625585545803,42166695.8900435,0.1492701428558018,85.2562014141696,299.58748750125795,356.25310135207,-0.0160308918172791,98.02240656322714,35781718.9816966,39333908.51781231,15175220.748292612,-98854.486911144,-1106.879440499701,2868.944285881005,3.4919632609973723
2022-12-04 16:00:00.000000Z,0.0001663033486858,42166838.21926536,0.1496139637965871,85.10584935183167,299.25427074892275,26.82564079260708,-0.003213636566015,98.02924128087272,35782443.15152926,26426065.16020961,32850781.18648317,-61435.28321807265,-2395.8469314318004,1927.5932688354555,6.662804520180259
2022-12-04 18:00:00.000000Z,0.0001461456718209,42165875.24287391,0.1500810999452466,85.04303973257997,294.7386203203061,61.49062342885433,0.0107382127220294,98.03362680152615,35784796.23787314,6397751.048884554,41674712.57154744,-7263.165972931667,-3039.1375321561486,466.9582732070336,8.036679150480392
2022-12-04 20:00:00.000000Z,0.0001225017709631,42164844.25829693,0.1504097290909992,85.0644190327636,285.60990034508205,100.68020666967116,0.0220132047491814,98.03373429550167,35787663.91483506,-15354094.419158565,39270907.13810202,49026.95328398122,-2863.6070767194906,-1119.2214511207324,7.236743492278736
2022-12-04 22:00:00.000000Z,0.0001003315514971,42164670.66328872,0.1504938036029199,85.08712382585634,276.47537716352326,139.87036330982633,0.0274710179829929,98.02994066010316,35789768.04124847,-32970044.84433688,26288778.17962034,92195.1159499356,-1916.83027796258,-2403.687552316277,4.475584918334524
2022-12-05 00:00:00.000000Z,7.515023474647631e-05,42165425.11351087,0.1504599054794352,85.03684445634913,265.84840722460706,180.6240482041078,0.0255203634167149,98.02424544872945,35790456.67135875,-41706274.63272649,6226133.005299915,110525.66770077765,-453.9261057806879,-3040.687989885528,0.4967356985865328
2022-12-05 02:00:00.000000Z,5.827929758970509e-05,42166425.66069582,0.1505345453394094,84.91215429239158,247.7700192962803,228.90386464750927,0.0165722586972544,98.01885074408251,35789903.909662165,-39210504.83741398,-15513548.392543169,98998.36273483242,1131.2084527198283,-2858.78628483537,-3.626442819266271
2022-12-05 04:00:00.000000Z,5.764172086201026e-05,42166805.58723898,0.1508440385511489,84.7823915639001,238.4638680951852,268.41809093124937,0.002950718642828,98.01502672377212,35788735.5455735,-26154648.42585612,-33075305.39655372,60654.05540097682,2411.7562362646327,-1906.90839624206,-6.779742989999623
2022-12-05 06:00:00.000000Z,6.016420950703427e-05,42166196.51483027,0.1513012071132537,84.72524276517063,253.0948222108742,283.9243411875278,-0.0117143666219676,98.01294483894402,35787448.89225684,-6054516.896324959,-41728640.34673637,5790.245820422908,3042.78458812024,-441.3052260067922,-8.108220168909412
2022-12-05 08:00:00.000000Z,6.850122258337597e-05,42165101.05989493,0.1516762614498142,84.75277570775867,279.64215571426274,287.43106355594176,-0.023452427683571,98.01239850938806,35786098.65144366,15676134.131738843,-39141780.81925544,-50801.08511232886,2854.2027739095265,1143.3232060405392,-7.247343572556676
2022-12-05 10:00:00.000000Z,8.915215092115737e-05,42164566.643319175,0.1518060463609789,84.79101377106285,296.5146829464514,300.6036451450845,-0.0290180175014111,98.01361372157926,35784515.67654242,33183385.587622598,-26010447.904422466,-93813.72999528488,1896.6667067229644,2420.111534144277,-4.422355716203203
2022-12-05 12:00:00.000000Z,0.0001205840532706,42165231.7083273,0.1517772183374768,84.7395282988728,300.85359603954305,326.4019520098708,-0.0267735133846796,98.01721768515483,35782859.47921751,41750037.03301527,-5871250.851247771,-111556.76350796466,428.00556621983424,3044.997032739411,-0.3894760292338771
2022-12-05 14:00:00.000000Z,0.0001544570190901,42166524.927334905,0.1518849485550283,84.57561624666701,302.2187527297598,355.28881250445386,-0.0171595214004579,98.02318989411656,35781897.011458635,39067002.10524166,15850173.123615172,-99126.9212831749,-1156.1022968448435,2849.4439343238755,3.765041341490101
2022-12-05 16:00:00.000000Z,0.0001682271003055,42167104.71736961,0.1523247872598175,84.39828404430963,303.11095520115816,24.66273757436735,-0.0026308853198055,98.02984863886267,35782520.94443904,25856775.977795,33300820.435057387,-59771.98664118168,-2428.681369569815,1886.061122310608,6.9154507335995685
2022-12-05 18:00:00.000000Z,0.0001544555032598,42166389.62887282,0.1529362678706753,84.32561561164474,299.4898267170793,58.44314085419867,0.0129473024694021,98.03431718827352,35784843.44567558,5679453.1572534,41778711.26934615,-4059.2807522204257,-3046.7386131803523,414.586847771861,8.20206833865212
2022-12-05 20:00:00.000000Z,0.0001328008037737,42165189.007627234,0.1533801539394537,84.35951258097447,289.46745566862535,98.51385424203504,0.0253241405468795,98.03442134774647,35787880.29283336,-16027876.205337849,39000992.21211416,52960.411050767165,-2843.926973988864,-1168.3155909021282,7.268919730477891
2022-12-05 22:00:00.000000Z,0.0001141899628138,42164668.55939326,0.1535106414721103,84.3981134572027,277.96276143325,140.05786192318956,0.0310400429364736,98.03020446074484,35790222.79954313,-33417839.000921644,25717881.327694047,95834.12206867304,-1875.1898280307933,-2436.270082403534,4.362970642386897
2022-12-06 00:00:00.000000Z,9.24625275733482e-05,42165227.99640851,0.1534844414187803,84.35018758072465,265.94040294153444,182.20380556125957,0.0284042471085606,98.02373366428957,35790986.82105361,-41807672.0810218,5508249.388647945,112903.63812606542,-401.5684835219193,-3047.99826496132,0.2666709365032503
2022-12-06 02:00:00.000000Z,7.601937383543173e-05,42166317.68280796,0.1535794797845977,84.21432771017732,248.22108886660357,230.13500968359276,0.017985074464885,98.01763075076494,35790235.177609295,-38938498.62758265,-16185025.25691649,99468.56218685608,1180.185071886726,-2838.8870858359464,-3.914441692166259
2022-12-06 04:00:00.000000Z,7.530382144227386e-05,42166976.36447006,0.1539481027507125,84.0718028701077,235.9090709997464,272.667659966316,0.002482455961861,98.01360110104388,35788691.337497935,-25582649.37383341,-33519635.647727385,59068.60206903428,2444.194073370423,-1865.164195832003,-7.049803116528536
2022-12-06 06:00:00.000000Z,7.551541387780132e-05,42166613.10802889,0.1544930179623142,84.01193702899587,242.8345809662944,295.8824926334537,-0.0139793996748628,98.0119395378609,35787085.91295416,-5336526.9376926,-41826158.04679492,2545.5575367394204,3049.96318680529,-388.9294344104272,-8.288507304393596
2022-12-06 08:00:00.000000Z,7.320283917066108e-05,42165521.24455,0.1549541630373624,84.05096756224951,265.171466424093,303.5889211619699,-0.0269508625289857,98.01214881340572,35785676.47142537,16346764.08531178,-38866019.34575298,-54865.380159159904,2834.166526583848,1192.2434454144502,-7.289443036458317
2022-12-06 10:00:00.000000Z,8.251489297970027e-05,42164704.34978481,0.1551412021387949,84.11078288554904,288.40379837643144,310.3806982401281,-0.0328528260514829,98.01394223660668,35784313.133752055,33625865.66143818,-25435483.60913904,-97635.9461744351,1854.7890258433868,2452.379406178449,-4.314424770253738
2022-12-06 12:00:00.000000Z,0.0001082453767417,42165020.17716231,0.1551340783504078,84.080692825559,299.6445025253987,329.25586781691493,-0.0299488634938921,98.0175961565355,35782960.33925107,41844980.72173709,-5151959.8339276975,-114134.24333131716,375.57750869969095,3051.8919864916534,-0.1593164499777724
2022-12-06 14:00:00.000000Z,0.0001427815059081,42166263.939220056,0.155254251770578,83.92554099928404,304.2361454723686,354.9071153854257,-0.0188388715628417,98.02320186605732,35782130.14068489,38788786.63637432,16519933.432180855,-99779.02404562004,-1204.9349625288214,2829.1111029187487,4.057913483718005
2022-12-06 16:00:00.000000Z,0.0001643288423456,42167193.760127366,0.1557497855396475,83.74239533973892,306.9620121118149,22.452870644849163,-0.0023499070098392,98.02954056758948,35782652.58941691,25280394.42329855,33740634.79012654,-58314.336310863146,-2460.762854983948,1843.9964447552816,7.195738664157373
2022-12-06 18:00:00.000000Z,0.0001580042581703,42166840.55468754,0.1564794138450985,83.66699648325839,305.0069655674798,54.569946691266026,0.0151594576306164,98.03403238251988,35784840.525025934,4960176.846723889,41870196.065652326,-850.2941165276129,-3053.4345576875426,362.1256551911624,8.397401634296278
2022-12-06 20:00:00.000000Z,0.0001386767048811,42165627.123655066,0.157047502073544,83.71664009625228,295.33767247708795,94.27200330203894,0.0289377927438143,98.03430419423955,35787924.90331801,-16696303.974367617,38719593.85847069,57105.22088967877,-2823.432005478499,-1217.041918377876,7.327443752537023
2022-12-06 22:00:00.000000Z,0.0001231404758699,42164797.04188369,0.1572482080229934,83.78098708581987,282.3093190903916,137.31382517706524,0.0351433341325235,98.0299892788574,35790476.424052745,-33855376.342925295,25139520.30852831,99843.710323247,-1833.031567424604,-2468.1288468077328,4.267360172937807
2022-12-07 00:00:00.000000Z,0.0001057462289572,42165081.653577134,0.1572412653176654,83.75170519229269,269.4905808487334,180.2369990761944,0.0319321449581033,98.02301391496614,35791403.4204272,-41896582.01932061,4788857.99641217,115727.69715808048,-349.12377019701734,-3054.413816070716,0.0401111139313509
2022-12-07 02:00:00.000000Z,9.043212343039502e-05,42166150.72250772,0.1573473249949519,83.62141261384122,252.53110060833424,227.40215389930228,0.0200017501900466,98.01626286414567,35790594.47893782,-38655062.172331885,-16851647.13566643,100357.32011743526,1228.7853834193083,-2818.1558204567423,-4.213463776308199
2022-12-07 04:00:00.000000Z,8.994110490671111e-05,42167030.82688005,0.1577517501671774,83.47754735268215,238.45634999852655,271.6985146340367,0.0024361651767224,98.01186946566104,35788781.07369539,-25003362.89306124,-33954049.62168922,57776.77944755646,2475.883062199803,-1822.880403640059,-7.342825136037423
2022-12-07 06:00:00.000000Z,9.131587844514008e-05,42166947.44226098,0.1583610767706624,83.41921111019694,240.0779749492246,300.2158720301576,-0.0161020684016602,98.01037604392836,35786872.37531588,-4617397.303193034,-41911426.33299018,-597.687477001316,3056.223596033011,-336.4610808950728,-8.498105915126706
2022-12-07 08:00:00.000000Z,8.440510030298601e-05,42165966.10928736,0.1588967089581628,83.4697542879571,255.96337075791072,314.3628473255969,-0.0306156563776579,98.01115487557746,35785340.49358882,17012079.791976873,-38579068.01831842,-59040.90310646696,2813.2983028045,1240.784572227482,-7.360096220408265
2022-12-07 10:00:00.000000Z,8.228143862431565e-05,42164971.10901056,0.159143735479752,83.55353174816905,278.9279592514648,321.39894588013624,-0.0371173665424373,98.0134893512394,35784122.643859446,34058054.84048613,-24853464.236927327,-101751.79453742286,1812.3926575671296,2483.9053751742035,-4.227638419468462
2022-12-07 12:00:00.000000Z,9.842694369021878e-05,42164936.62484887,0.1591621963642546,83.55589253097811,296.1190182993704,334.2914112290049,-0.0337122045131246,98.01724580917418,35783060.206125125,41927474.44286197,-4431672.344838882,-117116.61846733656,323.08205448808303,3057.884505662678,0.0615518785380201
2022-12-07 14:00:00.000000Z,0.0001293000829954,42165988.86201673,0.1592768380936067,83.42952467843635,304.9787124075682,355.6454484968503,-0.0211297248110984,98.0224763815923,35782415.53350511,38499357.35301964,17184338.8357376,-100855.68363566935,-1253.3643303756191,2807.957191739542,4.354547244095095
2022-12-07 16:00:00.000000Z,0.0001551989288528,42167129.13447065,0.159779692708534,83.25910089109769,310.1382347094418,20.744365232727915,-0.0025728480312911,98.02835297736418,35782871.980053976,24697107.905026197,34170166.31804119,-57211.34032523564,-2492.079089233288,1801.4164728044843,7.491258674744379
2022-12-07 18:00:00.000000Z,0.0001562942572562,42167175.95495319,0.1605787578956208,83.18772814242213,310.3503409085673,50.690139522513086,0.0170788822715673,98.03272058888876,35784863.17393222,4240187.198340599,41949247.80524554,2145.773182340391,-3059.217111432891,309.5958049632471,8.616261418337539
2022-12-07 20:00:00.000000Z,0.0001399635647018,42166104.71359258,0.1612562261668033,83.25324550658172,301.9857513211372,89.07182353435606,0.0325319292298139,98.03319673327164,35787871.292567804,-17359089.57276304,38426950.3811423,61223.84407114254,-2802.125154612509,-1265.3789075671575,7.4134625313637
2022-12-07 22:00:00.000000Z,0.0001266793356887,42165051.63417149,0.1615373701021439,83.34848750890214,288.0473161600008,132.99297192685754,0.0395080294603027,98.02902247973036,35790556.65688259,-34282441.688977815,24554064.734411128,104022.75217359212,-1790.3723635270774,-2499.2505342257214,4.197564977903273
2022-12-08 00:00:00.000000Z,0.0001139770802873,42165020.57607987,0.1615554614147432,83.35022559020145,274.41454184457416,176.6989329306372,0.0359475116290926,98.02181930195596,35791681.45446718,-41972941.39183086,4068371.3730850425,118882.5608457755,-296.6156055849941,-3059.936598624588,-0.168393556916896
2022-12-08 02:00:00.000000Z,0.0001008721332822,42165964.45307344,0.1616595473409079,83.23965303658224,258.1302452440055,223.1686694864906,0.0226215009496951,98.01455383774596,35790929.42110519,-38360294.89527401,-17513069.47608546,101664.25436420082,1276.9893805421914,-2796.6085518040163,-4.506831947664229
2022-12-08 04:00:00.000000Z,0.0001007320949075,42166985.1279328,0.1620719757191626,83.10430440246941,243.01849048164013,268.4930810875713,0.0029670057346004,98.0097226478246,35788959.4015563,-24417000.266220286,-34378349.002037846,56893.11734438936,2506.81255789448,-1780.0803314917257,-7.644270181012277
2022-12-08 06:00:00.000000Z,0.0001045578959675,42167178.8326605,0.1627153200446844,83.05055799649146,240.95522815056177,300.6906982777343,-0.0178109655570449,98.0081901356001,35786791.17078879,-3897380.135178385,-41984420.72633988,-3439.4155132283154,3061.564967771335,-283.9242771735553,-8.72830027923645
2022-12-08 08:00:00.000000Z,9.760377519649764e-05,42166388.65470526,0.1633044041704463,83.11056618929433,251.66678825984948,320.0024201211599,-0.0341280000824691,98.00934443820957,35785098.653061576,17671855.59819734,-38281065.54307391,-63092.79563748784,2791.6061592125616,1288.9260906967456,-7.458530032123122
2022-12-08 10:00:00.000000Z,8.783533371883597e-05,42165328.42856067,0.1636031649256336,83.2158133302213,270.71982323633574,330.9290725161422,-0.0415243558990919,98.01214989430092,35783954.34165648,34479813.799328335,-24264648.366864216,-105949.76955683714,1769.49310559718,2514.677571149477,-4.169043374044062
2022-12-08 12:00:00.000000Z,9.274659824956884e-05,42164991.24104962,0.1636446182368008,83.25328058047424,290.4182760890334,341.2791827110827,-0.0378752422220896,98.01605276160257,35783150.45192659,41997505.5196358,-3710687.417604903,-120365.42325764665,270.53793025770847,3062.9757754044062,0.2604105610345518
2022-12-08 14:00:00.000000Z,0.0001160918647274,42165763.29249998,0.163737889184206,83.16583206929198,303.76850979834404,358.10341450472583,-0.0239817388668819,98.02093701947692,35782733.87511143,38198830.56787768,17843147.32517407,-102320.14205033296,-1301.374027239775,2785.9963147989565,4.64002346775927
2022-12-08 16:00:00.000000Z,0.0001422653429408,42166957.38149361,0.1642032509635545,83.02057711626824,311.9820858390822,20.122540943701267,-0.003391662619143,98.0262447106618,35783187.56269655,24107134.27340764,34589307.1661775,-56531.0751221486,-2522.6183048082053,1758.3434844662306,7.788318754639341
2022-12-08 18:00:00.000000Z,0.0001495056989428,42167368.524500735,0.1650134315537279,82.95782039540762,314.7668305153011,47.48674570352872,0.0184969175760043,98.03029574647437,35784970.84193864,3519767.50141272,42015935.98433371,4774.92234708344,-3064.080368447644,257.02376894659744,8.848842057923605
2022-12-08 20:00:00.000000Z,0.0001370165934908,42166564.62166892,0.1657661631481882,83.0360232563845,308.4647739130884,83.79332822997812,0.0358291906489232,98.03088835239429,35787802.21050304,-18015943.456605863,38123325.80755104,65111.75168457525,-2780.0116440364905,-1313.29999013296,7.523034612941616
2022-12-08 22:00:00.000000Z,0.0001253238695302,42165411.14037147,0.1661236121175541,83.16147629169103,294.2933665327307,127.91749593827582,0.0438515665750838,98.02697313560157,35790521.10105258,-34698836.09172768,23961944.82142825,108163.04407679236,-1747.2320402959017,-2529.617266322644,4.156586032001424
2022-12-09 00:00:00.000000Z,0.0001171887760758,42165067.58044734,0.1661675319568744,83.20093173122402,279.73220017629546,172.51413188399766,0.0402297353082154,98.01977161521296,35791829.73945265,-42036731.705707446,3347289.519869832,122205.94216345306,-244.072547955042,-3064.566097630939,-0.3493300328057618
2022-12-09 02:00:00.000000Z,0.0001074741281706,42165798.29526912,0.1662560696925594,83.1200135627345,263.9619537464069,218.43981239429587,0.0257395730560726,98.01215507768843,35791210.64356059,-38054380.09050176,-18168856.94614226,103312.72283449926,1324.7715135116043,-2774.263116219312,-4.780768105264444
2022-12-09 04:00:00.000000Z,0.0001079840737299,42166864.98485424,0.166648532725103,83.00050006432107,248.38664441018895,264.2114979494868,0.0041116713879096,98.00687728584263,35789186.73386293,-23823889.43704542,-34792273.522803284,56445.30995201742,2536.9688563165028,-1736.7932373317317,-7.939557670028221
2022-12-09 06:00:00.000000Z,0.0001144961130853,42167301.74317726,0.1672935491344315,82.95303334378144,243.6262802168401,299.0997453115704,-0.0189381297057865,98.00515110486889,35786816.31884229,-3176850.346277229,-42045105.25347975,-5855.324823202255,3065.9879265030145,-231.3506591863434,-8.967415784927786
2022-12-09 08:00:00.000000Z,0.0001101708521791,42166752.757582046,0.1679099356778442,83.01903340203687,250.5274167149744,322.2160958745083,-0.0372319629159862,98.00650173071688,35784944.0724351,18325768.57171352,-37972189.09246114,-66832.20547767417,2769.10344978848,1336.6415511025275,-7.578856482848002
2022-12-09 10:00:00.000000Z,9.721880477712498e-05,42165731.56636716,0.1682459672419239,83.14006503413988,265.17253484485155,337.53526897940714,-0.0457942874777037,98.00969648148744,35783806.29563517,34890951.09579541,-23669366.017575145,-110023.96276311149,1726.1126944728237,2544.680946788186,-4.139849735805301
2022-12-09 12:00:00.000000Z,9.228693560908992e-05,42165171.69384319,0.1683046233747232,83.2086435512696,283.65659348262,349.06885127461135,-0.0422024236699424,98.01379000937052,35783214.00257323,42055056.52444503,-2989386.9913868727,-123707.4288901221,217.96982252076265,3067.1668310241803,0.42964984992995
2022-12-09 14:00:00.000000Z,0.0001054312174737,42165629.014683135,0.168366667044924,83.16148919836404,300.15688789797167,2.702453696398755,-0.0272558808646626,98.01840024680634,35783051.38897985,37887351.264046825,18496042.535922363,-104070.49614374687,-1348.944722282759,2763.245004061246,4.9026109298009874
2022-12-09 16:00:00.000000Z,0.0001276940528622,42166735.19792752,0.1687623869638707,83.04701746572542,311.82440098939213,21.23624868528815,-0.0047896882294432,98.02309563957988,35783579.297971085,23510725.70551572,34997898.973825864,-56261.85132452588,-2552.370150272819,1714.803636921562,8.074071628868285
2022-12-09 18:00:00.000000Z,0.0001385723878333,42167417.70750131,0.1695288626062869,82.9950026209856,317.5993908996836,45.59896697733906,0.0193100282332595,98.0266455802932,35785191.92072354,2799213.656956463,42070306.15444105,6960.398845015632,-3068.0224886978945,204.43924095278663,9.08381495489583
2022-12-09 20:00:00.000000Z,0.0001304079053087,42166956.25596213,0.1703108570915299,83.08023663462727,314.0021493862145,79.19364781068465,0.0386311053276304,98.0271819407831,35787787.58299912,-18666591.731699392,37808978.28825493,68622.45887674732,-2757.10004324137,-1360.7767671323031,7.648439512131086
2022-12-09 22:00:00.000000Z,0.000120111498263,42165839.97952085,0.1707283303609871,83.22991839853447,300.42934827520577,122.69523573828708,0.0479247290150602,98.02352274779864,35790438.3115218,-35104394.65728483,23363596.81513125,112081.000356248,-1703.6323239504943,-2559.2095658139474,4.142072415422802
2022-12-10 00:00:00.000000Z,0.0001159868874377,42165231.72920279,0.1707950226994694,83.3074139808858,284.95352802421803,168.16863556335812,0.044535979857317,98.01647289855904,35791881.43259132,-42087981.00847627,2626128.908906593,125519.33018453956,-191.5249594394569,-3068.300582996853,-0.4989108372428693
2022-12-10 02:00:00.000000Z,0.0001106569430271,42165687.61247467,0.170857040265721,83.26115068494448,269.5587244376102,213.68402013750625,0.029177338969534,98.00865883703176,35791433.01750601,-37737562.195642665,-18818553.96664677,105171.90351406406,1372.1040709548347,-2751.137748167381,-5.026070371709632
2022-12-10 04:00:00.000000Z,0.000112359974675,42166702.21994556,0.1712056153618872,83.16201814783446,254.04971035309413,259.3686117966797,0.0057990809035726,98.00296240185382,35789438.79086125,-23224432.58242043,-35195553.701519534,56381.97996337136,2566.337071854588,-1693.051030732305,-8.216289807124417
2022-12-10 06:00:00.000000Z,0.0001213020276499,42167323.29061042,0.1718221473118623,83.12147865391779,247.3248446542125,296.21412919120604,-0.0194302857805175,98.00093019553388,35786926.367592745,-2456257.388170689,-42093459.19863689,-7805.256026775409,3069.4943461544485,-178.7757158350913,-9.202972149982806
2022-12-10 08:00:00.000000Z,0.0001214395633462,42167074.60303892,0.1341243219730187,79.6063259100077,254.5556570455145,322.58199003750224,-0.02541305197711,98.0023288578346,35784870.355942525,18973474.65571202,-37652661.22971293,-59588.19502092689,2745.8138447646893,1383.9005038573875,-5.737790856711555
2022-12-10 10:00:00.000000Z,0.0001087884539522,42166179.457566775,0.134455523113131,79.78209444311199,265.3926494653748,341.6548570877291,-0.0188211308554319,98.00582347482938,35783688.34827271,35291328.0948133,-23068016.32662274,-91107.42615914016,1682.2836427478824,2573.897904719464,-2.8137196086902327
2022-12-10 12:00:00.000000Z,9.71549002072542e-05,42165491.16021323,0.1345079677362876,79.902103779243,280.5325974558522,356.4813343245396,-0.00737286960001,98.01012189632388,35783265.297627434,42100229.21386556,-2268235.698935556,-98237.6030843672,165.41086689169435,3070.4576985881845,0.8815198688468551
2022-12-10 14:00:00.000000Z,0.0001018305627898,42164694.50306644,0.1345381588323523,79.88810314566508,332.244099785314,334.8705315632221,0.0059960487928232,98.0146834872684,35782670.1621259,37564549.453485504,19142415.01503699,-78944.86050241557,-1396.2306672825114,2739.649840444018,4.357078640369144
2022-12-10 16:00:00.000000Z,0.0001282847168137,42165603.72050118,0.1348622884246695,79.78935118595167,340.1915547067369,357.10962961648136,0.0178635380209794,98.02034867145127,35782064.39961533,22906146.899502803,35394767.26399399,-38293.96057974805,-2581.55969430485,1670.6707612017578,6.677318568079266
2022-12-10 18:00:00.000000Z,0.0001464017595813,42166432.584732495,0.1355493927333937,79.75451412970877,345.3660614889588,22.058236838589064,0.0252040374730229,98.02649252590858,35782574.08649697,2075127.988710748,42109609.79029045,12888.406485410336,-3071.2512063460304,151.51585076479938,7.213827611756114
2022-12-10 20:00:00.000000Z,0.0001423102670631,42166328.67892224,0.1362950359325762,79.88396363024515,345.7555285874591,51.62601610482821,0.0261496511314633,98.0310566077115,35784465.97186582,-19315229.732977137,37478037.32238607,60891.81170339372,-2733.366219153504,-1408.3311557737609,5.812627891132865
2022-12-10 22:00:00.000000Z,0.0001237511410634,42165381.12350509,0.136716090676585,80.1051816249872,337.95847732106023,89.28493382732601,0.0204434866206736,98.03200795423984,35787178.36011021,-35501764.987400346,22749283.367884755,92780.47020221628,-1659.1561507959057,-2588.529583691063,2.838714998935325
2022-12-11 00:00:00.000000Z,0.0001072609778373,42164594.559429154,0.1367798706004492,80.24835894613729,324.66230171146924,132.51692080826945,0.0095017745492078,98.02886086068804,35789513.71589148,-42125040.51088173,1892552.146630481,99875.80696019484,-138.23039072859615,-3071.312532557114,-0.9166586755771032
2022-12-11 02:00:00.000000Z,9.137480052451896e-05,42164748.88714007,0.1368110440823316,80.23468994822676,310.45907878887044,176.81026149023998,-0.0039189816688924,98.02317231409856,35790458.71270817,-37402537.21945498,-19473937.79539478,80129.03215734923,1419.753484904808,-2726.895737491438,-4.445379006584918
2022-12-11 04:00:00.000000Z,7.928693933293567e-05,42165618.49626994,0.1371117497329083,80.14395919616707,292.2473253618136,225.18920069161464,-0.0163950857118168,98.01749109441812,35789837.532677576,-22606810.15355337,-35595908.63421135,38719.857256758805,2595.3552001160824,-1648.1015631493106,-6.794271628806516
2022-12-11 06:00:00.000000Z,8.172664284243306e-05,42166347.19190066,0.1376798109384633,80.11508918184323,278.0585081461085,269.4853322999148,-0.0247060098309668,98.01380195115556,35788240.8690549,-1722428.7037190043,-42131181.85702861,-13302.333996038416,3072.0139238751,-125.33787007065796,-7.324074928977755
2022-12-11 08:00:00.000000Z,8.708252097716641e-05,42166309.86647233,0.1382581388573643,80.2143483706902,279.4912292845524,298.0344278738707,-0.0266785900357648,98.01274612704624,35786446.798725724,19625859.35390639,-37318546.73296657,-61974.91348514954,2721.211187476385,1431.3643480741666,-5.883872291633165
2022-12-11 10:00:00.000000Z,8.616369427199525e-05,42165605.47904203,0.1385915262792691,80.38953775287068,292.7754498505081,314.6583490005121,-0.0217707589534332,98.0139445859336,35784914.66722901,35687122.01972954,-22453137.37432184,-94178.7265353307,1637.2619789416449,2602.637707947109,-2.853742068586385
2022-12-11 12:00:00.000000Z,8.621200699030243e-05,42164884.21095231,0.138646714518784,80.52579129765427,310.8584406404237,326.52410234688034,-0.0112272584982312,98.01680687707598,35783714.99825388,42133639.372517474,-1538817.6820261455,-101179.15664419408,112.08215494786228,3072.811568178681,0.956426317044908
2022-12-11 14:00:00.000000Z,9.610603143856793e-05,42164786.01410522,0.138642582368399,80.54510006129729,326.67445576878305,340.77511435560854,0.0022406990176455,98.0210054168662,35782822.663943686,37227662.26161114,19789924.77407495,-80992.30707150015,-1443.4138779661128,2715.0779613417926,4.524529102515128
2022-12-11 16:00:00.000000Z,0.0001154126186542,42165431.49318772,0.1388760016471125,80.47869974337775,337.8811061670718,359.72226304723995,0.0151659124273408,98.02626757002042,35782428.12897778,22290412.861891694,35786159.758849785,-38936.22058726305,-2610.0455990139512,1625.7455444430836,6.891028524404601
2022-12-11 18:00:00.000000Z,0.0001328391284603,42166275.018068746,0.1394526032318925,80.45267774422733,345.6375470438604,22.07949602733213,0.024230272278917,98.0317855271924,35782947.36920139,1346597.9498506254,42139571.88861046,13779.382582119028,-3073.379253555187,98.36304828705649,7.416432342095546
2022-12-11 20:00:00.000000Z,0.0001340930788176,42166490.25757828,0.140138637492885,80.57157265506743,348.5880116151542,49.09641593733915,0.027115300346344,98.03593305201862,35784650.503841266,-19960289.893514764,37138706.26204164,63041.57299364694,-2708.5908092927957,-1455.395199932588,5.952268531237526
2022-12-11 22:00:00.000000Z,0.000119980962336,42165817.10500407,0.1405641192435442,80.79375388611894,343.1610355964418,84.38428922677444,0.0230762732024355,98.03687911256657,35787184.44550854,-35889711.82235189,22132188.730207056,95601.41393866694,-1614.1585509262754,-2616.843801082974,2.8819066265069786
2022-12-12 00:00:00.000000Z,0.0001060390784803,42164965.75518186,0.1406344192867073,80.9643162533201,330.20161684707455,127.2522954437286,0.0131180139789727,98.03389389622389,35789534.949072234,-42151479.47010799,1163960.327335721,102627.22710929831,-85.12608011820504,-3073.2548625608824,-0.9783388633100732
2022-12-12 02:00:00.000000Z,9.496107546408707e-05,42164824.41452837,0.1406276592805833,80.98839074839383,315.6990781635742,171.8071466830844,-0.0002457892464712,98.02814375323211,35790650.558936484,-37060443.34955391,-20117739.47802117,82104.93077999601,1466.6556775648194,-2701.9457849763694,-4.594111725751579
2022-12-12 04:00:00.000000Z,8.593831393691894e-05,42165471.29601783,0.1408563417309138,80.92363794126695,299.0030698110159,218.6439584473586,-0.013603346826593,98.02205747002148,35790164.3811235,-21988467.719384257,-35981542.13260291,39425.64127343942,2623.419070056228,-1602.99641896823,-6.99035887578607
2022-12-12 06:00:00.000000Z,8.861258989856956e-05,42166221.68022736,0.1413526296412658,80.90052709290961,284.5135191747687,263.23454883217835,-0.0235045104427041,98.0178520416764,35788524.53149704,-994487.3566734476,-42154930.22899967,-14024.789979456187,3073.695245782912,-72.2391770707969,-7.515787734353472
2022-12-12 08:00:00.000000Z,9.63498032906838e-05,42166403.81968135,0.1418857692843728,80.99107103510639,282.48008177043977,295.258234481398,-0.0273599049214034,98.01651232068323,35786532.94493963,20267354.020950496,-36974175.68931917,-63908.062164033865,2696.071923959564,1478.1648106078485,-6.020942857778652
2022-12-12 10:00:00.000000Z,9.762393902135214e-05,42165931.57238416,0.1422052884727351,81.15673581246543,291.1305607633969,316.5255263719302,-0.0241341627157005,98.01781598829176,35784807.18964014,36069444.166815,-21833453.500484254,-96789.24953386432,1592.067653618496,2630.5496473075136,-2.900766740707546
2022-12-12 12:00:00.000000Z,9.485007307780822e-05,42165265.81646916,0.1422596601067322,81.29624173942045,305.08914737616084,332.5127631553648,-0.0146351521597253,98.0210107582621,35783580.833679244,42153794.48128506,-810737.0765803587,-103763.1518802848,58.99561651728101,3074.312683843922,1.0103091932336707
2022-12-12 14:00:00.000000Z,9.66067125898008e-05,42164980.61235797,0.1422318074357536,81.33589315236162,319.9860355657122,347.6627540130371,-0.001312303690258,98.02540410078596,35782864.24220495,36880203.93899901,20430215.76398514,-82867.35858224629,-1490.0819141411748,2689.753066981772,4.662642969284074
2022-12-12 16:00:00.000000Z,0.0001067530135065,42165336.14187551,0.1423885218023582,81.2943913798502,333.1194526156477,4.658016834674423,0.012384994005607,98.03044501405418,35782712.73000485,21669051.439234104,36166115.20909275,-39626.73944918904,-2637.7039157640083,1580.4281328337647,7.0740517335806175
2022-12-12 18:00:00.000000Z,0.0001197436608287,42166072.89388663,0.1428494584314749,81.27549680951566,343.53166278659126,24.35178385848909,0.0229142228707641,98.03539294143089,35783335.88984321,618892.4807780078,42156927.78396906,14417.621194508363,-3074.583266645139,45.286208096408544,7.593975543248604
2022-12-12 20:00:00.000000Z,0.0001238031528213,42166523.6535935,0.1434455884441585,81.37826330958272,349.43594227278385,48.43048511246226,0.0275616780177218,98.03900807232976,35784922.44810153,-20598277.29720118,36788997.75269863,64794.65660139088,-2683.0449753082657,-1501.929774550627,6.077672849829362
2022-12-12 22:00:00.000000Z,0.0001144384801923,42166191.566598415,0.1438460008177552,81.58579651093434,347.1298527711228,80.61194921051272,0.0251298387711324,98.03978395610874,35787266.90725757,-36266261.80611526,21509763.88661816,97971.77364259186,-1568.7589253997485,-2644.318715205093,2.924674477477197
2022-12-13 00:00:00.000000Z,0.0001031134758064,42165403.336587206,0.1439167111082796,81.76610755607689,335.5669915122358,122.0737437307548,0.0162260073901252,98.03689398967232,35789574.75436581,-42165321.62318751,436516.5022830125,104977.19475241654,-32.09768856258643,-3074.279070084064,-1.0261164922689958
2022-12-13 02:00:00.000000Z,9.65477525370541e-05,42165011.33776244,0.1438798144626181,81.81709043328206,321.00109585715995,166.66501604559326,0.0031093700449419,98.03111663755098,35790835.494311444,-36707987.41635527,-20754249.55593584,83823.81127727847,1513.0277380031573,-2676.24640432682,-4.717363505827355
2022-12-13 04:00:00.000000Z,9.16994247285799e-05,42165377.37032108,0.1440400003315121,81.77487884574958,305.75972224942774,212.0242704666639,-0.0108613024676776,98.02464852572844,35790518.41575406,-21364816.16607968,-36355722.01295544,40082.59339604733,2650.6416362451228,-1557.5114573145488,-7.15527829305497
2022-12-13 06:00:00.000000Z,9.507519587255448e-05,42166058.87231195,0.1444565580224949,81.75692181040903,291.86111354759083,256.0181732539488,-0.0220701338497239,98.01985048779066,35788890.13460949,-267749.91423272085,-42166174.53223736,-14574.098414863918,3074.450852775502,-19.23606057512174,-7.678323736726743
2022-12-13 08:00:00.000000Z,0.0001048001641683,42166407.9306463,0.1449282416624706,81.83620989691899,287.3127514097423,290.5675949595925,-0.0275815774446569,98.01806590417584,35786718.06479184,20901443.503202718,-36619671.9410905,-65487.61300395378,2670.176575673041,1524.4174524800685,-6.138151014375578
2022-12-13 10:00:00.000000Z,0.0001095751011689,42166186.49240023,0.1452189204747745,81.98499025262655,292.2259973681242,315.58896458463346,-0.0259235039973894,98.01933029417243,35784748.74758842,36440177.85859997,-21208785.449023742,-98952.5487893382,1546.4941978784527,2657.61352958711,-2.9421851009865576
2022-12-13 12:00:00.000000Z,0.0001072480267444,42165652.92609831,0.1452689271503869,82.11572164792324,302.2636474532789,335.50622681289354,-0.0174941194592378,98.02284026055104,35783400.62949133,42161320.57883029,-84166.64756453509,-105915.72072017784,6.004360623254493,3074.900066929045,1.05434417806363
2022-12-13 14:00:00.000000Z,0.0001036711278363,42165261.07720789,0.1452303122734753,82.16246471434407,314.3367408896194,353.4732606602753,-0.0044719732781098,98.02757390045277,35782781.08220192,36522446.19069982,21062924.994294047,-84430.18041306634,-1536.2140082824876,2663.693164949193,4.778255049689508
2022-12-13 16:00:00.000000Z,0.0001045374491251,42165334.56325669,0.1453328680434837,82.13726004986407,326.9346819173322,10.987707668651703,0.00975278425113,98.03261973060864,35782870.49501691,21042429.30017208,36534437.26664124,-40195.76945419564,-2664.5297650335933,1534.7452084058054,7.2277085978182525
2022-12-13 18:00:00.000000Z,0.0001099907838339,42165867.681062825,0.1456896618250352,82.12375994550595,338.92583284147264,29.09671977612909,0.0214733264829764,98.03714723950591,35783678.00383561,-107646.96678879764,42161674.92437648,14962.17901354075,-3074.8743509931965,-7.689049277847005,7.742259656272346
2022-12-13 20:00:00.000000Z,0.0001133307465141,42166441.290423,0.1461794480280273,82.20776717771784,347.87226264667584,50.15146953524452,0.0276416981915877,98.04020159322964,35785241.940558724,-21228967.606704637,36429068.98126701,66262.94697334892,-2656.7488118666524,-1547.9167112745247,6.180181822272042
2022-12-13 22:00:00.000000Z,0.0001078218836713,42166467.35284385,0.1465281756684225,82.387456242416,349.43544567686814,78.49119463882865,0.0266569579652426,98.04066726240028,35787422.78217893,-36631346.19642314,20882263.31485891,99930.18506296414,-1522.9796032067425,-2670.945696663381,2.955663374561418
2022-12-14 00:00:00.000000Z,9.91431950663563e-05,42165870.7419063,0.1465923791589268,82.55772045652934,340.5804056862666,117.25521584590412,0.0187628936946551,98.03777916313662,35789647.87815285,-42166655.62554468,-289502.03524105286,106879.6781533918,20.834003132570444,-3074.3877302059204,-1.0717041522031383
2022-12-14 02:00:00.000000Z,9.636039185245874e-05,42165310.004592285,0.1465391154421903,82.62062057954704,326.4958804607028,161.3531814815284,0.0059784884756218,98.03198323930911,35791022.74994722,-36345389.51803698,-21383251.43910819,85162.61520709531,1558.8547408950094,-2649.8116235207503,-4.82434602880774
2022-12-14 04:00:00.000000Z,9.641321405573702e-05,42165363.82946812,0.1466454726778477,82.59495093266582,312.59504587091624,205.35499582247323,-0.0084043866745576,98.0251557647725,35790900.453962,-20736148.721345853,-36718363.447083466,40518.25589412554,2677.0180437893987,-1511.6683214259735,-7.293208224230084
2022-12-14 06:00:00.000000Z,0.0001013484270987,42165886.48743843,0.1469843952713441,82.58143825453514,299.9257077239066,248.1145238557941,-0.0206485370710925,98.01969725627715,35789342.05536401,457496.7465769039,-42164994.45575821,-15130.225001352872,3074.2873248373267,33.64846333358389,-7.809514314377531
2022-12-14 08:00:00.000000Z,0.0001125783032066,42166332.64444414,0.1473843918414933,82.64826268671422,293.7310207373601,284.3221200321933,-0.0275377076567303,98.01729828622275,35787020.86406398,21527925.523549173,-36255268.44803479,-66855.8107505143,2643.541676695933,1570.1035514231894,-6.227396389778778
2022-12-14 10:00:00.000000Z,0.0001212554949661,42166357.891519085,0.1476334285822088,82.77453189133888,295.5808270330596,312.42921908144217,-0.0272318817345116,98.0183416102608,35784770.99115541,36799266.53383952,-20579471.4340312,-100736.94312583913,1500.5648723689949,2683.8195450044664,-2.966016793326486
2022-12-14 12:00:00.000000Z,0.0001217825861306,42166019.52241436,0.1476755360412314,82.8856974999353,302.3255859776093,335.6591821238208,-0.0197727365918053,98.02209620199808,35783203.79031708,42156337.59854364,640528.3163765254,-107614.01683403103,-46.86700767684097,3074.5764457842265,1.101309993536403
2022-12-14 14:00:00.000000Z,0.0001161956852154,42165607.52731426,0.1476399509288286,82.92676085181093,311.2706555830435,356.7603682759879,-0.007090996583467,98.02727909618754,35782578.89392804,36154666.873304464,21687754.72916449,-85573.0620881417,-1581.792360534428,2636.9139228574472,4.881657568208247
2022-12-14 16:00:00.000000Z,0.0001096746834398,42165436.14629101,0.1477163789771328,82.90876107788311,321.39756289915505,16.73889035493292,0.0074946876947552,98.03257101432736,35782870.575819105,20410904.55078964,36890973.10585084,-40478.38249536413,-2690.519525431021,1488.720005466825,7.357301440749329
2022-12-14 18:00:00.000000Z,0.0001062141859318,42165697.97198612,0.1479932175503544,82.89889505997076,332.6793058441108,35.55348067661997,0.0201553057323958,98.03690227587036,35783917.14903624,-832692.6182592274,42153827.69881413,15594.419045119204,-3074.2639846031,-60.54096746938433,7.860505640835433
2022-12-14 20:00:00.000000Z,0.0001050658022943,42166266.82476198,0.1483757673802495,82.96429660656403,343.7106008875698,54.541474981802565,0.0275666895223374,98.0394604091762,35785559.48318837,-21852151.62137532,36059065.43839678,67601.30142693942,-2629.722337540421,-1593.341898006565,6.253375372445002
2022-12-14 22:00:00.000000Z,0.0001010550763519,42166616.18531569,0.148653014137404,83.1067695638438,349.6357410687597,78.55605738979142,0.0277834115862448,98.03952474550682,35787633.325643726,-36984906.78019173,20249902.24512038,101568.96977567396,-1476.8414956417687,-2696.7194688985305,2.96422379641134
2022-12-15 00:00:00.000000Z,9.45932013205044e-05,42166323.56599976,0.1487039866966043,83.24711929611308,344.96579218840293,113.16480455835406,0.0207374025905997,98.03653992517177,35789755.29299534,-42155562.63219454,-1013874.5150184385,108341.26155908089,73.65177061907221,-3073.584653799294,-1.127836441635712
2022-12-15 02:00:00.000000Z,9.447952007949291e-05,42165710.65975036,0.1486532065733905,83.30361655565108,332.29230810248816,155.858110402905,0.0082467918804534,98.03072294397316,35791208.95219202,-35972831.72347744,-22004583.9171967,86037.3396458092,1604.1265059258624,-2622.6538552137827,-4.926958410304787
2022-12-15 04:00:00.000000Z,9.963780479929894e-05,42165453.66770463,0.1487316404415853,83.28584028528066,319.6118548352267,198.63132858820885,-0.0064470718951005,98.02357389611618,35791297.72599661,-20102687.618755534,-37069415.01056036,40575.422260479885,2702.5475148144988,-1465.4842010755365,-7.412100800522348
2022-12-15 06:00:00.000000Z,0.0001072899268841,42165734.45899607,0.1490065318427179,83.27569705352259,308.5223108590342,239.8069926610674,-0.0195028922812282,98.01741455766212,35789872.263026096,1181058.240857126,-42151463.24931059,-15886.219673272328,3073.212782819885,86.39775955721834,-7.911094371875936
2022-12-15 08:00:00.000000Z,0.0001197823154885,42166192.43476078,0.1493322759762543,83.33009146759929,301.5149598727122,276.83890614480805,-0.0274744453594313,98.0142385743211,35787453.40733109,22146688.475844987,-35881144.81456973,-68193.36479011911,2616.1816285714845,1615.2106244240858,-6.2835595221359055
2022-12-15 10:00:00.000000Z,0.0001321271170746,42166438.0043816,0.1495301484566754,83.42990762758141,300.8296154594128,307.5071730928783,-0.0282257167383191,98.01484629030026,35784908.38227916,37146717.44040722,-19945759.46875669,-102264.79708634972,1454.2979248269385,2709.1615321408417,-2.9615181317591546
2022-12-15 12:00:00.000000Z,0.0001370316750102,42166341.27231627,0.1495614145586506,83.51231764453267,304.8357855568232,333.5045903041013,-0.0215152231267479,98.0187112391374,35783032.869170204,42138988.9028654,1363085.2896766807,-108890.86597303036,-99.59964211743528,3073.344333343061,1.1647824225394008
2022-12-15 14:00:00.000000Z,0.000132397374238,42165997.70754858,0.1495427239723332,83.53581694641245,311.11279205489075,357.2918999495742,-0.0090806361373574,98.02439093276756,35782284.27374857,35777131.530966245,22304496.08278021,-86231.33979539883,-1626.8030998736044,2609.427593385397,4.985750326857346
2022-12-15 16:00:00.000000Z,0.000121344395798,42165643.2842214,0.1496240613657709,83.51592777610766,318.31735421515543,20.195125545355708,0.0058090189449966,98.03015174720606,35782704.20007724,19774804.506285604,37235628.24701091,-40329.49584611424,-2715.670786978754,1442.371001523953,7.471800826536392
2022-12-15 18:00:00.000000Z,0.000109752183438,42165598.73502106,0.1498548130353696,83.507902652984,326.8223286478843,41.78471733603061,0.0192179136184171,98.03455643263358,35784010.800419904,-1555948.8065619152,42133424.47391566,16503.161215086227,-3072.7629997725567,-113.25243586782064,7.951679901100776
2022-12-15 20:00:00.000000Z,0.0001015129511526,42166034.5917264,0.1501447137067979,83.55729958855652,337.58156105493475,61.06043121397857,0.0275914282972301,98.03676664910776,35785826.03523312,-22467644.799727865,35679124.91983291,68996.57712184703,-2601.984239456249,-1638.1953166184085,6.293796223666839
2022-12-15 22:00:00.000000Z,9.542985829484994e-05,42166621.54749356,0.1503412092621952,83.65809232078885,347.3755753613312,81.24738703843133,0.0287015711052907,98.0363985945702,35787871.858744234,-37326898.01305007,19612862.41945751,103029.4286053558,-1430.363423501689,-2721.6376610023367,2.94138704395608
2022-12-16 00:00:00.000000Z,8.976673546065023e-05,42166710.153191,0.150374335421786,83.7512374893403,348.2552273879636,110.35354984584282,0.0222339111063717,98.0332263714266,35789889.38480643,-42132117.174931526,-1736426.6862651492,109424.12870964772,126.34164131737086,-3071.8742422489654,-1.2071551421292055
2022-12-16 02:00:00.000000Z,9.08758961142434e-05,42166188.64993823,0.1503490432008264,83.7811831277953,338.36480057607633,150.29032402455422,0.0098672420425608,98.02738381251088,35791379.74493164,-35590462.16783286,-22618127.194774568,86413.70713767897,1648.8369248168665,-2594.783490959826,-5.038824115607627
2022-12-16 04:00:00.000000Z,0.0001005583674784,42165668.03611976,0.1504370956007478,83.76011351008141,326.84056164000367,191.9103698300456,-0.0051611087037844,98.01998331846936,35791679.84627774,-19464591.093112905,-37408843.02064825,40128.15001185857,2727.2332652816326,-1418.9717495222912,-7.523229360049871
2022-12-16 06:00:00.000000Z,0.0001122259008084,42165637.260224976,0.1506747712423347,83.75183678585131,317.418669159284,231.4158314361736,-0.0188906704770091,98.013139184283,35790451.16210608,1902825.7764843677,-42125631.05040183,-17031.13493359475,3071.237098095302,139.00181170496757,-7.988907677735474
2022-12-16 08:00:00.000000Z,0.0001262634206785,42166007.62588792,0.1509334761418977,83.79520163765727,310.37724089301327,268.49195018735384,-0.0276718691826571,98.00906147169944,35788010.07355193,22757705.54864208,-35497407.48037327,-69706.11542782493,2588.1087103928703,1659.7330130366313,-6.305334000597807
2022-12-16 10:00:00.000000Z,0.0001417022275914,42166421.93547844,0.1510755710256489,83.86661681040533,307.6782874019264,301.20156369235093,-0.029136929534495,98.009005968717,35785188.93139596,37482593.356843695,-19307783.23080241,-103706.74941046308,1407.7058130597673,2733.6374734523797,-2.920427724984957
2022-12-16 12:00:00.000000Z,0.0001517279274521,42166594.01430906,0.1510945366261165,83.91298559206403,309.3169054178745,329.60248574289545,-0.0228462181113858,98.01278298911524,35782938.39573322,42109426.3074879,2083369.831320481,-109838.23998203975,-152.18139729031435,3071.2058066815125,1.25787215365783
2022-12-16 14:00:00.000000Z,0.0001504392087067,42166405.401407465,0.1511064972245533,83.90852567898784,313.46224219809994,355.54988565469534,-0.0104268404003098,98.01892439443496,35781944.03960242,35390071.03655941,22913049.581063777,-86395.19246143379,-1671.237045324338,2581.241991591467,5.105076980301445
2022-12-16 16:00:00.000000Z,0.0001377669063742,42165953.18785861,0.1512249900737236,83.87825057830733,318.26196697686214,20.868972506961533,0.0048440656549647,98.0253231059871,35782388.103117056,19134400.243584216,37568378.09770284,-39640.68711591585,-2739.9823942230905,1395.7105613913764,7.5834627986850895
2022-12-16 18:00:00.000000Z,0.0001200760969849,42165602.98869485,0.151450615451867,83.87045868862431,323.40206756083234,45.82355754662758,0.0189055586626288,98.03008013818368,35783937.36762378,-2277173.861326056,42100530.575534426,17867.54097796935,-3070.380712365464,-165.8119336833388,8.02279424745615
2022-12-16 20:00:00.000000Z,0.0001043455003864,42165790.05391794,0.1516767940650971,83.90872722403172,331.31230950900016,67.95925392734853,0.0279964233912787,98.03215391611393,35786001.565883964,-23075300.7016677,35289376.39039373,70654.64170193068,-2573.5506129685155,-1682.471243679155,6.301787343962297
2022-12-16 22:00:00.000000Z,9.26685506911718e-05,42166482.38109825,0.1517966913752629,83.96936965409228,342.71623739100613,86.57604285585045,0.029662477611061,98.03138260585808,35788111.65499262,-37657292.70663187,18971291.778309666,104496.03772911707,-1383.5613524789285,-2745.7004023759832,2.8810206152980515
2022-12-17 00:00:00.000000Z,8.497251805305241e-05,42166974.63788325,0.1518116454648477,84.00387763798173,349.69705859271124,109.63940681157833,0.0234165734894708,98.02794410506134,35790041.627015285,-42096391.1975906,-2457027.002757119,110249.11144301588,178.89265760638955,-3069.260780235653,-1.3209212058194912
2022-12-17 02:00:00.000000Z,8.538319421103654e-05,42166702.330450855,0.1518374914122793,83.98813121161734,344.3651207838631,145.0633492393983,0.0108771292286255,98.02206701965844,35791516.72766112,-35198404.0363294,-23223793.783634644,86319.38682640922,1692.9831696202464,-2566.208277730999,-5.174110296820426
2022-12-17 04:00:00.000000Z,9.812684239611643e-05,42166018.08912919,0.1519830291889085,83.9510764925804,334.1794197782499,185.36070142876468,-0.0046493907246782,98.0145255929968,35792000.607146576,-18821969.27278514,-37736619.47762323,39101.01313145065,2751.0815839860784,-1372.1388900318586,-7.640465355673465
2022-12-17 06:00:00.000000Z,0.0001148379443675,42165635.38021009,0.1522255259342658,83.94289567928051,326.3121385981684,223.31087506861917,-0.0190344813841991,98.00710040654543,35791021.522589006,2622757.271265529,-42087512.68300796,-18728.54490411327,3068.371847326135,191.45723255481164,-8.052995241555733
2022-12-17 08:00:00.000000Z,0.0001313756714994,42165808.27571918,0.1524369198456215,83.97842957622363,319.91006996095,259.7545216140134,-0.0284198801133358,98.00207913116922,35788655.87520978,23361016.96501069,-35104076.39715413,-71607.27315393109,2559.333329764885,1703.6722532710282,-6.29612879642517
2022-12-17 10:00:00.000000Z,0.0001493591848356,42166310.176927306,0.152525837868038,84.02231840468798,315.8110723538471,293.89083968978395,-0.030250933833846,98.00115808806568,35785621.76552857,37806995.28787167,-18665545.20143867,-105272.84665326748,1360.795062900366,2757.2500088996403,-2.8384550354090865
2022-12-17 12:00:00.000000Z,0.0001646034751015,42166752.455283865,0.1525335897798158,84.02834383593304,315.35866089468567,324.4227992478826,-0.0239746681208068,98.00460023810516,35782969.900162525,42067789.19822429,2801394.674051066,-110610.06293057872,-204.60770990741423,3068.162480391667,1.3915373877290451
2022-12-17 14:00:00.000000Z,0.0001621607379032,42165917.46210638,0.1525895832006522,83.98797346581428,328.425280933456,341.48514378883664,-0.0112094256865872,98.01105923602508,35781296.60270272,34993391.1426866,23513251.599699058,-86123.02863979927,-1715.1578977319998,2552.304117793786,5.254609074509539
2022-12-17 16:00:00.000000Z,0.0001524570731322,42165471.2835272,0.1527768290688346,83.94029590006988,332.37555199817467,7.672430761882453,0.0046688331343237,98.01880168446417,35780963.39197413,18489033.806897696,37888572.19873333,-38359.84069249904,-2763.547608333941,1348.6456798679908,7.707351830108884
2022-12-17 18:00:00.000000Z,0.0001327553348629,42164857.98738837,0.1530419752527932,83.93176970430227,336.6290022495743,33.516591100837104,0.0194180196726701,98.02574910306572,35782053.89063117,-2997704.9134129426,42053478.66085656,19836.856819090437,-3067.197714991645,-218.4174071597455,8.085188849382945
2022-12-17 20:00:00.000000Z,0.0001136518681305,42164708.175118506,0.153245070060022,83.96591159578749,342.98158220906976,57.21656726914762,0.0290622670249878,98.0303140835963,35783976.041764975,-23676648.239583995,34886312.59230582,72784.16583481285,-2544.372117238804,-1726.4729328373523,6.282156317949517
2022-12-17 22:00:00.000000Z,0.0001007114208355,42165339.643407024,0.1533076316482344,83.99513191799858,354.83596370485134,75.41678756848917,0.0309606507201313,98.03200609241114,35786133.03276789,-37976465.70162437,18319455.352454875,106185.09206875184,-1336.1553690683836,-2769.193587437668,2.7804315689558434
2022-12-18 00:00:00.000000Z,9.348416371108854e-05,42166183.73164703,0.1533096764265295,83.96927602130965,7.354340901323607,93.00531416737432,0.0245268422367185,98.0309228544398,35788253.03472726,-42045947.82828763,-3182829.1168059893,110987.68078606763,231.7873698425551,-3065.821766000762,-1.478641592890397
2022-12-18 02:00:00.000000Z,9.104869972371232e-05,42166304.80866486,0.1534112268302882,83.89450251649777,8.839709499513944,121.6730395951169,0.0114097905241305,98.02710819963758,35790183.40313547,-34790520.58316802,-23828125.28957505,85838.72459150915,1737.0718581243702,-2536.672053370815,-5.347090023718009
2022-12-18 04:00:00.000000Z,9.976634140795256e-05,42165615.06982533,0.1536684773812034,83.8295699184533,359.4537054329253,161.1998143103111,-0.0049204712014739,98.02080804437514,35791460.30010047,-18165662.40015021,-38056303.5800894,37467.6289214538,2774.3896130197168,-1324.434599071293,-7.779689349641965
2022-12-18 06:00:00.000000Z,0.0001174657005577,42164890.05642465,0.1539726364683949,83.82022723104669,350.2821178595908,200.455366782584,-0.0200874400379955,98.01329312569914,35791393.60802304,3350898.184514228,-42036179.025570855,-21113.196853371104,3064.553050413788,244.42038858508232,-8.116919647904737
2022-12-18 08:00:00.000000Z,0.0001345578031802,42164756.3651627,0.1541715421507625,83.85373436570177,343.0064225089034,237.77331053350807,-0.029983158329315,98.00691571701026,35789644.3859235,23964882.264656987,-34695831.3385466,-74109.96383082694,2529.437902415323,1747.555868465232,-6.263642203660522
2022-12-18 10:00:00.000000Z,0.0001518741459645,42165232.76132106,0.1542197025076164,83.87538640498046,336.56153337756194,274.27587172071645,-0.0318813641487545,98.00410998955785,35786617.34055466,38124297.109535865,-18010912.95020862,-107203.76071620312,1312.933209186573,2780.2355854878806,-2.715368318084688
2022-12-18 12:00:00.000000Z,0.0001703291704409,42165911.0719811,0.1542204800743358,83.84141961988684,332.9449618997002,308.01059127214825,-0.0251863392685876,98.00616031732994,35783350.5378258,42013658.52294499,3525778.6506924266,-111415.79073394176,-257.54977445406064,3064.1138296781587,1.5740393538161774
2022-12-18 14:00:00.000000Z,0.0001810685301724,42166255.527709804,0.1543322262955552,83.76137349295682,333.19521642953816,337.92886902179487,-0.0116152092010334,98.0125111952566,35781042.857667305,34582936.50612218,24112437.27108184,-85543.31594345835,-1758.929959418821,2522.375041471257,5.448150299391692
2022-12-18 16:00:00.000000Z,0.000174332322192,42165933.82357487,0.1546163162425711,83.69200478061708,335.56060293300146,5.723442846792298,0.0052408670140307,98.0209643425974,35780482.57111834,17832923.10517921,38201239.83602971,-36505.37136032303,-2786.436872774287,1300.8178570999792,7.859563291263352
2022-12-18 18:00:00.000000Z,0.0001520327581732,42165142.798057005,0.154964583108321,83.68305952305614,337.6860734024443,33.69679734296908,0.0208657882997839,98.02870676026016,35781672.0744108,-3722765.476838321,41995118.90312597,22504.867151214203,-3063.0137237995505,-271.2727560899682,8.153350101553487
2022-12-18 20:00:00.000000Z,0.0001263916517153,42164614.13502339,0.1551922109854148,83.72204570272217,340.22814950300824,61.20280012958045,0.031025131853565,98.03363899441474,35783909.46398578,-24275191.834160198,34472416.688173644,75568.48306156021,-2514.2234602397302,-1770.0926220481756,6.244952124259217
2022-12-18 22:00:00.000000Z,0.0001050794866815,42165009.16298259,0.1552293913061475,83.73573166928074,348.5436262247809,82.95725899189287,0.0329050586188335,98.03513105695932,35786328.4673167,-38287101.292147465,17661491.624528497,108331.86468457704,-1288.1799393821973,-2791.8051063851835,2.643874968961881
2022-12-19 00:00:00.000000Z,8.988248643355493e-05,42166066.66322865,0.1552284786829909,83.66150514171572,3.510776146629152,98.14496762292777,0.0258820374641551,98.03363243304572,35788466.29282005,-41985003.21897887,-3907610.468771664,111883.92971740969,284.6451281994756,-3061.346620491694,-1.6821333175603286
2022-12-19 02:00:00.000000Z,8.352380452565101e-05,42166670.27264958,0.1554213056621551,83.52626378490106,12.34801360779862,119.5211224190009,0.0117253121465657,98.02964804816422,35790268.45746496,-34374485.71914181,-24424616.570429068,85180.29036920254,1780.5757256515146,-2506.3350223424814,-5.565769774561617
2022-12-19 04:00:00.000000Z,9.115270725182164e-05,42166184.04905012,0.1558399449953608,83.42615154526317,6.526336826329262,155.5188376468376,-0.0058306863786504,98.02343548486952,35791545.00536231,-17506636.076210275,-38364026.42513537,35357.62152864386,2796.825351933129,-1276.4088359665602,-7.954601837688133
2022-12-19 06:00:00.000000Z,0.0001135401550762,42165200.58172535,0.1562724251304521,83.41601326437343,357.9575980032564,194.1722422005456,-0.0220622564449461,98.015825422674,35791705.28546275,4075359.1287470167,-41972448.8442492,-24168.21727298259,3059.874510398544,297.19233193050894,-8.19774897393263
2022-12-19 08:00:00.000000Z,0.0001369044530168,42164673.44191301,0.1565094192649961,83.4568289141368,351.8235507140615,230.34062199093944,-0.0325356197273949,98.00884094376684,35790220.1379397,24559630.590149377,-34278111.2372751,-77320.19935522026,2498.921769415884,1790.8437618093026,-6.224180482308928
2022-12-19 10:00:00.000000Z,0.0001573163466347,42164982.094407454,0.1565402120301391,83.46752812616948,345.58842724034605,266.64341425192805,-0.0343262078632281,98.00507989502562,35787232.43816224,38429316.05636839,-17352060.71774481,-109706.42007285325,1264.8302252710114,2802.387700867164,-2.5622122604404374
2022-12-19 12:00:00.000000Z,0.000179177582548,42165814.81251989,0.1565409329573865,83.40123380295229,340.53983817467577,301.84169361103994,-0.0268322699145977,98.00634539352534,35783690.928884245,41947116.28162012,4248118.445632005,-112513.28166517592,-310.2800476423879,3059.1954388055965,1.8026098910441457
2022-12-19 14:00:00.000000Z,0.0001963348880533,42166488.9528737,0.1567150267481433,83.28410234834325,339.0873466242496,333.49964987095404,-0.0119626746857335,98.01254307580167,35780942.712388545,34162960.16685153,24703703.100096066,-84899.33780819974,-1802.1167168225047,2491.722359746227,5.692358095352835
2022-12-19 16:00:00.000000Z,0.0001952936154995,42166413.982364684,0.1571144505637712,83.19290807330964,340.24053723572496,2.5287874560464685,0.0063525754160422,98.02153775834611,35780050.16730488,17172615.78487705,38502114.74248464,-34244.31256342074,-2808.468229205851,1252.6620641456943,8.054154888096939
2022-12-19 18:00:00.000000Z,0.0001734586434817,42165574.61618095,0.1575816824510459,83.18536862508842,341.047012426394,31.820576244159003,0.0232028631398401,98.03012455052576,35781222.55052142,-4445569.47158424,41924310.879245535,25822.256290380254,-3057.936564634558,-323.97973765963167,8.24517614525479
2022-12-19 20:00:00.000000Z,0.0001435086455312,42164689.581402734,0.1578804786242763,83.2391712800535,340.57419513949384,62.32721826407845,0.0340105352219231,98.03561948734249,35783741.695232056,-24865641.35143136,34048753.86686102,79087.12721771571,-2483.382599367644,-1813.1329202370805,6.207304200235456
2022-12-19 22:00:00.000000Z,0.0001156983923768,42164696.31952329,0.1579304774752698,83.25869829552968,343.7244895956836,89.24095879657341,0.0357620921043465,98.03705287756134,35786494.1376531,-38585952.30520015,16999060.399540592,111123.83752202852,-1239.895200566118,-2813.5563961742705,2.483663920668863
2022-12-20 00:00:00.000000Z,9.042763050690868e-05,42165754.31302648,0.1579366779456993,83.16195159664771,356.1105453312039,107.03180761745732,0.0278305270123568,98.03508062836246,35788733.82539337,-41911720.565778,-4630319.883685385,113189.09815196197,337.3431574076054,-3055.957250467527,-1.92624656320314
2022-12-20 02:00:00.000000Z,7.4590928803257e-05,42166823.88518807,0.1582163908298551,82.9815736160346,10.953694836913762,122.44686421062092,0.0121824211465405,98.0307731271705,35790374.20659617,-33948858.97768133,-25013019.680025306,84604.37154374029,1823.495357453876,-2475.280554371947,-5.832865712750187
2022-12-20 04:00:00.000000Z,7.709445822625691e-05,42166758.95994601,0.1588204268781317,82.84825935869408,11.368258891172207,152.2416602815264,-0.007085700729632,98.02467931039666,35791498.62411038,-16843280.722166914,-38659810.85337499,32983.909351175585,2818.418198854224,-1228.0539632828716,-8.175524506357347
2022-12-20 06:00:00.000000Z,0.0001011437993182,42165698.143199965,0.1594429321221497,82.84008008444935,4.0663318171803855,189.6265251106182,-0.02479790876878,98.0172997169272,35791765.88023918,4797815.32130714,-41896072.66881139,-27778.84388388323,3054.3177987693084,349.82936741166185,-8.31197407618767
2022-12-20 08:00:00.000000Z,0.0001314258415402,42164751.62849043,0.1597793937892301,82.9009262050407,359.36939037849254,224.33758365146105,-0.036095583721167,98.01013076227068,35790577.78004033,25146591.95772131,-33850300.0888581,-81254.49306895792,2467.7120627336085,1833.5719493057568,-6.196989654650906
2022-12-20 10:00:00.000000Z,0.0001566407952759,42164734.4519302,0.1598262987470409,82.91913457680012,354.1953019659776,259.57111084533744,-0.037788538139936,98.00564997773496,35787792.01378308,38722780.27754329,-16688292.386265216,-112931.92936322214,1216.3993166756686,2823.692515860552,-2.3963088035824813
2022-12-20 12:00:00.000000Z,0.0001817758452802,42165584.83190268,0.1598336960263205,82.8371580584114,348.44482341832867,295.4861002873577,-0.0292584290474972,98.00605454607384,35784148.64877298,41868311.94113705,4968878.542917753,-114157.28242023718,-362.8715178528657,3053.3615660252035,2.0664546775592587
2022-12-20 14:00:00.000000Z,0.000205459412443,42166566.80408479,0.1600658851543222,82.69360558224929,345.5373853846347,328.62498036246404,-0.012659936956487,98.0118080538436,35781032.60273048,33733365.949716344,25287318.25435021,-84490.88543841468,-1844.7241179703497,2460.3397357264275,5.9858587450922975
2022-12-20 16:00:00.000000Z,0.00021240883954,42166842.285685055,0.1605820298384751,82.58529854731643,345.6991592042399,358.6629055393763,0.0076323042505973,98.0210595906635,35779751.11377226,16507998.925389037,38791397.07801061,-31849.59804492741,-2829.640262098002,1204.167001639148,8.299828616856795
2022-12-20 18:00:00.000000Z,0.0001944544240985,42166117.38020932,0.1611860985830565,82.58203259442917,345.8155776320765,28.641228425395,0.0261842438419332,98.0303965177843,35780783.921442,-5166202.457804899,41841176.94747117,29609.1237705548,-3051.9611166352247,-376.5480957156344,8.37726289526418
2022-12-20 20:00:00.000000Z,0.0001627802094543,42164975.47496171,0.1615909149781959,82.65923726205045,343.5003357377554,60.96756815867548,0.037958658250028,98.03656707729628,35783506.682090834,-25448050.2981346,33615383.30805566,83296.23259762774,-2451.8463845800925,-1855.602096661156,6.189601172260458
2022-12-20 22:00:00.000000Z,0.000131346464774,42164510.19958803,0.1616882806129765,82.70671320377224,341.84014535144263,92.6639349526524,0.0396706570822285,98.038092035117,35786629.88479496,-38873061.7793358,16332161.088877836,114663.21899629736,-1191.3013371711831,-2834.4556830733018,2.3192139116526054
2022-12-21 00:00:00.000000Z,9.885155652269976e-05,42165322.68221867,0.161705435307005,82.62195926303761,347.67938669476445,116.98910257810148,0.0306795773359727,98.03561767431285,35789076.93610013,-41826156.65244338,-5351008.835897951,115129.23413314922,389.8775204069072,-3049.658820903347,-2.196519776784111
2022-12-21 02:00:00.000000Z,6.942225066449907e-05,42166703.85186899,0.1620380937864777,82.42741498207216,1.511312164322951,133.42900585014615,0.0131947184238382,98.03076595844097,35790579.13871237,-33513744.928997397,-25593405.31429736,84415.30730429177,1865.8214697187989,-2443.5091376466585,-6.141400999810774
2022-12-21 04:00:00.000000Z,6.067113380180185e-05,42167210.75371458,0.1628037337273029,82.27376336233968,9.342646424701131,155.82735326303873,-0.0082475144954942,98.02465495896288,35791407.735049754,-16175774.76789103,-38943727.00705192,30668.92183171587,2839.158550420709,-1179.3701541407647,-8.444670370128183
2022-12-21 06:00:00.000000Z,8.129253855138295e-05,42166338.35639239,0.1636455233893566,82.27206546713452,5.982151201635742,189.2647516050248,-0.0279264012065171,98.01772119355913,35791584.446981,5518049.2661324125,-41807123.023994185,-31673.992508280367,3047.8827343147323,402.3317342170717,-8.471658573634471
2022-12-21 08:00:00.000000Z,0.000116805752289,42165053.62013205,0.1641388119644396,82.36618079965243,4.119451696822479,221.10860239623628,-0.0404560879221952,98.01085610679112,35790627.286654264,25725584.0026852,-33412447.58287877,-85760.18195213933,2435.8173180118,1875.747412917628,-6.202378385019013
2022-12-21 10:00:00.000000Z,0.0001482010083086,42164579.18396996,0.1642399111837161,82.41550559553704,1.263968707325559,253.9921198746599,-0.0422830994420397,98.0060888971944,35788164.577859424,39004568.60125639,-16019580.286389137,-116890.77499797184,1167.647162959871,2844.163441673895,-2.2417333965345367
2022-12-21 12:00:00.000000Z,0.0001768509081223,42165260.44561174,0.1642565083601087,82.34284924909628,355.8877864551925,289.5227482767767,-0.032708890973239,98.00574984517284,35784630.30456312,41777146.83439949,5688178.094388756,-116526.97614307152,-415.3243388649165,3046.622447539065,2.343824876000965
2022-12-21 14:00:00.000000Z,0.0002064200646436,42166454.60894668,0.1645256615648687,82.1913002974891,351.9513954677535,323.69792015993994,-0.0141286303340078,98.0108451382475,35781302.3660295,33294046.21445776,25863442.3922616,-84627.6567518187,-1886.7530403197368,2428.2280488108336,6.3149694614896426
2022-12-21 16:00:00.000000Z,0.0002227421986513,42167134.24799255,0.1651345338516709,82.07479651737182,351.2948386238442,354.5622827105497,0.0085800746178013,98.02000498463676,35779647.09719031,15838976.98651553,39069229.40829598,-29688.50887226685,-2849.9483919932586,1155.3282958387344,8.594641905815891
2022-12-21 18:00:00.000000Z,0.0002121061933135,42166692.13027035,0.1658663249989284,82.0781266337573,351.1432737588877,24.80250997676074,0.0293522852215262,98.0298579338317,35780435.971216254,-5884712.924658816,41745829.78076131,33529.20337484734,-3045.07998139374,-428.9811821694347,8.55998551845212
2022-12-21 20:00:00.000000Z,0.0001818390545808,42165464.26639234,0.1663894648415322,82.1825236225977,348.0852024414095,57.84516625670979,0.0425641498856628,98.03670842178022,35783245.65746154,-26022423.986462843,33172396.619907223,87971.34050490793,-2419.6109826806583,-1897.5033333157369,6.211854474597371
2022-12-21 22:00:00.000000Z,0.0001494337296714,42164550.648609474,0.1665548380362024,82.273380266182,343.07922642588323,92.84417519507046,0.044548533776724,98.0384721775322,35786725.36723274,-39148426.2981204,15660849.307069711,118889.53823871592,-1142.3995234250656,-2854.510137886721,2.1751119688247016
2022-12-22 00:00:00.000000Z,0.0001154618596292,42164910.1070351,0.1665777499889936,82.23255353815291,342.15568633388006,123.8877348070248,0.0345867950981951,98.03553661191212,35789487.21033588,-41728330.7168206,-6069684.082450455,117820.2681283628,442.2428854018452,-3042.4606684465134,-2.469440337786624
2022-12-22 02:00:00.000000Z,7.643545657001771e-05,42166329.367513336,0.1669031982511573,82.06087528303183,347.37288973329623,148.91872524738747,0.0151251782950979,98.0299153583442,35790952.59834399,-33069225.27738487,-26165841.32675781,84880.17625383916,1907.5413819646967,-2411.0281974224667,-6.473518680892482
2022-12-22 04:00:00.000000Z,5.134783129743523e-05,42167403.61984154,0.1677473565350697,81.9074294807222,353.32994951745684,173.1908065483534,-0.0088197820866343,98.0234677352516,35791416.55123255,-15504316.71031819,-39215897.05514344,28778.015752290827,2859.0281224042265,-1130.3660514047206,-8.753049204133088
2022-12-22 06:00:00.000000Z,6.065573262775232e-05,42167002.03876111,0.1687770751458436,81.91550602746194,357.2585500118333,199.32974485574957,-0.030918103793072,98.01694266294228,35791278.52054822,6235751.460205443,-41705799.96693188,-35463.582622096605,3040.5595058072918,454.6869802287412,-8.679274511826755
2022-12-22 08:00:00.000000Z,9.541851295547428e-05,42165596.851032056,0.1694564691338551,82.05043588999202,2.9370707598540267,223.59224156894604,-0.0451729368204539,98.01075856373012,35790373.67496858,26296290.74479468,-32964832.662244733,-90509.90173627932,2403.245595408964,1917.3627210591303,-6.25521790956962
2022-12-22 10:00:00.000000Z,0.0001320388117502,42164622.54344942,0.1696442537657144,82.15274826208773,5.044930223247252,251.45967032978595,-0.0475631872882169,98.00623436629915,35788255.164541215,39274466.7134223,-15346209.731108256,-121400.98665255248,1118.5915975543603,2863.806564961663,-2.1232728517634234
2022-12-22 12:00:00.000000Z,0.0001643500254081,42164930.8899687,0.1696660818193467,82.11778113370231,1.809631896755307,284.8112957617771,-0.0372053366018732,98.00546685204584,35785021.32376144,41673530.56380045,6405814.246695181,-119638.04187994868,-467.6232773044202,3038.9933504895685,2.605785189837944
2022-12-22 14:00:00.000000Z,0.0001984190576713,42166161.02552141,0.1699330417150451,81.9811303073976,357.6864466366729,319.157640488585,-0.0166637365266174,98.0098383337669,35781693.90882737,32845000.98207118,26431987.019836493,-85526.4856217605,-1928.1930942525903,2395.4026923142897,6.65398546135592
2022-12-22 16:00:00.000000Z,0.000224004225559,42167214.67390313,0.1705829101017665,81.86744023236025,356.4767651628619,350.5718883972011,0.0086933299095016,98.0185705415922,35779759.57585413,15165618.378828753,39335625.98354208,-28130.581886997912,-2869.383649628539,1106.1593952855071,8.922821781313534
2022-12-22 18:00:00.000000Z,0.0002233735264327,42167186.56525117,0.1714017471084091,81.87747552411544,356.3533311114304,20.77745951466538,0.0321168114647382,98.02860159818135,35780242.83802997,-6600975.8909851285,41638380.45940234,37148.44925279285,-3037.28726379657,-481.26549413620097,8.791577931722347
2022-12-22 20:00:00.000000Z,0.0001980353735107,42166084.52736582,0.1720266322622916,82.00530838615619,353.42411947825826,53.66838613226788,0.0472910986771796,98.03601820545346,35782999.22345766,-26588622.437657155,32719993.37762017,92718.19675222976,-2386.6787183549686,-1938.82684806417,6.286592749719066
2022-12-22 22:00:00.000000Z,0.0001668569428501,42164861.28084951,0.1722615249054684,82.14206525759349,346.77871615922805,90.26128716461716,0.0500394627601897,98.03814882150677,35786755.207247004,-39411951.96260288,14985356.641954713,123540.63239290952,-1093.1993513942666,-2873.721745243327,2.074653340674654
2022-12-23 00:00:00.000000Z,0.0001359730175076,42164674.0763515,0.172280114552307,82.16248170139423,341.1379542833897,125.96051209287546,0.0394525108551566,98.03490146473057,35789903.302667275,-41618226.11879393,-6786176.397570524,121188.8631647161,494.4281164093495,-3034.377329117558,-2.716973389898586
2022-12-23 02:00:00.000000Z,9.693063896998208e-05,42165824.0920087,0.1725337999433412,82.04252643923328,338.5778827761184,158.71617264571196,0.0181455672964946,98.02839795443948,35791495.43223338,-32615368.848120645,-26730286.130106676,86125.44879098571,1948.6415535721865,-2377.8574782075343,-6.802702039698632
2022-12-23 04:00:00.000000Z,6.17236932615035e-05,42167266.98976254,0.1733354136637405,81.9097681886525,333.5751070637364,193.92666659231196,-0.0083987877796589,98.02121287552268,35791656.19230901,-14829096.2474709,-39476430.9443211,27608.42179488293,2878.007092616163,-1081.0645180574334,-9.080401937915331
2022-12-23 06:00:00.000000Z,5.486037386757048e-05,42167513.49067826,0.1744515338522861,81.92678444918552,333.75222465154417,223.80822150580823,-0.0332169797257484,98.01475924098332,35791045.87363817,6950594.841150884,-41592399.71839989,-38738.156894567495,3032.3330129499377,506.8663456237639,-8.92449686395217
2022-12-23 08:00:00.000000Z,7.673597480290624e-05,42166311.79214949,0.1752932945695317,82.09751761109585,350.6823016432771,236.78412024628383,-0.049651391866692,98.00933663585204,35789947.12025779,26858349.99710641,-32507957.71787723,-95065.59869060943,2370.0041495041755,1958.3921329841687,-6.358290486793625
2022-12-23 10:00:00.000000Z,0.0001118092544235,42164943.57899885,0.1755821669653257,82.26293401843739,2.852632244728253,254.52665447728145,-0.0531301944163422,98.00549490663931,35788063.871020034,39532249.235868976,-14668805.835981524,-126095.39271511493,1069.2612272941542,2882.615765991612,-2.057651226044574
2022-12-23 12:00:00.000000Z,0.0001461210071963,42164725.81230356,0.1756008967038394,82.28808866230162,4.766066879230135,282.6694213416265,-0.0424690949307416,98.00472542387558,35785236.669096604,41557469.66070318,7121207.358779505,-123285.54160263656,-519.735612192202,3030.4922490952968,2.824857528677068
2022-12-23 14:00:00.000000Z,0.0001824657500323,42165760.12064141,0.1758175972509387,82.18775584194063,2.026903078198764,315.59480509304683,-0.0202818788073991,98.00847529892292,35782125.909207754,32386444.654605277,26992561.32960568,-87200.05644780492,-1969.0203728052245,2361.8961629253577,6.971232649649803
2022-12-23 16:00:00.000000Z,0.0002153407798221,42167056.0142429,0.1764380511068491,82.08742959105757,0.8044647847519707,347.0077676681143,0.0076576550131868,98.0165269861823,35780071.07941,14488268.63686578,39590451.237124585,-27407.691993273034,-2887.933508473642,1056.6976057402285,9.256488844903105
2022-12-23 18:00:00.000000Z,0.0002256786966586,42167488.81797797,0.1772773092947141,82.101808573894,0.9850987311679618,16.904721315709278,0.033938787129075,98.02634997152356,35780246.54304212,-7314598.891559962,41518963.61659998,40069.818212433805,-3028.5829179022444,-533.3641365675439,9.05502416682969
2022-12-23 20:00:00.000000Z,0.0002084326555908,42166709.63754933,0.1779602890661058,82.2421246033663,358.80639226577244,49.03299780043314,0.0515052653913221,98.03410453147497,35782809.38169902,-27146306.27141153,32258549.744391397,97069.84406021435,-2353.06450844477,-1979.544382580272,6.411767692976592
2022-12-23 22:00:00.000000Z,0.0001805136460939,42165396.69083512,0.1782480879240959,82.41335738172201,352.01018203548705,85.74267171388932,0.0555638549087473,98.03667895735563,35786693.30212673,-39663450.41659524,14306193.802335806,128189.92165791227,-1043.726133368004,-2892.08319854964,2.0307581964293804
2022-12-24 00:00:00.000000Z,0.0001544928113914,42164720.39949279,0.1782551241670061,82.4920879408237,343.83020793235977,123.92273973864246,0.0448811477429095,98.03337865238215,35790218.098338455,-41495834.85552458,-7500016.614439083,124944.0758095703,546.4106810260791,-3025.4269852983325,-2.9152643346325333
2022-12-24 02:00:00.000000Z,0.0001222595053164,42165376.46913751,0.1783976593075589,82.43421255697294,337.29596427828574,160.5897220632113,0.0221217978340219,98.02610473428749,35792101.51962458,-32152294.80437916,-27286465.547055688,88052.79963771802,1989.1089453448917,-2344.030609388128,-7.100393023549204
2022-12-24 04:00:00.000000Z,8.678117246077826e-05,42166856.75496428,0.17904738053847,82.33508298183405,327.5523603199647,200.50640312906884,-0.0068405032464761,98.01790508377418,35792147.127547376,-14150312.366176262,-39725316.6110806,27266.490061981785,2896.084784710817,-1031.5039008604456,-9.399272275132216
2022-12-24 06:00:00.000000Z,7.104145354414762e-05,42167716.71970784,0.1801085832781124,82.35627524812614,317.7556164783381,240.35721358245095,-0.0344336147559699,98.01101916449652,35791061.19119835,7662303.205265985,-41467200.13083736,-41210.903476566775,3023.194127870396,558.8275469047542,-9.18530090240507
2022-12-24 08:00:00.000000Z,7.564631698082263e-05,42167032.91076533,0.1810290482507875,82.54381917724011,329.9621828236471,258.0402968220009,-0.053329571607382,98.00608062698434,35789556.69645969,27411472.63525914,-32042405.56482165,-99013.66638812408,2336.10151387156,1998.795643599888,-6.499123547297944
2022-12-24 10:00:00.000000Z,9.634636396149103e-05,42165539.30875128,0.1814039779818121,82.76240581859413,352.0957798889805,265.7672436061418,-0.0583627287665946,98.00308986769424,35787701.78778617,39777781.78051438,-13988173.60429365,-130516.8545554984,1019.6896277158456,2900.5727451974635,-2.045744540694636
2022-12-24 12:00:00.000000Z,0.0001263858364509,42164770.455084525,0.1814125409273695,82.85442266354785,2.9750781483693145,284.8776650005915,-0.0479579953959919,98.0027030342574,35785264.58023447,41429118.9261241,7833542.588190415,-127071.16184865656,-571.6183884932476,3021.135110489425,2.9857175633984525
2022-12-24 14:00:00.000000Z,0.0001614137801199,42165385.586569965,0.181540373116006,82.803555142902,4.124600583527816,313.86449381985904,-0.024650214460549,98.00605004684138,35782531.7151608,31918811.17781953,27544572.713738654,-89404.6360117574,-2009.202903089269,2327.751838114395,7.239920975658667
2022-12-24 16:00:00.000000Z,0.0001977792155854,42166706.77078459,0.1820629671539096,82.72446442285796,3.9100924758468425,344.2474768150995,0.0055127001597021,98.0132859602305,35780543.16294347,13807522.7129197,39833476.797601625,-27492.03259418781,-2905.585716265315,1006.9983131067332,9.563710094241037
2022-12-24 18:00:00.000000Z,0.0002176901137646,42167535.87626987,0.1828470333714544,82.73979160711247,4.766867038257541,13.466757306051656,0.0345522326391703,98.02252199620334,35780471.70728706,-8024972.943783379,41387755.73304399,42096.47966651182,-3018.97530876349,-585.2217887746347,9.3211708566619
2022-12-24 20:00:00.000000Z,0.0002103226008154,42167202.36859073,0.1835281637979035,82.87824031545833,3.76825440621652,44.41681640274365,0.0546985175462262,98.03028486474898,35782729.840937845,-27695000.32771956,31788606.7202196,100651.75166410448,-2318.796866847538,-2019.6122738962672,6.568184937670647
2022-12-24 22:00:00.000000Z,0.0001875486277002,42166036.59554514,0.183839347273458,83.06312137670169,357.9372948937236,80.14800869293454,0.0604931458116676,98.03327839637784,35786545.06109989,-39902706.56667949,13624129.215478182,132374.7794142259,-994.0213974693664,-2909.577432023045,2.0385550398235988
2022-12-25 00:00:00.000000Z,0.0001661977393279,42165053.63908411,0.1838348508216643,83.18082417254966,348.8971875547645,119.14948330501473,0.0502691909442577,98.03022617499772,35790329.16430619,-41361234.10351278,-8210438.592522639,128642.21122113112,598.15457150651,-3015.627343249545,-3.054484741857601
2022-12-25 02:00:00.000000Z,0.0001429817474514,42165151.48448487,0.1838678158872016,83.17632785584571,340.5342990981309,157.59131732615776,0.0266048584795924,98.02253899632731,35792587.9621992,-31680264.730747167,-27833841.09427813,90332.59579264744,2028.9297213996267,-2309.5900144909288,-7.345555769721924
2022-12-25 04:00:00.000000Z,0.0001133846417886,42166342.869245455,0.1843145293790103,83.11303553688873,330.337341527976,197.92453726476845,-0.0043551668948838,98.01336013262328,35792754.77605479,-13468252.349240944,-39962351.40938376,27598.322828903325,2913.2654795304097,-981.7324551741495,-9.682778327343476
2022-12-25 06:00:00.000000Z,9.425809109961688e-05,42167607.27094612,0.1468388452849449,79.88626310445326,319.9528545086463,241.6102166480899,-0.0302676007666451,98.00564848740365,35791359.79760575,8370650.876682781,-41330340.98487471,-39719.466165571626,3013.1585450502816,610.523398185626,-7.327449731717193
2022-12-25 08:00:00.000000Z,9.144923634027967e-05,42167597.09400578,0.1476866387321809,80.13029359273332,320.2775085416531,271.1187291655329,-0.0325223080602355,98.00071496255308,35789384.458995275,27955558.382356934,-31568645.93378073,-84940.29397488755,2301.55854424809,2038.5298775516023,-4.944075535520381
2022-12-25 10:00:00.000000Z,9.481503771925072e-05,42166331.83041527,0.1480582159985293,80.44434042491397,339.11216532888835,282.0498413093524,-0.0265358320478733,97.99839889835395,35787359.83949196,40011165.42839265,-13305043.118804537,-107666.16911763207,969.9125542196962,2917.6518832352704,-1.2199789281076594
2022-12-25 12:00:00.000000Z,0.0001125398281148,42164117.01060355,0.1480294166198575,80.6267573771826,10.78563132573788,280.2760774197632,-0.0137614249508207,97.99838231875069,35785133.0022097,41288826.539025895,8541885.409837764,-101655.5503670524,-623.2385809206968,3010.895524828989,2.855627764846419
2022-12-25 14:00:00.000000Z,0.0001431430375957,42164179.48758983,0.1480564282318264,80.62591172578749,15.806361206938474,305.3413901220203,0.0026046645219471,98.00144077471629,35782550.69061796,31442607.660047453,28087031.5136622,-68343.4633373469,-2048.7362182240627,2292.9762388159843,6.188496251349839
2022-12-25 16:00:00.000000Z,0.0001783783272152,42165281.6363539,0.1484481816026135,80.56534353242215,16.221110166081928,335.0761975656427,0.0183895964822225,98.00829138235756,35780323.500670135,13123737.534100013,40063737.11466252,-16527.086417832565,-2922.3855574188224,957.0501958095656,7.875701820889798
2022-12-25 18:00:00.000000Z,0.000204821991002,42166339.8930934,0.1491116513643603,80.59635176710911,17.29204382579119,4.06590739649782,0.0295080184709729,98.01780939889515,35779588.033185065,-8732141.110632464,41243446.68578804,39957.4429468548,-3008.5171583617107,-636.9305648939054,7.453599900481978
2022-12-25 20:00:00.000000Z,0.0002072396668358,42166464.04744192,0.1497092108430263,80.76453751681065,17.691925341556725,33.589229817225046,0.0330441722525595,98.02706860646036,35781047.055920735,-28234866.17069784,31307854.36396361,85948.30126441983,-2283.837998672608,-2059.2094915452344,5.026603129874969
2022-12-25 22:00:00.000000Z,0.0001894730221925,42165628.67988716,0.1499792324550813,80.99201306571656,14.209938764037464,66.93147764439415,0.0280417073344543,98.0326743036123,35784359.962552324,-40129009.30383492,12935488.790188806,109049.24614702348,-943.872128145202,-2926.38271477778,1.2408671437641303
2022-12-26 00:00:00.000000Z,0.0001685799605654,42164577.21729925,0.1499459508274633,81.15557934413593,6.452921867950797,104.60698513032467,0.0157709509676849,98.03259613394168,35788231.67027304,-41211535.806148574,-8921959.326144537,102980.49460930428,650.0394261669144,-3005.0092295322297,-2.890110111700237
2022-12-26 02:00:00.000000Z,0.0001495605569122,42164212.676398806,0.1498991666664569,81.19058627521477,358.0385563688805,143.06314102765265,-0.0006035642177843,98.0272550903398,35791115.79288039,-31193422.925724376,-28376247.95423249,69277.17127327144,2068.5175653982565,-2274.304550346174,-6.2591484845308285
2022-12-26 04:00:00.000000Z,0.0001251602893288,42164920.22986876,0.1501672362982731,81.1526272018308,349.4299485062154,181.78378428256556,-0.016859607071665,98.01919343917758,35792058.04732908,-12774573.582230818,-40188746.37194396,16882.46901386912,2929.7916607457355,-931.267377490992,-7.9627789611633055
2022-12-26 06:00:00.000000Z,0.0001029355603183,42166163.42150937,0.150818075447457,81.1852026680806,337.1540604016229,224.10160166209937,-0.0288222656520036,98.0115640126375,35791143.079767,9084554.049785055,-41179089.84370215,-40241.16682455827,3002.1134622221,662.5317234886969,-7.541813476450399
2022-12-26 08:00:00.000000Z,9.631421714605363e-05,42166747.26383732,0.1515309045876012,81.38525843726528,329.82167508799927,261.3109381479184,-0.03343249356798,98.0064402723699,35789223.43155553,28497438.151720576,-31080134.563975528,-86829.87014775361,2265.922445675373,2078.0402700018035,-5.101898843759516
2022-12-26 10:00:00.000000Z,9.662915674556736e-05,42166003.219649374,0.1518850306020074,81.67850892187764,340.1633801368109,280.75590332887003,-0.0295019260501978,98.00423016819796,35787105.4471613,40235144.18301443,-12610656.611686377,-110374.56782340216,919.278227998234,2934.0059043977417,-1.2856037461762508
2022-12-26 12:00:00.000000Z,0.0001040569747218,42164721.73474786,0.1518462353321161,81.88606083457563,359.53390644094407,291.26035280117173,-0.017997116573163,98.00462344579334,35784993.392494,41134634.56164207,9255295.314528933,-104462.61546198891,-675.2302136318182,2999.6967044735584,2.893656991475293
2022-12-26 14:00:00.000000Z,0.0001237560625842,42164247.52424954,0.1517898912618701,81.92779901905469,11.83650180044141,309.001262040512,-0.001819165396533,98.00772812525906,35782826.20004068,30951877.092782512,28627314.7000439,-70536.87905521924,-2088.064249142654,2257.196913044761,6.316669510212613
2022-12-26 16:00:00.000000Z,0.0001531746841113,42164935.3590913,0.1520387796337932,81.89181888800259,16.28495469796282,334.67703737994844,0.0148910089006442,98.01383786193648,35780960.17808119,12428931.67193797,40285367.36085537,-17573.976568767885,-2938.437810541216,906.3661167733796,8.058667880008537
2022-12-26 18:00:00.000000Z,0.0001810296868075,42166003.04616686,0.1525558565851041,81.91515856019383,19.108913832364152,1.92028911789194,0.027798309743258,98.0222535815156,35780237.038074285,-9443623.456700545,41087039.98342344,40280.510227139246,-2996.9981404175787,-688.8314053407665,7.642574849284817
2022-12-26 20:00:00.000000Z,0.0001911755587756,42166490.466879725,0.1530537716824663,82.05118962323286,21.094053352033484,29.889727558439443,0.0335133286120811,98.03073181410788,35781364.1410564,-28771408.788860183,30815936.064040285,87502.27865724446,-2247.887505848469,-2098.3621512017426,5.171930271395501
2022-12-26 22:00:00.000000Z,0.0001811269420925,42166072.74383123,0.153288623075214,82.24313948354519,19.61306538954153,61.26644324159947,0.0305070741805599,98.0362791852256,35784263.09882899,-40346251.25158911,12240734.749716574,111374.6587274279,-893.1706391453185,-2942.2779316102183,1.3052726922549915
2022-12-27 00:00:00.000000Z,0.0001641736984093,42165168.11655835,0.1532579467439614,82.39035943612643,13.199563239264355,97.61529077342598,0.0195349233049978,98.0367107977998,35787947.36681606,-41050994.09514767,-9632416.083883371,105426.78725232922,701.8591321083275,-2993.3735579359386,-2.921136888581196
2022-12-27 02:00:00.000000Z,0.0001503856325669,42164531.819366895,0.1531845192641457,82.4363069399961,4.355505410282839,136.4907005175804,0.0034457889358251,98.03187237637958,35790993.21411314,-30698275.14913133,-28911007.911319308,71185.87066433278,2107.496143559022,-2238.2607481652003,-6.373221236244118
2022-12-27 04:00:00.000000Z,0.0001352684921513,42164727.2817646,0.1533308360269235,82.41732193636189,355.372732474442,175.5664918405633,-0.0135705328108054,98.02376716153483,35792276.77075334,-12078219.178864911,-40403713.97663693,17772.367437363166,2945.412427460752,-880.5338307075544,-8.124338526633863
2022-12-27 06:00:00.000000Z,0.0001183042033288,42165696.91764761,0.1537738528054827,82.43902620833028,343.9906276050637,217.00078556535192,-0.0270889660152689,98.01552508377442,35791543.564238034,9794473.210763726,-41016443.15699884,-40543.3116223791,2990.1784240632,714.2688098298817,-7.703221896257524
2022-12-27 08:00:00.000000Z,0.0001111117635506,42166614.57452117,0.1543027331753713,82.58450943629202,333.0436770479815,257.87864250498586,-0.0336046841298369,98.00978369429323,35789460.89813988,29029786.683118477,-30583819.667279877,-88156.52231562688,2229.6737843802266,2116.8545745202227,-5.21872797837882
2022-12-27 10:00:00.000000Z,0.0001097757569787,42166500.31006677,0.1545884544592851,82.81758999863413,334.2010145143939,286.5680959642792,-0.0314283781550283,98.00752511340173,35787042.90864094,40446731.54347664,-11914348.251189012,-112291.52340873216,868.4797345329686,2949.4652778345144,-1.3298781920287148
2022-12-27 12:00:00.000000Z,0.0001064335915341,42165434.65677566,0.1545509966037091,83.00284408197172,348.174358867607,302.4924283266263,-0.0211028836413102,98.00832264081126,35784886.51687802,40968593.008214585,9964116.37409337,-106412.64790585396,-726.9083124905426,2987.6291652918426,2.927919382048331
2022-12-27 14:00:00.000000Z,0.0001112189683473,42164591.85336874,0.1544637890632096,83.05776940526926,4.04928598047554,316.6479737769744,-0.005268641964509,98.01158298265304,35783044.63744356,30453062.66618,29157692.431290675,-71995.71007510263,-2126.684850001357,2220.842125249461,6.414975724079285
2022-12-27 16:00:00.000000Z,0.0001296299400317,42164774.79476349,0.1546118022408205,83.03819232491617,13.620738115588184,337.1837512215336,0.0119843642969866,98.01709668774778,35781599.55455198,11732004.663648568,40494482.61570928,-18180.448228058736,-2953.578605276798,855.5494151788864,8.191275298955066
2022-12-27 18:00:00.000000Z,0.0001535160690049,42165642.353721984,0.1549909002945265,83.05510403144015,19.37515068500397,1.501800594781659,0.0261522264083862,98.02433462879104,35781034.477320835,-10150655.200155787,40918923.3311266,40641.21581979414,-2984.6079522527834,-740.3792210144844,7.772281067950838
2022-12-27 20:00:00.000000Z,0.0001674403542825,42166329.84675528,0.1553714180470949,83.15707289187344,23.52329929356426,27.341178936468964,0.033497159249179,98.03169925701516,35781920.989242226,-29298123.01558648,30316375.326620467,88678.41138022361,-2211.351312477882,-2136.764051935625,5.263527055427621
2022-12-27 22:00:00.000000Z,0.0001640869999783,42166314.65297878,0.1555519615793261,83.30163495515654,24.468526555994725,56.33861627519521,0.032052306462848,98.03679629069514,35784341.816126764,-40551014.3657939,11544569.506582256,112996.3291121871,-842.3356749211637,-2957.235648773345,1.3347722259842718
2022-12-28 00:00:00.000000Z,0.0001511137050365,42165703.3623908,0.1555295303138976,83.41058535823619,20.207620231763546,90.57348309138746,0.0221638948975453,98.03757454062102,35787629.17831802,-40878761.667165376,-10337660.760977814,107012.54824116795,753.3351967756812,-2980.8790682909976,-2.9599694224089155
2022-12-28 02:00:00.000000Z,0.0001403021882963,42165008.24506439,0.1554766462447308,83.44341787603022,11.68124611617122,129.14506534969394,0.0064130847056047,98.03347794733008,35790605.334891595,-30195320.62244657,-29435356.597519662,72281.17633586921,2145.76703927682,-2201.661756568931,-6.466823281567116
2022-12-28 04:00:00.000000Z,0.0001325952650909,42164791.97206572,0.1555808097946346,83.42997655618814,2.085259444695489,168.82903139676384,-0.0110635127689313,98.0258770620417,35792139.86943048,-11379902.2302448,-40605784.679496,18082.307116786174,2960.152458622052,-829.6779789022268,-8.242994727057868
2022-12-28 06:00:00.000000Z,0.0001234269287516,42165330.064692855,0.155884244467507,83.4444336764742,351.3004018355137,209.67322605078616,-0.0256688264216649,98.01753522717766,35791714.76726331,10500035.380454808,-40841693.99341968,-41066.64102998254,2977.405183668964,765.666156238973,-7.809835046123998
2022-12-28 08:00:00.000000Z,0.0001185432684877,42166270.34836734,0.1562393474175568,83.54077620581397,339.2496937644679,251.70350404477364,-0.0335592961615266,98.0113163487821,35789702.0312103,29552544.661837976,-30079324.743361328,-89302.5110871984,2192.843427620223,2154.940891724444,-5.280640907606243
2022-12-28 10:00:00.000000Z,0.0001197154174607,42166692.19904597,0.15643116385729,83.6960603666775,334.1990771917743,286.67843970131,-0.0326522346073701,98.00879006365484,35787105.87417186,40645994.55504843,-11215966.87598996,-113664.95262139996,817.5236745934053,2963.996002126622,-1.3299731256528815
2022-12-28 12:00:00.000000Z,0.0001150274534567,42166082.605669565,0.1564045331353604,83.82128622823085,340.9759071091785,309.85949731317635,-0.023164164948976,98.00977110650014,35784836.715938695,40790814.633348055,10668374.890095072,-107568.71853552212,-778.2694718935236,2974.691178270576,2.9861469885830343
2022-12-28 14:00:00.000000Z,0.0001082252385657,42165132.6026551,0.156346459196319,83.8576649972222,354.64650285674054,326.2381127668988,-0.0075558217377444,98.01322403106089,35783201.705080085,29946266.47318203,29678179.485011537,-72581.9937956843,-2164.6043156568944,2183.91069282986,6.510438535941271
2022-12-28 16:00:00.000000Z,0.0001124278235071,42164849.39006335,0.1564620582489849,83.84245859960875,7.567256317438401,343.41981812361126,0.0100921155583904,98.01833740395398,35782168.94884381,11032978.800486367,40691085.64704425,-18035.998670413945,-2967.8232516108515,804.5969125541349,8.29340516444748
2022-12-28 18:00:00.000000Z,0.0001271710105931,42165365.998119,0.1567439149231748,83.85509753873188,17.096368961683158,3.966349754431585,0.0251291162211505,98.02448428842489,35781879.630073324,-10853334.890483735,40739052.5844754,41450.892605918445,-2971.3630706138115,-791.5840351654239,7.850258992050738
2022-12-28 20:00:00.000000Z,0.0001399876945788,42166067.81644084,0.1570157941687614,83.92736803653034,24.242360024679705,26.83629415391625,0.0335580531079287,98.030558789451,35782663.64866416,-29815198.874314062,29809041.355025508,89890.48320610145,-2174.237298034602,-2174.4275711742453,5.294564827896248
2022-12-28 22:00:00.000000Z,0.0001409439731452,42166366.43244201,0.1571358527806393,84.0223806920331,28.21106617385319,52.85898764954259,0.0331079556056103,98.034841865378,35784640.59275964,-40743512.01999113,10846796.450055463,114231.2738152128,-791.3670085684122,-2971.260341592322,1.3099411323245962
2022-12-29 00:00:00.000000Z,0.0001317466887348,42166110.36306034,0.1571248545548756,84.08232138583705,26.8998142917314,84.19324860951976,0.0238569593100162,98.03565975376046,35787410.59860046,-40695047.68926033,-11037882.878693633,107884.6749470473,804.4669310233235,-2967.5201277053734,-3.0333978929397336
2022-12-29 02:00:00.000000Z,0.0001224432575989,42165533.86064685,0.1571248915649121,84.08664978600495,19.55656129603963,121.61094622838152,0.0082273683562958,98.0322959426689,35790102.521773174,-29684789.616160564,-29949431.24444257,72511.42834739054,2183.3255830187404,-2164.5004117421977,-6.567124804742481
2022-12-29 04:00:00.000000Z,0.0001192665479034,42165071.54367093,0.1572542154803018,84.06821398993775,9.147415551794497,162.1139188443285,-0.0096496649823194,98.02554784708248,35791720.31950901,-10679875.047650712,-40795058.84374736,17584.040667891648,2974.012244787732,-778.6966364021956,-8.3396703864413
2022-12-29 06:00:00.000000Z,0.0001182664514246,42165157.12194258,0.1574985517360133,84.07928254582869,358.2450557841099,203.07940951473543,-0.0250285000454411,98.0176107740423,35791607.633662954,11201035.383842802,-40654918.41723069,-42153.80568093786,2963.8064376249536,816.7288221377511,-7.872088337111281
2022-12-29 08:00:00.000000Z,0.0001183902460941,42165870.39191528,0.1577303760687171,84.14131543908243,346.2041831495113,245.1340034730076,-0.0338088137335609,98.01123349344408,35789832.04767674,30065622.993964463,-29566665.53004264,-90644.35413557546,2155.448674072216,2192.310547714261,-5.286736182543019
2022-12-29 10:00:00.000000Z,0.0001235483613417,42166604.38955318,0.1578335260923039,84.22353667339509,337.4803273256875,283.8549369221118,-0.0336262547646328,98.00840330097957,35787219.27236134,40832946.01895975,-10515445.92341292,-114827.69776026164,766.4197329051427,2977.607708131616,-1.274992325187384
2022-12-29 12:00:00.000000Z,0.0001238665067714,42166537.79845475,0.1578253518310279,84.27174825665553,338.35679377969626,313.0133672141843,-0.0244866116086359,98.00937998186652,35784837.4731379,40601346.067024514,11368175.579239786,-108155.62532303444,-829.3136443605099,2960.8834748146355,3.0870549434571446
2022-12-29 14:00:00.000000Z,0.0001136218133387,42165747.87563461,0.1578463917667943,84.26579154467301,347.1468887986338,334.3149961409512,-0.0087773460677176,98.01301047118466,35783293.21643359,29431508.97214415,30188859.543258984,-72366.79468858568,-2201.829772623057,2146.3966984446997,6.626380503993625
2022-12-29 16:00:00.000000Z,0.0001052210080908,42165140.08221088,0.1580026252654561,84.24320303690062,359.2004665375826,352.3710731179309,0.0093489277960998,98.0179373807815,35782605.68646054,10331801.002003916,40875198.12146138,-17041.488391057697,-2981.1845132902645,753.4969553164399,8.388095734177453
2022-12-29 18:00:00.000000Z,0.000107147933589,42165240.77826609,0.158246385144933,84.2540150790288,11.29182367128714,10.356324149704127,0.0250653201894725,98.02322086543587,35782659.450632915,-11551810.4893556,40547337.59587738,42957.08898270859,-2957.275339035925,-842.4653382558197,7.893783125075775
2022-12-29 20:00:00.000000Z,0.0001136927974516,42165791.80186262,0.1584393213275101,84.3050385606793,21.98425174489195,29.699803651999986,0.0341547313012598,98.02802043028024,35783490.49422887,-30322835.444106843,29293687.290566232,91476.09085565904,-2136.5465247980387,-2211.375041092969,5.272204634863045
2022-12-29 22:00:00.000000Z,0.0001152955246331,42166273.48683788,0.1585060173167373,84.35651018792944,29.82266958165094,51.89526938293385,0.0341449602621598,98.0312468261946,35785136.06062037,-40923904.21149856,10147035.79681546,115426.04540149764,-740.2537291360813,-2984.364482537713,1.2260626615503023
2022-12-30 00:00:00.000000Z,0.0001089262842258,42166362.54921093,0.1585088764347172,84.3669862471288,32.47701755543092,79.31308920652788,0.0249850785891112,98.03175931007368,35787373.32979181,-40499922.397828765,-11733491.143791344,108316.1030944741,855.2660885961185,-2953.292256753854,-3.1566428941462963
2022-12-30 02:00:00.000000Z,0.0001004571165685,42166024.948387146,0.1585791243616213,84.3365547465197,27.50403228041292,114.39580700543918,0.0090750430322834,98.02892361760269,35789637.17334222,-29166699.79853696,-30453564.90740538,72013.7579558749,2220.1739329011098,-2126.7621786341283,-6.695748445112431
2022-12-30 04:00:00.000000Z,9.913296909467884e-05,42165487.5618218,0.158778577369644,84.30728057632696,16.30600291188929,155.6994507341786,-0.0093628539424889,98.02312432281713,35791160.13227973,-9978169.848814867,-40971764.45919363,16252.723549230634,2986.987198981436,-727.5764769101281,-8.436763970443591
2022-12-30 06:00:00.000000Z,0.0001049642184754,42165196.073800966,0.1590324048723346,84.31857473418427,4.456969663798052,197.612139202185,-0.025402890022463,98.01593681296735,35791277.41821815,11897416.892758723,-40456260.94053367,-43977.41690876919,2949.38148131688,867.4673771838234,-7.907861790685652
2022-12-30 08:00:00.000000Z,0.0001118734215889,42165541.75863491,0.1592039152416789,84.36354459199842,352.80065657287736,239.2994179288896,-0.0347264746667705,98.00974086600144,35789812.75228639,30568985.16896456,-29045904.758035924,-92456.35377618094,2117.4950018411346,2228.976185178261,-5.247004665477036
2022-12-30 10:00:00.000000Z,0.0001217131764679,42166333.70741517,0.1592455254374059,84.39290618836972,342.37919739349866,279.77059896121807,-0.0347786310331196,98.00669576875792,35787325.1549446,41007591.356046535,-9812755.541312044,-116094.52760995722,715.1728643100745,2990.31214951465,-1.1661640938294495
2022-12-30 12:00:00.000000Z,0.0001295134461152,42166748.47464713,0.1592609656610744,84.36920490304072,339.093293409822,313.163182615197,-0.0254680530375909,98.00754299722136,35784875.23960519,40400213.36711287,12063606.252165854,-108465.8758253246,-880.0400857738491,2946.209574901995,3.2379119581716864
2022-12-30 14:00:00.000000Z,0.0001233287463828,42166318.89359963,0.1593896480674822,84.31141421895113,343.39728422819275,339.0028745081517,-0.0092218071038557,98.01129829143738,35783326.80206268,28908808.286405504,30689814.4697064,-71562.28690582894,-2238.3641772346496,2108.2954896404594,6.777548761201796
2022-12-30 16:00:00.000000Z,0.0001084271880229,42165585.583318,0.1596466285222742,84.27366692675842,351.82706799562885,0.6979091750289943,0.0096377921108271,98.01622973195263,35782877.02713871,9628454.42701831,41046848.05836567,-15282.865457892209,-2993.6691806316703,702.2392624057344,8.495067549485245
2022-12-30 18:00:00.000000Z,9.765642902984732e-05,42165290.37572376,0.1599145091602586,84.28569697314597,2.7241221270277327,19.875694661412997,0.0260440810251882,98.02096238700813,35783280.90402956,-12246154.06224171,40343708.61779681,45221.15426037512,-2942.352198659941,-893.0401782257334,7.9232449125942495
2022-12-30 20:00:00.000000Z,9.371909789464824e-05,42165569.64031925,0.1600692151579321,84.32624509736257,15.41493625199224,37.23017731814151,0.0355529469585231,98.02467602225865,35784286.10926111,-30821136.142184656,28770101.18046015,93630.77965509586,-2098.278886313004,-2247.627717599273,5.212536083053323
2022-12-30 22:00:00.000000Z,9.130513337612488e-05,42166093.06070568,0.1600987973034985,84.3459380192381,27.587144280566893,55.12249823270145,0.0355484830749986,98.02676964014856,35785754.321794,-41092252.56770671,9444937.92699185,116863.89869010542,-688.9847198800265,-2996.562968241928,1.0908941692242196
2022-12-31 00:00:00.000000Z,8.556962302735825e-05,42166466.98845944,0.1601176529683667,84.3142559059152,35.5905954452454,77.23277991913653,0.0259597304273669,98.02668935051784,35787532.32794873,-40293349.35521264,-12424889.185300495,108609.28362933894,905.7466211409914,-2938.1949010220483,-3.3322211637759374
2022-12-31 02:00:00.000000Z,7.752585472492024e-05,42166428.183476456,0.1602624188934052,84.25078712848534,34.74110271326295,108.22526932140812,0.0092953432691626,98.0240803069725,35789313.34411662,-28640941.43690992,-30948106.497407187,71037.37635506553,2256.317002868905,-2088.4339911900847,-6.864607944075454
2022-12-31 04:00:00.000000Z,7.611981066631276e-05,42165961.79734025,0.1605547374552259,84.20946052426972,23.204484990675414,149.8803901487321,-0.0100142252588787,98.01911679274704,35790601.03163817,-9274683.985376218,-41136145.9265464,14226.99084872236,2999.0713322282795,-676.303340284626,-8.552368759649635
2022-12-31 06:00:00.000000Z,8.663690219661745e-05,42165415.493438415,0.1608645781614317,84.2243826673827,9.53658120976791,193.6092096032462,-0.0267917675608224,98.01281743441731,35790828.9947017,12589226.866439808,-40245880.45802735,-46537.43115508388,2934.1226761013027,917.891421666712,-7.936753798218229
2022-12-31 08:00:00.000000Z,0.0001007757279951,42165356.758869305,0.1610313255043775,84.2679081227284,358.39224868537724,234.78638590276847,-0.0364925520238124,98.00705551732057,35789669.70850349,31062642.429529943,-28517138.12167014,-94871.07476850036,2078.980551403624,2264.946612841318,-5.178041024579743
2022-12-31 10:00:00.000000Z,0.0001157677342881,42165996.29014344,0.1610446934283499,84.27030686025645,347.8699743012328,275.38526183237,-0.0364240755564277,98.00392787492396,35787400.60258773,41169945.90416748,-9107923.050518977,-117696.82290931013,663.7853727006972,3002.1190539848435,-1.0139879609447195
2022-12-31 12:00:00.000000Z,0.0001309989465373,42166734.864227474,0.1610848899747121,84.19551121046997,342.01704132136445,311.3957675578332,-0.0264898080180698,98.0045741624827,35784944.814646736,40187452.254049234,12754697.800982336,-108779.86165435688,-930.4456695087944,2930.675126316758,3.435802722836216
2022-12-31 14:00:00.000000Z,0.0001332172681376,42166759.29374997,0.1613243799851554,84.09126882778953,343.1115317570043,340.4914520643441,-0.0092592524955145,98.00836968070158,35783327.35246332,28378222.379131425,31181093.77518163,-70440.62012068676,-2274.2046574621327,2069.6069882445804,6.969226891917386
2022-12-31 16:00:00.000000Z,0.0001186970865905,42166106.73943125,0.1617169430291388,84.03655347022286,348.0630739244398,5.681830758494471,0.010679379191035,98.01343482980296,35782989.329784915,8923008.66294589,41206071.41705804,-12965.604905371947,-3005.2773875377443,650.8203870589122,8.627340805189695
2022-12-31 18:00:00.000000Z,9.945478876713823e-05,42165505.36079422,0.1620614500966997,84.05351388078954,355.0238777377309,28.790711632326666,0.0279423393980999,98.01794263727972,35783693.09578061,-12936312.285091082,40128162.45975491,48152.50632185073,-2926.597700853006,-943.3164507291362,7.956955620008512
2022-12-31 20:00:00.000000Z,8.433600627557945e-05,42165445.90232667,0.1622203838695117,84.09525579434465,5.32799211394587,48.5299196713964,0.0378178894184515,98.02087614284146,35784953.81418443,-31310076.12138757,28238202.24581449,96402.38090197487,-2059.437034610017,-2283.198934694798,5.134897598017777
2022-12-31 22:00:00.000000Z,7.35744145539857e-05,42165880.50698106,0.1622325270536535,84.09802519035925,19.55347131332169,64.38484492649458,0.03755810962857,98.0219224926593,35786402.11800815,-41248527.676102325,8740321.971911347,118720.85904436324,-637.5556766944886,-3007.8687698857,0.9199161428414816
2023-01-01 00:00:00.000000Z,6.461349282295692e-05,42166448.36106705,0.1622679260428109,84.03686264449676,33.82233212231802,80.25843059476219,0.0271368217852999,98.021075670439,35787850.193591736,-40075248.89209313,-13112323.02999426,109025.687586669,955.916930954161,-2922.232164429152,-3.5524123151948013
2023-01-01 02:00:00.000000Z,5.596878509422482e-05,42166717.96763159,0.1624814599018245,83.94745623697659,39.72082352227957,104.52879627197466,0.0092730140173495,98.01838885394592,35789172.894491404,-28107386.88441533,-31433293.577322323,69864.88836100974,2291.758276144204,-2049.5101729705107,-7.07567033622574
2023-01-01 04:00:00.000000Z,5.334457154610359e-05,42166430.44009768,0.1628702896301516,83.89636684407283,29.066757475340985,145.31172852299002,-0.0112837298791352,98.0140248061881,35790142.95397752,-8569297.172774717,-41288386.28839636,11741.89521774452,3010.2593490533336,-624.8693011657278,-8.697412676545474
2023-01-01 06:00:00.000000Z,6.633136366580533e-05,42165763.72491847,0.1632599831328617,83.91781592932418,12.691977371989358,191.74174959781743,-0.0290146226633116,98.00857735615234,35790365.10931737,13276531.748583116,-40023915.40307687,-49701.29235801735,2918.021923129397,968.0051742100286,-7.975649301160312
2023-01-01 08:00:00.000000Z,8.696922276119605e-05,42165337.881821,0.163460718080517,83.97172378659496,2.431753052404072,232.02499880113496,-0.0391036759100151,98.00337943257658,35789457.116529845,31546617.519951228,-27980481.305726644,-97886.0991457035,2039.90212383844,2300.2248842776826,-5.0983495509747225
2023-01-01 10:00:00.000000Z,0.0001072328643141,42165688.69036301,0.1634738316752939,83.97140817957778,353.2540659202731,271.28203600576506,-0.038730734312302,98.00028676438816,35787450.05092052,41320032.058271006,-8401032.031475127,-119758.24187509016,612.259951235909,3013.0344815861245,-0.834353011808547
2023-01-01 12:00:00.000000Z,0.0001225948392507,42165868.262773454,0.1635338362825372,83.87304725325828,353.1696963528949,301.54717789336195,-0.0278501460359553,98.00056760271062,35785026.21811674,39963124.0281698,13441320.613775592,-109316.96776860802,-980.5212418141274,2914.2634547580283,3.670416168671317
2023-01-01 14:00:00.000000Z,0.0001341480187385,42166336.29935399,0.1638642651175358,83.73798572153876,351.5131309453695,333.42455568598626,-0.0092530995963232,98.00418079085472,35783140.25234764,27839861.14885719,31662448.302358333,-69269.15085620669,-2309.349342918016,2030.313117134585,7.198645522503067
2023-01-01 16:00:00.000000Z,0.0001259006524795,42165935.31218154,0.1643971389559063,83.66983335540223,354.7542258125663,0.3392272787814707,0.0121244386162591,98.00965354741908,35782489.68739028,8215526.397132152,41352429.935343176,-10346.666879667117,-3016.023951671391,599.200869367753,8.790616065375033
2023-01-01 18:00:00.000000Z,0.0001045919391049,42165163.3389251,0.1648525707281085,83.69549964634203,359.68903039168606,25.466161627147645,0.0305060704866251,98.01492108807264,35783044.61505793,-13622334.918712694,39899806.60574504,51564.08303794421,-2910.020638503282,-993.384738677574,8.008292085929009
2023-01-01 20:00:00.000000Z,8.32176551237174e-05,42164754.41442338,0.1650525594013045,83.74943738983848,7.073960510536051,48.11312537845101,0.0408533175200499,98.01862247788785,35784274.53619732,-31789568.563025475,27696251.23196612,99719.13487818545,-2019.9626819192356,-2318.227646238488,5.057256200407228
2023-01-01 22:00:00.000000Z,6.677234184189334e-05,42164992.716284856,0.1650657938161358,83.75115979627319,20.640498432393287,64.62875829121214,0.0402601452713291,98.02038918323495,35785649.20234497,-41391809.512352765,8030461.781471508,121057.4181712088,-585.7893829989197,-3018.400482120396,0.731086608180443
2023-01-02 00:00:00.000000Z,5.534267163334584e-05,42165649.35858327,0.1651150820017328,83.67564262944582,40.40711847576345,75.01982753587623,0.0287636555363675,98.020430825658,35786909.053815186,-39843033.830746,-13798975.33845402,109740.7756926742,1006.051052547078,-2905.3950333101347,-3.8039244117655753
2023-01-02 02:00:00.000000Z,4.71407439761754e-05,42166197.83434258,0.1653832177569563,83.57029035962347,56.684923226020665,88.9280873064429,0.0093539368730189,98.01900481757436,35788023.55585174,-27561441.4437212,-31911554.58909067,68740.27744457619,2326.757715783323,-2009.786461617059,-7.323563372536977
2023-01-02 04:00:00.000000Z,4.131244541881096e-05,42166156.72708078,0.1658576730945905,83.51346106375317,53.32531750739028,122.42386097366628,-0.0128132320107974,98.01620146717126,35788953.69264763,-7856023.857331378,-41428810.56323441,9047.690146920131,3020.6566498313514,-572.9093285448788,-8.875485628631674
2023-01-02 06:00:00.000000Z,4.943293923557642e-05,42165494.06445649,0.1663321855722876,83.54330839611686,31.209555952971836,174.58792767186156,-0.031788173414366,98.01221601610716,35789432.14255149,13965242.373077068,-39787850.58560631,-53273.60414669582,2900.947716721091,1018.2068394529624,-8.035788064206463
2023-01-02 08:00:00.000000Z,7.18018449066078e-05,42164784.81319747,0.1665874633622162,83.61476626296431,17.12071263185761,218.68310448727607,-0.0424166695971785,98.0078773941148,35789011.05839902,32025057.778270558,-27430890.719236832,-101405.3298100328,1999.9134947637624,2335.0927081341424,-5.02363587582309
2023-01-02 10:00:00.000000Z,9.462916299056272e-05,42164785.18991072,0.1666180514300491,83.63011567012072,7.52478601958448,258.34274396669,-0.0417236973972875,98.0048135871652,35787454.04905837,41459031.80825204,-7685752.519979273,-122299.9862708564,560.1406143099919,3023.123791016673,-0.6434835895082145
2023-01-02 12:00:00.000000Z,0.0001184021439857,42165606.779899865,0.1666872798853165,83.53407286566323,358.66624761206697,297.3793773065959,-0.0297304210318278,98.00473547123116,35785173.36846937,39725110.68249526,14129691.314519703,-110206.00496053012,-1030.7105841844264,2896.8711586739337,3.928586272659339
2023-01-02 14:00:00.000000Z,0.0001383984690469,42166426.93741321,0.1670722963194467,83.38783616563184,355.22959021597813,331.04783086379933,-0.009496954571199,98.0081564280812,35783183.31015977,27288905.26808491,32138573.724017374,-68253.21875899071,-2344.083211136995,1990.1097577960595,7.458025839117271
2023-01-02 16:00:00.000000Z,0.0001382451117162,42166386.304941885,0.1677224603499881,83.31281422201015,356.7097477735672,359.73044740824014,0.0136323714661397,98.013765968001,35782420.07385601,7500008.754249879,41488099.28932369,-7662.992875734367,-3025.945458593478,547.014742943893,8.984107868904884
2023-01-02 18:00:00.000000Z,0.0001174782868638,42165599.63064152,0.1683003701268815,83.34993594837408,359.14458895280814,27.346125246713587,0.0334253295721802,98.01926850213222,35783062.542390816,-14309656.941873372,39658509.96805589,55240.93371603571,-2892.446194608966,-1043.492654910039,8.08415866974165
2023-01-02 20:00:00.000000Z,9.064013300460248e-05,42164881.719244726,0.1685678595341489,83.42479185979336,1.5867269231379355,54.91486844466867,0.0444554392874193,98.02287609143458,35784547.73902861,-32263492.72718549,27143108.15365356,103441.39383610868,-1979.6314989505247,-2352.741900897016,4.993297898723854
2023-01-02 22:00:00.000000Z,6.645716301135854e-05,42164848.32087703,0.1685965962693116,83.4401051716728,8.626722922751751,77.94288870498637,0.0436102271120807,98.02408036960688,35786125.8222972,-41524752.99081003,7314684.468600756,123848.62875623837,-533.5947200259784,-3028.0227029148205,0.5419471803469432
2023-01-03 00:00:00.000000Z,4.592883115353399e-05,42165486.0367707,0.1686533540160036,83.36543576384165,26.58985423188059,90.13584581915218,0.0309695064004049,98.0233693325218,35787353.54567382,-39599449.09030839,-14484472.200071126,110856.94061048988,1056.0348607893832,-2887.561493382704,-4.069717656327047
2023-01-03 02:00:00.000000Z,3.2174125536685004e-05,42166255.16200261,0.1689554836432398,83.25475400572354,53.35314368898409,93.5634617620408,0.0098099541253981,98.02145377180187,35788202.44121232,-27007173.81278728,-32382219.46922145,67872.76246992094,2361.0891191519386,-1969.3221766762344,-7.596362693350126
2023-01-03 04:00:00.000000Z,2.5033865542509988e-05,42166490.91228833,0.1694944882817864,83.19640275169947,61.42439898719434,115.62994982190804,-0.0142573253350334,98.01870239435291,35788810.49518917,-7140397.09810623,-41557985.38357355,6410.203709757705,3030.1154074214537,-520.69924650695,-9.08318301737658
2023-01-03 06:00:00.000000Z,3.1697503412276625e-05,42165936.25544122,0.1700446190745056,83.23501595180583,33.0252628453364,174.06911923175173,-0.034781195508029,98.0152103064434,35789128.66353947,14649533.75336853,-39540690.49551981,-56998.44854758152,2882.982219080662,1068.1245872059783,-8.123258954449524
2023-01-03 08:00:00.000000Z,5.730205484510964e-05,42165048.174281634,0.1703599545208361,83.3265750481865,18.695033610756475,218.3861069291702,-0.0461959935186861,98.01139865033164,35788805.01478132,32493651.00408237,-26873826.771879908,-105246.22838999525,1959.3430004525164,2369.2697049538447,-4.967680736308648
2023-01-03 10:00:00.000000Z,8.479940014708625e-05,42164698.93053026,0.1704157078085928,83.36844225893067,12.205410321064706,254.91308156086345,-0.0453161993507151,98.00849243341952,35787492.317608185,41585579.93057364,-6968798.147317508,-125255.1183420379,507.8934509781314,3032.332915736547,-0.4589635944068319
2023-01-03 12:00:00.000000Z,0.0001119367914305,42165332.96964359,0.17048057895502,83.29407017387827,4.467156966679821,292.80749638798613,-0.0322063211373666,98.0081520221252,35785365.941953905,39475476.36900596,14813349.094485886,-111507.0080920175,-1080.545055268453,2878.628025561753,4.193310777606385
2023-01-03 14:00:00.000000Z,0.000138503690486,42166367.06789345,0.1708765659220257,83.15470214713307,359.9912213572848,327.5080399280647,-0.0102055651187057,98.0112524328062,35783303.8223307,26730356.357165378,32604763.09691082,-67561.60970240268,-2378.079519398317,1949.340677452816,7.734673235901908
2023-01-03 16:00:00.000000Z,0.0001476677925796,42166723.19996692,0.1715999398302805,83.07982152737974,0.3343528506022315,357.3275479156269,0.0149008372589778,98.01686707034229,35782366.30454633,6782991.597624552,41611284.97440785,-5151.330349619252,-3034.9523964815344,494.7026155388446,9.201958890008331
2023-01-03 18:00:00.000000Z,0.0001310758228485,42166072.72582257,0.1722895621847394,83.12904896522731,1.5093239927114273,26.191273886906668,0.0363800119313637,98.0226526275596,35782976.11717917,-14992008.65029048,39405528.3181679,58933.43896501155,-2874.030063995804,-1093.2594624923695,8.186933718753549
2023-01-03 20:00:00.000000Z,0.0001020583853133,42165131.27363632,0.1726379507438251,83.2297526843453,0.7664684879954807,56.919311542870666,0.0483622277203368,98.02640974518135,35784645.15227135,-32727322.516516183,26582156.25295281,107365.64672653012,-1938.749375513263,-2386.5453793916527,4.953204063471384
2023-01-03 22:00:00.000000Z,7.371123378491023e-05,42164786.47957839,0.1726915285598788,83.27026064040064,1.1559574710413285,86.57235756242653,0.0474682602377022,98.02732888120394,35786463.44383112,-41645130.19474968,6597009.556385682,126985.5455495538,-481.2797956523879,-3036.74982085504,0.3680103774244812
2023-01-04 00:00:00.000000Z,4.647267177916783e-05,42165304.33956459,0.1727463547832232,83.20979971852498,9.838002605418623,108.03157272661358,0.0337704661934262,98.02599884026624,35787773.82090452,-39344129.01055614,-15165451.423151655,112384.44908544472,1105.6711132673274,-2868.881490022357,-4.332905417953171
2023-01-04 02:00:00.000000Z,2.2993403142338304e-05,42166215.76383278,0.17305791024668,83.10345071010472,34.204263473241106,113.8513222107322,0.0108083152838694,98.023520020205,35788470.79563669,-26445144.077782944,-32843151.899909645,67386.2879716347,2394.68857855975,-1928.29062434126,-7.880041074761537
2023-01-04 04:00:00.000000Z,1.1518750166804776e-05,42166725.656574175,0.1736338451931843,83.04709568529557,62.08703263826527,116.10414558385853,-0.0153406714947252,98.02061230720425,35788802.367114976,-6423100.801867006,-41674866.94976707,4033.5195654168974,3038.6535567771225,-468.3627833757455,-9.312713320313138
2023-01-04 06:00:00.000000Z,1.672999927566173e-05,42166357.43476173,0.1742408916673758,83.09329159017982,24.66303738205765,183.5608867851769,-0.0376798532497938,98.01741471396863,35788924.52511263,15328949.281069234,-39282066.04990404,-60643.830199706,2864.1623933181672,1117.691577493771,-8.238218791945684
2023-01-04 08:00:00.000000Z,4.355178206196519e-05,42165400.169818565,0.1746107064812418,83.20348157865592,16.1887396175476,222.00375945922724,-0.0501667373258536,98.01405117356752,35788627.764769666,32952179.134511992,-26309276.19063392,-109206.04621682865,1918.218691251268,2402.719222366553,-4.938212185671752
2023-01-04 10:00:00.000000Z,7.418280341967497e-05,42164747.07432329,0.1746920766613292,83.27552932825972,15.23320156669858,252.9666584201416,-0.0493367594288797,98.01133664384564,35787526.12771068,41699634.2314605,-6250371.1120274775,-128497.4331991684,455.5406926019076,3040.637615079649,-0.2938093108686163
2023-01-04 12:00:00.000000Z,0.0001036673623851,42165106.09091441,0.1747399606665111,83.233769348199,9.962508402168112,288.360661393846,-0.0352450862549496,98.01075738956,35785591.79107037,39214326.34097336,15492056.711415509,-113196.11443588074,-1130.0080178548835,2859.5461959953045,4.44979330762069
2023-01-04 14:00:00.000000Z,0.0001345259823795,42166201.34766746,0.1751054610260729,83.11449163605616,5.196441250177297,323.33082380550843,-0.0114855054781656,98.013434470778,35783514.22134165,26164426.459213376,33060899.80662199,-67273.13512230283,-2411.325431549546,1908.0264698456683,8.01537070513855
2023-01-04 16:00:00.000000Z,0.0001525988310452,42166921.90732195,0.175847823301252,83.04541955103788,4.757928729823003,353.9259958438439,0.0157126624012497,98.01887583442463,35782386.3985602,6064761.251525354,41722037.28528704,-2971.9372362844115,-3043.0375699369265,442.289795420939,9.435134654123615
2023-01-04 18:00:00.000000Z,0.0001427913373677,42166530.53767915,0.1766188262946831,83.10492272202825,5.427125275706509,23.285434844296244,0.039092625209629,98.02487449785748,35782862.82832391,-15669087.689735468,39141099.86041146,62436.97162880946,-2854.776057189852,-1142.65921323271,8.313594717064223
2023-01-04 20:00:00.000000Z,0.0001141716217993,42165483.05228462,0.1770477516663622,83.23179552508923,3.173000245134854,55.498854132531314,0.0523001759319508,98.02891347158412,35784618.88027982,-33180835.68255209,26013799.026496697,111290.33245269288,-1897.3346773691767,-2419.6197806336027,4.940886407626345
2023-01-04 22:00:00.000000Z,8.402776035202554e-05,42164827.9816514,0.177130447210947,83.30460682480403,359.0585890334007,89.62344665930651,0.0516304583398958,98.02978394254798,35786667.416398175,-41752890.15313368,5877917.236534219,130318.20091061194,-428.8721764448233,-3044.579823812948,0.2194268751573158
2023-01-05 00:00:00.000000Z,5.4317429056487376e-05,42165140.41624399,0.1771729921877779,83.26848203439748,359.07285654391274,119.7256490205497,0.0370827450258651,98.02800054342248,35788138.97182258,-39077220.4337134,-15841484.019833032,114261.9921156088,1154.9343099411349,-2849.370751822814,-4.579539119352797
2023-01-05 02:00:00.000000Z,2.403936948848656e-05,42166102.61378383,0.1774684768178064,83.17431382858668,4.747561895679796,144.22420276524434,0.0124058301968222,98.0249504400243,35788787.98886878,-25875646.99742881,-33294082.401762582,67323.26238602007,2427.541457341986,-1886.7189809364863,-8.160369756418376
2023-01-05 04:00:00.000000Z,4.43871187870016e-06,42166855.7095965,0.1780509918999969,83.12245881178521,347.073279125312,192.02926931512943,-0.0158810062608265,98.021732056091,35788901.76778165,-5704486.193174418,-41779396.73289815,2052.413179245592,3046.270080821027,-415.9300193598345,-9.553206990492
2023-01-05 06:00:00.000000Z,9.263958742902806e-06,42166724.2074952,0.178690460304081,83.17385567314251,334.1162777580817,235.01393036873205,-0.0402232907320094,98.0186479893276,35788811.19439042,16003176.139683023,-39012123.4281412,-64017.27680469534,2844.4995443477505,1166.8820722126538,-8.375843494541938
2023-01-05 08:00:00.000000Z,3.215448256687233e-05,42165799.675718,0.1791021091497424,83.29836317379704,6.016898176499669,233.0679269677915,-0.0540550679103824,98.01564475412412,35788477.33507816,33400445.82546517,-25737536.668738738,-113083.01299540026,1876.560891203218,2435.425805087609,-4.937493244044907
2023-01-05 10:00:00.000000Z,6.323127666164663e-05,42164919.44075778,0.1792051140452314,83.39831325637235,15.61420304228422,253.45030388283095,-0.0535647400506447,98.01315523384976,35787541.74663233,41801160.42531734,-5530828.275501298,-131864.61261456946,403.1058590298626,3048.0373685049835,-0.1564213513698913
2023-01-05 12:00:00.000000Z,9.39905128340472e-05,42164966.9073964,0.1792275016067475,83.39234363113512,14.453198177933013,284.69864784120966,-0.0387284149253416,98.0123966864551,35785823.98925121,38941785.46828178,16165509.025995431,-115186.60583376452,-1179.079829722701,2839.640089580422,4.68593894841018
2023-01-05 14:00:00.000000Z,0.0001269812537333,42165982.08579479,0.1795308567142064,83.3004796575339,10.303675627004145,319.0243779601798,-0.013342182188531,98.01459901611764,35783802.367007345,25591355.27794993,33506822.0576886,-67392.29793536062,-2443.808885983143,1866.191485833562,8.287368506376021
2023-01-05 16:00:00.000000Z,0.0001523690204876,42166979.99817566,0.1802385418342581,83.24085447224999,9.379286673803866,350.09562692391506,0.0159454401926799,98.01968580211376,35782513.78546616,5345615.725450335,41820388.15641562,-1215.4404416911093,-3050.1969359082145,389.80497179227694,9.672840101946193
2023-01-05 18:00:00.000000Z,0.0001509014810128,42166925.28163842,0.1810474285901804,83.30673388764357,9.927883561804771,19.569345527425902,0.0413531400183142,98.02573932140908,35782792.68383227,-16340602.702759065,38865465.27797846,65596.53256981919,-2834.690794312874,-1191.6635670306143,8.457358712989222
2023-01-05 20:00:00.000000Z,0.0001250489832936,42165905.45441377,0.1815435142403282,83.45552213748304,7.267458384527084,52.16744584554061,0.0560189223418477,98.03007513194385,35784533.95831197,-33623837.60228267,25438457.76351729,115030.9905733872,-1855.4077399758007,-2451.944844645004,4.955151364334905
2023-01-05 22:00:00.000000Z,9.447378865004994e-05,42164984.0470521,0.1816549949911165,83.5623487932999,0.5625421317983256,88.84864141799882,0.0558642940192361,98.03106077527336,35786766.64839236,-41848024.02443047,5157917.608048614,133675.6062603384,-376.40166915992,-3051.509456667877,0.1010975522148278
2023-01-06 00:00:00.000000Z,6.494411350157173e-05,42165027.57958462,0.1816762531648217,83.55675060679387,355.01663607667484,124.48019721980364,0.0407476698860966,98.02898513529588,35788440.71947736,-38798930.70748824,-16512107.947301924,116373.34407847632,1203.7962391437536,-2829.045581338602,-4.799619661600537
2023-01-06 02:00:00.000000Z,3.315925360023528e-05,42165944.34538208,0.1819327489926958,83.48032557628832,348.8477070175761,160.8041028432092,0.0145565420488138,98.02539505798376,35789127.79343951,-25299055.137022104,-33734721.76554348,67650.71492063714,2459.631345170483,-1844.637489470004,-8.42471600706508
2023-01-06 04:00:00.000000Z,1.3415062555557173e-05,42166885.40669971,0.1824919625644842,83.43456689699454,306.36958176987594,233.40649606298703,-0.0158007410322448,98.02175519406563,35789085.61930249,-4984986.619784881,-41871524.58908176,524.8905099192648,3052.964697957328,-363.4354630617622,-9.792571010820163
2023-01-06 06:00:00.000000Z,1.6059421816270955e-05,42167012.8474648,0.1831369816929964,83.48817230718444,291.4633254997745,278.338158269133,-0.0422307242846699,98.01862442939316,35788777.6473371,16671835.0176526,-38731048.52761142,-66985.03319148696,2824.008464604375,1215.6664028501928,-8.52762559267498
2023-01-06 08:00:00.000000Z,2.62577877191841e-05,42166208.41847752,0.1835734899292893,83.62094817891084,344.1639916609044,255.58411166934596,-0.0576228960618461,98.01589255282632,35788347.05744188,33838219.68729532,-25158967.488523964,-116701.55547893568,1834.3948840550468,2467.372051273083,-4.962628959973004
2023-01-06 10:00:00.000000Z,5.294797830362903e-05,42165193.42715496,0.1836921264792608,83.7425262233113,11.702053008910214,258.0043646493792,-0.0577633579049114,98.01366542430192,35787520.345058754,41890124.886802986,-4810594.576969616,-135182.45804217088,350.6170770545918,3054.531853722856,-0.0499974146015238
2023-01-06 12:00:00.000000Z,8.341728197231779e-05,42164936.80113207,0.1836860481425441,83.76955608671149,17.038595236666225,282.7220810196015,-0.0424760285724284,98.01282725855656,35786024.949762456,38658005.70662039,16833341.21864358,-117346.24399033246,-1227.7384465045795,2818.926132001839,4.893600302675939
2023-01-06 14:00:00.000000Z,0.0001167341902715,42165761.85344058,0.1839098706165876,83.70695071341737,14.715306002137076,315.19186476060025,-0.0156897710125311,98.01457458945296,35784132.422994345,25011413.85332501,33942326.60413545,-67856.60030947902,-2475.5191607462584,1823.862872766018,8.539862400643289
2023-01-06 16:00:00.000000Z,0.000147141824852,42166915.47520918,0.1845390114190385,83.65848394802764,13.732577786371031,346.30980307074736,0.0155759989210011,98.01916787452858,35782750.18139816,4625863.549261484,41906345.512382776,100.44344768621475,-3056.4304951346803,337.2786413351604,9.903979558223591
2023-01-06 18:00:00.000000Z,0.0001543919514235,42167218.81733037,0.1853370569576599,83.72578783961632,14.380866385221816,15.682261928112768,0.0430368333709531,98.02507621893407,35782813.81878792,-17006280.803241804,38578848.07205421,68319.86729581263,-2813.7843673901302,-1240.244019945177,8.608933281754277
2023-01-06 20:00:00.000000Z,0.0001335537773825,42166358.31626812,0.1858758623607833,83.8884429195112,11.978402668035264,48.008745172594935,0.0593191491054329,98.02962347973322,35784453.36926059,-34056169.112150416,24856535.195085973,118440.780335864,-1812.9901236113733,-2483.5006604473037,4.990425287719767
2023-01-06 22:00:00.000000Z,0.0001037030246896,42165252.57575841,0.1860118058322586,84.02561888010852,4.028297307046212,85.9049718777595,0.0599400212990487,98.0308022430758,35786802.89211038,-41930561.61621107,4437501.336224877,136888.9223131528,-323.89800346988176,-3057.5353190619867,0.0126581040066633
2023-01-07 00:00:00.000000Z,7.568972786434441e-05,42164994.77383372,0.1860061691037068,84.05228858673236,354.9746942838812,125.01179328817726,0.0445587497341777,98.0285646808846,35788688.7072688,-38509504.66134945,-17176879.276891824,118567.2128217572,1252.2288176561387,-2807.922165785583,-4.987970193963573
2023-01-07 02:00:00.000000Z,4.510134548740864e-05,42165773.53041248,0.1862064713602269,83.99674256468472,344.36743611924754,165.75265525972165,0.017127204627419,98.0244805822377,35789479.767336585,-24715777.67802878,-34164800.25461393,68271.58143913811,2490.9420315706857,-1802.076978334548,-8.66350000547073
2023-01-07 04:00:00.000000Z,2.443687857739004e-05,42166828.28310048,0.1867162396479439,83.95798352700092,309.37356810000654,230.86328820420388,-0.0151271536308481,98.02033539211502,35789341.64621559,-4265068.399561267,-41951226.99609677,-568.0641794192998,3058.7380709001814,-310.91495945536406,-10.019168212685209
2023-01-07 06:00:00.000000Z,2.6290496558690814e-05,42167208.98505595,0.187340254780398,84.01079234677579,287.09586762157755,283.166998253282,-0.0436171187027019,98.01700994991673,35788819.44243501,17334524.49187606,-38439064.07853149,-69483.68860043616,2802.705998405881,1264.0135512941067,-8.682792786161949
2023-01-07 08:00:00.000000Z,2.900541452869245e-05,42166592.16313676,0.187782655478271,84.14522163674745,319.8388034742049,280.3692047062118,-0.0606946989464079,98.0144543971108,35788235.013692066,34265265.4697058,-24573972.518951304,-119932.0940461317,1791.7488485555348,2498.5398385327785,-5.006393175086464
2023-01-07 10:00:00.000000Z,4.544365514227274e-05,42165537.69832852,0.1879100020894811,84.28002229208374,1.5276453086963269,268.62575020981325,-0.0617104272479511,98.01252475268991,35787446.59099235,41966511.19228728,-4090140.876179361,-138287.53816367142,298.105316982088,3060.12102004596,0.0274544874977596
2023-01-07 12:00:00.000000Z,7.29024879129422e-05,42165021.00731902,0.18787792856034,84.33310055026803,16.45975001530498,283.7219079729691,-0.0462725696430135,98.01174054347018,35786154.642818615,38363172.18851559,17495148.58108954,-119517.05959173646,-1275.9604372657038,2797.4220571867777,5.069343429372611
2023-01-07 14:00:00.000000Z,0.0001049173989395,42165584.78166581,0.1880191584110459,84.29748955716268,17.677920728806775,312.6228812680085,-0.0183685106346767,98.01313158991891,35784451.7983862,24424906.72073328,34367180.95334818,-68549.25428573396,-2506.4470061017687,1781.06919546266,8.765113492947817
2023-01-07 16:00:00.000000Z,0.0001377871897896,42166761.150178894,0.1885425369511141,84.26027280027265,17.36215389393215,343.06205691338334,0.0146753598722501,98.01717173792508,35783066.07862377,3905825.585413946,41979894.83502984,1027.1977362595162,-3061.742310496748,284.7414830238868,10.118471395801365
2023-01-07 18:00:00.000000Z,0.0001529541073537,42167387.40072954,0.1892841233792675,84.3242057997072,18.34546582022964,12.102530961800731,0.0441121483910554,98.0227459385322,35782944.04554588,-17665866.802502383,38281443.57240988,70583.22574288285,-2792.070487571847,-1288.3737383170069,8.757835408930461
2023-01-07 20:00:00.000000Z,0.0001389958278169,42166796.00172607,0.1898334980623666,84.4903386491234,16.609818603813164,43.75878051883008,0.0620723850356934,98.0273537538497,35784425.47679543,-34477704.71891359,24268391.08344936,121425.01825578058,-1770.1040115964136,-2514.2694091899903,5.037842082978193
2023-01-07 22:00:00.000000Z,0.0001112331339394,42165617.89865721,0.1899859816786658,84.64937169706505,8.3961765835376,81.89687515727724,0.0636585015749252,98.02872257237956,35786819.30349906,-42000560.9633085,3717104.956684775,139811.88872026606,-271.389065312106,-3062.654838951953,-0.051022517896857
2023-01-08 00:00:00.000000Z,8.545343769045659e-05,42165063.55662903,0.1899525220901653,84.70546949388228,357.05839905530155,123.25836593157952,0.0482908087408952,98.02640971195576,35788902.37897452,-38209198.53077538,-17835408.40634681,120678.6017348985,1300.206485917839,-2786.015978004007,-5.1444986496715135
2023-01-08 02:00:00.000000Z,5.769900031419189e-05,42165623.71522141,0.1900875449829472,84.6714607314346,344.63765778055773,165.79072316227322,0.0199202047030585,98.02187510370275,35789845.19016897,-24126218.53372712,-34584093.66041294,69041.46307458397,2521.459299050017,-1759.0666792652078,-8.871177411335262
2023-01-08 04:00:00.000000Z,3.633266030801503e-05,42166705.3747466,0.190528508772812,84.64005696370499,316.43137365878187,224.10584186833935,-0.0139816837207082,98.01715312216936,35789668.430356205,-3545180.949360587,-42018513.83632034,-1314.7315830546504,3063.5921004679035,-258.40267807704794,-10.223275519551336
2023-01-08 06:00:00.000000Z,3.6770262294045074e-05,42167308.48825137,0.1911077228731141,84.68952804514196,292.0680335045776,278.4981891557239,-0.0443974459774246,98.01348566889538,35788942.314821444,17990866.908964176,-38136415.263208285,-71523.41263888117,2780.6097388713883,1311.893780778404,-8.829845421469372
2023-01-08 08:00:00.000000Z,3.827519137846944e-05,42166923.20229919,0.1915366353189334,84.81924400776808,307.30407237445456,293.2120695393356,-0.0631754340696725,98.01099359933058,35788150.06218958,34681375.88760891,-23982970.47122469,-122704.29114867868,1748.65142813928,2528.9118654970976,-5.05840232980184
2023-01-08 10:00:00.000000Z,4.395321049974463e-05,42165919.80875161,0.1916654361141489,84.95805638284203,345.88557530651406,284.57225563703827,-0.0652249880248859,98.00937906764764,35787316.4615155,42030334.44338206,-3369948.910474421,-141046.81024899683,245.60199138691812,3064.805231745516,0.0826222398903757
2023-01-08 12:00:00.000000Z,6.4291026980807e-05,42165210.917728245,0.1916138792276067,85.02803859340082,11.2279765051105,289.241415217346,-0.0498959103725465,98.00879897682898,35786180.42188136,38057504.03149733,18150517.296761893,-121536.17463544132,-1323.7222931342042,2775.145765325927,5.214636520185786
2023-01-08 14:00:00.000000Z,9.302477658933418e-05,42165484.19107897,0.1916823335110287,85.01424857713955,18.17203082875881,312.394497487578,-0.0211678826295287,98.01000377964714,35784702.36606315,23832168.138889927,34781144.032733664,-69316.20939957001,-2536.5846231808537,1737.8389347583795,8.959313962831517
2023-01-08 16:00:00.000000Z,0.0001257858326114,42166559.69406193,0.1920911079475667,84.98727735440141,19.70793178791027,340.9712480270935,0.0133951550694685,98.01353053639887,35783408.50273054,3185834.5320013342,42041008.24918247,1675.530372769661,-3066.139861187039,232.22280125716057,10.308359067331535
2023-01-08 18:00:00.000000Z,0.0001470427491765,42167426.39760275,0.1927409050639882,85.04412860031958,21.4417241208748,9.267859998444132,0.0446390003683223,98.01863950504146,35783169.91149085,-18319119.142796,37973417.37460376,72430.1009114365,-2769.5660630321613,-1336.0289548545522,8.893661941319182
2023-01-08 20:00:00.000000Z,0.000141025565123,42167172.67859437,0.1932659388251821,85.20284338196925,20.692768630985928,39.94472379669,0.0642321256883586,98.02313495769047,35784476.276457705,-34888345.275502786,23674331.17415257,123949.31930949484,-1726.7716608514258,-2544.23656024698,5.086534154339646
2023-01-08 22:00:00.000000Z,0.0001169605992809,42166051.674916126,0.1934239558180935,85.37147105788458,13.004095546648704,77.54837810926105,0.0668736101660048,98.02462851616548,35786850.79014838,-42058095.13914323,2997092.969083841,142337.25699027846,-218.89972596310847,-3066.866922627757,-0.0988992540729004
2023-01-09 00:00:00.000000Z,9.388311879058198e-05,42165245.17177127,0.1933667592685021,85.44982871386938,0.3076564567009389,120.2462363019671,0.0517287742930342,98.02228318074638,35789101.929205246,-37898256.42812072,-18487378.902163923,122549.91975623426,1347.70784259118,-2763.3413485220326,-5.273893419020681
2023-01-09 02:00:00.000000Z,7.016083364588879e-05,42165527.29043681,0.19343727035515,85.43544931944548,346.9536318500332,163.6918314944178,0.0227015365513524,98.0173329455669,35790229.61679862,-23530741.369875666,-34992434.652506955,69789.11390590007,2551.172324446164,-1715.632605431413,-9.046727475855652
2023-01-09 04:00:00.000000Z,4.926634390350856e-05,42166543.82762239,0.1937989699237864,85.41126492285409,323.9535047888916,216.7929329564289,-0.0125600206837298,98.01196872662048,35790070.37791309,-2825715.2430405514,-42073424.43030895,-1858.1116991357248,3067.530256764928,-205.9286179322675,-10.39821354079399
2023-01-09 06:00:00.000000Z,4.738228093375441e-05,42167355.6580004,0.1555288159339355,83.02581494200147,301.6106736394228,271.59919626211524,-0.0304103950749244,98.00782304292106,35789162.81040065,18640585.884981424,-37823349.93588407,-62691.991670576026,2757.7441866986846,1359.2805948478556,-6.982479962738451
2023-01-09 08:00:00.000000Z,5.003158859917336e-05,42167220.345387965,0.1559096126117709,83.18150948371844,306.2046864073861,296.9290488370761,-0.0342398364305374,98.0052526700572,35788127.81700299,35086483.21945938,-23386365.82794015,-102355.39879120208,1705.1350857204984,2558.4720544607744,-3.78054352381163
2023-01-09 10:00:00.000000Z,4.958814178951135e-05,42166346.97245494,0.1560138662691584,83.35097505658707,333.38176168495966,299.6632849091663,-0.0291211707353867,98.00389890837307,35787175.08405452,42081769.48347054,-2650485.754442081,-114652.02418708368,193.1407079680785,3068.58388660534,0.4450974096149296
2023-01-09 12:00:00.000000Z,6.543346778132013e-05,42164446.11493916,0.15594059661689,83.44648984896823,26.75958238460095,276.2716378183861,-0.0163542138908218,98.00345239868656,35786007.54259309,37741327.94278456,18798882.77937008,-96209.2763017167,-1371.0141823148374,2752.073266958504,4.561957213284509
2023-01-09 14:00:00.000000Z,9.249964448469792e-05,42164436.97260935,0.1559541989730138,83.44850810994834,33.32644733923828,299.7861270897245,0.0007481271225719,98.0046860885259,35784362.224843144,23233476.92611012,35183507.459994994,-51900.10574821486,-2565.958879176766,1694.149650314153,7.464863658197076
2023-01-09 16:00:00.000000Z,0.0001235927384677,42165312.2153545,0.1562585122769046,83.42994308699933,33.96010136067213,329.25702494488934,0.0177310522559546,98.008534404141,35782696.07512467,2465839.1891622785,42088661.66642871,6452.781343684599,-3069.681428300943,179.6468841682776,8.37281238996081
2023-01-09 18:00:00.000000Z,0.0001491404936407,42166304.405978486,0.1567904198064758,83.49745621799973,34.95831129873258,358.2795355556533,0.0301655372605114,98.01463367912096,35781881.54253569,-18966414.94352336,37652865.34001135,63236.74205460033,-2746.285716973313,-1383.379976023043,7.038193837578692
2023-01-09 20:00:00.000000Z,0.0001512928057987,42166405.20912982,0.1572402135839523,83.68129042373033,35.34623953319098,27.79631986987212,0.0347985703113733,98.02104999870566,35782624.65492777,-35288086.5371226,23070979.95563701,103223.5215835192,-1682.8566629978232,-2573.624518647385,3.8129764820595993
2023-01-09 22:00:00.000000Z,0.0001302611156929,42165470.07200113,0.1573689264096276,83.88820931337526,30.761224424430093,62.26065208082363,0.0303885509729392,98.025155534871,35784776.02369736,-42101457.583632864,2272692.2358551603,115643.73138604577,-166.09558283631625,-3070.30973156782,-0.4442381202131081
2023-01-10 00:00:00.000000Z,0.0001052489505674,42164495.62525998,0.157284332683304,83.99948693460547,20.806474986053495,102.1864963015525,0.0180303856557847,98.0253934511562,35787294.9694013,-37572061.86181391,-19137774.041400805,97083.36836280712,1395.1813416433072,-2739.797381108731,-4.595216336065447
2023-01-10 02:00:00.000000Z,8.089089798763422e-05,42164470.37703477,0.1573007818129782,84.00094514209123,10.987551672866331,142.0830002322488,0.0008971821690252,98.02229365626954,35789023.99743724,-22921662.702446677,-35392995.02248044,52429.73669593735,2580.447325221984,-1671.375436072181,-7.525191142985409
2023-01-10 04:00:00.000000Z,5.462476511427184e-05,42165331.29266227,0.157585074926832,83.98296210999615,357.7266793831599,185.43949417453177,-0.0165567692125798,98.01779342082554,35789487.19267464,-2097276.298314176,-42115435.66200925,-6405.6331769341605,3070.6347914553808,-152.89510945509718,-8.442981822701089
2023-01-10 06:00:00.000000Z,4.212996287510887e-05,42166200.21411466,0.1580203061275585,84.03667603467524,334.23985049765093,238.95068239968128,-0.02974982367278,98.01373189256157,35788979.420053385,19292222.17602247,-37494957.22374029,-63663.162796296056,2733.799572501445,1406.7545028347463,-7.095888439197078
2023-01-10 08:00:00.000000Z,4.532853145297341e-05,42166309.25861863,0.1583576377042537,84.17273231374838,329.58359395196106,273.5502244823714,-0.0351849906475633,98.0109433681686,35788053.82375639,35485765.51808727,-22775804.822572045,-103962.4288269554,1660.5997144810017,2587.5668067497136,-3.839853256535812
2023-01-10 10:00:00.000000Z,5.134341539815563e-05,42165627.81523475,0.158452126503046,84.32514440988498,350.1325030377329,282.9295505645178,-0.0313898063891617,98.0094607271747,35787006.30744058,42121148.58019422,-1922132.474230002,-116441.54711277677,140.00816514332504,3071.452841774528,0.4546309030447697
2023-01-10 12:00:00.000000Z,6.423644448076941e-05,42164788.87746817,0.1583791192386319,84.41672678531323,14.46351905871421,288.5889034531328,-0.019322267502117,98.00927803574724,35785788.31433999,37410201.80447222,19449006.539555907,-97689.72144746776,-1418.4296975615878,2727.969725281416,4.63594435328339
2023-01-10 14:00:00.000000Z,8.509810586506321e-05,42164537.67043409,0.1583626075631252,84.42744515981595,27.769347727958905,305.3560143473412,-0.0021276332941203,98.0107974033992,35784324.18163394,22621018.07110524,35580330.23045334,-52678.35348793268,-2594.8840346670013,1649.5159121271606,7.580975218647343
2023-01-10 16:00:00.000000Z,0.0001122717222812,42165147.41000921,0.1585819675813519,84.41489331000749,32.61605195224633,330.6077179745691,0.015689538431012,98.0145142496538,35782885.68473497,1737103.6899555796,42125221.20291909,6562.268366544135,-3072.309464808121,126.5209163049928,8.497203521241536
2023-01-10 18:00:00.000000Z,0.000138764327735,42166137.53439076,0.1590015477869465,84.46788690708948,35.45920225730002,357.7993840264148,0.0294539519753202,98.02018903834076,35782153.69830767,-19615032.465092216,37319384.98446014,64164.36395641146,-2721.920210493304,-1430.669392480881,7.13569160848292
2023-01-10 20:00:00.000000Z,0.0001480756242681,42166554.95683149,0.1593759966368874,84.6198192563009,37.11161580475024,26.083236987494004,0.0355473352902902,98.0262573750527,35782809.843355834,-35681912.11685252,22457418.128491063,104674.36836332658,-1638.0826933912035,-2602.3422092389283,3.857750097343146
2023-01-10 22:00:00.000000Z,0.000134170075455,42165914.229186445,0.1594883341491924,84.80171660745589,33.83453609787795,59.26457321465615,0.0323492204423212,98.0302814961522,35784885.320484325,-42134565.19422387,1544387.3567640027,117193.04727610752,-112.98302815306904,-3072.730865757142,-0.4617428052667857
2023-01-11 00:00:00.000000Z,0.0001128986519337,42164887.117678486,0.1594022822157431,84.90980383432561,23.940793316457427,99.13255645840916,0.0206571623607183,98.030475560843,35787505.156459995,-37235734.8210115,-19784634.628878724,98301.4442223485,1442.3199754134637,-2715.276526824888,-4.667091755327933
2023-01-11 02:00:00.000000Z,9.329689581319396e-05,42164559.83212433,0.15938609832918,84.92099831723375,12.687117255757672,140.45371018170997,0.0034934635003909,98.0270093404896,35789456.09503533,-22306746.030141123,-35784244.86117496,52997.01918277852,2608.909303890875,-1626.5365765675776,-7.629589423750274
2023-01-11 04:00:00.000000Z,7.135598466476567e-05,42165186.15968121,0.1596021178424252,84.90819221150467,0.0227030595977155,183.20781867780724,-0.0146601142199068,98.02175816031068,35790053.18450249,-1369625.9481724794,-42145941.017658055,-6619.42582384038,3072.7704469308424,-99.84287334331964,-8.55038364736501
2023-01-11 06:00:00.000000Z,5.857078333083296e-05,42166067.072909705,0.1599597077402102,84.95218254102708,341.020555068898,232.2432279172203,-0.0290238774525029,98.01687422790636,35789442.2115158,19936586.59646355,-37156871.25621793,-64571.11179879826,2709.068181733749,1453.7294882952344,-7.176825250497598
2023-01-11 08:00:00.000000Z,6.113816245373167e-05,42166390.65651327,0.1602423871537309,85.0652698214191,332.28710702419374,270.94246003459665,-0.0357830190068639,98.01361508129558,35788211.10397367,35873453.90622424,-22160440.671890914,-105289.07623246445,1615.6762205527234,2615.842353303567,-3.8725972993002657
2023-01-11 10:00:00.000000Z,6.587462698989712e-05,42165944.139774285,0.1603213740703674,85.19231188571051,342.8155836073656,290.3676794050954,-0.0331117888315866,98.0122238105815,35786840.238184355,42147867.79110075,-1195269.1966111977,-117801.13522130568,86.97078512986087,3073.435583875253,0.4782715702163964
2023-01-11 12:00:00.000000Z,7.167875854690869e-05,42165170.80908411,0.1602590962984831,85.2687580280993,2.246537922855952,300.9427301012333,-0.0216753553912707,98.01254182667512,35785479.61921264,37068698.97096548,20091599.78985725,-98694.67416256704,-1465.3173454556454,2703.1148858163574,4.708235773366945
2023-01-11 14:00:00.000000Z,8.391790104385395e-05,42164741.1830185,0.1602405812285677,85.27893622128146,18.77846492860788,314.4847834699754,-0.0044667399652206,98.0145621262414,35784124.62143727,22003173.278916784,35965453.65250293,-53049.51665664161,-2622.9826084818974,1604.5004644333142,7.680224894315739
2023-01-11 16:00:00.000000Z,0.0001042240985086,42165055.53987373,0.1604072191150201,85.26973197765459,28.314666110725465,335.0437742467276,0.013980722435322,98.01841024010098,35782934.16812515,1009371.9139378378,42148986.25663198,6914.7842283858445,-3074.028267593038,73.47929825093075,8.593828275369717
2023-01-11 18:00:00.000000Z,0.0001281747900107,42165919.92194164,0.1607279359447331,85.3101132609678,34.063558995127515,359.34203062547846,0.0287942298178726,98.02380498109574,35782378.6756705,-20256513.756499425,36975376.83466221,65114.91184662803,-2696.7989541987045,-1477.4265870315771,7.200968382444117
2023-01-11 20:00:00.000000Z,0.0001421820553698,42166567.47764832,0.1610152638038015,85.42626913038413,37.66043126188969,25.71681846933047,0.0360522135671848,98.02949033839216,35783028.83561326,-36064347.3464525,21838395.891188264,105921.10372200236,-1592.911024563098,-2630.216498462729,3.872810844241217
2023-01-11 22:00:00.000000Z,0.0001358084686957,42166290.23404304,0.1611016043546484,85.5677641461404,36.35689526537321,56.96483044838792,0.0338182608132487,98.03333218209488,35785030.85067439,-42155082.602755845,817144.9544982463,118353.09781886116,-59.94311000903275,-3074.22607484746,-0.4999656113690232
2023-01-12 00:00:00.000000Z,0.0001190889928204,42165347.813439935,0.1610306329534467,85.65415183314886,27.604871217603417,95.71272849612193,0.0226492080206477,98.0334610042323,35787710.06174931,-36889016.25119697,-20424233.92266174,99029.51630610244,1488.934940717386,-2689.999431926521,-4.745547325783299
2023-01-12 02:00:00.000000Z,0.0001042798966528,42164767.69368623,0.1610141083006301,85.66414893943926,15.79137314991296,137.594591316722,0.0054563534499183,98.02968472448688,35789877.1475127,-21686436.104961693,-36164030.30722463,53086.08171450572,2636.538402469066,-1581.3129424652177,-7.724051533660773
2023-01-12 04:00:00.000000Z,8.778020220133902e-05,42165098.053793125,0.1611861287336075,85.654402004166,3.775478206623685,179.69638716944624,-0.0132428971710531,98.02369890934207,35790662.26379105,-643038.7211114727,-42163895.46574418,-7184.0629898705865,3073.9867829785508,-46.88112414680586,-8.632982649725186
2023-01-12 06:00:00.000000Z,7.613474337510019e-05,42165896.36099633,0.1614723657880122,85.68973331531699,348.19127472570835,225.3215798170034,-0.0285023099264915,98.01788327867284,35790016.483855,20573711.32770777,-36808575.96817797,-65613.96090739507,2683.58095016653,1500.1588937299618,-7.223812826807674
2023-01-12 08:00:00.000000Z,7.816894498838141e-05,42166381.6175043,0.1616946570945937,85.77844570969759,337.9288448699056,265.57349201497493,-0.0362547677309245,98.01394736031004,35788498.764057875,36249705.03342835,-21540025.861295603,-106497.9940594741,1570.370472584828,2643.26435640766,-3.870611398459206
2023-01-12 10:00:00.000000Z,8.378763190877196e-05,42166191.07073187,0.1617538714499527,85.87390724098611,341.72668616908567,291.760835201076,-0.0344033648187699,98.01246455103237,35786744.02116508,42162095.00433161,-469913.1074263021,-118816.6560255973,34.028657699752586,3074.4935693758234,0.5287031094568243
2023-01-12 12:00:00.000000Z,8.675693296422945e-05,42165563.64551152,0.161711897471137,85.92554090307178,354.5689611964222,308.94984479872824,-0.0233965871669565,98.01325034414415,35785126.795105845,36717046.76072534,20726539.693369,-99212.22557506149,-1511.6663890005066,2677.516615086765,4.792712783555767
2023-01-12 14:00:00.000000Z,9.122186552432583e-05,42165038.66101279,0.1617194818885106,85.92648179896791,9.397213437836728,324.2054707474387,-0.0061248991091838,98.01593137817572,35783781.67204939,21380221.46827876,36338832.07790446,-52908.12007092749,-2650.251843520928,1559.116324251269,7.774165448026209
2023-01-12 16:00:00.000000Z,0.0001022872632391,42165063.31473178,0.1618714569760303,85.91784131726754,21.55869181946382,342.13901952936186,0.0128387168600973,98.02017808846338,35782821.19442354,282903.3245728752,42160008.33111402,7681.860094251026,-3074.8460816016764,20.534882257673893,8.669138030177457
2023-01-12 18:00:00.000000Z,0.0001198433574726,42165696.49609597,0.162120770535016,85.94906144638702,30.47440304429348,3.2795457930151057,0.0284525645797872,98.02549939210212,35782514.49647476,-20890690.777559265,36620966.39188702,66283.6662109066,-2670.93805044953,-1523.6444359545756,7.234108664604038
2023-01-12 20:00:00.000000Z,0.0001347943591663,42166448.96206893,0.1623233961974015,86.03070888599244,36.69922416856661,27.06054193305001,0.0365493120256747,98.03083341644124,35783250.23920905,-36435347.014225,21214065.682587314,107137.15796453564,-1547.358494603203,-2657.246760484973,3.85216715061352
2023-01-12 22:00:00.000000Z,0.0001349834183293,42166550.64190038,0.1623785792096249,86.12162534578472,38.10128192953076,55.65327576411766,0.0349480246065319,98.03441281069676,35785201.8235953,-42163071.791705176,91104.0508465618,119235.999690519,-6.98815377106547,-3074.799495265996,-0.5696532897679703
2023-01-13 00:00:00.000000Z,0.0001233263493373,42165835.547439806,0.1623403017643377,86.16881345442577,31.60146238687561,92.1880771861349,0.0240386450048639,98.03445051671154,35787896.452183425,-36532030.90000573,-21056477.30041089,99291.4516329836,1535.0214916668456,-2663.9741086331915,-4.843918329034765
2023-01-13 02:00:00.000000Z,0.000112865141067,42165097.59730098,0.1623632300900532,86.16511120102756,20.102905385444856,133.76847093522323,0.0066867916822801,98.0304470279894,35790252.315211505,-21060859.754403748,-36532320.95690467,52624.34593496802,2663.3387517688234,-1535.713617162742,-7.821478358098671
2023-01-13 04:00:00.000000Z,0.000102444181045,42165099.53462871,0.1625281887198272,86.15556126915274,8.57790345430247,175.37852688445946,-0.0125147343578378,98.02381099633298,35791268.05787229,82413.52687789768,-42169323.71688291,-8253.509414110977,3074.2941228410086,5.984564298674592,-8.699964136965061
2023-01-13 06:00:00.000000Z,9.365937745728391e-05,42165717.27675049,0.1627609514926791,86.18441965888293,355.51856207799165,218.48436006749617,-0.0284554097539435,98.01702469784357,35790671.49746222,21203604.551722422,-36450117.63969102,-66990.43854911102,2657.3488985452127,1546.0421131120395,-7.239798875832166
2023-01-13 08:00:00.000000Z,9.560506847764516e-05,42166288.2181042,0.162924277613199,86.24962108203216,345.0496088017385,258.96544982880414,-0.0368641247908223,98.01223196550684,35788922.452144064,36614597.82249593,-20914600.42981926,-107783.36593186216,1524.6909399851108,2669.834607006513,-3.8297028475892887
2023-01-13 10:00:00.000000Z,0.0001028599747431,42166350.52941916,0.1629619989219057,86.30981282372025,344.45724231084887,289.5779580440583,-0.0354556529849304,98.01043705458056,35786759.783017665,42163962.5574792,253910.2292544185,-119628.92956298364,-18.811557499544904,3074.628979841153,0.6162310397832418
2023-01-13 12:00:00.000000Z,0.0001064241269754,42165938.55343525,0.1629490627383401,86.32921284771164,351.90811700560886,312.19095239453185,-0.0245565970258444,98.01157411148483,35784787.492051624,36355421.59380845,21353820.798352063,-99294.71486538633,-1557.4714054699862,2651.1786914809463,4.903104508460136
2023-01-13 14:00:00.000000Z,0.0001064850400199,42165413.3388942,0.1630091086650477,86.31351402198547,2.90746821843258,331.2928554377878,-0.0070357945478144,98.01499157560126,35783338.124059886,20752366.526690323,36700497.85355984,-52205.86513564231,-2676.6902439053915,1513.37014749968,7.876407039628025
2023-01-13 16:00:00.000000Z,0.0001083731781647,42165189.39408512,0.1631868269585611,86.30295065469096,14.407019193784022,349.8908839869373,0.0124484719383811,98.01986743734128,35782553.74569991,-442113.11722768703,42158371.63694174,8999.040939425373,-3074.768864592626,-32.30532814475892,8.733261069777532
2023-01-13 18:00:00.000000Z,0.0001163422459334,42165515.620758265,0.1634026118866537,86.32971717456797,25.032822407372404,9.32593238083859,0.0286860232546016,98.02534894072276,35782537.820639655,-21517442.96694248,36256275.927882455,67859.31450081103,-2644.3498982295805,-1569.319904493262,7.2395071341556765
2023-01-13 20:00:00.000000Z,0.0001275616051844,42166225.002626576,0.1635374503992459,86.3833160456672,33.97428193563452,30.418072242303825,0.0373071191951489,98.03041665101392,35783449.41349981,-36794887.41881779,20584553.709653225,108519.82065052324,-1501.4386320654664,-2683.434665645271,3.79382851440565
2023-01-13 22:00:00.000000Z,0.0001316076393756,42166657.00225754,0.1635629926115068,86.42125548911574,38.76140310884141,55.67839741384184,0.0359582452047162,98.03367431494291,35785390.52227853,-42158595.36140893,-633631.3979898402,120003.40850768944,45.872013091144936,-3074.4553369299924,-0.6785410578215606
2023-01-14 00:00:00.000000Z,0.0001248527843194,42166294.24210884,0.1635741278757896,86.41630410678924,35.63868756515277,88.88810634733248,0.02494689476939,98.0335844902558,35788054.43001133,-36164889.29431123,-21681297.14006545,99176.74018075402,1580.5766049486542,-2637.20635308091,-4.974199415872765
2023-01-14 02:00:00.000000Z,0.0001179286028889,42165538.30024041,0.1636803121075498,86.3866829208838,25.45557898760698,129.17884646700858,0.0071773628513541,98.0294568350474,35790542.305541456,-20430118.887096863,-36889091.793752015,51606.555770988,2689.315792477374,-1489.7439993643857,-7.935693632335214
2023-01-14 04:00:00.000000Z,0.0001135373227197,42165221.84889413,0.1638871068238363,86.37421638911688,14.268864354488564,170.4530474762925,-0.0126141179336257,98.02233619304732,35791805.856989615,806691.7526788178,-42162225.15825573,-9929.516296907372,3073.7035338021,58.75346380187051,-8.763726079324577
2023-01-14 06:00:00.000000Z,0.0001093871631098,42165566.06783731,0.1640971290219277,86.40024750113712,2.9655878737583783,211.8047389592444,-0.0291222600785432,98.01464559540202,35791348.753119275,21826306.490313016,-36081479.03356704,-68876.40393312646,2630.381827637854,1591.384117871233,-7.232496562192972
2023-01-14 08:00:00.000000Z,0.0001122707155407,42166123.77557287,0.164211717114244,86.4456805378371,352.9593242635871,251.84193893842868,-0.0378931936687356,98.00888459903577,35789461.61282524,36968223.57792023,-20284103.6145529,-109352.78967000336,1478.6418351883983,2695.559239866768,-3.750753130729696
2023-01-14 10:00:00.000000Z,0.0001213545689919,42166407.14792506,0.1642297821812236,86.4704015796724,349.5120187254225,285.34431768115826,-0.0365237906155653,98.00655096935937,35786915.5006523,42153576.32802048,976295.0588567576,-120425.77683916329,-71.54934764916631,3073.844599265521,0.7471228246756093
2023-01-14 12:00:00.000000Z,0.0001276357824802,42166263.80387734,0.1642536535787025,86.45327757622078,352.91877037540684,312.03811799943287,-0.0253198802472798,98.00784722020798,35784522.559003726,35983931.77120626,21973545.491736088,-99063.3383845838,-1602.7318327491946,2624.101094784157,5.051244328500534
2023-01-14 14:00:00.000000Z,0.0001270143728745,42165840.52940841,0.1643892529414787,86.415693022606,0.2319870923296883,334.8487511559549,-0.0072329077135074,98.0119744073277,35782855.51527775,20119721.71843973,37050553.16884914,-50967.63163558777,-2702.297405724932,1467.2623574348825,8.001291332600049
2023-01-14 16:00:00.000000Z,0.0001222443515184,42165443.47836693,0.1646317631808245,86.40159656196084,9.212272861682116,355.97036480291297,0.0129143885602634,98.01763666116942,35782164.73177978,-1165572.4767490686,42144185.40058773,10942.837094331126,-3073.799872888196,-85.04011486512715,8.799428306057717
2023-01-14 18:00:00.000000Z,0.0001195880973994,42165426.949747086,0.164857882366063,86.42971428487749,19.065018108779096,16.17750356542646,0.0297099257700331,98.0235016065484,35782447.09192291,-22136706.61628445,35881418.18092998,69999.9881684789,-2617.0425156866822,-1614.4537226122677,7.226179666007188
2023-01-14 20:00:00.000000Z,0.0001225462351673,42165940.61733497,0.1649542705538946,86.46667561898708,29.464665395228668,35.827944391359004,0.0386005638878,98.02842085317172,35783613.893131755,-37142971.02354436,19949956.926474825,110271.18474756854,-1455.1611301095554,-2708.7836446938645,3.700829623713194
2023-01-14 22:00:00.000000Z,0.0001260037296674,42166587.9781568,0.1649586220376046,86.45896567558022,37.842672232002336,57.54266585733749,0.0371222541193532,98.03131169441949,35785599.09615202,-42141720.50103356,-1356992.1789855135,120856.40210103912,98.62961603598234,-3073.197492358386,-0.8299013118451941
2023-01-15 00:00:00.000000Z,0.0001227881067625,42166656.463163696,0.1650315972331598,86.39753055819445,39.18634418208947,86.34227995035651,0.0255864619058116,98.03103109501888,35788188.52689275,-35787699.19517235,-22298650.736937296,98841.83907808836,1625.5973024707678,-2609.6996972588904,-5.145352081543418
2023-01-15 02:00:00.000000Z,0.0001183295044992,42166056.99945819,0.1652624210592123,86.3329399939511,31.563370269326366,124.10782838278118,0.0070307839633606,98.02687675777256,35790717.46136522,-19794316.392042708,-37234323.0672051,50108.43662412021,2714.4740845293427,-1443.4065654793394,-8.079828869216668
2023-01-15 04:00:00.000000Z,0.0001190217669005,42165491.34473012,0.1655680534673103,86.31517770606035,20.72328604743266,165.04045035181312,-0.0135763706425328,98.01951123536922,35792202.828183144,1529750.8655388234,-42142582.664628975,-12237.963603281092,3072.2256298544207,111.4280165831866,-8.838811302405427
2023-01-15 06:00:00.000000Z,0.0001210291642664,42165487.3902044,0.1657994048775902,86.34401397371433,10.500343008428697,205.30829671479756,-0.0306729157080762,98.01111403623112,35791963.73019277,22441847.998793047,-35702601.52923244,-71396.93980863816,2602.6888364606552,1636.1936690912935,-7.214298601494797
2023-01-15 08:00:00.000000Z,0.0001264973985186,42165912.16371874,0.16588576014373,86.37736500433546,1.2600081278186963,244.5906854571903,-0.0396088734494356,98.00438904714026,35790063.29441339,37310653.37624648,-19648405.769967325,-111402.63229466608,1432.2248535993688,2720.4479187043125,-3.6407097044645953
2023-01-15 10:00:00.000000Z,0.0001375897769082,42166350.36311463,0.1658897567853379,86.37112483427653,356.02873498004385,279.90726618705537,-0.0379072711724456,98.00132924534878,35787214.39908656,42130996.55822327,1697422.2191717387,-121427.51759203902,-124.18849769091996,3072.144218771937,0.9218333026635912
2023-01-15 12:00:00.000000Z,0.000147755261357,42166503.978674345,0.1659559893220696,86.31766109142413,356.35055079261974,309.72225775350165,-0.0259446494679102,98.00254133132644,35784384.84691434,35602609.286726736,22585896.414076224,-98708.01421202034,-1647.4508482741398,2596.2810309898355,5.244943331849535
2023-01-15 14:00:00.000000Z,0.0001496165863405,42166285.62685678,0.1661843990447601,86.25605058643436,0.6625230643822573,335.5587382564548,-0.0068693170478179,98.00724500088936,35782405.04497096,19482307.42248038,37389150.4572212,-49306.01541855605,-2727.073564998486,1420.7881909959417,8.162011791757594
2023-01-15 16:00:00.000000Z,0.0001417664637501,42165821.78032684,0.1665253273248619,86.23817842801787,6.933831026187586,359.393949370496,0.0142256167566761,98.01375062307254,35781707.41650669,-1887453.9344319925,42117571.34935105,13505.218073103191,-3071.9394572067104,-137.673146115323,8.882867298324518
2023-01-15 18:00:00.000000Z,0.0001299195543584,42165474.76193287,0.1668059806921983,86.27423843695813,14.319007501204116,22.06127763992328,0.0316572312618907,98.02017853833104,35782260.64158198,-22748474.10459534,35496489.323939964,72803.40161533013,-2589.019344029264,-1659.0496665393885,7.207678074555334
2023-01-15 20:00:00.000000Z,0.0001219918764705,42165661.28800272,0.1669010022917526,86.30999350455033,23.730991754058675,42.70056880458508,0.0406744461242943,98.02507945257956,35783743.74103528,-37479624.947764106,19310339.929719705,112571.25997668294,-1408.5318351124956,-2733.298525178098,3.582096002838117
2023-01-15 22:00:00.000000Z,0.0001194546096617,42166350.640408985,0.1668971799499265,86.2741607288829,34.63660048297087,61.915406463230745,0.0387422898482008,98.02756631266104,35785841.90635427,-42112518.47736422,-2078945.8043716804,122017.3320862489,151.2784682474741,-3071.0296337170826,-1.0210386088272256
2023-01-16 00:00:00.000000Z,0.0001165513844344,42166851.04130586,0.1670342174925784,86.16423138019516,41.24811706266084,85.49536921922423,0.0262532788390285,98.02698495391982,35788327.48508018,-35400572.50756972,-22908524.391167648,98504.5658056133,1670.0789980012592,-2581.4558464435645,-5.361330957811373
2023-01-16 02:00:00.000000Z,0.0001131143028889,42166593.60386627,0.1674172664989575,86.06223216272714,37.80429990308775,119.11918832947585,0.0064724800884934,98.0228487550605,35790777.23499113,-19153579.57631346,-37568010.12357744,48296.000844958086,2738.8147022179373,-1396.7020384224672,-8.264163247476894
2023-01-16 04:00:00.000000Z,0.0001170655131074,42165917.53830231,0.1678786025901531,86.03864640141192,27.70185418629485,159.320024346424,-0.0153014985392901,98.01551152585088,35792398.59248923,2251498.179766278,-42110385.89007427,-15105.12005999974,3069.8685336167537,164.0112786706208,-8.940157389829182
2023-01-16 06:00:00.000000Z,0.000126011937878,42165533.13486826,0.1681862655030642,86.07825540077371,17.98070680807296,199.07492497896956,-0.0331633327558039,98.00673690643552,35792417.6851752,23050203.297598805,-35313428.687428035,-74593.09638490729,2574.278796817438,1680.4804426510557,-7.201495098715247
2023-01-16 08:00:00.000000Z,0.0001361606203675,42165694.23474947,0.1682751670219983,86.11202054198212,9.604415361128162,237.49205117703724,-0.0422162594006975,97.9992076915346,35790642.16411465,37641903.03754225,-19007368.461751465,-114083.68358152808,1385.4419003491591,2744.512376637065,-3.513076108708964
2023-01-16 10:00:00.000000Z,0.000149812616831,42166179.60394159,0.1682736303928614,86.08560330719865,3.4302206739538894,273.7709091969932,-0.0399144797720878,97.99532743295558,35787626.21843941,42096225.54022286,2417496.100234708,-122860.86718627784,-176.73379161193745,3069.5333001874296,1.1332648126572993
2023-01-16 12:00:00.000000Z,0.0001588883721462,42165792.34219262,0.1683827151341407,86.00183166159269,7.956357659491246,299.41140543825617,-0.0267685802191948,97.99605750018628,35784364.49194737,35211441.66665247,23190972.590933982,-98476.94345309307,-1691.6255535451137,2567.6875752200303,5.485463428674031
2023-01-16 14:00:00.000000Z,0.0001662720372071,42165871.52919132,0.1687111723519452,85.917992165755,9.59538876612217,327.94330663234695,-0.0062291054872046,98.00101082750028,35781792.21046424,18840115.25314842,37716142.94531999,-47429.804702753056,-2751.022195395518,1373.9085879294998,8.368019750618162
2023-01-16 16:00:00.000000Z,0.0001605174251705,42165473.27806158,0.1691732005522908,85.89763656634847,13.97607790736896,353.672741731793,0.0162217724172268,98.0086372294944,35780609.20150526,-2607823.769920917,42078009.242553264,16568.265612817362,-3069.1976047121666,-190.27441504950232,8.998819136424377
2023-01-16 18:00:00.000000Z,0.0001442977468003,42164865.30486244,0.1695459376061149,85.9481794658627,19.4984300293158,18.190003220885767,0.0345300990792829,98.01665682422014,35780947.98532973,-23352803.06801772,35100273.756766826,76270.65965389326,-2560.257826542076,-1703.2319329088657,7.201106654498524
2023-01-16 20:00:00.000000Z,0.0001280481616157,42164638.04030045,0.1696770340368251,85.99980594181575,26.798368362426054,40.92707029895321,0.0436920888635192,98.02316000622749,35782421.49488619,-37804424.73771197,18663461.971026476,115538.13951744486,-1361.4290055609529,-2757.1286374968754,3.45236414077888
2023-01-16 22:00:00.000000Z,0.0001189347560361,42165163.67457111,0.1696780629910709,85.96152457030102,37.91255996750274,59.9372470035517,0.0411050849885394,98.02712114192978,35784514.03189128,-42069218.941395536,-2802616.467312342,123691.99444586637,204.0686061258284,-3068.0275496818813,-1.242718593649302
2023-01-17 00:00:00.000000Z,0.0001146645562849,42165994.00176037,0.1698647830007161,85.82427200428472,49.31323346141531,78.75695038125124,0.0272962054691273,98.02811415438195,35786913.79756536,-34999640.12811847,-23513974.872511305,98412.14441833513,1714.3356024522714,-2552.365664574315,-5.620011139246243
2023-01-17 02:00:00.000000Z,0.0001106047865696,42166226.85643345,0.170397788209276,85.69199767530614,52.198694584589376,106.08358642832924,0.0058405467443034,98.02579705171524,35789381.43304526,-18501966.830139667,-37891617.553462334,46404.53725039248,2762.572831452395,-1349.301157742363,-8.494145999860978
2023-01-17 04:00:00.000000Z,0.0001126503646758,42165651.00721217,0.1710553709425792,85.66460208599439,44.26224569057306,144.12391898162696,-0.0175381056175314,98.0201421975694,35791362.66615756,2978840.2513403525,-42064151.90573972,-18361.192242430305,3066.6461612491144,216.9699359259204,-9.080271678198033
2023-01-17 06:00:00.000000Z,0.0001247450683616,42164927.91317857,0.1714973147960725,85.72457430501866,33.94276981809756,184.45766777462515,-0.0364931052618063,98.01225030880155,35792034.87374249,23657367.22308908,-34909113.76713823,-78404.05723200366,2544.884434727638,1724.6810820360786,-7.211298825604642
2023-01-17 08:00:00.000000Z,0.0001390616594793,42164702.69001972,0.1716274124456435,85.77591173154707,25.55711995472281,222.86637616638265,-0.0457986451492011,98.00451819975773,35790862.92839729,37965177.06082152,-18353639.603705604,-117464.24849624962,1337.8045320529268,2767.987732082479,-3.3857450422286366
2023-01-17 10:00:00.000000Z,0.0001540853374552,42165086.511934645,0.1716296754984294,85.74701429123526,18.32204157950502,260.20769325767174,-0.0427999957715268,97.99973429586468,35788053.54680934,42048591.28252554,3144517.8419792457,-124911.65999177653,-229.74489391916416,3065.950023399706,1.3674047661058095
2023-01-17 12:00:00.000000Z,0.0001717000996844,42165754.33039896,0.1717731974496724,85.64559203241343,13.5877236142044,295.12562692615893,-0.0281598815273348,97.99979626209137,35784542.23832052,34805908.88745742,23795598.30229616,-98630.99339256412,-1735.7429833264862,2538.0546485761124,5.766493832031541
2023-01-17 14:00:00.000000Z,0.0001850726934802,42166193.323882446,0.1721927317192085,85.54575649242099,12.917157752994118,325.9831956604113,-0.0057054469610152,98.00482286764068,35781587.49979837,18185943.74451052,38035664.047443055,-45612.198081877046,-2774.380128483514,1326.1683402640851,8.622302179517943
2023-01-17 16:00:00.000000Z,0.0001830945841091,42166006.35238948,0.1727804661636905,85.52528173667807,15.28435299979262,353.7268806357239,0.0185802684179696,98.01308471514024,35780195.19738515,-3334459.2632781845,42026253.20430358,19912.440247758743,-3065.5000636294826,-243.28984624710196,9.15889539996612
2023-01-17 18:00:00.000000Z,0.0001639587025885,42165265.03491674,0.1732681867124349,85.59510730609841,18.44716711039633,20.58511888106477,0.0381545267059877,98.02182553219052,35780655.954168215,-23956074.43980551,34690976.83291173,80289.2761215607,-2530.4748520238186,-1747.2368047627729,7.224008826351396
2023-01-17 20:00:00.000000Z,0.0001385251888733,42164612.13801252,0.1734648332809598,85.67747232961767,22.072384086278333,46.96641354638033,0.0476699086541758,98.0285746203576,35782488.75960639,-38121620.93930431,18006836.829371043,119195.45774020074,-1313.5845026577297,-2780.235217242483,3.331202858854252
2023-01-17 22:00:00.000000Z,0.0001175722880662,42164777.34263687,0.1734788030814662,85.66464273202727,29.994391138043824,69.14290683121887,0.0444156079108728,98.03212082149672,35784874.81887912,-42014830.39755892,-3529547.4396150555,126040.04944823228,257.0547768690453,-3064.002421300285,-1.4773767477210231
2023-01-18 00:00:00.000000Z,0.000103500227805,42165730.89684267,0.1736810047114108,85.53067601191648,43.96433199090198,85.38938826635842,0.0290678318756823,98.03244515188598,35787242.64672838,-34588434.634771235,-24115340.79813621,98833.17119020736,1758.1802342137985,-2522.322250322257,-5.909204698980543
2023-01-18 02:00:00.000000Z,9.549756842012532e-05,42166503.77538822,0.1743189824450561,85.38460905520992,54.43547874914408,105.143855238434,0.0055652185964254,98.02985063522944,35789418.39191912,-17844757.862819128,-38205566.88309643,44762.39715362748,2785.4902844986505,-1301.348131671563,-8.765823386086023
2023-01-18 04:00:00.000000Z,9.618826863025727e-05,42166277.86121013,0.1751734392793547,85.35742180499608,50.877918699719466,138.80539184738407,-0.0198696858719939,98.0244954121199,35791192.66650805,3705129.949156871,-42006236.5143152,-21685.700150544955,3062.4735762555088,269.9325322267634,-9.265574537906382
2023-01-18 06:00:00.000000Z,0.0001125535394937,42165363.02444373,0.1757947934874596,85.44619340840904,40.4314747032328,179.23771732580323,-0.0403595588242716,98.01701110193136,35791971.47576836,24257171.2230375,-34494939.780161,-82594.09700664335,2514.730380044553,1768.3941856048689,-7.260575069032792
2023-01-18 08:00:00.000000Z,0.0001353623379511,42164678.4883124,0.1760063998915825,85.53430092014588,32.58901565423643,217.0664232361071,-0.0502496533068141,98.00923866282284,35791095.45862288,38276925.4396192,-17694812.560174603,-121458.28908871222,1289.7925226732589,2790.6635979021908,-3.2826009613312026
2023-01-18 10:00:00.000000Z,0.000155922886759,42164781.77261003,0.1760197362624424,85.52623266711625,25.85781563709049,253.88247247478395,-0.0466904739069896,98.00389604563183,35788468.965438366,41988404.20931107,3870435.232639346,-127673.47262193456,-282.661107049487,3061.483250115819,1.599364111181178
2023-01-18 12:00:00.000000Z,0.000177556981726,42165547.97627473,0.176176248782787,85.42587279670332,19.904505128994508,290.0176843795583,-0.0304553385876965,98.00330631985848,35784847.00537478,34390193.87224872,24393070.72644662,-99426.82272507757,-1779.3082555049846,2507.668384352303,6.068630102548701
2023-01-18 14:00:00.000000Z,0.000197796287124,42166354.115161374,0.1766563240166424,85.3199229464631,17.2461523222185,322.8689270069052,-0.005767039601674,98.00810403647236,35781567.11600318,17526785.928686135,38343845.28633208,-44213.10387874911,-2796.880866541293,1278.0473452695958,8.916230406409074
2023-01-18 16:00:00.000000Z,0.0002029394804529,42166513.26477545,0.1773497191638896,85.30162961156722,17.95441216727513,352.26974072206167,0.0208144345757659,98.01673875331733,35779896.75160371,-4059515.668893323,41962121.080778174,23162.473146639648,-3060.879947097643,-296.2063161386378,9.367546569771411
2023-01-18 18:00:00.000000Z,0.0001855044648561,42165814.42171678,0.1779528044516993,85.39152055505694,19.402208256001856,20.823593389257304,0.0421445207342468,98.02614087086938,35780366.23757045,-24551664.685981546,34271679.342949115,84560.15905632699,-2499.958684753288,-1790.697664265435,7.292588654264871
2023-01-18 20:00:00.000000Z,0.0001550158671189,42164814.31513415,0.1782293731912678,85.5126263305007,19.73485661651226,50.45907447903305,0.0524138394401828,98.03324985098732,35782515.58487322,-38427150.96835104,17345301.039397527,123390.37918407469,-1265.3912137162083,-2802.504428130777,3.2421140648746296
2023-01-18 22:00:00.000000Z,0.0001251803759841,42164488.41764884,0.1782571717909097,85.54700610184672,21.991484458300484,78.25339931253222,0.0487131898174269,98.03645946295278,35785276.2512608,-41947968.948405005,-4254956.354259962,129086.10914024594,309.90997479645023,-3059.068208155636,-1.7002130964887725
2023-01-19 00:00:00.000000Z,9.870634450930092e-05,42165295.1654138,0.1784275425642327,85.44719730293187,32.45562468719405,97.97069128226336,0.0318281284491034,98.03595189699844,35787734.89668664,-34167383.07669551,-24709121.679197103,99958.9203040912,1801.4422617457835,-2491.5439029643844,-6.208171696312063
2023-01-19 02:00:00.000000Z,7.923198377716916e-05,42166501.06751653,0.1790820071758772,85.30923652039269,48.62757883371082,112.01562435144103,0.0060716531892102,98.03273547029238,35789616.22138882,-17183073.0556339,-38507914.819599055,43684.44800908215,2807.53555875268,-1253.041306199057,-9.066069036598249
2023-01-19 04:00:00.000000Z,7.417034085644252e-05,42166839.53959084,0.1800747690782614,85.28618842362438,53.40961440181038,137.33354322280465,-0.0217915926822278,98.02749517196024,35791002.14403191,4429316.130234588,-41935865.84497011,-24705.05313480945,3057.389594712975,322.7753154088039,-9.493225885790263
2023-01-19 06:00:00.000000Z,9.091791449351626e-05,42165994.0825195,0.1808838001598866,85.40607960100272,44.54113078935667,176.157410212301,-0.0442872389098072,98.02063157355389,35791682.11963675,24848914.92499849,-34070772.434514746,-86811.71525245394,2483.868541370387,1811.561126320624,-7.35838647443973
2023-01-19 08:00:00.000000Z,0.0001217218628191,42164880.10900655,0.181208088996587,85.54614933447893,37.81257037427441,212.82067656357404,-0.0552374933176692,98.01328172736194,35791056.0554184,38576790.56730972,-17031037.54703308,-125820.78853748232,1241.4480464234312,2812.5145456358005,-3.2236973168531824
2023-01-19 10:00:00.000000Z,0.0001497019576265,42164532.00032136,0.1812358919204831,85.5828847648837,32.59385265313837,248.0792392997865,-0.0514866487174701,98.00774062548231,35788750.66722682,41915576.15769538,4594965.649507383,-131073.01947125883,-335.44891334924574,3056.1197662364325,1.802456377743306
2023-01-19 12:00:00.000000Z,0.0001755860321579,42165202.87049887,0.1813718141508332,85.5052827862054,26.40051642147856,284.4310954851513,-0.0338221008423563,98.00652798449234,35785219.5615866,33964401.72683617,24983151.377905518,-100987.52170428676,-1822.3031057345477,2476.550394982617,6.365213198952244
2023-01-19 14:00:00.000000Z,0.0002024025099886,42166300.45849029,0.1818598036408796,85.40518439971713,22.147137582120436,318.8710194910339,-0.0068132987707402,98.01083091963002,35781734.214358,16862854.571748808,38640613.11513908,-43526.58975506785,-2818.512736442881,1229.5693898999934,9.230028111980022
2023-01-19 16:00:00.000000Z,0.0002169159893585,42166892.97900341,0.1826110270500699,85.3903075570608,21.451672397159275,349.6721866740124,0.0223870305813682,98.01950815942632,35779757.43844883,-4782724.528863113,41885712.80631438,25922.90159425276,-3055.3340497739864,-348.99993472845574,9.61698878674296
2023-01-19 18:00:00.000000Z,0.0002057051680226,42166431.24149421,0.1833025450240288,85.49545913808657,21.814798711756,19.295957027173603,0.0459545779718681,98.02941787724178,35780107.467597425,-25139323.671727717,33842637.5494301,88681.78460589629,-2468.717847314656,-1833.596554162928,7.412920129574682
2023-01-19 20:00:00.000000Z,0.0001748560667958,42165252.63513573,0.1836541106517882,85.65277296493791,20.078195337704123,50.96493758276044,0.0574994843724093,98.03698398424643,35782471.4883724,-38720862.304045565,16679190.423912931,127810.53425798225,-1216.8665141543938,-2823.9334589238765,3.203166876103028
2023-01-19 22:00:00.000000Z,0.000141237472012,42164418.90749429,0.1836917465926156,85.74233180936946,17.196531352766264,83.84222088977646,0.0537894304723781,98.04004149985268,35785642.300412536,-41868612.34557677,-4978552.0401247535,132676.85705754993,362.61667768936655,-3053.2394671030206,-1.886093547426888
2023-01-20 00:00:00.000000Z,0.000107779201073,42164824.00486527,0.1837872990921218,85.69719067109058,19.664757610957828,111.49990901328256,0.0356242282622184,98.03868452047128,35788352.143911004,-33736578.474992715,-25295171.686484583,101824.2612601248,1844.1066416674769,-2460.054869160641,-6.490729128588592
2023-01-20 02:00:00.000000Z,7.338387121128696e-05,42166202.52444414,0.1843528644602214,85.58713739824013,31.255529109041014,130.09715127280683,0.0076468216190511,98.0345005731069,35790058.39835957,-16517119.389890766,-38798706.011551104,43382.15665011676,2828.691559790069,-1204.409258523454,-9.372722379018803
2023-01-20 04:00:00.000000Z,5.408467931510566e-05,42167174.739354745,0.1853670316458281,85.57027332910597,43.441964767446656,148.00418305204306,-0.0228347383754254,98.02895473690825,35790971.85323566,5151073.443761968,-41853308.71725553,-27073.703406365,3051.380865477207,375.4645911552335,-9.748749158865724
2023-01-20 06:00:00.000000Z,6.498638029099762e-05,42166718.74820516,0.186313446820922,85.71310419599763,41.58294374058326,179.79617509995612,-0.0477173830163057,98.02261715507544,35791322.00807634,25432242.080528166,-33637124.103635475,-90645.3544512761,2452.305960230868,1854.1504510470347,-7.501389479384832
2023-01-20 08:00:00.000000Z,9.9876170490983e-05,42165358.50727286,0.1867567948295949,85.90770766033918,39.15023355597538,212.1097870906808,-0.0602348525316529,98.01599798428596,35790788.52653529,38864556.71335389,-16362993.827820092,-130163.51155440357,1192.8015851228358,2833.528352465986,-3.218953215069037
2023-01-20 10:00:00.000000Z,0.0001355886232638,42164462.68111702,0.1867988658378737,86.00559028776809,37.45033603563824,243.78858744880395,-0.0568188850943588,98.0106642672344,35788850.19824839,41830150.07242219,5317440.276640542,-134838.53844907216,-388.0701706836642,3049.874555444321,1.954787950187037
2023-01-20 12:00:00.000000Z,0.0001659767690503,42164808.83130811,0.1868771854097055,85.96994876889937,32.52857344283652,278.8264448001751,-0.0381436952635079,98.00898809059268,35785596.861789666,33528827.12016646,25565358.363985207,-103228.08603943848,-1864.69755234782,2444.735684355652,6.627320148820239
2023-01-20 14:00:00.000000Z,0.0001979663714041,42166029.17356446,0.1873080111023569,85.88735130559196,27.341416714621587,314.18196310257497,-0.0090159993956763,98.01260699415184,35782073.6536762,16194610.285265831,38925776.19120644,-43679.95295155679,-2839.26010935922,1180.778633895199,9.534915393440212
2023-01-20 16:00:00.000000Z,0.0002222740989358,42167052.64806348,0.1880474732015427,85.87592057966415,25.471478971800163,346.153834045576,0.0228752834987493,98.020958774357,35779815.24100584,-5503571.249089944,41797163.3364836,27881.85420772508,-3048.86350396169,-401.625532113385,9.885842914958015
2023-01-20 18:00:00.000000Z,0.0002208234679753,42166991.15402503,0.1887750638808857,85.98664091005578,25.222592468437192,16.384298351954428,0.0490113276892558,98.03111678543144,35779920.67105218,-25718612.49633557,33404285.501234066,92231.74794965309,-2436.77217006124,-1875.897754157102,7.576310915741295
2023-01-20 20:00:00.000000Z,0.0001941161817138,42165861.09472907,0.1891769376883107,86.16675021211094,22.69746681968744,48.81950196639854,0.0623388301431314,98.03918020137134,35782333.89332496,-39002512.377827965,16009119.336957816,132023.06801254855,-1168.0430819612325,-2844.5100928002907,3.220106866942853
2023-01-20 22:00:00.000000Z,0.0001608312612858,42164634.989549495,0.189219767753155,86.30284489172685,16.84110634695023,84.62507110708233,0.0591757148901977,98.04236542217126,35785861.70016471,-41776753.49220559,-5699739.354170043,136467.63377240402,415.14506720399015,-3046.5334768418325,-2.016947884912825
2023-01-21 00:00:00.000000Z,0.0001280738333454,42164491.02447176,0.189222067338541,86.3155795131985,12.720442788114294,118.81314155717496,0.0402044122024398,98.04037808206556,35788956.14006874,-33296179.52109348,-25873100.034549937,104244.41911062606,1886.157654110364,-2427.892074065907,-6.731535202595273
2023-01-21 02:00:00.000000Z,8.797673031114114e-05,42165707.86136808,0.1896182575452163,86.2445337565644,14.04342652199871,147.6380499832344,0.0102992693782499,98.03507886543407,35790704.207692355,-15847130.460653502,-39077841.56012819,43862.352851159536,2848.9513932212158,-1155.4945646007102,-9.65875819258979
2023-01-21 04:00:00.000000Z,5.217822437060004e-05,42167169.61440686,0.1905168152655822,86.23363444853558,17.204740180785596,174.56345477158212,-0.0227365521471931,98.02874606089152,35791222.92765657,5870126.464545418,-41758780.0811694,-28598.03797125341,3044.443112774394,427.9557812614274,-10.007914478136843
2023-01-21 06:00:00.000000Z,4.721266485178044e-05,42167352.98250822,0.1914921349719621,86.38131630383272,21.810796665057268,199.8856463107984,-0.0501794769250386,98.0225346365016,35791088.11442476,26006885.072734904,-33194527.943320677,-93748.62692268829,2420.0519103104043,1896.120147975937,-7.672147424569452
2023-01-21 08:00:00.000000Z,7.605864936594662e-05,42166072.02661656,0.1920215518433999,86.61397876326559,32.49443398746838,219.04559716266107,-0.0646511047568643,98.01666149977063,35790425.730512425,39140105.97608874,-15691456.742666518,-134052.00709046138,1143.885389559783,2853.683075659607,-3.262078300245632
2023-01-21 10:00:00.000000Z,0.0001155702006584,42164683.94501427,0.1920751012073593,86.77241917135736,38.81233066507192,242.64656437454408,-0.0621019978478538,98.01184910333902,35788785.5538342,41732292.57754166,6037045.5033856295,-138540.1044891339,-440.4815280364094,3042.7598496854025,2.048613271141071
2023-01-21 12:00:00.000000Z,0.0001499638334894,42164509.34943169,0.1920712703737365,86.78849974607627,37.56013955555366,273.96289981598704,-0.0429770141363368,98.00994641267872,35785934.421465054,33083926.208075423,26139080.814340208,-105823.73328530457,-1906.45735997281,2412.2662722670066,6.833985994503785
2023-01-21 14:00:00.000000Z,0.0001849435505643,42165611.11172913,0.1923873834437412,86.73197648508206,32.61311150705419,309.051441783958,-0.0121838438207572,98.01279109005196,35782560.201139115,15522687.34409262,39199089.05504228,-44534.00083903089,-2859.1085248393165,1131.7320809505889,9.801353107239873
2023-01-21 16:00:00.000000Z,0.0002173333614089,42166952.40831915,0.1930407937246141,86.72352859974531,29.881130419365704,341.8816825312544,0.0221680798698221,98.02044941491928,35780105.33206466,-6221396.596279177,41696651.93022066,28956.20365099422,-3041.4759834869037,-454.02404211758005,10.143192534539129
2023-01-21 18:00:00.000000Z,0.0002272409577085,42167369.19764126,0.1937374220594954,86.82823282650197,29.327438898179903,12.422846909177869,0.0509252188771908,98.0304842601544,35779874.31141857,-26289008.359663863,32957198.68977543,94922.6069347075,-2404.1517155699617,-1917.552678983249,7.758116723925773
2023-01-21 20:00:00.000000Z,0.0002083142210986,42166508.42711832,0.194150300058512,87.01113534217599,26.94611044888456,44.71187089833222,0.0663562330999728,98.03895901005392,35782128.25072726,-39271859.2181611,15335926.728804229,135604.26732915058,-1118.966740037842,-2864.212405910253,3.280476681467996
2023-01-21 22:00:00.000000Z,0.0001779158590143,42165106.729229055,0.1941945348306549,87.1721151525803,20.177894410743,81.40482239716044,0.064244828271318,98.0425587482674,35785847.28510516,-41672481.13380837,-6417654.199476311,139997.36332168785,467.4531162980246,-3038.965475929622,-2.090596221099564
2023-01-22 00:00:00.000000Z,0.000149439654483,42164427.62790805,0.1941175743725383,87.22912106100313,12.51690750537284,119.08875758122564,0.0450290077314655,98.0403860981459,35789353.25906289,-32846497.38084083,-26442266.019818768,106823.1473122688,1927.5777714586768,-2395.0991182639573,-6.915282509845548
2023-01-22 02:00:00.000000Z,0.000113651785782,42165206.41919995,0.1943244411850898,87.19623712515431,7.966341056470555,153.74814523038023,0.0136857906448586,98.03417723983502,35791367.19484756,-15173447.39991321,-39345032.26980129,44873.455425127344,2868.3220797027625,-1106.3479616731283,-9.900142225375284
2023-01-22 04:00:00.000000Z,7.267096099988795e-05,42166836.096097216,0.195007658143133,87.19009347828393,2.027824274546132,189.76757291601595,-0.0215809956764274,98.02679002614596,35791718.97727823,6586221.346635681,-41652341.83661116,-29339.19577226137,3036.5908005733454,480.20248684171776,-10.242606820891506
2023-01-22 06:00:00.000000Z,5.254633443529461e-05,42167701.811959445,0.1958805297700301,87.32156062127004,355.9525998941052,225.7868761165467,-0.0514784465305016,98.0201925578087,35791109.88243997,26572699.30691957,-32743363.00633213,-95977.9129357218,2387.123220336265,1937.4290671197373,-7.8425919359568175
2023-01-22 08:00:00.000000Z,6.211940576417979e-05,42166860.26788398,0.1964251978601703,87.55940533316104,14.08483268868522,237.49351139779893,-0.068036564970463,98.01478179293132,35790130.82441329,39403452.12767199,-15017055.552702123,-137155.84032444586,1094.727699317584,2872.953292638907,-3.330211122632926
2023-01-22 10:00:00.000000Z,9.43649117954602e-05,42165218.73833129,0.1964843033375637,87.75629925020593,34.38944214604373,247.06994165282936,-0.0667120952872933,98.01060105915164,35788631.66339103,41622256.791013725,6753075.7622397,-141719.60321124748,-492.6470060987453,3034.78155924409,2.0955866882878444
2023-01-22 12:00:00.000000Z,0.000129742070279,42164449.9185121,0.1964005667722345,87.81862625547187,40.43087001329645,271.04642027259206,-0.0476564582915651,98.00870918239303,35786212.31888731,32630186.704086903,26703773.92805465,-108286.1795482392,-1947.5561810222644,2379.1790980447704,6.981513902535534
2023-01-22 14:00:00.000000Z,0.0001652407101745,42165187.72453199,0.196576427950404,87.79056332916842,37.59489286168776,303.99469461564,-0.0157643052672767,98.01079741552344,35783154.34595798,14847691.219664147,39460340.42232923,-45683.93601479493,-2878.052303656753,1082.4825517385682,10.010204687830802
2023-01-22 16:00:00.000000Z,0.0002022400917447,42166636.38875558,0.1970886796184971,87.7848848579556,34.5793767753593,337.104700293441,0.0205701260800756,98.01745278757556,35780643.18777134,-6935629.342654796,41584359.19662165,29368.634504771784,-3033.1862040439696,-506.1412158121013,10.358644920480124
2023-01-22 18:00:00.000000Z,0.0002225935463565,42167490.43999817,0.1976909853841001,87.8739841131261,33.93854367075252,7.74803934301886,0.0516769513509433,98.0269134695594,35780052.8994519,-26850112.26156933,32501924.361067902,96739.36096774912,-2370.8892267234896,-1958.5153801027216,7.924129410595344
2023-01-22 20:00:00.000000Z,0.0002136006172028,42167049.36742218,0.1980704801992665,88.03943817255107,32.24123650387775,39.37063625915366,0.0692126777869568,98.03553399101445,35781948.75551933,-39528795.02978703,14660425.08163479,138304.76288286888,-1069.684181156616,-2883.0151411385414,3.3547568550383198
2023-01-22 22:00:00.000000Z,0.0001878213458136,42165719.5734648,0.1981122782818685,88.19869364286507,25.980866585861957,75.5580310478525,0.068421042872077,98.0397011180542,35785606.0607261,-41556031.02834936,-7131416.921485789,142843.23237218033,519.495847127351,-3030.543361984855,-2.1247717468796936
2023-01-23 00:00:00.000000Z,0.0001635847458824,42164664.187465295,0.1979935424558298,88.27636395083637,16.90896069497405,114.63255448608076,0.049422248259902,98.0378644834769,35789401.12887443,-32388012.027679365,-27001963.86093437,109064.47407492832,1968.3476946066316,-2361.7139919199726,-7.044328220983649
2023-01-23 02:00:00.000000Z,0.0001357765529449,42164888.581332095,0.198052472488372,88.27096107507838,9.724617614352804,151.8978656239241,0.017181440467106,98.03128370407192,35791801.489454344,-14496559.835814308,-39599890.81960204,45956.98933638732,2886.8192935780844,-1057.0156551179275,-10.08451598331426
2023-01-23 04:00:00.000000Z,9.806562145385184e-05,42166329.67184082,0.1984991974890938,88.26820156696151,1.6320784614203658,190.06701762460264,-0.0198142604428328,98.0229805491174,35792264.06569022,7299057.147610947,-41533909.19444637,-29624.473612590933,3027.856227966904,532.168235291025,-10.429433208687264
2023-01-23 06:00:00.000000Z,7.112097668281796e-05,42167673.71779705,0.1991736254871968,88.36915564186667,349.24651650515887,232.42645055105004,-0.0517938119946987,98.0156600694514,35791365.333216794,27129605.966925494,-32283771.56112787,-97465.01730487784,2353.547429315368,1978.0495760559652,-7.982509347056522
2023-01-23 08:00:00.000000Z,6.583132945513152e-05,42167496.535012655,0.1996492443227192,88.5755792448276,355.0949781887386,256.44831696940145,-0.0702591103604948,98.01028808865428,35790009.859801576,39654691.11883149,-14340106.44541977,-139378.2237476914,1045.3506689298752,2891.3193867665905,-3.3910060444803864
2023-01-23 10:00:00.000000Z,7.944913832901909e-05,42165962.31149313,0.1997043663334513,88.77249662990049,22.647436584300173,258.777394824756,-0.0702160220729937,98.00662928209329,35788477.07859717,41500293.5236588,7465133.926968181,-144059.20561141547,-544.5463976021457,3025.938747380497,2.123528169606449
2023-01-23 12:00:00.000000Z,0.0001086241060948,42164708.34404732,0.1995732267969018,88.85955534836718,39.57504263852993,271.8431449149176,-0.0515292083900334,98.00492096402506,35786423.55259825,32167974.671922468,27259116.652026266,-110136.2647063808,-1987.984248762479,2345.4953932691965,7.08582962287778
2023-01-23 14:00:00.000000Z,0.0001418362512524,42164916.27175562,0.199627893532136,88.8545379780084,41.52285063059166,299.98395628870816,-0.0190289612531374,98.00637736026306,35783789.83132352,14169996.906038724,39709408.08561302,-46595.11364526535,-2896.0988666780518,1033.061472497285,10.160461979636876
2023-01-23 16:00:00.000000Z,0.0001793504889848,42166225.63730653,0.1999835052921436,88.85139764550621,39.285008015670286,332.3125766249571,0.0187132928032905,98.01185735473844,35781391.756641045,-7645997.843038098,41460387.19818072,29582.957997878697,-3024.014058788532,-557.9474692472395,10.513814110807042
2023-01-23 18:00:00.000000Z,0.0002070663078975,42167367.64095542,0.2004517542637234,88.9199344093436,38.83275544401176,2.786891516785116,0.0516485808454142,98.02030990479928,35780509.53966712,-27401819.09462002,32038760.747282483,97962.64315720716,-2337.010600246522,-1998.7609733734373,8.042902028263244
2023-01-23 20:00:00.000000Z,0.0002081254416938,42167382.37698642,0.2007613956162436,89.0533397768088,38.098796177621125,33.47791618183082,0.0709490881750379,98.02865707284523,35781924.71795817,-39773419.64244002,13983070.042867176,140155.01129610534,-1020.2265375879892,-2900.900454751602,3.406410743504806
2023-01-23 22:00:00.000000Z,0.0001882908922931,42166326.83832361,0.2007960641170179,89.18761925723713,33.19851092363883,68.33068306734624,0.071399696501182,98.0333067329254,35785256.91387702,-41427737.71846839,-7840495.470191507,144782.09700115534,571.241015005622,-3021.2655131604856,-2.151873521614132
2023-01-24 00:00:00.000000Z,0.0001670705702948,42165129.91527826,0.2006786704903598,89.26118679572761,24.11569005356479,107.42093923300013,0.0528151457231655,98.03218723412648,35789100.926947646,-31921247.22052245,-27551727.844057783,110551.13187582522,2008.4506774416168,-2327.756252135169,-7.1391774050280254
2023-01-24 02:00:00.000000Z,0.0001465752244164,42164854.960867696,0.2006650492206989,89.26798589829339,15.510713503642046,146.09496561255068,0.0200930459430222,98.02589074631108,35791847.122761965,-13817006.18670336,-39842135.09290797,46604.37589481591,2904.456758453069,-1007.5256790347174,-10.216471828571104
2023-01-24 04:00:00.000000Z,0.0001155370555652,42165902.48043173,0.1616787561871615,87.90154039554137,8.459436466160962,184.58612379391752,-0.0139110968370666,98.0171790568925,35792621.60437319,8008299.229212837,-41403373.08847982,-26861.009188163272,3018.2833353178594,583.835062150712,-8.451057417465583
2023-01-24 06:00:00.000000Z,8.743142957938527e-05,42167378.92589207,0.1621279283482989,87.98976382097362,355.0547114016741,227.97675562907423,-0.0283017732899251,98.00917338554916,35791709.78459258,27677584.758806705,-31815729.580519427,-81428.34557535723,2319.363726344068,2017.9743093132613,-6.358700562720308
2023-01-24 08:00:00.000000Z,7.675395227703758e-05,42167847.46418199,0.1624643016049442,88.18036860766219,349.59038092901966,263.32692602585627,-0.0353770396659648,98.00348702484403,35790086.3271358,39894022.56193223,-13660635.363825282,-114294.20863274275,995.7762809301196,2908.7737509754243,-2.5602450030558828
2023-01-24 10:00:00.000000Z,7.815325348458867e-05,42165736.06440348,0.1624929805485696,88.37716868292084,27.80102835305278,254.9979589282788,-0.0332431898814405,97.9998378300146,35788451.85423504,41366772.24418882,8172990.281454341,-116614.55007596724,-596.1512214625329,3016.1898406885343,1.9322840288493348
2023-01-24 12:00:00.000000Z,0.0001025639008399,42164266.762639366,0.1623578951906816,88.47737362173336,47.83604800819147,264.9430148759991,-0.0223867931876804,97.99798543650132,35786510.51809706,31697812.93762101,27804648.2510304,-87696.40162623992,-2027.7310523600308,2311.1931924149635,5.917950593309847
2023-01-24 14:00:00.000000Z,0.0001324342564388,42163928.95651372,0.1623499431556619,88.48436673411638,53.61030206351708,289.2449164024915,-0.0055850086124358,97.99899620298916,35783950.78971459,13490068.23696224,39945693.95383247,-35217.60022878754,-2913.276725763717,983.4448343281782,8.325729037090243
2023-01-24 16:00:00.000000Z,0.0001664598236881,42164890.50727225,0.1625782818437871,88.48448638335591,51.96273926718808,320.9794705044617,0.0127808914228967,98.00396751147376,35781300.02710525,-8352339.33576284,41323792.66368838,26792.941888007896,-3014.0053066062846,-609.5231427920932,8.503608423593441
2023-01-24 18:00:00.000000Z,0.0001971768953359,42166109.95549487,0.1629050053944916,88.54704254980342,51.06910016399783,351.90124730703616,0.0278631282676473,98.01252512961076,35779741.66499012,-27944121.432102125,31565901.46494794,81701.89651783889,-2302.49657661548,-2038.4454172232668,6.397478318006574
2023-01-24 20:00:00.000000Z,0.0002066437813686,42166507.6698075,0.1631203620561248,88.6673535279429,51.17034379827827,21.771499772367918,0.0356400845945887,98.02220121938288,35780278.51012886,-40005081.42706488,13300837.997051962,114744.14567979435,-970.4244133598444,-2918.031760558612,2.568836125645163
2023-01-24 22:00:00.000000Z,0.000192506739146,42165834.91360548,0.1631373547960674,88.78604301753182,48.7229367059069,54.189613450586734,0.0340062310467653,98.02946820580472,35782947.47742839,-41285139.007686,-8548722.111743964,117008.76708645692,623.0131968377411,-3011.1695983456216,-1.955143748179605
2023-01-25 00:00:00.000000Z,0.0001707880415082,42164721.21267271,0.1630507261587943,88.84895442310881,41.985445806873344,90.94848638486538,0.0233514725986304,98.03162915963858,35786702.19189868,-31441143.57809476,-28094847.15359524,87850.42792557116,2048.2569403859507,-2293.025546529336,-5.958796174979833
2023-01-25 02:00:00.000000Z,0.0001513761067634,42164121.579392254,0.1630397961042902,88.85482279612084,34.03411586796252,128.97269899800102,0.0064666578570672,98.02824238441713,35789998.35751374,-13127429.429251458,-40072696.51850998,35068.81958977473,2921.4715332828805,-957.4340264493218,-8.366097140048518
2023-01-25 04:00:00.000000Z,0.0001266400071509,42164620.03457312,0.1632072725704269,88.85551717579747,27.23782480430542,165.84339707250714,-0.0121957396844004,98.0212039519609,35791660.55999682,8722007.142935915,-41257940.792364284,-27187.165220047063,3007.7975015516254,635.7623976764921,-8.529866143329794
2023-01-25 06:00:00.000000Z,9.734514360395112e-05,42165904.76308223,0.1634843347220901,88.90939910066568,17.855704148733686,205.24606169803457,-0.027700626728284,98.01349337304204,35791480.283963166,28222970.47689721,-31332631.54093926,-82217.00200599275,2284.174089041893,2057.6659003558416,-6.404612379341385
2023-01-25 08:00:00.000000Z,8.134035044631763e-05,42166792.163232535,0.1636872590383666,89.02382804632968,8.612434722047322,244.45095420917036,-0.0359322946459917,98.0074143583693,35790134.18746798,40124033.67326364,-12969646.668835323,-115244.54348050168,945.3889482595904,2925.494292453802,-2.558091018899584
2023-01-25 10:00:00.000000Z,7.984342116171557e-05,42166295.79696938,0.1637035065722539,89.14108987403954,17.567958260051316,265.4565488494011,-0.0346787084190494,98.00366547677048,35788425.2312429,41219443.507784784,8886094.149304893,-117377.25767998926,-648.1632868165498,3005.464859494504,1.9804297905804449
2023-01-25 12:00:00.000000Z,9.048354294652416e-05,42164936.40392291,0.1636243411664377,89.19921440200413,39.56789186632276,273.4790310251691,-0.0242222397107482,98.0020736193078,35786567.54310061,31212864.21118152,28348045.31352509,-87997.28520255665,-2067.3355239672464,2275.863502683759,5.99413686626204
2023-01-25 14:00:00.000000Z,0.0001125371895337,42164188.345851466,0.1636334641575257,89.20055660333965,52.58188147667836,290.5466929412663,-0.0072865458282125,98.00292963454704,35784385.50871632,12798327.220154677,40173124.14214083,-34947.03011492745,-2929.7865778374507,933.0367262851396,8.403690138081991
2023-01-25 16:00:00.000000Z,0.0001415765027156,42164693.126995794,0.1637962974195227,89.2006641101052,54.91563800228994,318.29904067592724,0.0116590566981884,98.00700139045694,35782098.74151925,-9064278.706181228,41174307.1599714,27552.477383566293,-3002.982680867622,-661.3910061178242,8.557691381376506
2023-01-25 18:00:00.000000Z,0.0001715872581617,42165782.614600025,0.1640137751487668,89.24225940150367,55.3939860962211,347.8684722923009,0.0275728851574479,98.01423970166236,35780572.03004653,-28484451.892977867,31080313.806116667,82708.72754881877,-2266.959001656757,-2077.7875464711265,6.410144193239129
2023-01-25 20:00:00.000000Z,0.0001866321533272,42166418.45896533,0.1641473514542452,89.3166465256702,56.661420042830144,16.617412887148216,0.0361872431691846,98.0228703975548,35780740.40658428,-40228540.516886346,12610396.140629318,115674.21366720337,-919.9731897396445,-2934.289560388164,2.535201706465698
2023-01-25 22:00:00.000000Z,0.0001796861953648,42166137.81042979,0.1641571313093985,89.38098660883075,56.09002627132457,47.21363529460928,0.0351629788424292,98.02991057759864,35782853.50392849,-41131816.28675675,-9257914.98433254,117552.92586686678,674.8168631011406,-3000.003293935395,-2.0261584638494936
2023-01-26 00:00:00.000000Z,0.0001613911783928,42165267.84530198,0.1641281514638555,89.40386658027275,51.22802098511967,82.13767574682483,0.0247315569950929,98.03269383405473,35786198.87991226,-30952320.82852041,-28631754.13851263,87807.39757999334,2087.5017828665395,-2257.433530409279,-6.046782091937242
2023-01-26 02:00:00.000000Z,0.0001443030213843,42164550.24527339,0.1641774524877687,89.395471439973,43.41464811562579,120.0391731286171,0.0076446012722444,98.03028549004912,35789458.42553217,-12434588.293892931,-40292504.68534921,34410.490169120225,2937.5865647016203,-906.971815210333,-8.44444433214627
2023-01-26 04:00:00.000000Z,0.0001265070346424,42164608.33048529,0.1643352019452587,89.39526359100009,35.66693153068392,157.86286626999905,-0.0115545171915938,98.02391399528352,35791412.14834747,9432294.848834096,-41101117.84975844,-28296.40734863477,2996.412583364638,687.5021944490161,-8.5730142930067
2023-01-26 06:00:00.000000Z,0.0001041997839531,42165502.02938503,0.1645165787032476,89.42991042042027,26.29342291509603,197.2761740659408,-0.0277375738898942,98.01622317469231,35791560.40857188,28759279.509172898,-30841210.359211016,-83455.3839961099,2248.3487499623134,2096.72173431442,-6.395605649307886
2023-01-26 08:00:00.000000Z,8.896558612263362e-05,42166502.60251437,0.1646152863338903,89.48446035798062,14.577834099863896,239.0129134347484,-0.0365557930474571,98.00979276639788,35790296.73828644,40341855.20661981,-12275911.98251603,-116218.30196980202,894.789637190579,2941.3417269091005,-2.49466660288757
2023-01-26 10:00:00.000000Z,8.594510344684087e-05,42166566.39915795,0.164622493835443,89.51965341950144,14.04649722274184,269.5872816079672,-0.0356054937740153,98.00588881238647,35788455.200530216,41060147.756726936,9595410.40163717,-117739.25064588684,-699.9021373968087,2993.8467691086566,2.0830116437506243
2023-01-26 12:00:00.000000Z,8.789666541934646e-05,42165578.89153757,0.1646324259637337,89.5169958418698,30.011616606819352,283.7055494723034,-0.0250881634620368,98.00448676214172,35786563.466602035,30719402.909777757,28882046.017578803,-87565.96735310451,-2106.2768509045686,2239.9047288528304,6.1061867909499306
2023-01-26 14:00:00.000000Z,9.917547294099172e-05,42164651.373162,0.1647292452321746,89.4980777365919,47.14716733696894,296.6719778220513,-0.0077790654202245,98.0054099737374,35784636.95282878,12103728.12048427,40388093.93647431,-33780.58778302516,-2945.4243844018856,882.4237710890659,8.490217562976119
2023-01-26 16:00:00.000000Z,0.0001204780026359,42164705.366284125,0.164900019870044,89.49742840202457,54.89042582426791,319.0150296118595,0.0117013612004439,98.0089305409568,35782733.3659376,-9772715.632402256,41012585.49226944,29160.69065295034,-2991.1036675012983,-712.9933075265267,8.590234123654945
2023-01-26 18:00:00.000000Z,0.0001462479113823,42165509.46838818,0.1650565653922039,89.5271410477844,58.14319127230134,345.82079144230727,0.0281214105544704,98.01503358141092,35781393.672033295,-29015846.392038222,30585937.54572973,84312.8417230778,-2230.803361076048,-2116.4572385540605,6.375935604084591
2023-01-26 20:00:00.000000Z,0.000163193833176,42166213.64777728,0.1651277808817476,89.5661944292659,61.15983177709521,12.854683225602958,0.0370446657557754,98.02248851849671,35781367.79706078,-40440023.821081065,11916990.965146497,116806.1157067786,-869.3178130732193,-2949.638213297904,2.4409665294574703
2023-01-26 22:00:00.000000Z,0.0001620808908059,42166259.46308733,0.1651330734297343,89.58183272951736,62.7283541952016,41.35910479625169,0.0360307238826351,98.02894272674324,35782992.24555396,-40966784.04957726,-9963409.68392017,117858.622072253,726.3430103148136,-2987.940411012141,-2.156205144238054
2023-01-27 00:00:00.000000Z,0.0001478892661865,42165715.10056584,0.1651680682258721,89.56347762383623,60.364457822829344,73.82655255123726,0.0253035295230958,98.03200736652305,35785840.28086899,-30455328.101604324,-29159327.403112154,87151.66438943817,2126.065873705281,-2221.209853648244,-6.177489378703664
2023-01-27 02:00:00.000000Z,0.0001321894969314,42165059.25045642,0.1653071303667128,89.53619807150768,53.71537716790601,110.58353530240754,0.0077029660666142,98.03049198942298,35788881.19295007,-11739359.625094151,-40499923.14711814,32922.97534596614,2952.8151659810155,-856.3098786266569,-8.539069032289214
2023-01-27 04:00:00.000000Z,0.0001188237074987,42164819.52528812,0.1655158140275446,89.53559656644616,45.20452781250598,149.1716479050468,-0.0120670955642057,98.02501313289612,35790984.64372774,10138572.208555965,-40932178.770345606,-30245.79460178284,2984.176501759989,738.9700464390177,-8.603115041722956
2023-01-27 06:00:00.000000Z,0.0001042424216945,42165265.2792509,0.1656755381524235,89.56552192074757,35.345878826411976,189.07518513713785,-0.0286901349317935,98.01768978063672,35791468.661762066,29286243.479963068,-30341132.1474435,-85346.71170573807,2211.9246286978264,2135.1094154043712,-6.34898256414097
2023-01-27 08:00:00.000000Z,9.302370518534587e-05,42166117.34973743,0.1657184261414706,89.58642763482544,22.855595770338876,231.62008734847356,-0.0376561010653963,98.01108411998057,35790415.47700771,40547420.50942372,-11579278.791839927,-117515.62464574464,843.9994672458465,2956.2925277426984,-2.3793505933953973
2023-01-27 10:00:00.000000Z,9.194904605742754e-05,42166560.51526994,0.1657245734967734,89.55911251467391,16.092428948649218,268.48855083357194,-0.0364801247812044,98.00693789538042,35788525.434761725,40888897.09393121,10301047.619115662,-118036.21748400436,-751.3675148003952,2981.3411160776354,2.239582432361311
2023-01-27 12:00:00.000000Z,9.290036676648912e-05,42166071.10978675,0.1658314780093499,89.49719792372845,23.670633413849497,291.05307259543787,-0.0254007971401242,98.005617989492,35786526.59562458,30217442.298348583,29406759.73928348,-86708.481370935,-2144.554980515657,2203.3121090400023,6.262736805882939
2023-01-27 14:00:00.000000Z,9.558492567331572e-05,42165211.46750885,0.166059761228774,89.45155429239925,38.93750918561765,305.9151130167987,-0.0073522023992538,98.00675242901124,35784710.063245304,11406280.179785283,40590656.87209715,-31931.19023038327,-2960.19187253591,831.5957352056743,8.602194892670335
2023-01-27 16:00:00.000000Z,0.0001068584434058,42164916.856339,0.1663026862095582,89.4506474144834,50.93560621193027,324.0034037425909,0.0128116033237389,98.01009246325796,35783134.36420631,-10477664.313085629,40838589.08300462,31546.919241980548,-2978.372577234835,-764.3457376175501,8.623169894437929
2023-01-27 18:00:00.000000Z,0.0001250832703367,42165352.84772188,0.1664522416327217,89.47874500830945,58.11770533888275,346.8806527226048,0.029631786146409,98.01540127692088,35782079.29859971,-29538340.93540312,30082598.82826216,86604.76574271213,-2194.029890983661,-2154.475770412319,6.316775582480456
2023-01-27 20:00:00.000000Z,0.000140080258153,42165970.18072117,0.1664890957152899,89.49717934464432,63.71663619017785,11.351778041682143,0.0385276521770469,98.02176156710864,35782042.088455886,-40639532.39454829,11220298.341944776,118371.5664394852,-818.4479962601,-2964.0960808802743,2.302561260968152
2023-01-27 22:00:00.000000Z,0.0001424442323103,42166234.94465586,0.1664948084449615,89.47691552946564,67.81961997719294,37.35683603679166,0.0370415250561406,98.02741197869716,35783323.36974507,-40789942.62064585,-10665614.811210692,118243.229153226,777.6073792053996,-2974.984708366773,-2.338471594982368
2023-01-28 00:00:00.000000Z,0.0001325141260772,42166027.45816112,0.1665897429778428,89.4242427250137,68.46125101467743,66.85299559581517,0.0255116874278262,98.03039812396824,35785693.40008516,-29949973.277755,-29677942.351826064,86209.47762083425,2163.956984064728,-2184.342726688577,-6.3553105479008885
2023-01-28 02:00:00.000000Z,0.0001183511319484,42165561.55035527,0.1668250306668831,89.37935250782654,64.05493972032512,101.38544765807129,0.0069925239362192,98.02951017988016,35788409.11827415,-11041547.257311694,-40695219.536322296,30863.778673360004,2967.150964119562,-805.4323613565946,-8.664213833929368
2023-01-28 04:00:00.000000Z,0.0001071913715714,42165184.22859935,0.1671161360669423,89.37988068424477,55.33581084179429,140.18158567346342,-0.0135555478304081,98.02490633539168,35790518.54590108,10840959.635396916,-40751294.72676516,-32904.774569408095,2971.07683473461,790.1763394587961,-8.640392526202156
2023-01-28 06:00:00.000000Z,9.925502747020907e-05,42165226.14787167,0.1673073181374,89.41635737562537,44.4308366030777,181.1254484694421,-0.030587274315262,98.01813464269844,35791273.45710592,29803906.7305017,-29832508.99266821,-87912.39490040632,2174.8943480125445,2172.8361394325566,-6.285887820015683
2023-01-28 08:00:00.000000Z,9.410393058808568e-05,42165767.14271668,0.1673390042348557,89.42915879581382,31.665804685341016,223.95319479288855,-0.0394543404198656,98.01152051503426,35790486.53842197,40740747.40720042,-10879801.408857204,-119299.11473449093,793.0180154255103,2970.355762761885,-2.229562166052193
2023-01-28 10:00:00.000000Z,9.644440109582588e-05,42166362.6151908,0.1673509183201302,89.36911956323918,21.466710083672204,264.2900400893952,-0.037663490903986,98.00710477489535,35788629.84408032,40705722.370303206,11003015.105745872,-118533.54107553756,-802.5557626832353,2967.955546599318,2.4394399626422705
2023-01-28 12:00:00.000000Z,0.0001010888348768,42166359.16554038,0.1675400674695237,89.26463224905416,22.055791208829824,293.88621466851043,-0.0255849504991344,98.0057415637536,35786495.811731726,29707050.878156915,29922233.155772723,-85737.29477562085,-2182.163271046345,2166.0885537794443,6.461703771118293
2023-01-28 14:00:00.000000Z,0.0001014240644718,42165766.178959325,0.1679084761212743,89.19479833954422,32.00859394985929,314.0867720828804,-0.0064048419032578,98.0071289800342,35784653.50763069,10706100.322493982,40780870.97669607,-29692.33306264453,-2974.083209515258,780.5534344592661,8.747026548026957
2023-01-28 16:00:00.000000Z,0.0001033948047895,42165281.104181856,0.1682655517422995,89.19554145533809,44.303244495398,331.8769828388786,0.0147075259926068,98.0105918878136,35783299.04775406,-11178985.128528364,40652377.42745188,34503.369390643915,-2964.789523264668,-815.4493559834223,8.67250172095837
2023-01-28 18:00:00.000000Z,0.0001114086748713,42165339.84646999,0.1684555493341443,89.23191960394043,54.71090204132216,351.5199912210956,0.0320074418976138,98.01549914683204,35782556.61403626,-30051816.139062468,29570330.055349376,89513.2231020864,-2156.643148044501,-2191.850164464925,6.253817142155171
2023-01-28 20:00:00.000000Z,0.0001205670991851,42165749.057649225,0.168486367663547,89.24570419688986,63.38966380913408,12.91507217153175,0.0407510339724572,98.02099699013392,35782656.843598545,-40826973.293687664,10520279.414116563,120454.71403615242,-767.3654384326553,-2977.6750013652254,2.141084995821358
2023-01-28 22:00:00.000000Z,0.0001232355410163,42166111.1008042,0.1684963078803225,89.20568686256479,70.49738696821937,35.93428328326233,0.0384942223445282,98.02578700130304,35783766.44302826,-40601191.10725243,-11364648.624966668,118926.15727696636,828.6134435191996,-2961.144959797769,-2.557293286619259
2023-01-29 00:00:00.000000Z,0.0001167478653548,42166202.38226987,0.1686395673516946,89.12993749485531,74.6425199349414,61.94965465664358,0.0257645441232305,98.02841014101703,35785749.99931412,-29436129.55352483,-30187751.99660099,85280.87170555207,2201.1774367714106,-2146.83298756837,-6.573982387989306
2023-01-29 02:00:00.000000Z,0.000104665520074,42165999.505191095,0.1689607900080943,89.07222881729518,73.50946752553187,93.22197288061754,0.0059300703663573,98.02782792072526,35788110.09331679,-10341031.931054246,-40878535.17479745,28539.08094568398,2980.5892284862507,-754.3364239536941,-8.82441737980641
2023-01-29 04:00:00.000000Z,9.447821161447784e-05,42165626.029747695,0.1693419873880439,89.07574316649087,65.55573739634437,131.25043058774264,-0.0156958220565855,98.02392796061844,35790115.498736925,11539524.084151834,-40558594.699951135,-36035.2414170593,2957.105048187665,841.1210812091019,-8.69873398836421
2023-01-29 06:00:00.000000Z,9.121532847177274e-05,42165364.39099856,0.1695929963814966,89.12579971633721,53.26928459935911,173.56277631927117,-0.0332715915476214,98.01774061566014,35791049.2726273,30312286.836409505,-29315477.98254044,-91036.75861201622,2137.253833277193,2209.900589826011,-6.225659765547221
2023-01-29 08:00:00.000000Z,9.28404181150894e-05,42165529.447187066,0.1696438960562698,89.14997680213979,40.149846468474486,216.73365440380684,-0.0419892786433643,98.0112285343725,35790529.6372641,40921850.73525456,-10177612.268848386,-121597.30763173672,741.8484145416554,2983.534808732172,-2.065211571695108
2023-01-29 10:00:00.000000Z,9.942558145268344e-05,42166074.11518748,0.1696629258040573,89.08604361041633,28.494662683898717,258.53021346654026,-0.0393736823753426,98.00654413077297,35788770.38584448,40510679.50357281,11701225.12487118,-119391.67848940616,-853.4590298476166,2953.6984805012144,2.6664423129915824
2023-01-29 12:00:00.000000Z,0.0001091668745449,42166448.025924765,0.1699038611729581,88.96203196191694,24.199989918994238,293.02949403691133,-0.0259853287988578,98.00500851589442,35786509.81829972,29188352.618735664,30428445.62739721,-84906.1063628955,-2219.0909620084435,2128.243889910908,6.693716342122013
2023-01-29 14:00:00.000000Z,0.0001126986195827,42166237.91474936,0.1703907749639234,88.87632669193476,28.83450554564165,318.56440731052754,-0.0053315735694081,98.00659234895116,35784538.047896855,10003390.45734414,40958791.46490327,-27354.550881127765,-2987.0886002728275,729.3083719383085,8.924094000850495
2023-01-29 16:00:00.000000Z,0.0001097034013655,42165736.0699157,0.1708768066735103,88.88127102660594,38.31456837821623,339.1653128135079,0.0170344633993042,98.01036264705265,35783275.75666891,-11876432.368661577,40454093.1574525,37768.77023209432,-2950.353173430533,-866.2920240927974,8.746929683245188
2023-01-29 18:00:00.000000Z,0.0001072532967796,42165469.93700752,0.1711406056052356,88.9338750438878,49.07523324490495,358.439040836572,0.0350186951079118,98.01522283977232,35782812.23717223,-30556057.12693966,29049344.02246468,92868.87167533516,-2118.652512905729,-2228.5743181533107,6.203411921150737
2023-01-29 20:00:00.000000Z,0.000107368084991,42165592.64517885,0.171188772789797,88.95774320930686,59.827956935017255,17.74951518419505,0.043667416344803,98.02016055958292,35783143.877372414,-41002219.16670422,9817153.02757163,123020.38404242108,-716.0835159719159,-2990.379526657826,1.976651655303931
2023-01-29 22:00:00.000000Z,0.0001066731483783,42165934.33663868,0.1712036994495421,88.91431070969375,69.97727631122414,37.72975747374767,0.0405357547649486,98.02416364934244,35784239.69465411,-40400488.03450089,-12060355.324318578,120015.27853154788,879.3515456136462,-2946.4330033023925,-2.793917459918864
2023-01-30 00:00:00.000000Z,0.0001016588256461,42166255.81813341,0.1713783063482258,88.82790112441111,78.10034073766377,59.77732052745049,0.0263656740622605,98.02624950597657,35785960.79976918,-28913806.437752876,-30688691.48183023,84589.01150322959,2237.722322380374,-2108.6931823879568,-6.820926524187946
2023-01-30 02:00:00.000000Z,9.182400005280984e-05,42166342.61467439,0.1717649013366609,88.76331732342558,81.2044989584699,86.81931717622058,0.004898313395311,98.02568005663784,35787990.42947614,-9637851.129681556,-41049889.64611279,26230.32095566135,2993.126656638533,-703.0331115894696,-9.01640802964516
2023-01-30 04:00:00.000000Z,8.225963690136039e-05,42166083.63231725,0.1722269803386724,88.77119600500605,75.3226780472225,122.77197482620608,-0.0181221186247364,98.02225257390836,35789823.957476474,12234208.680894732,-40354175.98259188,-39368.129844908304,2942.259495920268,891.7935814017694,-8.784725363818835
2023-01-30 06:00:00.000000Z,8.166393114541123e-05,42165636.69655735,0.1725461420312868,88.8377382944554,61.70770991303087,166.39687062773183,-0.0364825207918306,98.01658577036882,35790846.50725377,30811331.62654209,-28790208.00793722,-94528.1161061248,2099.006585868104,2246.294371315923,-6.182658172629648
2023-01-30 08:00:00.000000Z,8.964500027759706e-05,42165434.41693955,0.1726314286760977,88.88492415050139,47.93812579835544,210.1950423449859,-0.0451629793819077,98.0102311085099,35790564.3989171,41090726.33482985,-9472915.382567156,-124338.18523178592,690.500173188281,2995.8291482429518,-1.9044214157032735
2023-01-30 10:00:00.000000Z,0.0001010279417664,42165781.70962191,0.1726536544346233,88.83864078554164,36.07680115833183,252.1798366935122,-0.0416897945453334,98.00529181133008,35788947.99632372,40303845.07735471,12395505.924394617,-120668.94308178803,-904.0649523630688,2938.5790930858643,2.903210966512042
2023-01-30 12:00:00.000000Z,0.0001155293491109,42166378.42719566,0.1729093972266648,88.71686359107238,28.736979737505774,289.72174018717834,-0.0268320853636292,98.00346467462887,35786597.04894456,28661515.959126927,30925316.15368909,-84384.49429123972,-2255.325162718372,2089.79353240128,6.945746553904879
2023-01-30 14:00:00.000000Z,0.0001250696251047,42166581.67643598,0.1734723318241467,88.62553126283305,29.15067359322556,319.48316840726545,-0.004458045375084,98.00511338892014,35784435.20705935,9298405.862717032,41124463.651230566,-25157.81016538114,-2999.197748110884,677.8800728626744,9.12720644937008
2023-01-30 16:00:00.000000Z,0.0001223016117655,42166221.71056168,0.1740767745276414,88.63659074108702,35.19761392328322,343.5114416492521,0.0194462869653443,98.0092429076251,35783139.739451304,-12569707.421530489,40243931.50781596,41088.012571918414,-2935.06309510794,-916.8524603463222,8.848569427718616
2023-01-30 18:00:00.000000Z,0.0001121273071519,42165725.55831913,0.1744315069755214,88.71027597859818,43.84243031776291,4.8801492890193305,0.0383808634431953,98.01431545853995,35782877.77433958,-31050812.907782905,28519973.332213853,96461.86178911904,-2080.071561341824,-2264.6329769133927,6.175812556818579
2023-01-30 20:00:00.000000Z,0.0001021386501566,42165528.24575156,0.1745131022324405,88.75580312237696,54.09391159669798,24.66994700876109,0.0471232544171242,98.01899422225289,35783477.540586114,-41165153.2221905,9111313.565201232,125955.3993985466,-664.6242785616781,-3002.20858418901,1.825305769069956
2023-01-30 22:00:00.000000Z,9.476947304263948e-05,42165745.70421993,0.1745305531164643,88.72328626362909,65.96003645522102,42.921832480858015,0.0431816787764013,98.02236265390972,35784682.317347966,-40187873.613552585,-12752387.17157332,121522.0688812447,929.80173833269,-2930.862185508868,-3.0305261556282623
2023-01-31 00:00:00.000000Z,8.826427154621727e-05,42166211.6380434,0.1747163064644811,88.63772974738603,78.10053539890517,60.950498576301264,0.0274946777450331,98.02383894503105,35786267.23039893,-28383158.58740669,-31180541.87298665,84266.24101049759,2273.580270724681,-2069.944432283954,-7.081122289388768
2023-01-31 02:00:00.000000Z,7.989394897091308e-05,42166579.42280734,0.1751419900769394,88.57182269074423,86.3540192879499,82.84428023070339,0.0041938534429853,98.02305556663455,35788022.5116834,-8932208.58177752,-41209223.170241855,24155.991240010117,3004.760732282169,-651.5446675927782,-9.231780641536272
2023-01-31 04:00:00.000000Z,7.104487452257368e-05,42166512.48050894,0.1756656416232532,88.58444718812765,84.05846460245053,115.20617100937116,-0.0204969086199293,98.0198719792281,35789651.114175804,12924818.806937013,-40138131.41618304,-42654.85801120533,2926.545092560536,942.174174556128,-8.898552522963096
2023-01-31 06:00:00.000000Z,7.152702447697033e-05,42165995.53010336,0.1760477333504923,88.66695092467796,69.64152457774374,159.61749298830307,-0.0399256148952049,98.0146208844639,35790685.68528984,31300907.146444947,-28256913.849772926,-98169.68043972478,2060.1644301170345,2282.004016716925,-6.165272870343356
2023-01-31 08:00:00.000000Z,8.466444047132248e-05,42165482.92689442,0.1761708552847144,88.74138971210883,54.88289610009908,204.377636150328,-0.0487930705922066,98.00844738829352,35790597.5313466,41247344.77114645,-8765984.96489267,-127387.5825611192,638.9898525925006,3007.236487335191,-1.7611715985591274
2023-01-31 10:00:00.000000Z,9.259231877163242e-05,42164834.14633769,0.1761898729215259,88.72538476207816,65.80813211305608,223.54503568484068,-0.0445783938092363,98.00295342489474,35789526.83733852,40085740.85195371,13085499.040902913,-122342.18621362046,-954.2404549739648,2922.590003251269,3.133577998186696
2023-01-31 12:00:00.000000Z,0.0001039156153255,42165492.46656278,0.176425214310574,88.62203709115812,52.69994695798183,266.8353347997479,-0.0282407574428622,97.99958753072578,35787596.910241045,28128108.970718108,31412600.998944797,-84261.288865606,-2290.7107161317035,2050.7858040267083,7.203397194745938
2023-01-31 14:00:00.000000Z,0.0001174400906864,42166068.74348662,0.1770124128457402,88.53426204746509,47.21510688422029,302.4901159074697,-0.0040173396896785,97.99961109281804,35785271.34973569,8593770.07587985,41278318.49302792,-23279.36386116093,-3010.286850874302,626.4084892271499,9.346617963508628
2023-01-31 16:00:00.000000Z,0.0001207822716264,42165972.90962612,0.177704711241375,88.55186674967312,50.463875040748505,329.3090436081965,0.0216474775686346,98.00276671048373,35783456.19873341,-13255668.519674122,40023558.51222438,44237.0188859114,-2918.909983009989,-966.9427969556036,8.974440097147966
2023-01-31 18:00:00.000000Z,0.0001115037011572,42165368.98747691,0.1781515491786142,88.64769738047163,58.79009937502874,350.9740811905637,0.0418059891880752,98.00772237191984,35782588.60884841,-31533356.799909208,27985070.608985502,100074.20695215024,-2041.0166458639787,-2299.9045675886896,6.175681835618863
2023-01-31 20:00:00.000000Z,9.907346179239758e-05,42164858.65702242,0.178275357937115,88.72224750356786,69.94759859521577,9.82948841652109,0.050907921246918,98.01305274679385,35782605.56709456,-41314054.761246,8405975.538501855,129100.0386898544,-613.1267818344259,-3013.187474287043,1.6982043910554458
2023-01-31 22:00:00.000000Z,9.183498722185192e-05,42164868.34608604,0.1782907194690507,88.71167176367732,83.72074034246398,26.15377790664289,0.0463493222294314,98.01778447692143,35783255.53994212,-39962284.19071335,-13438141.200230183,123381.8202833945,979.9386963168204,-2914.557656431508,-3.2524873082735786
2023-02-01 00:00:00.000000Z,9.06577682119922e-05,42165385.33017172,0.1784665979054571,88.63645382903097,98.98167107769376,41.05375371538752,0.0292144044619945,98.0213408224,35784365.572608784,-27842733.84294155,-31661517.323385112,84354.3109962499,2308.8778328831563,-2030.6610075719775,-7.340262968198958
2023-02-01 02:00:00.000000Z,8.98951803383458e-05,42165998.32977734,0.1789027826849288,88.57372376069218,111.6862050110169,58.49597881453895,0.0040059382207811,98.02322649411292,35785880.314096406,-8221492.770082949,-41354696.33209837,22449.187819706854,3015.6587616183224,-599.7714240609091,-9.45994879216122
2023-02-01 04:00:00.000000Z,8.378862575656343e-05,42166170.46916375,0.1794631988291233,88.59046249582583,115.90889072932194,84.33834249040012,-0.0225538391354707,98.02286892481308,35787684.63084206,13614784.788499396,-39907293.31333017,-45706.58572496791,2909.995829612016,992.5145775324254,-9.035557880957256
2023-02-01 06:00:00.000000Z,7.74226843907308e-05,42165686.42569199,0.1798945892019316,88.6858521753092,106.16109610024738,124.06991405539236,-0.0433233019605029,98.01989856549032,35789378.095913924,31783892.671219,-27710523.9807308,-101763.02645010932,2020.538432857609,2317.2744899345057,-6.175481434490597
2023-02-01 08:00:00.000000Z,8.299953476341768e-05,42164943.84941634,0.180051844723791,88.78630937736935,88.2485160095261,171.95903019381362,-0.0526563686492514,98.01476609125308,35790272.12475126,41392588.423215576,-8050546.456187585,-130583.21590917531,586.9753014610777,3017.824505825517,-1.6432868957819844
2023-02-01 10:00:00.000000Z,9.560977293082844e-05,42164691.19192455,0.1800616314658427,88.8049213352991,72.95943133738234,217.3059787594594,-0.0479194558405346,98.0091187337662,35789760.64754248,39853453.20071827,13777460.005028872,-124316.30415532022,-1004.6597499688244,2905.6200199383456,3.3470860665989592
2023-02-01 12:00:00.000000Z,0.0001096020408895,42165269.99614007,0.1802493349915793,88.7294332375047,59.35261988860063,261.0665932095334,-0.030214067623987,98.00530147812584,35787850.148267984,27580589.89409035,31894739.20528841,-84521.05294784132,-2325.836977509059,2010.8190458378224,7.455448850021133
2023-02-01 14:00:00.000000Z,0.0001269169288253,42166127.23019255,0.1808098206018855,88.65202058473282,50.82123858885996,299.757272808654,-0.0041264482870905,98.00504326649435,35785333.5787531,7878540.8174914,41420844.64882115,-21780.7574551216,-3020.674372514315,574.214062249594,9.57244439867412
2023-02-01 16:00:00.000000Z,0.0001350087170753,42166368.717711724,0.1815464485884022,88.67506467408825,50.75024330499595,329.890686399603,0.0234351997270743,98.00835908623895,35783306.83437785,-13945996.99393252,39788117.52322023,47092.48532836754,-2901.7632479790814,-1017.3185570063722,9.117516604890486
2023-02-01 18:00:00.000000Z,0.0001244444239228,42165790.371540606,0.1820718024025593,88.79029126695472,56.18533623411386,354.4278666630558,0.0450495320248479,98.01372161590751,35782430.8759057,-32012818.16964145,27435054.826849896,103547.05365378998,-2000.9384538191232,-2334.891899007496,6.200447086450152
2023-02-01 20:00:00.000000Z,0.0001041315456343,42165013.32673801,0.1822396623041193,88.89635346423267,64.56851965591974,16.02627888873668,0.0547912378857583,98.0192544588299,35782656.2474949,-41453409.50570277,7689591.88890969,132297.19565171172,-560.9140345256636,-3023.344328516578,1.598543449706235
2023-02-01 22:00:00.000000Z,8.760282965437273e-05,42164755.36019341,0.1822478670573578,88.91481249155778,76.9943323323621,33.66861367535696,0.0498803104862547,98.02373869698404,35783544.12258775,-39724013.59646449,-14127786.51516554,125481.829701628,1030.1968770715384,-2897.147648026545,-3.45082884327577
2023-02-02 00:00:00.000000Z,8.063639143994951e-05,42165228.860738784,0.1823946704913827,88.85690337682148,94.80342495034208,46.0025711933003,0.0314810212119305,98.02674767769228,35784729.96055204,-27291192.73499231,-32138620.916103102,84820.41500753742,2343.6320098334004,-1990.3989114886303,-7.58563389479316
2023-02-02 02:00:00.000000Z,7.98789916502943e-05,42166030.57526173,0.182813368399375,88.80069104716596,112.72502292106223,58.22073734706479,0.0044185415344448,98.02815478362103,35786119.53518707,-7505393.335091887,-41490880.34511048,21171.387554177767,3025.5646823205343,-547.519378474818,-9.688137463479592
2023-02-02 04:00:00.000000Z,7.671453465942379e-05,42166461.07054208,0.1833835933955135,88.82020259035589,121.72350358150076,79.28439642676726,-0.0241034935872546,98.02765862372912,35787722.3784082,14302555.33035434,-39666034.17298516,-48381.92965389089,2892.4039547308435,1042.69158568256,-9.186919891428964
2023-02-02 06:00:00.000000Z,7.146978081411138e-05,42166095.757556535,0.1838460027470462,88.92383429730303,114.2173547003706,116.7662499432672,-0.0464321623163286,98.0248575576549,35789315.78042766,32258144.56966949,-27156861.56860338,-105125.99288058084,1980.1870264154504,2351.874832559484,-6.211027569926909
2023-02-02 08:00:00.000000Z,7.864719279486637e-05,42165215.819110215,0.1840296942295676,89.04521699960779,94.9551299914178,165.98426248410524,-0.056518865713709,98.01990360145128,35790296.27534832,41525616.80487085,-7333622.74992957,-133751.57578821422,534.7301973928284,3027.5268453131944,-1.555242301028963
2023-02-02 10:00:00.000000Z,9.601874585558796e-05,42164657.79881438,0.1840266119459452,89.0967131879854,79.40564499914167,211.5586051827661,-0.0515441517574673,98.01413587559732,35789970.54093769,39609488.424910255,14464498.729109662,-126472.76745093756,-1054.7163437064576,2887.8087674857347,3.5334248405732325
2023-02-02 12:00:00.000000Z,0.0001129706496862,42165048.77819389,0.1841501368751626,89.05245119855446,66.12672542463677,254.9596636337906,-0.0326842384318477,98.00988091124802,35788147.384105176,27025475.84191726,32366834.05588144,-85128.68456073749,-2360.2173653588616,1970.3041530889495,7.689512551003746
2023-02-02 14:00:00.000000Z,0.0001330876117796,42166064.88728691,0.1846419552822951,88.9893773426298,55.629898278034005,295.60103241446524,-0.004829297640701,98.0092034705756,35785502.41832946,7161891.629970349,41550924.99772894,-20714.7240881717,-3030.132726809345,521.9168032918019,9.79311667447002
2023-02-02 16:00:00.000000Z,0.000146942371008,42166663.522319496,0.1853738189457031,89.01557015637448,52.798641504166994,328.49152702117834,0.0246669613329194,98.01248572973992,35783243.73870677,-14631166.465079537,39541225.83144465,49528.56445037755,-2883.76189336194,-1067.3218495439712,9.269402540387269
2023-02-02 18:00:00.000000Z,0.000138735668987,42166240.46100439,0.1859520287224497,89.14413084626106,55.7455671747517,355.5038702928262,0.047903372927765,98.01817748377422,35782271.511835165,-32481962.995338235,26877699.62923768,106711.00092350258,-1960.3151172734488,-2369.137252602264,6.2466145224178735
2023-02-02 20:00:00.000000Z,0.0001137195661598,42165276.897581145,0.1861597495157063,89.27940793116755,61.07560775369032,20.12649749873364,0.0585471037350086,98.02399844936738,35782637.64495742,-41580097.681388296,6971948.640880248,135372.59792758065,-508.60750038980194,-3032.593205278657,1.528474085947604
2023-02-02 22:00:00.000000Z,8.886090518292987e-05,42164720.55280354,0.1861567152675913,89.3297369999601,69.84760717027596,41.39066480743207,0.053583064371065,98.02837367601072,35783772.50966069,-39474126.58373994,-14812280.029838707,127682.01306542449,1080.0762933349852,-2878.904980938738,-3.618411761554571
2023-02-03 00:00:00.000000Z,7.385329043088007e-05,42165060.05497007,0.1862589861331977,89.29356207141169,87.1692502523888,54.18984427358444,0.03418204970977,98.03088978432072,35785100.888841085,-26732200.311450392,-32605532.808174297,85588.75195662794,2377.633848163857,-1949.602143750472,-7.806870914526913
2023-02-03 02:00:00.000000Z,6.958032202557924e-05,42165977.49250708,0.1866352213609513,89.24613254617944,110.26705453940517,61.22246703414002,0.0054241383463942,98.03174139546763,35786427.91629257,-6788027.028282475,-41614574.49599664,20325.958260738567,3034.5447854561485,-495.17939018905344,-9.905125266006886
2023-02-03 04:00:00.000000Z,6.816352501285289e-05,42166660.90471085,0.1871882474750784,89.2667679412684,125.37785809109336,76.17239677153115,-0.02504730573904,98.03096077889134,35787836.77980325,14985058.747791354,-39413383.49248967,-50600.93403402933,2873.965677431019,1092.4826212029725,-9.34298264129786
2023-02-03 06:00:00.000000Z,6.424045278197079e-05,42166480.65806324,0.1876606963186363,89.37320040233396,121.34756200303022,110.1756667689968,-0.0490715597650515,98.0282290589038,35789277.782276474,32722036.20019964,-26596005.805359337,-108121.29914342084,1939.2999433524244,2385.723005337156,-6.265944956515073
2023-02-03 08:00:00.000000Z,7.192659878194139e-05,42165557.64214161,0.187861132876885,89.50821574666065,101.06934194004664,160.39624293245694,-0.060161605907464,98.02347714732711,35790277.669912696,41646006.59179461,-6615635.536554011,-136730.37076014333,482.4015879577626,3036.3183378382737,-1.496193909140937
2023-02-03 10:00:00.000000Z,9.32412722284856e-05,42164737.91912922,0.1878446547135466,89.5865365392902,84.97296937688635,206.49064493792469,-0.055247521714111,98.0177075588009,35790119.581294715,39354005.68452204,15146205.607936362,-128661.17622340196,-1104.385401335722,2869.172172137374,3.6885352595851577
2023-02-03 12:00:00.000000Z,0.0001135121435337,42164869.99992222,0.1878991178029584,89.57214618559279,72.48290437845631,249.0726235428724,-0.0355066098516897,98.01309961144123,35788442.09860325,26463059.673922468,32828637.994727917,-85978.44824536539,-2393.840164618442,1929.268843142234,7.897554190908617
2023-02-03 14:00:00.000000Z,0.0001355603078872,42165914.196134605,0.1882942257639822,89.52495306577443,60.96574316665144,290.71795947792407,-0.0060711466504826,98.0119348546498,35785754.37178097,6444150.433476269,41668528.40106197,-20041.75070975167,-3038.663437340994,469.547839876998,9.998611021084288
2023-02-03 16:00:00.000000Z,0.0001549722966601,42166836.59819523,0.1889743816801906,89.55160519961527,55.84759751333704,325.894662198823,0.0252975176122984,98.01499380395887,35783288.50649338,-15310898.50196502,39283069.30509006,51511.387320080976,-2864.9178888419447,-1116.9243419807008,9.420059538593035
2023-02-03 18:00:00.000000Z,0.0001518764645698,42166676.70744663,0.1895706276838002,89.68515955078587,56.75546260955791,354.94125664512944,0.0502312679189836,98.02086897318722,35782160.53573972,-32940633.946361296,26313368.074409124,109465.57631621874,-1919.1682603552392,-2402.6207972034163,6.306066249351366
2023-02-03 20:00:00.000000Z,0.0001255423850316,42165636.20087823,0.1898080591786735,89.84270274633158,59.545795076928336,22.08161702594844,0.0619767608717483,98.0269820572292,35782593.84482962,-41694146.59382755,6253500.564331226,138180.2095348441,-456.23591462857416,-3040.9295062198075,1.4837504850625358
2023-02-03 22:00:00.000000Z,9.461911672871954e-05,42164784.93572103,0.1897918625483532,89.92326622309294,63.96544382910597,47.66788333881101,0.0572413900918477,98.03134182965928,35783961.049921215,-39212859.525577806,-15491200.849015689,129823.95364176472,1129.5493020975823,-2859.84369217342,-3.7543214758634367
2023-02-04 00:00:00.000000Z,7.156549636424645e-05,42164910.2805019,0.1898402456156035,89.91057652988647,77.10763350666977,64.62258766008691,0.0371356774913469,98.03341548080849,35785479.85351025,-26166158.37387206,-33061991.08529054,86526.54923455496,2410.866438166604,-1908.2996920435255,-7.997901595205101
2023-02-04 02:00:00.000000Z,6.007413483596484e-05,42165858.57012808,0.190154156521931,89.87331710717893,103.1227740020035,68.72708502112538,0.0069202284692447,98.0336470589957,35786802.41054166,-6069859.987289574,-41725753.6976087,19838.58884378492,3042.5985919238783,-442.78661442998384,-10.101086821981184
2023-02-04 04:00:00.000000Z,5.783952548875778e-05,42166765.38573059,0.1906650552660445,89.89349259412597,126.11753778564908,75.79309012124654,-0.0253827905460118,98.03244027488522,35788029.69062692,15661886.46711699,-39149561.73012202,-52360.856068873705,2854.697097925499,1141.856199107545,-9.49262486666974
2023-02-04 06:00:00.000000Z,5.524518888759199e-05,42166814.62049071,0.1911258294160233,89.99730077847175,127.20540312556491,104.6807823294684,-0.0511347554862988,98.02966699531572,35789267.89383643,33175322.590951312,-26028364.474258933,-110669.91271955078,1897.9054901592092,2418.7996540290665,-6.330629064644509
2023-02-04 08:00:00.000000Z,6.268681102606354e-05,42165938.94120947,0.1913319351809553,90.1374774638532,106.2740103631508,155.54958460803073,-0.0634004603047894,98.02513078948748,35790208.14018074,41753736.03578697,-5897069.507511802,-139384.13264384976,430.0215153294234,3044.1975297147537,-1.460395130364788
2023-02-04 10:00:00.000000Z,8.691934630749394e-05,42164924.42241071,0.1913042452960943,90.23399891377834,89.333322179581,202.4702373737981,-0.0588134056489347,98.01949888048678,35790174.09657032,39087195.64719439,15822152.406942563,-130722.95648963218,-1153.641766285743,2849.726861306591,3.813004473946143
2023-02-04 12:00:00.000000Z,0.0001107621192479,42164765.53051369,0.1912954888595969,90.24467438072628,77.92018881908147,243.9500191565536,-0.0384841267366354,98.01469255116513,35788679.0902054,25893662.494272973,33279889.79630055,-86926.13268574621,-2426.695089268392,1887.7413569264277,8.075136013755445
2023-02-04 14:00:00.000000Z,0.0001343095097484,42165714.7089599,0.1915821984152418,90.21291766372975,66.2571514957107,285.7253324553512,-0.0077180400907119,98.01306460629178,35786042.114533134,5725655.470435363,41773609.88861751,-19664.111183537512,-3046.2714104558363,417.13753860091487,10.180724413013472
2023-02-04 16:00:00.000000Z,0.0001583336114634,42166881.33609507,0.192172476581751,90.237605016429,59.34888289769712,322.693760278732,0.0253688513104132,98.01575913760075,35783433.465985045,-15984930.16776847,39013808.001558,53071.223784719616,-2845.2463962110724,-1166.1002605281174,9.559250427442056
2023-02-04 18:00:00.000000Z,0.0001620995242573,42167055.39348046,0.1927475884634366,90.36693526565703,58.56573044946406,353.43560602996433,0.0519723735952675,98.02164295402632,35782127.94888998,-33388703.23307446,25742376.42298848,111765.78981497332,-1877.5199409377,-2435.3256653002018,6.368488983900932
2023-02-04 20:00:00.000000Z,0.0001377117156547,42166065.94460847,0.1929990455281553,90.53582604585564,59.47537935168682,22.445532127788624,0.0649265744616009,98.02798651474647,35782561.99748941,-41795604.40337071,5534638.182860808,140607.21677844317,-403.8253976743242,-3048.350247121758,1.4562460307696388
2023-02-04 22:00:00.000000Z,0.0001033829967993,42164961.484040976,0.1929703148544786,90.64048626896948,60.05367906437159,51.84908152326321,0.0606415088205766,98.03237886954412,35784131.435964726,-38940445.33333379,-16164196.13112042,131751.00792158136,1178.592089960022,-2839.9772190885897,-3.862305799710661
2023-02-05 00:00:00.000000Z,7.435956910724944e-05,42164811.05276968,0.192963220995033,90.65016402373983,66.76465898742573,75.21222455923335,0.0401179742856743,98.0340500431117,35785873.57836374,-25593438.89860812,-33507790.46000928,87470.0060257692,2443.3161214525967,-1866.5180572957995,-8.156877006955245
2023-02-05 02:00:00.000000Z,5.360644185994984e-05,42165698.63358072,0.1932025832129807,90.623553203404,90.06477045057068,82.02042268778982,0.0087277472855675,98.0336013121742,35787247.73276211,-5351310.559976324,-41824427.80947691,19578.57650791979,3049.72724409916,-390.3728481544034,-10.268849261482163
2023-02-05 04:00:00.000000Z,4.60747369695405e-05,42166777.35757509,0.1936504889001657,90.64199874532778,121.82855207110852,80.3185673545252,-0.0251990068895564,98.03182022243476,35788313.55025641,16332683.071616886,-38874800.69168545,-53726.37315900271,2834.6142259295857,1190.7838461009972,-9.625069197628822
2023-02-05 06:00:00.000000Z,4.4036784974712e-05,42167076.877056286,0.1940785484889882,90.73824099998808,130.83599819809618,101.29406755997198,-0.0525980727643406,98.02886869134782,35789303.48073824,33617806.92340636,-25454339.107106004,-112753.98817754988,1856.0307773802135,2451.087270514735,-6.39342734956473
2023-02-05 08:00:00.000000Z,5.092844066681223e-05,42166328.35679774,0.1942786874529743,90.87497705395587,109.65261016387254,152.41850472182568,-0.0661049766602844,98.02453213459646,35790094.77444719,41848822.38558913,-5178395.327158175,-141616.963362665,377.6207477503682,3051.1633627934098,-1.4382820620140735
2023-02-05 10:00:00.000000Z,7.708864753923945e-05,42165200.28621242,0.1942435949383318,90.979804506681,91.80256348459515,200.24048421785173,-0.0620373098183819,98.01917626445169,35790113.01980923,38809279.54309138,16491924.404127965,-132508.1853352705,-1202.4613166809895,2829.488957070693,3.911959929061559
2023-02-05 12:00:00.000000Z,0.0001044538096139,42164757.60171282,0.1941862201585644,91.00832781303455,81.83588149966467,240.2559762012363,-0.0413882568386552,98.01438052736708,35788805.33841081,25317627.062909544,33720336.23082279,-87804.4191932684,-2458.7734340814936,1845.7488760761785,8.221904475769538
2023-02-05 14:00:00.000000Z,0.0001295319969573,42165509.79498591,0.1943689546228811,90.99001786784449,70.909587580656,281.28075989076854,-0.0095710007893931,98.01241260885178,35786303.69852711,5006751.510459509,41866121.39800855,-19436.284285950413,-3052.9642080829262,364.7141290784209,10.333925437152804
2023-02-05 16:00:00.000000Z,0.0001569564586509,42166807.92266969,0.19484551189781,91.0110338144354,62.84532851743525,319.40842918862853,0.0250054482412786,98.01468509556209,35783644.72799581,-16653012.040236576,38733578.19440724,54299.00644634649,-2824.7650955001272,-1214.8273741740743,9.677604192402418
2023-02-05 18:00:00.000000Z,0.0001682880995601,42167336.657642856,0.1953617458376799,91.12748930600812,60.69580587784106,351.52936699165787,0.0531474112178907,98.02041490878456,35782180.798746504,-33826066.40762299,25164989.881134145,113626.6405925458,-1835.3920697647245,-2467.238706328542,6.42249502543311
2023-02-05 20:00:00.000000Z,0.0001487968964371,42166527.82712916,0.195607522725293,91.2942092938256,60.306036779939895,21.84100785884069,0.067304812839623,98.02688494558372,35782566.84574085,-41884529.84113456,4815680.16093328,142586.32979361995,-351.39876792586006,-3054.8542554743844,1.4349315565767826
2023-02-05 22:00:00.000000Z,0.0001137735432099,42165250.70895405,0.1955692245706553,91.41257799527249,58.02451442748103,54.09071171558452,0.0635961243333905,98.03131981140056,35784299.74904275,-38657096.796053804,-16830988.14364887,133325.95485139912,1227.1856690964285,-2819.317990138953,-3.950299229435331
2023-02-06 00:00:00.000000Z,8.173416419791456e-05,42164793.12663125,0.1955142488390883,91.44031460707876,58.3394435537674,83.83147613165158,0.0428882756665401,98.03262164272888,35786285.54378141,-25014359.29746651,-33942783.762855485,88242.89264162387,2474.973634263993,-1824.280120379642,-8.286411221027226
2023-02-06 02:00:00.000000Z,5.340905320696676e-05,42165527.88510832,0.1956763663757344,91.42383944577466,72.63649770242002,99.6318639508368,0.0106110216555544,98.03144057190175,35787767.570455834,-4632718.189039608,-41910631.76611041,19373.4234519472,3055.9340607670315,-337.9645886281927,-10.404754333129516
2023-02-06 04:00:00.000000Z,3.504901954331769e-05,42166707.286622494,0.1960469383818203,91.4397178853263,107.11861416722036,95.21351451306008,-0.0246674728332777,98.02893157220348,35788704.53241116,16997177.213194698,-38589318.28512946,-54822.97257117172,2813.732303097149,1239.242284621703,-9.731184319006998
2023-02-06 06:00:00.000000Z,3.0637164610900694e-05,42167253.070639655,0.1964236324808993,91.52432570425388,129.05012155235062,103.27624086072196,-0.0535251805281043,98.02563184457615,35789412.72821133,34049361.98005011,-24874286.02617738,-114420.06346539468,1813.6998950122645,2482.5715779140337,-6.4420220067173695
2023-02-06 08:00:00.000000Z,3.7106596926362615e-05,42166695.60792546,0.1966062992830694,91.6495922285484,108.49289279728666,153.78612273284773,-0.0682148585754537,98.02143015352934,35789962.366063125,41931327.40808505,-4460025.137653366,-143384.67183039046,325.22649023109267,3057.2152001250597,-1.4175256479669258
2023-02-06 10:00:00.000000Z,6.443596016000256e-05,42165543.08298779,0.1965683700193706,91.75246047853992,90.8455065729531,201.407783780902,-0.0647506148605197,98.01645867271596,35789935.60967189,38520499.90750228,17155159.71229718,-133893.3870593456,-1250.8226484272825,2808.472790962841,3.994628849297127
2023-02-06 12:00:00.000000Z,9.482980677818555e-05,42164855.39073364,0.1964823790637594,91.79037692862944,83.3688909299623,238.9240596078766,-0.0439845335758788,98.01190748639571,35788782.03806269,24735302.4217525,34149759.18338756,-88441.63981205806,-2490.068049726316,1803.315615222485,8.341758449295476
2023-02-06 14:00:00.000000Z,0.000121646234206,42165342.25504042,0.1965801174386826,91.7822350346631,74.20979040081613,278.17135188550566,-0.0113866672305893,98.00980931637991,35786475.60287706,4287778.936001426,41946026.50787666,-19180.09794743728,-3058.750885134032,312.3022402913965,10.456123203178713
2023-02-06 16:00:00.000000Z,0.0001513381120341,42166642.76241805,0.1969367953926492,91.79880160116883,65.87213437139513,316.5764905401718,0.0244028682567413,98.01170341499804,35783870.53127178,-17314909.63962002,38442498.88632257,55337.94060391384,-2803.492912683492,-1263.0878194057173,9.76772156644185
2023-02-06 18:00:00.000000Z,0.0001699290954372,42167490.82756733,0.1973642067355036,91.89569834694956,62.777545805032574,349.6617852719056,0.0538590174225951,98.0171644235982,35782304.65122463,-34252636.922549784,24581424.87939271,115123.3599526246,-1792.8058115792248,-2498.35081120819,6.456929851496596
2023-02-06 20:00:00.000000Z,0.0001577149109955,42166973.24758138,0.1975832079317521,92.04597065952456,61.594462761699695,20.78319378715384,0.0690948307661119,98.02364080532077,35782618.526425704,-41960983.76162858,4096874.3354463577,144105.44631966873,-298.9753135143649,-3060.442146844347,1.4071450773205505
2023-02-06 22:00:00.000000Z,0.0001247014846095,42165639.68822521,0.1975403694444942,92.16412398405286,57.53319876355021,54.81287925980184,0.0659685549672858,98.02810165482332,35784472.29540383,-38362996.0230164,-17491371.58419319,134448.70584973425,1275.3163004144528,-2797.8770749698583,-4.029560410738407
2023-02-07 00:00:00.000000Z,9.235330078296406e-05,42164879.97917189,0.197454175475573,92.2025210456008,52.884053732096085,89.50672319322616,0.0452187987755544,98.02907043765806,35786709.10806891,-24429168.93364228,-34366874.85894192,88678.28535957975,2505.8344855842597,-1781.6042600011974,-8.393360274685104
2023-02-07 02:00:00.000000Z,6.108575950726957e-05,42165380.60854736,0.1975480421253824,92.1944052071168,56.91106017695888,115.56803831562875,0.0123052630931368,98.0271281374835,35788355.11067018,-3914326.87792317,-41984410.67617808,19029.005255166903,3061.2248379291373,-285.5816821133511,-10.509285316678328
2023-02-07 04:00:00.000000Z,3.1455149380416805e-05,42166573.97618602,0.1978357075055417,92.2073305395762,76.76322271798753,125.78172511949218,-0.0240241158245662,98.02374711717177,35789212.471371055,17655197.9090163,-38293292.253742136,-55823.71783298616,2792.0653696023533,1287.2151437118532,-9.80475160252444
2023-02-07 06:00:00.000000Z,1.740525057152548e-05,42167336.03787666,0.1981468150234613,92.27740152703434,106.89859868436108,125.65457517608128,-0.0540633682082321,98.01990182562476,35789626.85594937,34469939.29181908,-24288478.504595645,-115776.33519086172,1770.9323603410637,2513.242889967939,-6.465012570688665
2023-02-07 08:00:00.000000Z,2.348225122168741e-05,42167013.56590007,0.1983016245815532,92.38427194825636,92.91501712709976,169.60921636117754,-0.0697515405158943,98.01571078432474,35789850.534755185,42001352.99831393,-3742269.009460542,-144703.27376054533,272.8601973601819,3062.3529961396057,-1.3844885554746935
2023-02-07 10:00:00.000000Z,5.109543163411639e-05,42165925.12746996,0.198265484341701,92.47542355977858,83.10742196320601,209.40323583861803,-0.0668442781560449,98.01117346419554,35789665.08831308,38221102.38718551,17811588.70137343,-134798.9333607213,-1298.7085578063377,2786.689630751336,4.073364597570455
2023-02-07 12:00:00.000000Z,8.30890451191704e-05,42165058.08580041,0.1981737456157994,92.51381281211846,81.092552889589,241.457755791511,-0.0460619974823451,98.0070868857484,35788594.84851588,24147019.54922529,34568003.35235305,-88683.3875822036,-2520.573489757752,1760.461036688485,8.442696771445348
2023-02-07 14:00:00.000000Z,0.0001114955815326,42165249.27387376,0.1982159805948158,92.51173492312373,75.24349171228613,277.38907924899496,-0.0129050219119358,98.00512314596486,35786507.149203435,3569054.7068003216,42013315.92195157,-18705.07612321577,-3063.6405692433723,259.92149371743363,10.549183204633708
2023-02-07 16:00:00.000000Z,0.0001424801843756,42166426.53101841,0.1984647114176393,92.52392973021097,67.87837475003035,314.8258141700891,0.0238079987600914,98.00677974219688,35784053.825963646,-17970410.40360586,38140680.478914544,56369.01432177097,-2781.448354520753,-1310.8686433868213,9.8252038770499
2023-02-07 18:00:00.000000Z,0.0001671290073064,42167505.93656682,0.1987870267608308,92.59759378109403,64.48908831673211,348.22872745330363,0.054284086638534,98.01192789389964,35782469.70182166,-34668343.6568109,23991856.08272575,116385.78296465984,-1749.7807904899626,-2528.656942653668,6.462239678965419
2023-02-07 20:00:00.000000Z,0.000163636977071,42167349.50039225,0.1989608721841931,92.71871334471732,63.03311623841441,19.6520713772484,0.0703619548264039,98.01829817355534,35782714.18510296,-42025024.19734228,3378405.6039646263,145212.69987725213,-246.57074567487288,-3065.1161177735407,1.3601227690640834
2023-02-07 22:00:00.000000Z,0.0001352139198174,42166098.33740086,0.1989201809647576,92.82083821156624,58.22666885585925,54.44296190508359,0.0676940113435029,98.02275336611063,35784645.39281376,-38058291.66315419,-18145203.43912493,135071.93782990667,1322.975005012269,-2775.6637849097315,-4.113326270474562
2023-02-08 00:00:00.000000Z,0.0001046081204051,42165086.81448479,0.1988280293668027,92.85968671272722,50.43909938671144,92.27449520680736,0.0469260696760918,98.02343945085212,35787124.41996457,-23838049.300536405,-34780006.00355996,88641.66657112779,2535.898723693525,-1738.5040751185256,-8.488174744494229
2023-02-08 02:00:00.000000Z,7.464107375200652e-05,42165293.01065211,0.1988750527067764,92.85682503323513,47.24365421576145,125.55226171932584,0.0135504488033069,98.02075100932154,35788985.81747605,-3196286.9126128587,-42045804.305411644,18354.47614208007,3065.607758201827,-233.23681288774543,-10.587268369357869
2023-02-08 04:00:00.000000Z,4.0795861438488086e-05,42166443.65885797,0.1596288086168492,92.42451872058076,50.7639660100834,152.54205930309223,-0.009330705053558,98.01641184901816,35789833.07774721,18306711.76407772,-37986837.77778377,-46480.76376162887,2769.6335766462694,1334.6941571000948,-7.866751152431235
2023-02-08 06:00:00.000000Z,1.7980639532249218e-05,42167366.38051428,0.1598668618917013,92.49297398497936,47.73810064682441,185.5770208805152,-0.0236512357678842,98.01182666200316,35789983.9912799,34879650.80105408,-23697077.563534647,-94353.44765662929,1727.748006497317,2543.0965938918,-5.124861822459771
2023-02-08 08:00:00.000000Z,1.9689121306305045e-05,42167298.81154534,0.1599846285675201,92.59772618171505,47.96333282128603,215.32477694136836,-0.0317655978964329,98.00743486363284,35789839.19278027,42059149.49316533,-3025307.479434549,-116936.77124621558,220.5404328227653,3066.57633314857,-1.003264697966008
2023-02-08 10:00:00.000000Z,6.20712839731275e-05,42165270.51394931,0.1599526712576392,92.68688861834067,86.8775566305478,206.39906660517403,-0.031474340636486,98.0029807571881,35789477.81105118,37911614.66603853,18460918.66475652,-108137.77080634543,-1346.0612582326892,2764.117288881388,3.391940632210119
2023-02-08 12:00:00.000000Z,9.316221310052015e-05,42164308.86178699,0.1598766930491376,92.72494956173472,86.60783328178191,236.70884437594188,-0.0228075969700125,97.99896385566404,35788327.73032389,23553685.858671434,34974700.705987155,-70289.16197721093,-2550.2467667825968,1717.186923894265,6.880316234237481
2023-02-08 14:00:00.000000Z,0.0001211410123221,42164213.46525854,0.159898593498343,92.72449901705984,83.42322248845329,269.97425632935887,-0.0080270948642579,97.99717769620852,35786078.14191308,2851656.148681364,42067670.63497485,-13529.78910617387,-3067.631606409229,207.5760539749548,8.523823343982809
2023-02-08 16:00:00.000000Z,0.0001502845922197,42165161.73345041,0.1600670560186302,92.7356364737262,77.3254036685635,306.1451611275953,0.0089670781942357,97.99926206192174,35783286.47426845,-18618544.06780077,37827678.2981718,46911.59694884261,-2758.653904512933,-1358.2176597676764,7.879181610461448
2023-02-08 18:00:00.000000Z,0.0001777381927495,42166344.6390333,0.1602861638074353,92.7994949890216,73.50061790419547,339.9943959013458,0.0236659271621498,98.0054327331832,35781165.14551832,-35072230.728757754,23395221.76429267,94801.89159097026,-1706.281466782177,-2558.2772786678697,5.117222168908237
2023-02-08 20:00:00.000000Z,0.0001827067112548,42166561.65468603,0.1604025416406504,92.9042911928394,72.2465157390377,11.234110337665468,0.0321453762911735,98.01370892576752,35780868.11003509,-42074951.69404131,2658270.234519695,117262.97916754158,-194.00438394479045,-3068.997961408082,0.9777585399864762
2023-02-08 22:00:00.000000Z,0.0001595244618656,42165534.77430034,0.160370114218893,92.99349659309628,69.16114649847465,44.31945481372656,0.0321114171703767,98.0207596966613,35782584.792608604,-37739427.99122256,-18794954.68118516,108235.55976873386,1370.485260929803,-2752.661508682176,-3.428386868666973
2023-02-09 00:00:00.000000Z,0.000128788650558,42164368.74315735,0.1603022345553491,93.0278501108958,62.93412855755525,80.59750942615617,0.0235225728327262,98.02401782772596,35785343.925503425,-23234969.22321566,-35183666.84154711,70115.84276806001,2565.499034515334,-1694.7138566746437,-6.9173044551016725
2023-02-09 02:00:00.000000Z,0.0001001526286246,42164252.20035983,0.1603353036914213,93.02560215664448,59.71821579634411,113.89693575614233,0.008620254382045,98.02314677083255,35787825.49730137,-2470752.0747312782,-42093510.25139235,13121.89965789833,3069.221131260354,-180.4379802423941,-8.550242210099976
2023-02-09 04:00:00.000000Z,6.864166575941896e-05,42165184.59135112,0.1604853968391894,93.03524228338846,62.43007515325481,141.25400748858723,-0.0086515305461344,98.01957882283509,35789304.85141384,18959271.18844793,-37664797.05627655,-47444.32258385545,2746.215534005461,1382.2203615667245,-7.88637737038504
2023-02-09 06:00:00.000000Z,4.308709227385346e-05,42166189.66444232,0.160652291460488,93.08355226669808,64.56092266228126,169.15240331094805,-0.0236894662873388,98.01499521590004,35789837.01954584,35283264.31618286,-23091561.41755025,-95305.29626387656,1683.6131110014535,2572.48958856985,-5.101885226120624
2023-02-09 08:00:00.000000Z,3.893597552192963e-05,42166369.634265766,0.1607313932255368,93.15457552391057,62.178503170764486,201.5412898360345,-0.0324605264281303,98.010353374848,35789759.74755519,42105002.17466516,-2299235.002243411,-117583.20909360226,167.59174374926323,3069.897218050259,-0.9433491944996588
2023-02-09 10:00:00.000000Z,5.667594952039771e-05,42165638.63756076,0.1607109231938148,93.21030436259636,68.13362345060042,225.6082844788202,-0.0325876812087034,98.00606757745976,35789173.368184075,37587150.70665103,19112206.65520748,-108266.47253083489,-1393.6076733421437,2740.492916467382,3.472378547459626
2023-02-09 12:00:00.000000Z,8.378814359228476e-05,42164677.89956607,0.1606744663696211,93.22911005471882,76.09145466972728,247.71047352092265,-0.0239968752722642,98.00276171274128,35787880.63303958,22946000.97661738,35375827.97866124,-69833.51311992797,-2579.5561671489154,1672.920085550631,6.958119315676253
2023-02-09 14:00:00.000000Z,0.0001108818711226,42164341.00213402,0.1607143407000249,93.22531485054292,78.53602084281701,275.3507156945538,-0.0089483913310777,98.00163817704978,35785767.51168618,2124320.964421246,42110354.37315444,-12595.006759340791,-3070.7858327538584,154.5731638630205,8.57552156379154
2023-02-09 16:00:00.000000Z,0.0001395103161399,42164990.7912781,0.1608409828475681,93.23351740189992,76.0629272039451,307.9000758863362,0.0085565667719847,98.00396799210678,35783239.771952555,-19269533.25230825,37500192.91698244,48069.67566546312,-2734.7803894631643,-1405.6618679118246,7.88746204208069
2023-02-09 18:00:00.000000Z,0.0001688704081695,42166130.71611932,0.1609756268831302,93.27267228419124,73.75648940691839,340.25550886475287,0.0238370744440029,98.00998105294155,35781291.6023318,-35471384.27771596,22785722.097833496,95841.8841824921,-1661.8183437713246,-2587.360549034527,5.076359052018487
2023-02-09 20:00:00.000000Z,0.0001816898982862,42166667.33623106,0.1610356731682523,93.32667356611243,73.16435977037118,10.883815477353762,0.0327827704835043,98.01802725797988,35781006.8461219,-42114735.02756752,1930961.758021284,117853.70644902908,-140.94911890325295,-3071.885602010449,0.8964986554712332
2023-02-09 22:00:00.000000Z,0.0001669941457963,42165981.78947226,0.1610231238227025,93.3626076148593,70.68367775107971,43.41765930587045,0.0329626427673346,98.02499374115226,35782729.57724296,-37409236.985681765,-19444175.471543062,108158.8175520433,1417.827011980639,-2728.5850519581886,-3.527999467632196
2023-02-10 00:00:00.000000Z,0.0001404020032388,42164799.20410916,0.1610164369312318,93.3677697687311,63.96030275448786,80.22112658130717,0.0242913413805411,98.02811647478146,35785655.907826245,-22623948.409553304,-35580016.608782426,69343.57524694332,2594.364065449778,-1650.172968116203,-7.005858175298307
2023-02-10 02:00:00.000000Z,0.000115155505986,42164377.19401602,0.1610800060635284,93.36039322712364,57.71639701267672,116.55313798301816,0.0090642285099596,98.0267089117656,35788410.27190405,-1743728.674254211,-42130475.65590274,11836.666630439371,3071.839087154294,-127.4590533609329,-8.600265450911492
2023-02-10 04:00:00.000000Z,8.640096068107881e-05,42165044.01641098,0.161200271105069,93.36798768520292,54.93505581249188,149.40447607670896,-0.0086518782410318,98.02216089423676,35790042.84976218,19606374.10392408,-37332868.83505973,-48896.2378284082,2721.9179937830386,1429.3470593766986,-7.881097085403383
2023-02-10 06:00:00.000000Z,6.04969787532635e-05,42166034.212078296,0.1613071478907223,93.39901493683509,49.7787188118417,184.6062843633136,-0.0241054536063434,98.0165224387456,35790439.89326362,35676356.70104315,-22480594.62771608,-96512.2217575981,1638.9842852957595,2601.0924227413034,-5.040368075189333
2023-02-10 08:00:00.000000Z,5.3145715011952986e-05,42166425.94427852,0.1613482720071183,93.43577850700127,43.02389809723568,221.4012085481929,-0.0331330764286838,98.01125758706236,35789969.84060601,42138555.661785305,-1573973.5446883824,-118186.0335213104,114.64771765124269,3072.3167867052407,-0.8407779692891962
2023-02-10 10:00:00.000000Z,6.366618071635613e-05,42165953.46696765,0.1613434470445023,93.45324276224908,49.21180161370406,245.27377893034895,-0.0332802490633954,98.00706657827143,35788939.23224561,37252282.48602912,19756469.560215987,-108062.32707099112,-1440.6492150263075,2716.090636698141,3.5887786838191653
2023-02-10 12:00:00.000000Z,8.284304066324266e-05,42165091.65390644,0.1613649483393757,93.44596029983622,61.778579731737445,262.7937951567806,-0.0244693774502178,98.00444687672876,35787392.54783028,22332785.46390646,35765539.79028949,-68837.87662846467,-2608.049224375656,1628.2386532190476,7.056284102403306
2023-02-10 14:00:00.000000Z,0.0001051176828217,42164590.25592588,0.1614585852585713,93.43454008499832,70.02159339007828,284.6440349985092,-0.0090329448780575,98.00414339998086,35785332.29133178,1397797.8998941933,42140291.6654837,-11046.057834819532,-3073.034586388899,101.62226888652717,8.627075144654423
2023-02-10 16:00:00.000000Z,0.0001304691148356,42164912.41612736,0.1615875038765521,93.44244495995171,72.44116276212304,312.3015042073393,0.0088991431889406,98.0069473593772,35783072.528140575,-19913586.04198942,37161999.44921179,49766.62993071896,-2710.148909655001,-1452.6044111494462,7.875472490803203
2023-02-10 18:00:00.000000Z,0.0001585620865104,42165866.91235827,0.161670347277435,93.4657740890048,72.93066731050199,341.8767936614846,0.0244974292128597,98.0129335045652,35781375.594940335,-35859292.0959961,22170390.64079164,97216.88598964564,-1616.943651474662,-2615.620767398035,5.000330958701981
2023-02-10 20:00:00.000000Z,0.000176585140226,42166608.48231673,0.1616839858550227,93.47461822051112,73.84111830201762,11.047413468955549,0.0335294517230832,98.02071676193331,35781163.427018635,-42141930.44653525,1204270.9929257478,118496.81329137928,-87.94182590830805,-3073.846258865583,0.773418671938613
2023-02-10 22:00:00.000000Z,0.000170775423026,42166330.78832938,0.1616992782235176,93.45169645233676,72.78339597707266,42.21700232652698,0.0335137915627737,98.02753262023718,35782860.16219064,-37068461.2588468,-20086493.772113007,107837.5593243487,1464.673666176314,-2703.7306728214394,-3.666685397027096
2023-02-11 00:00:00.000000Z,0.0001496472167634,42165295.9079048,0.1617867477499906,93.41593527894766,66.8845791563754,78.23677304008332,0.0244138840108515,98.0305938098142,35785871.61768559,-22007137.02210113,-35965051.19184596,68082.62694802743,2622.423502845508,-1605.2114173857765,-7.121756047400198
2023-02-11 02:00:00.000000Z,0.0001283941941331,42164638.48440082,0.1619310575502017,93.39750471507976,59.25735419372828,115.96283018302115,0.008663041402863,98.0288584982684,35788870.9734626,-1017203.3377168776,-42154735.91603805,9930.34595061032,3073.554713151186,-74.52264115002868,-8.658846669975926
2023-02-11 04:00:00.000000Z,0.0001046745901865,42164976.90065031,0.1620640713407335,93.40547786532052,53.62847085343506,151.66053104625018,-0.0094941316206399,98.02350953832516,35790724.4311232,20246842.41013276,-36990210.19874863,-50953.11104717606,2696.8565273419317,1475.979378263111,-7.862744372578229
2023-02-11 06:00:00.000000Z,8.15437018597494e-05,42165841.96209393,0.162133033249349,93.42496952388716,46.18629738069664,189.15866323332665,-0.0251515839725089,98.01682300205783,35791099.48353425,36058449.61333433,-21863738.967920963,-98158.4579367629,1593.9359549409546,2628.8745844164264,-4.946826247459702
2023-02-11 08:00:00.000000Z,7.330789976233711e-05,42166378.78272918,0.1621428903140766,93.43115670343452,37.46699081514524,227.9478556606457,-0.0340642435013663,98.01076457189576,35790312.12388506,42159728.33346517,-849269.2443185598,-118951.57407839356,61.74970679823821,3073.8083392824096,-0.6950432333877643
2023-02-11 10:00:00.000000Z,7.997043619664653e-05,42166185.08785557,0.1621577810196156,93.40986045861906,38.82120246710337,256.6927465230636,-0.0337924699475865,98.00644205247409,35788823.994133025,36907054.85620891,20393879.006362066,-107702.22716921593,-1487.1887268034131,2690.908883603439,3.74860847266853
2023-02-11 12:00:00.000000Z,9.228802427137948e-05,42165515.2609477,0.162251131771851,93.37299811369226,49.08622240686043,276.5446602529729,-0.0243660211049766,98.0043817804076,35786934.3809498,21714073.85009129,36143985.633893445,-67405.97162488614,-2635.7260435007506,1583.138855680675,7.187210880489694
2023-02-11 14:00:00.000000Z,0.0001072114053429,42164949.68940321,0.1624288537768613,93.35141631156344,59.720864768274815,296.0143064275402,-0.0082887395242727,98.00495139701552,35784829.5993724,672123.3009941468,42157608.135157794,-8888.919619537288,-3074.3779571012933,48.72069669168784,8.692653373980496
2023-02-11 16:00:00.000000Z,0.0001258344652175,42164962.06270585,0.1626037763827022,93.36240768643138,66.58558851348934,319.2241848056431,0.0101199379462319,98.00840510384238,35782806.84707771,-20550678.29724416,36813205.42575957,52094.37916813889,-2684.7629867784854,-1499.0480270589887,7.8557029719629154
2023-02-11 18:00:00.000000Z,0.0001487118816786,42165614.51904239,0.1626756168040866,93.38170729045062,70.69021546357287,345.18849269584626,0.0258744630690995,98.01450270242884,35781415.29127354,-36235967.02552209,21549309.10989087,99094.1246441192,-1571.6637108477885,-2643.062349446036,4.897208217581247
2023-02-11 20:00:00.000000Z,0.0001678057091764,42166400.30415724,0.1626623752029788,93.36013421141789,73.93950056013993,12.05041585963479,0.0346641576022391,98.0220067447144,35781343.41706893,-42156598.687409565,478246.5550803882,119397.32091867807,-34.98908857847957,-3074.884254445168,0.6108209182005795
2023-02-11 22:00:00.000000Z,0.0001696090609119,42166524.95589411,0.1627106931497822,93.28411282818745,75.07719314005088,41.07744361132417,0.0340356962138322,98.02857725576308,35782996.23602599,-36717203.23113527,-20721886.785650544,107471.1008876741,1511.0206131001437,-2678.10125723653,-3.84832558418752
2023-02-12 00:00:00.000000Z,0.0001548040052296,42165801.70404085,0.1629150615594418,93.20289038211236,71.17497074002212,75.1460515788797,0.0240944745091757,98.03160879361208,35785990.416765615,-21384653.51315972,-36338764.62644835,66483.41815017848,2649.678105409157,-1559.8309476183074,-7.274552250047151
2023-02-12 02:00:00.000000Z,0.0001374780373762,42165036.80480719,0.1631900171183759,93.16933458432408,63.50274669492634,112.932138765183,0.0075052471753676,98.02977869617914,35789157.784817755,-291264.54065624555,-42166288.17707352,7468.212799396175,3074.375346271864,-21.62715802232201,-8.739670429837478
2023-02-12 04:00:00.000000Z,0.0001196041265481,42165024.13616654,0.1633875338688067,93.18164629122872,56.268951350391774,150.22990058755082,-0.0112316472773674,98.02391687560258,35791264.53301732,20880650.292958237,-36636784.65916152,-53654.12507925858,2671.039879372137,1522.125138139921,-7.846061392132307
2023-02-12 06:00:00.000000Z,0.0001013075036188,42165650.08574289,0.1634511294237595,93.19881357858196,48.097971660037445,188.4582584293565,-0.027015368001392,98.01632563205696,35791738.31583763,36429562.53026184,-21240887.012576424,-100381.90128850652,1548.4711081006462,2655.846821763649,-4.833322128248803
2023-02-12 08:00:00.000000Z,9.388290881876695e-05,42166234.55216672,0.1634420097213286,93.18317723851902,38.81917268873225,227.8278912675778,-0.0355329892836813,98.00939233933492,35790755.06106326,42168535.950495645,-124949.43336377898,-120084.95606172812,8.894289448947063,3074.378137705875,-0.5123163146105428
2023-02-12 10:00:00.000000Z,9.94510986158587e-05,42166306.94659071,0.1634795647652467,93.12789831958624,36.1647237385934,260.61506687877005,-0.0344272859185298,98.0047117289119,35788853.3654267,36551452.730046734,21024624.669289984,-107408.87883416914,-1533.2302056834174,2664.946273235112,3.953292581926212
2023-02-12 12:00:00.000000Z,0.0001088691570111,42165907.05516876,0.1636515682800349,93.06231554066736,41.77558749120531,285.1502096722084,-0.0239392386308278,98.00300368264324,35786569.84646627,21089835.2434272,36511327.46123248,-65723.34605304811,-2662.58676875728,1537.615328490871,7.359576407343543
2023-02-12 14:00:00.000000Z,0.0001178078414293,42165394.86617296,0.1639346593217784,93.03027388991596,50.8567254024207,306.1846374664376,-0.0068558915176408,98.00438996103628,35784324.77722324,-52724.4939454284,42162428.35093233,-6226.579903947567,-3074.813975372921,-4.136134616405442,8.786004590818111
2023-02-12 16:00:00.000000Z,0.0001278151763754,42165162.59321461,0.1641927826890089,93.04829962187743,59.6116417843359,327.4980379459429,0.0122244442254011,98.0085923334006,35782480.16474384,-21180823.07392508,36453907.091982365,55056.97441524786,-2658.6228011280773,-1544.9963582519729,7.843513812864666
2023-02-12 18:00:00.000000Z,0.0001415066954764,42165439.386384815,0.1642953573022028,93.0769193046532,66.85416872105475,350.3153604077363,0.0281170185706645,98.01492482183174,35781420.70932989,-36601435.73840505,20922544.98338628,101583.06372025602,-1525.9820430803209,-2669.6898030937305,4.780362066309273
2023-02-12 20:00:00.000000Z,0.0001564886757852,42166089.71199191,0.1642787332770008,93.04639667431236,72.92204911496727,14.367351892591255,0.0364449641816677,98.02214366553204,35781560.51198591,-42158800.584408976,-247077.89439192088,120745.07316402726,17.90332070732819,-3075.0040788229544,0.417299443153482
2023-02-12 22:00:00.000000Z,0.0001626418113319,42166525.59920573,0.164358277546935,92.93547215509182,76.94865279327033,40.53999565055243,0.034840625206096,98.02833865832672,35783176.35168701,-36355570.45474951,-21350347.27590749,107289.24485238917,1556.8609708050626,-2651.6996739856445,-4.070605835447505
2023-02-13 00:00:00.000000Z,0.0001543048633831,42166240.37769372,0.1646831379010131,92.81404185863978,76.10920716391637,71.58595554506142,0.0236336458697538,98.03129080782068,35786047.20773154,-20756648.95185284,-36701168.3614158,64767.229927043765,2676.1235726244395,-1514.034109349103,-7.468981766520617
2023-02-13 02:00:00.000000Z,0.0001406787385067,42165549.4817789,0.1651262423708134,92.7648436284241,69.71594695174213,108.10882300658751,0.0058112032148835,98.02956153425882,35789255.46562357,433930.8985885915,-42165159.43323822,4612.621706765199,3074.304076689456,31.22623879921342,-8.854185595195052
2023-02-13 04:00:00.000000Z,0.0001283698494868,42165223.72685035,0.1654427060154862,92.7870462361344,61.54373043682876,146.33495873717334,-0.0137811593386572,98.02354275797848,35791591.500317805,21507685.872390144,-36272609.61369959,-56937.80105452922,2644.476431765869,1567.7887380915786,-7.847089741510524
2023-02-13 06:00:00.000000Z,0.0001165771008239,42165507.35438199,0.1655417828773171,92.81474863050062,52.86850713150467,185.05640134046365,-0.0297778779933271,98.01532804319704,35792266.75910595,36789639.69630082,-20612003.90122132,-103242.00965713368,1502.5957667624864,2682.018511301656,-4.716679072694941
2023-02-13 08:00:00.000000Z,0.0001118361313679,42166013.13532796,0.1655297758610323,92.79163963733134,43.52019363983198,224.50218866940844,-0.0377707827668846,98.00756292228216,35791239.22278088,42164944.68762128,599086.9206633326,-121756.26507522284,-43.9183386292932,3074.033945427775,-0.3058103594618008
2023-02-13 10:00:00.000000Z,0.0001179121965552,42166298.02892334,0.165589242570446,92.71314398058853,38.17985988662816,259.99792624926823,-0.0355128107259203,98.0023432619829,35789024.010748,36185433.42482761,21648841.425870445,-107423.41576658646,-1578.775305094607,2638.2042275208414,4.196764253120203
2023-02-13 12:00:00.000000Z,0.0001276721356553,42166219.98762107,0.1658368090284039,92.62427383235097,39.5046612996337,288.8425189452648,-0.0235337869397481,98.00073498372652,35786343.692506656,20460024.059276715,36867692.43804163,-64043.369119088704,-2688.630149225113,1491.6653277703704,7.57614580848808
2023-02-13 14:00:00.000000Z,0.0001343492089911,42165885.01006758,0.1662328243140905,92.58379761016776,45.382176389036175,313.0896692537875,-0.0050107895216664,98.00278535944923,35783877.63621983,-776772.730029034,42154858.45848757,-3262.180573525742,-3074.339403983278,-56.95078934524213,8.918017696272248
2023-02-13 16:00:00.000000Z,0.0001370033505289,42165516.08414578,0.1665990928321541,92.61265549502932,53.27859261990624,335.2515035096243,0.0150721997322712,98.00775283073318,35782132.70656352,-21804029.94591456,36084195.86860932,58551.16764515828,-2631.727299570065,-1590.4512781323876,7.855152617883459
2023-02-13 18:00:00.000000Z,0.0001392776588556,42165404.51942577,0.1667671528351995,92.66313617350288,61.68573432912618,356.88268424645884,0.031253660090542,98.01441964894748,35781403.51446987,-36955714.85301582,20290170.834134188,104704.72952571,-1479.9016417854536,-2695.506804768591,4.667353758303833
2023-02-13 20:00:00.000000Z,0.0001448311746244,42165751.01642972,0.1667682837298368,92.647957635126,70.05283714347333,18.619832312336435,0.0390621166665016,98.0213624890142,35781826.66940923,-42148586.648154,-971662.97757053,122680.03556140204,70.72901952898337,-3074.210930540664,0.2077409752434298
2023-02-13 22:00:00.000000Z,0.0001501132639466,42166327.91844754,0.166866611037764,92.52958671572432,77.38324348092438,41.49558718730068,0.0362387147572725,98.02702542811188,35783449.50306002,-35983671.82595916,-21971872.406660616,107520.24317870315,1602.1849425481214,-2624.5307592334034,-4.32427075355749
2023-02-14 00:00:00.000000Z,0.0001469644468637,42166528.3036474,0.1672875743366969,92.3834947281272,80.64918425281996,68.4605827388687,0.0233963829577325,98.02973750830924,35786115.35221896,-20123307.87196453,-37052296.30961468,63202.81920842257,2701.7497663793765,-1467.826725517507,-7.703316796707835
2023-02-14 02:00:00.000000Z,0.000136983400753,42166120.74912454,0.1679083686003959,92.3223747834348,77.06622282154923,102.18525589832892,0.0039212542270068,98.0281898504133,35789202.16479726,1158148.206980986,-42151431.55760194,1614.3379289880286,3073.3383646802517,84.03053561884946,-9.009190638651017
2023-02-14 04:00:00.000000Z,0.0001291758159213,42165598.641632766,0.1683895943528046,92.36062213120304,68.65138925294679,140.6381536791041,-0.0169090194196983,98.02235998122735,35791672.568100944,22127735.48621902,-35897806.129137054,-60631.84024117226,2617.1741174878443,1612.967436272158,-7.880500255783916
2023-02-14 06:00:00.000000Z,0.0001248959218761,42165474.5783463,0.1685680676308915,92.41411704875672,59.24865625893521,180.06107436242573,-0.033375654911242,98.01390648922468,35792603.878409274,37138543.64172412,-19977201.472232137,-106691.76713388928,1456.3216102130684,2707.394904027834,-4.616322202397703
2023-02-14 08:00:00.000000Z,0.0001250881316012,42165754.18783262,0.1685704169213071,92.40290519638366,49.91883079111269,219.47582445759812,-0.0409079098464764,98.0054904160545,35791688.23127347,42148890.9773443,1322783.9355242143,-124061.11028462816,-96.6799619336633,3072.784932998071,-0.0948409028372232
2023-02-14 10:00:00.000000Z,0.0001329378997821,42166149.81398089,0.168644370725927,92.3176756955989,42.88970471877889,256.6664530968351,-0.0373467200519573,97.99963637898178,35789304.85031618,35808978.172836654,22266534.918817885,-107964.63300353353,-1623.8192848730644,2610.6900383292345,4.464898427827428
2023-02-14 12:00:00.000000Z,0.0001449261282589,42166404.60644864,0.1689505109935859,92.21526726485357,40.72782938590398,289.0111040285222,-0.0235438824213568,97.99787081193702,35786276.14718389,19824653.231589235,37213128.51979137,-62655.88127438134,-2713.8517904873843,1445.293647318795,7.831756809147535
2023-02-14 14:00:00.000000Z,0.0001531093244559,42166361.58358548,0.1694492997367746,92.16998545083528,43.26661745540366,316.6022284772722,-0.003147388048082,98.00036137278016,35783533.13261154,-1499978.202957477,42134979.455019385,-285.4256974519012,-3072.9507242366667,-109.71864614494623,9.093888408612058
2023-02-14 16:00:00.000000Z,0.0001521356485797,42165999.87987843,0.1699308024982736,92.2120003871283,48.89082162632084,341.0238255086981,0.0183663152052345,98.00603566822728,35781796.454912625,-22420244.319313653,35704183.85577478,62358.58555452109,-2604.077317510936,-1635.4093255489734,7.904786799789399
2023-02-14 18:00:00.000000Z,0.0001438954700835,42165555.82281946,0.1701855165193728,92.29308338875424,56.15131256403074,3.771468552310125,0.0351557538071777,98.01311664856118,35781364.53454977,-37298775.07946223,19652307.846021343,108364.4848243821,-1433.4284572800598,-2720.514821930119,4.577632959935372
2023-02-14 20:00:00.000000Z,0.0001364360550158,42165478.09395887,0.1702180212315247,92.31452966856496,64.79084698278677,25.19932864654979,0.0425836645658279,98.01982909192944,35782135.56292109,-42125983.036045656,-1695419.327909615,125252.28851316568,123.47880676212864,-3072.5117968048253,0.0020970306035493
2023-02-14 22:00:00.000000Z,0.0001343765607004,42165973.7599,0.1703120428739864,92.2188567620606,74.83156156152144,45.34139877642728,0.0384775292203397,98.02481430185422,35783853.77763131,-35601611.4163694,-22586433.78555215,108346.34607932564,1646.9798607896018,-2596.6040391114875,-4.59316865653824
2023-02-15 00:00:00.000000Z,0.0001326530763059,42166593.1032385,0.1707737601356295,92.07093486068324,83.1542498911558,67.25097095878624,0.023756506643073,98.0270201554612,35786292.48460327,-19484837.28151068,-37392196.745304525,62065.50070002296,2726.541597927291,-1421.2209390116773,-7.968271723733933
2023-02-15 02:00:00.000000Z,0.0001261098790226,42166657.31380364,0.1715395669443835,92.0049008064224,84.32428398775576,96.22764302802987,0.0022568508855241,98.02555137178597,35789096.50243047,1881089.192280023,-42125254.69617359,-1216.0976251870134,3071.469995604967,136.76990393130234,-9.204490741692595
2023-02-15 04:00:00.000000Z,0.0001214268262698,42166141.65203846,0.1722057883695458,92.06348264383315,76.9267929726333,133.64328306923463,-0.0202412493071795,98.02013966049348,35791538.05065373,22740496.10852546,-35512634.022663414,-64460.55965128348,2589.140300514324,1657.6482313567933,-7.956180615251524
2023-02-15 06:00:00.000000Z,0.0001245496827266,42165617.62171215,0.1725016818730808,92.1569644518882,66.50467919882706,174.04576980991192,-0.0375756286272987,98.0118585611791,35792704.005558066,37476071.99824813,-19336794.83703625,-110559.28228070003,1409.6675710877496,2731.974546927752,-4.550698724223906
2023-02-15 08:00:00.000000Z,0.0001320407637661,42165523.68573266,0.1725338312315748,92.17937203289058,57.076668688485086,213.5247322190714,-0.0449169391928393,98.00309053515448,35792027.86365432,42120317.33338146,2045861.0797861856,-126979.13129286276,-149.3708747189572,3070.64141028854,0.0978439337982156
2023-02-15 10:00:00.000000Z,0.0001128670681078,42164950.95341765,0.1726065433718919,92.10784832616793,80.61966817015445,220.128319179154,-0.0401216592757134,97.99602719587304,35790452.512430646,35423065.93806646,22877596.476480763,-109176.88671105025,-1668.1077799595832,2582.464361316575,4.735730283539682
2023-02-15 12:00:00.000000Z,0.0001195804874643,42165491.53809381,0.1729382184009518,92.00475771737688,71.42384211731134,259.5048781600409,-0.0243409681336175,97.99153631736075,35788272.39939091,19186663.54598462,37548291.55814565,-61841.33007827728,-2737.9694509887195,1398.6723337401015,8.111408162245596
2023-02-15 14:00:00.000000Z,0.0001301170608271,42165824.72600653,0.1735087829490381,91.958864940713,68.30164133197032,292.7543812678465,-0.0017279182568791,97.99080409209574,35785565.04502075,-2217614.688240571,42105343.48151665,2353.221969492777,-3070.465263903114,-162.08598071283603,9.309661382902004
2023-02-15 16:00:00.000000Z,0.0001340310017568,42165633.18961946,0.1740907690187191,92.01345095206196,71.9226804406338,319.1638937706667,0.0216669950333856,97.99379857055771,35783220.03766102,-23024314.83990426,35319351.32473096,66144.94041521288,-2575.756778847133,-1679.4454904143126,8.000805905955367
2023-02-15 18:00:00.000000Z,0.0001271782054566,42164983.6474819,0.1744349566904902,92.12699219617691,80.27545342274709,340.7852916408282,0.0395137157999804,97.9993748722052,35781782.8495722,-37627106.42726573,19017020.93976125,112327.00013490644,-1386.913955232514,-2744.462107472291,4.529621944169877
2023-02-15 20:00:00.000000Z,0.0001180239922942,42164440.55430616,0.1745032696533678,92.19746879992788,91.45235434661711,359.6267291083517,0.0469022558556786,98.00606290369592,35781327.25857152,-42090350.41158306,-2409636.0925273933,128380.28068016312,175.75588226945982,-3069.9862396352373,-0.1763809552619112
2023-02-15 22:00:00.000000Z,0.0001187414960075,42164629.79863007,0.1745655776590271,92.1488011778938,104.28195213437208,16.934579580139395,0.041670738630762,98.0127180175554,35781703.16858596,-35210921.02813439,-23186873.331604756,109852.37411038784,1691.0744179082694,-2568.2334863000665,-4.855275092456626
2023-02-16 00:00:00.000000Z,0.0001288362293335,42165478.49046788,0.1749914447519389,92.02304374402902,116.42192674760192,35.0082394329416,0.0250174129629824,98.01846185305436,35782891.71697588,-18842871.51922082,-37715974.63833852,61580.20094071215,2750.6311255823425,-1374.4806671451984,-8.247511254106804
2023-02-16 02:00:00.000000Z,0.0001338434475683,42166112.51960827,0.1758217840979801,91.96028313908585,123.57574386773727,58.00301488206319,0.0012451134731328,98.02215123842146,35784984.54519276,2602667.690498375,-42082715.2952344,-3564.6779944181326,3068.95066355528,189.45492444214293,-9.431998998712348
2023-02-16 04:00:00.000000Z,0.0001274056125301,42165867.66784005,0.1766488023897926,92.03830831451218,121.61740770365302,89.96571597414089,-0.0233164899039992,98.0223972461045,35787726.772388466,23347263.4128819,-35112116.466452084,-68086.33914920231,2560.466186432283,1702.0879721983,-8.07586126196609
2023-02-16 06:00:00.000000Z,0.0001216717697066,42165062.25225272,0.1770810722851578,92.17918438571384,111.01963792548696,130.50090021700274,-0.0419850742990176,98.01855192874343,35790256.825905494,37803125.46574973,-18683790.267826404,-114556.27221914516,1362.4326173481031,2756.0111904431174,-4.531658162760816
2023-02-16 08:00:00.000000Z,0.000123076529051,42164487.079630695,0.1771539258010064,92.25397527596346,98.51213021182652,173.0088339283991,-0.0495692734344476,98.0116428117162,35791500.96085936,42077943.68408888,2776334.1792137865,-130338.97198678802,-202.3559913230885,3067.605928095678,0.2521564551161324
2023-02-16 10:00:00.000000Z,0.0001264098068459,42164607.89968785,0.1772035230982169,92.21686214990184,86.84339699390767,214.7893632274609,-0.0438343960345649,98.0042010965124,35790847.99911473,35021270.15897285,23488754.773125503,-111042.61786816805,-1712.6218852301497,2553.110917821662,4.987381984695802
2023-02-16 12:00:00.000000Z,0.0001335742877235,42165314.24381386,0.1775141301630794,92.12711416965024,75.70501600180707,256.09453115036894,-0.0261509535574809,97.99910661411954,35788530.074025035,18533050.43945564,37875454.345988445,-61735.32637598652,-2761.794794969743,1350.9591237790385,8.39538671704802
2023-02-16 14:00:00.000000Z,0.0001460084587897,42166050.642990015,0.1781049955487343,92.08457974446983,68.89678806159893,293.0265621473096,-0.0011520554946399,97.99823167152164,35785504.6793437,-2947001.495839593,42060525.94174822,4398.909744057663,-3067.203741454603,-215.3210325017791,9.552527582785665
2023-02-16 16:00:00.000000Z,0.0001517776652587,42166182.88781658,0.1787488232260907,92.14755704724536,69.00771335192344,322.9382147692359,0.024496838565684,98.00164203691898,35782938.51999609,-23633064.680729028,34914605.80987842,69596.05848526991,-2546.2773430354546,-1723.8848802253476,8.13974413182157
2023-02-16 18:00:00.000000Z,0.0001403257424254,42165508.27634214,0.1791654173366674,92.28725239758498,74.26961126377583,347.6249168780778,0.0438828310217427,98.00780158532751,35781591.82041147,-37951176.78749045,18361301.439065315,116288.71041614996,-1339.1398614865625,-2768.123969158374,4.529660670240279
2023-02-16 20:00:00.000000Z,0.0001180920304961,42164560.97131092,0.1792651928154839,92.40595664839763,82.84475971289348,9.02003180728944,0.0517046221565963,98.01464381109808,35781506.25166798,-42042371.78415598,-3139603.675129166,131837.6629973519,228.93713653023676,-3066.4702967654066,-0.3128976861527403
2023-02-16 22:00:00.000000Z,0.0001028477898992,42164278.64311028,0.1792754004013508,92.41535588757232,96.04640328611708,25.897188246468858,0.0457032063033358,98.02071901583538,35782240.5437678,-34803979.22517437,-23794283.61588038,111941.0089161617,1735.2996717244214,-2538.497369958415,-5.090114007323657
2023-02-17 00:00:00.000000Z,0.0001053385858613,42165081.1008243,0.1795926041053785,92.3295098901381,114.02272255776953,38.09360811131975,0.0272861232068627,98.02547879198038,35783448.36339465,-18186896.80552863,-38037248.12050917,61805.75070453282,2773.990961395062,-1326.574368217326,-8.518854874915368
2023-02-17 02:00:00.000000Z,0.000116170014505,42166226.34994887,0.1803744162098499,92.2771543521723,128.54131495742416,53.71256824492335,0.0011969847211447,98.0285314530944,35785189.89867851,3330857.586921936,-42031553.5716882,-5220.15286097322,3065.1943477941613,242.61861636348385,-9.672382408236295
2023-02-17 04:00:00.000000Z,0.0001179784479193,42166505.37126846,0.1812836238618001,92.36658613687716,131.63237291116985,80.61461257278927,-0.0256787686927882,98.02891955905606,35787556.55198327,23951633.44006301,-34702448.05007181,-71184.57292112173,2530.619817837892,1746.216108887674,-8.228214083165614
2023-02-17 06:00:00.000000Z,0.0001162838810228,42165662.354547374,0.1818379887867806,92.54973366337016,121.1966213001929,120.9460677096987,-0.0461013563876752,98.02563444686128,35790046.319616064,38120947.52518331,-18025954.72403017,-118318.9828582856,1314.515906008091,2779.2259551357174,-4.560113986119328
2023-02-17 08:00:00.000000Z,0.0001251567663025,42164598.0174306,0.181954604841812,92.68503207707585,106.34850050936896,165.73436035055275,-0.0544356828600322,98.01898021669504,35791575.452369146,42023575.82417448,3505112.1504958607,-133829.94498706327,-255.4366147662645,3063.6412372796294,0.3545319659768774
2023-02-17 10:00:00.000000Z,0.0001358975132918,42164292.51210708,0.1819600613795763,92.69781728938496,94.1884282089124,207.95594929894887,-0.048236675471331,98.0111592098715,35791216.73236692,34609418.63105368,24092108.19103658,-113392.51503663804,-1756.5482024696391,2523.043669979539,5.195139939231709
2023-02-17 12:00:00.000000Z,0.0001448792771691,42164973.7433446,0.1821990133473263,92.63390602531766,82.23883330485722,250.0457826462417,-0.0289731023973456,98.00535315715236,35788920.722421505,17874797.456777178,38190947.66179674,-62362.48231507708,-2784.737275315317,1302.9134368019409,8.655663808651909
2023-02-17 14:00:00.000000Z,0.0001593328931365,42166055.18762029,0.1827456817630335,92.59798010908898,72.5034144957402,289.8979360495939,-0.0016727360131347,98.00401652585862,35785630.6493487,-3674314.8148535904,42003365.11850575,5634.675935155581,-3063.005117643637,-268.40522135357344,9.798293340563935
2023-02-17 16:00:00.000000Z,0.0001699868286381,42166617.546636455,0.1833934086791683,92.66235037237408,69.34205139115525,323.080622964592,0.0264082554834789,98.00756369822102,35782749.61200586,-24233599.130978957,34500257.93413331,72354.44466525642,-2516.0694779213422,-1767.7333437710536,8.307641514857671
2023-02-17 18:00:00.000000Z,0.000159928356701,42166122.17605162,0.1838464822845852,92.81432149301976,71.4885543372798,350.8710075401618,0.0477292591670658,98.01428611294172,35781327.021352515,-38263155.23747526,17701327.494750623,119839.5438157774,-1291.040519526667,-2790.9274833544546,4.577316367611119
2023-02-17 20:00:00.000000Z,0.0001304686695503,42164927.02880792,0.1839674924321964,92.96754630725776,75.87135651213909,16.424356264065022,0.0564966825485623,98.02153799311075,35781513.27302631,-41981676.762760654,-3867380.327778381,135258.947200214,281.96409206921953,-3062.062606975159,-0.3951338259148487
2023-02-17 22:00:00.000000Z,0.0001003087690745,42164121.9669668,0.1839219223271142,93.029939741755,83.70148432496333,38.61975383037097,0.0502282624401886,98.02733466615472,35782680.340973966,-34387069.27268243,-24393665.243839465,114369.06994485816,1778.931448414647,-2508.067471407036,-5.276923614145869
2023-02-18 00:00:00.000000Z,8.620700410441086e-05,42164600.05190609,0.1840885156660746,92.9904769439604,102.6976862160583,49.74894621390319,0.0304282653594499,98.03113309189489,35784114.238759354,-17526402.01036428,-38346795.62849893,62662.67052237182,2796.4637374534195,-1278.360419733427,-8.758416630402047
2023-02-18 02:00:00.000000Z,9.27595099949362e-05,42166028.33186001,0.1847137653716706,92.95285636727252,127.477986953846,55.090468246471815,0.0022099342704157,98.0331894083,35785652.7200599,4056820.984720395,-41968170.43840659,-6091.4321668051725,3060.496727664929,295.60703614898665,-9.902650228059182
2023-02-18 04:00:00.000000Z,0.0001023467731091,42166960.0137921,0.1855849491555556,93.0403301289661,139.30509472074283,73.2581175865634,-0.0270142378306826,98.03327228243792,35787579.444124624,24547632.90424919,-34283464.788748324,-73510.02229713707,2500.050651111842,1789.7326633741964,-8.39393617921298
2023-02-18 06:00:00.000000Z,0.000105278059553,42166408.18177951,0.1862024134962653,93.24469845200647,131.82400931974715,110.61410104886436,-0.049444852887417,98.03040185698818,35789833.70546527,38426621.277090326,-17364267.0524228,-121486.77578231091,1266.2955696152496,2801.5721387457197,-4.624012064196685
2023-02-18 08:00:00.000000Z,0.0001199767291893,42164998.18407209,0.1863548049402617,93.43097627769626,114.77440919161609,157.5533357984526,-0.0589633400840141,98.02419118244984,35791536.657197595,41956631.64483735,4231271.027250336,-137043.6535632105,-308.33185153684974,3058.7880012313703,0.4056630154609333
2023-02-18 10:00:00.000000Z,0.0001402310835165,42164136.66723783,0.1863063989362845,93.49733882695462,101.938587691253,200.39693336666036,-0.0528257423011329,98.01620903938372,35791541.58331664,34187959.78063774,24687077.050131377,-115857.88534352122,-1799.853208259036,2492.29958105449,5.347261707186948
2023-02-18 12:00:00.000000Z,0.0001532046694848,42164558.62023326,0.1864358107404635,93.4670006790262,90.22446456590184,242.2169724697968,-0.0324762152283894,98.00965440998408,35789431.927363805,17212530.99337538,38494527.08720987,-63480.70783179145,-2806.782034392945,1254.5890609620587,8.869483141831344
2023-02-18 14:00:00.000000Z,0.0001688706988691,42165832.50904987,0.1868765444612221,93.44014905252376,78.61922707486013,283.92909109491285,-0.0032144998290743,98.00753725618624,35785980.30565082,-4398899.834898832,41934024.74142232,6114.518033711521,-3057.876583496688,-321.2809267217379,10.01854697172864
2023-02-18 16:00:00.000000Z,0.0001851662891607,42166844.26353922,0.1874615950961148,93.49827025009505,72.59589151785238,319.9797562631492,0.0271986561043958,98.01083902236311,35782727.262578875,-24825396.60517781,34076863.739473015,74270.0435292623,-2485.162862210033,-1810.941837786462,8.477428825144743
2023-02-18 18:00:00.000000Z,0.0001812416904544,42166703.96869187,0.1879023811051569,93.6447754808008,72.28894972993125,350.22945861068087,0.050618895480538,98.01796780618318,35781035.43109647,-38562801.6801106,17037931.206851244,122659.86471641266,-1242.6625153969308,-2812.8477070080235,4.6535274727781415
2023-02-18 20:00:00.000000Z,0.0001515150702013,42165481.34683048,0.1880297591155779,93.8095647903153,73.61717801036556,18.826441704772893,0.0607151510405275,98.02584604104528,35781297.357106745,-41908371.43368604,-4592080.0828494085,138230.1731454731,334.7911911243864,-3056.7739705594117,-0.4297712271813798
2023-02-18 22:00:00.000000Z,0.0001135083314673,42164238.40258954,0.1879437206391901,93.9060227047068,75.12773407861462,47.30752779649337,0.0546825887087574,98.03182617351987,35782855.92371424,-33960551.899135984,-24984327.349547178,116723.05766675853,1821.947606423595,-2476.9845392085213,-5.4090735425167225
2023-02-19 00:00:00.000000Z,8.433808752132567e-05,42164205.67598048,0.187965957529344,93.90683035076256,85.41165808981783,67.10811580641001,0.0340017548427831,98.03501369101498,35784685.14936365,-16861798.659166783,-38644265.33243774,63826.79205123579,2818.05625715216,-1229.8885785296466,-8.948625446187263
2023-02-19 02:00:00.000000Z,7.334884611637334e-05,42165588.21913543,0.1883752957330211,93.88478654152516,115.11591419666884,67.50903650283738,0.0040513486751922,98.03599965028287,35786267.913996965,4780255.309413772,-41892554.95445214,-6348.821112775372,3054.877938651762,348.376340058086,-10.09829234133178
2023-02-19 04:00:00.000000Z,8.26486065668854e-05,42167089.88499544,0.1890880687710666,93.95706357876188,141.0682211878483,71.56595234839288,-0.0272969229042501,98.03534952940834,35787850.61264829,25135109.55820585,-33855444.86408895,-75043.27683056,2468.779872770982,1832.6012019191123,-8.545461835075368
2023-02-19 06:00:00.000000Z,9.086550551022632e-05,42167119.96566913,0.1896751747314355,94.15088134356245,141.02160112969568,101.49807936421178,-0.0517222478170707,98.032536517322,35789746.40841338,38720160.6312675,-16699227.916308504,-123844.12717003732,1217.79769959608,2823.0263378546547,-4.697365776058633
2023-02-19 08:00:00.000000Z,0.0001087832088958,42165663.597141735,0.1898408198992945,94.35847046628764,123.34076380006384,149.04767649901916,-0.0626357785141403,98.026763364685,35791460.20964265,41877333.38213999,4954229.210258562,-139600.8853826094,-361.0112887085514,3053.048780591548,0.4239337968194823
2023-02-19 10:00:00.000000Z,0.000138448751713,42164257.72334221,0.1897477856069805,94.4651492820572,109.6243223206225,192.73160624403317,-0.0569657561871005,98.01881176317085,35791814.76592376,33757313.34923872,25273201.383751325,-117972.11502083491,-1842.514888648534,2460.908620236131,5.448912196549332
2023-02-19 12:00:00.000000Z,0.0001579931664417,42164209.60131493,0.1897608422716654,94.46771724171116,98.88369834357802,233.5445416101909,-0.0360497868723374,98.01155981457023,35790030.26999952,16546767.22731373,38786010.956232935,-64642.297961156,-2827.9249483417407,1206.030791043629,9.026376997336286
2023-02-19 14:00:00.000000Z,0.0001743346998277,42165449.67923137,0.1900572316806651,94.45116847596115,86.71420610492191,275.8095737071105,-0.0053400185159074,98.00840340758268,35786567.334231324,-5120275.69720384,41852658.582590975,6158.832746414013,-3051.831564053188,-373.9013713820906,10.189066206015315
2023-02-19 16:00:00.000000Z,0.0001948268806116,42166821.97626349,0.1905222239192159,94.49720412232742,78.36017848816819,314.2023240181794,0.0270228159994532,98.0110107625824,35782956.54773757,-25408128.779561527,33644897.19207468,75455.9274790194,-2453.586244030804,-1853.4694825854697,8.616937336523485
2023-02-19 18:00:00.000000Z,0.0001992898541063,42167132.69442836,0.1909004452276594,94.62163238542806,76.1402024970435,346.38720872124134,0.0523843093554957,98.01820969376884,35780828.2043487,-38850044.55198911,16371831.056337455,124626.5200856608,-1194.0476377863883,-2833.8597291344545,4.726248405371742
2023-02-19 20:00:00.000000Z,0.000174672111019,42166105.1108992,0.1910165587002942,94.77259722550176,75.97952658768085,16.487592246868363,0.0639114723291578,98.02676067443572,35780905.641043484,-41822699.966805406,-5312901.587790905,140422.13795047687,387.3755489447309,-3050.607801576078,-0.4407992016001854
2023-02-19 22:00:00.000000Z,0.0001350923507715,42164617.20753794,0.190916658568195,94.87698328902604,74.34315074377466,48.10832563129349,0.0584454458060811,98.03338642772114,35782676.366916016,-33524917.46792849,-25565602.61622609,118547.57055456415,1864.3263043572736,-2445.2806423655225,-5.496982317544825
2023-02-20 00:00:00.000000Z,9.977572524568555e-05,42164046.00924025,0.1908444129774879,94.90211771307293,75.7565195334529,76.75513318297088,0.0373579458425963,98.03656627515316,35784944.753285564,-16193611.771294078,-38929271.737901606,64822.27160565286,2838.7808214254983,-1181.2009823655342,-9.084826534421856
2023-02-20 02:00:00.000000Z,7.236387689712243e-05,42165079.63081791,0.1910495716612706,94.892992674938,94.96417723238643,87.63898334297923,0.0061851833260614,98.03680141291424,35786816.7126762,5500813.562553095,-41804597.00732736,-6385.621331112162,3048.3710823299893,400.8940211020443,-10.241637153222774
2023-02-20 04:00:00.000000Z,6.603983569220918e-05,42166867.62721176,0.1915354796879068,94.94286893718171,131.77818257505524,80.85569972457276,-0.0268406452122636,98.03524774011376,35788287.90511981,25713955.642639857,-33418469.38219791,-76014.76078672944,2436.837821478581,1874.7999526004392,-8.655909732677149
2023-02-20 06:00:00.000000Z,7.565315128177484e-05,42167589.17606115,0.1919982037251145,95.09565130111712,145.54716877757994,97.0129171867372,-0.0529551169696795,98.03209510438064,35789841.44709774,39001641.33495796,-16031052.710623868,-125407.12481308715,1169.043397123881,2843.5732048639475,-4.748337619325676
2023-02-20 08:00:00.000000Z,9.43346024850564e-05,42166448.33220841,0.1921444760494222,95.2827979035929,131.1319689955355,141.31757241413135,-0.0651622447061627,98.02657579899343,35791416.33689614,41785887.21657768,5673701.915374601,-141288.3778606164,-413.4596867266532,3046.4212902794634,0.4400364759880333
2023-02-20 10:00:00.000000Z,0.0001303843861095,42164690.72409939,0.192034474117102,95.40014989068553,116.826723084245,185.5797872806849,-0.0601015459774935,98.0187798186788,35792025.309091866,33317761.321736496,25850244.266362857,-119327.58733849402,-1884.528633414232,2428.885768457603,5.522105227826352
2023-02-20 12:00:00.000000Z,0.0001580894466886,42164071.57963047,0.1919647705610157,95.42451865487536,107.3831697795871,225.0733080353116,-0.0389926775733079,98.01098595496924,35790641.38472891,15877766.445975702,39065306.01450701,-65332.283682579466,-2848.176482692632,1157.2612674178183,9.133339689177994
2023-02-20 14:00:00.000000Z,0.0001758278723703,42165037.039476246,0.1921193214433306,95.41730153251396,95.93993860412232,266.6016039497028,-0.0073660549484694,98.00668570600352,35787338.21859242,-5838294.999647845,41759329.16810009,6269.557896231234,-3044.8893801329195,-426.2468331482736,10.299234049740855
2023-02-20 16:00:00.000000Z,0.0001980783804308,42166584.984432414,0.1924350958440034,95.44885946987004,86.05800453500115,306.53564443969003,0.0263802900532474,98.00819765260704,35783474.61334062,-25981794.48982357,33204548.33313483,76279.3158601312,-2421.3602876875702,-1895.2999832371156,8.700188972634889
2023-02-20 18:00:00.000000Z,0.0002105999296216,42167333.79994573,0.1927127875657409,95.53992673551694,82.25942639412489,340.3320966849293,0.0532198273547231,98.01500004312088,35780834.26051867,-39125036.71584526,15703328.045185313,125882.81369052397,-1145.21853089318,-2853.9494183941497,4.760636434534278
2023-02-20 20:00:00.000000Z,0.0001943316082419,42166663.64343534,0.1928015749501445,95.6562180215715,81.51295569553146,11.053418643359633,0.0659311532560456,98.02402172399648,35780484.31149059,-41724989.733836696,-6029468.886168938,141722.14528656245,439.69215527988695,-3043.559225155395,-0.4629619275722649
2023-02-20 22:00:00.000000Z,0.000157331582171,42165167.53783092,0.1927150878755164,95.74324022388008,79.33670458068671,43.23229718946807,0.0610582905087095,98.0315551506472,35782196.71894309,-33080649.893652044,-26137139.43872124,119506.58913516944,1906.0520329825667,-2412.967751272558,-5.566691771753615
2023-02-21 00:00:00.000000Z,0.0001207335313958,42164178.39983713,0.1926172920178422,95.77322709251892,76.83813464404736,75.78680835951991,0.0398511764435184,98.03535350173854,35784790.92722814,-15522352.003978878,-39201592.19918896,65175.45299819685,2858.6471475270946,-1132.3187500626457,-9.178591961432344
2023-02-21 02:00:00.000000Z,8.85394216464898e-05,42164699.74686436,0.1926882857424488,95.77158882726754,84.62675248450604,98.08206690705455,0.0079305629140125,98.0354436596787,35787087.284274586,6218145.742313961,-41704205.51364002,-6701.652326015934,3041.008342783258,453.1470522728972,-10.3284961975835
2023-02-21 04:00:00.000000Z,6.420714811207072e-05,42166416.57755025,0.1929567623147165,95.79978839784496,113.47219984129258,99.28830491992632,-0.0262160793917282,98.03317580331364,35788716.39115659,26284066.638250757,-32972495.51575009,-76843.70226715082,2404.2564734112507,1916.3272444988888,-8.707634944115375
2023-02-21 06:00:00.000000Z,6.385876555430112e-05,42167689.42108714,0.1932449520751065,95.89565110093768,141.42439401394105,101.31865284238351,-0.0534901850141101,98.02944129902993,35790080.77315123,39271135.29248491,-15359704.96737527,-126430.81419558136,1120.0489091040308,2863.210896777656,-4.749624174907874
2023-02-21 08:00:00.000000Z,8.006929822465517e-05,42167133.934335634,0.1933429617893126,96.02498629065128,136.26572219121786,136.4245768290009,-0.0665923161535376,98.02390786794288,35791442.849461734,41682430.19665506,6389700.348169514,-142142.92784078192,-465.67446150556935,3038.9012252049097,0.4863729881794915
2023-02-21 10:00:00.000000Z,0.0001172873720963,42165352.47320637,0.1932530522228706,96.11627483767738,122.91526659473544,179.75825550924884,-0.0619667125674166,98.01630383140952,35792160.91750802,32869418.369705323,26418194.96933909,-119728.63759732417,-1925.9035120908488,2396.229671663841,5.597793441391605
2023-02-21 12:00:00.000000Z,0.0001523432780925,42164224.50358385,0.1931662472976786,96.14325927714866,114.89493109894146,217.825641695938,-0.0407740358231543,98.0082097405051,35791160.89417792,15205535.01495648,39332393.04981532,-65160.26983331944,-2867.556940868207,1108.277963615176,9.21230835533097
2023-02-21 14:00:00.000000Z,0.0001731556962014,42164739.55663041,0.1932247598243256,96.141634167267,105.12333274902376,257.67568914633944,-0.0086165306396294,98.00288569778884,35788159.72572932,-6553110.973852208,41653970.61344198,6944.095544877864,-3037.071546563669,-478.3282394539633,10.356080678692932
2023-02-21 16:00:00.000000Z,0.0001954853498766,42166235.7923283,0.1934011645515573,96.15974830929878,94.79161135787366,298.071662598581,0.0259325237797262,98.00309867234816,35784218.64392276,-26546664.380252767,32755654.15844167,77227.00950274678,-2388.494709050947,-1936.44737734292,8.717186429519264
2023-02-21 18:00:00.000000Z,0.0002139298469836,42167303.87066839,0.1935659432652153,96.21420990630546,89.77378343035285,333.1231264030917,0.0536140473117832,98.00905669031734,35781120.08114581,-39388071.796311,15032188.1598463,126788.62399630944,-1096.1733348069774,-2873.120629164258,4.732212531731725
2023-02-21 20:00:00.000000Z,0.000207153707204,42167055.15755344,0.1936182466487288,96.28424424215837,88.78454509278025,4.133543317063441,0.066976416243942,98.01814919292218,35780205.83753954,-41615515.65501177,-6741993.88999381,142279.67193363013,491.74244459095246,-3035.61919988572,-0.5288781709195707
2023-02-21 22:00:00.000000Z,0.0001759030864687,42165759.22079355,0.193565385175561,96.33606811888671,87.2673433983236,35.68942856017802,0.0623981279566229,98.0265414388218,35781597.70930844,-32628033.974565823,-26699070.111478794,119510.51560486876,1947.1213871375564,-2380.0349565659,-5.650544061987951
2023-02-22 00:00:00.000000Z,0.0001400882408923,42164560.1132031,0.1935049009319875,96.35412973013028,84.1115136493625,68.91414066302048,0.0410761848818978,98.03135632826888,35784297.34954787,-14848316.256947424,-39461300.05385007,64589.08025857949,2877.657703948143,-1083.2363260614502,-9.254149732858432
2023-02-22 02:00:00.000000Z,0.0001085260250326,42164574.7145876,0.1935328111263525,96.35388790564028,86.05337106046653,97.05524454862147,0.0087065642045185,98.0319275855352,35786999.27341119,6932024.350620504,-41591413.72523015,-7723.532088247248,3032.806498413572,505.1428557078587,-10.370110952144058
2023-02-22 04:00:00.000000Z,7.790866843087674e-05,42165938.43346679,0.193654881810283,96.366918998776,102.15390211765876,111.02129297927652,-0.026045879280721,98.02938473625484,35788979.62626739,26845362.05866483,-32517474.96455845,-77987.62765414875,2371.056917794934,1957.197828265234,-8.698164812914932
2023-02-22 06:00:00.000000Z,6.176041944482167e-05,42167453.31626067,0.1937811964167729,96.40931979361972,129.35607619723748,113.854540436216,-0.0538662419836129,98.02506761170842,35790369.413102254,39528679.75569186,-14685033.201267926,-127311.3179064824,1070.8242367015762,2881.9507125249206,-4.687112399728584
2023-02-22 08:00:00.000000Z,6.94635173560369e-05,42167538.33451872,0.1938213681438695,96.4640310556179,136.2771484655745,136.955091797304,-0.0672804339531028,98.01928230508256,35791541.914894745,41567021.69825669,7102410.821922117,-142425.27291275107,-517.6586901968385,3030.486591248198,0.5858976273458721
2023-02-22 10:00:00.000000Z,0.0001019785488763,42166068.83700495,0.1937844525409163,96.50050177740304,126.823576551912,176.44684402551272,-0.0626620877819131,98.0118184039765,35792223.62951985,32412287.99657041,26977188.13891346,-119249.39132022051,-1966.651675903844,2362.928998518702,5.704049584126734
2023-02-22 12:00:00.000000Z,0.0001407650478458,42164646.85899888,0.1937561428331748,96.50950283056254,120.56987506950183,212.76554055929347,-0.0412171281521899,98.00368548684908,35791500.580247946,14529961.39903583,39587301.73905618,-63995.95354408933,-2886.085630558931,1059.0625780649175,9.29092244450533
2023-02-22 14:00:00.000000Z,0.0001657970665703,42164657.92023552,0.1937931477381007,96.50813751591066,113.01748226052445,250.3954248456725,-0.0086733134624097,97.9976632612198,35788865.48495518,-7264977.271808405,41536443.41631475,8490.488267079703,-3028.395815402156,-530.1745251713811,10.380312398646062
2023-02-22 16:00:00.000000Z,0.0001881056820993,42165898.09108748,0.1938752613590868,96.5166697494932,103.39505346999212,290.09046954524854,0.0262440615367836,97.99665782145888,35785035.23201565,-27103068.46618248,32297841.66166267,78714.70563474194,-2354.9908586818706,-1976.9451889994905,8.676481840214606
2023-02-22 18:00:00.000000Z,0.0002099851142285,42167105.39122435,0.1939421685840474,96.53893217079484,97.72330777983392,325.82694296751475,0.0541454418360352,98.00150865843712,35781642.12865749,-39639414.93727583,14357835.24409184,127769.73503198563,-1046.8939433796954,-2891.3929982018853,4.635172639836702
2023-02-22 20:00:00.000000Z,0.0002120463439138,42167240.91588451,0.1939595336217056,96.56195668269044,96.62721693179276,356.9908531830557,0.0675041679727574,98.01023269661016,35780174.85970563,-41494385.811741725,-7451101.65618721,142430.96425997897,543.5483402789944,-3026.7813178150136,-0.6570569868667808
2023-02-22 22:00:00.000000Z,0.0001887546841485,42166275.38775346,0.1939511189803213,96.57153850946816,96.0993069971795,27.60023717881145,0.0626977579151489,98.01917385755422,35781084.7391942,-32167061.774479978,-27251899.29738001,118730.71818628824,1987.542970928088,-2346.458054893418,-5.774798683857319
2023-02-23 00:00:00.000000Z,0.0001558052461946,42165083.53573208,0.1939692080468241,96.5677799978668,93.8100516822191,59.98126549272432,0.0409978507899357,98.02505918183724,35783659.14857988,-14171485.927275509,-39708715.24548125,63037.44863650495,2895.808661383236,-1033.9289049588383,-9.338817314878462
2023-02-23 02:00:00.000000Z,0.000126005793208,42164762.423760764,0.1545849094143229,97.08134717619116,93.28411589426312,90.0772426153366,0.0122960986830686,98.02652003587625,35786631.91793546,7642448.400873789,-41466380.06589092,-6670.167040824324,3023.770807942981,556.9025321397548,-8.281201172989674
2023-02-23 04:00:00.000000Z,9.65506367666176e-05,42165645.23921415,0.1546526246231897,97.08942714748234,101.42715903204972,112.00592668648342,-0.0035645051560008,98.02418905290467,35789033.360204265,27397899.16394414,-32053415.49891516,-62709.13634756189,2337.249212728076,1997.4329097839027,-6.925888218365924
2023-02-23 06:00:00.000000Z,7.154952274947531e-05,42167077.63897757,0.1546762779791351,97.09784688041476,119.05245812217952,124.44961773335235,-0.0184916163294092,98.01946169740044,35790647.174378514,39774397.335916325,-14006901.709721353,-101880.40450024916,1021.3760839946405,2899.809451082557,-3.703500321356025
2023-02-23 08:00:00.000000Z,6.763684964506428e-05,42166851.15565101,0.154672145199213,97.0843323235032,107.92871766539876,165.66275378493103,-0.0284371826859995,98.01320960620126,35791477.35536647,41439553.23098006,7811971.206865136,-113614.77508661315,-569.4790847732692,3021.15673655358,0.5197484762059993
2023-02-23 10:00:00.000000Z,9.045975462277824e-05,42165903.05061953,0.1547046451160531,97.05080545748248,110.1480672372156,193.5520291216192,-0.0306892443123738,98.00617762839994,35791474.155030206,31945660.626897886,27527112.05619932,-94728.06823178392,-2006.8764823367087,2328.928762315649,4.6059191970620414
2023-02-23 12:00:00.000000Z,0.0001281522520746,42164476.08012795,0.1547908800668133,97.02275380545376,111.31411188966288,222.48940989715535,-0.0246214008706833,97.99942033868086,35790323.30063837,13849468.648732208,39829244.69200286,-50291.21902567802,-2903.89220286654,1009.4722168498448,7.452909581036529
2023-02-23 14:00:00.000000Z,0.0001583896162516,42164061.42928602,0.1548840149649516,97.01543135015925,108.6564099160326,255.23218898213804,-0.0118677419207989,97.99503978999968,35787625.76944713,-7976255.67618592,41404478.447229326,7730.017130724435,-3018.93018297756,-582.0548935077152,8.29197658306273
2023-02-23 16:00:00.000000Z,0.000184583760806,42164915.52616215,0.1549369346387338,97.0213546078112,102.3080901624102,291.6571407404645,0.0041230380314427,97.9954568066684,35783904.971826024,-27653252.1354733,31826582.791009832,63697.752279406326,-2320.730046913618,-2017.131772023136,6.895350263889651
2023-02-23 18:00:00.000000Z,0.0002101479990225,42166072.79677428,0.1549422250443266,97.02227531594932,97.94666466438184,326.1058174627585,0.0190203682485578,98.00149161617064,35780579.883363456,-39879587.00334502,13673530.639258824,102515.13697187556,-997.023167844212,-2909.0098650854725,3.637730275352149
2023-02-23 20:00:00.000000Z,0.0002196051241492,42166483.22835341,0.1549351724495786,97.00379753533248,97.27161004880053,356.89138824690536,0.0287802256915732,98.01139704954844,35779099.87774043,-41358944.67003127,-8164397.670971389,113697.6857115759,595.6059698942761,-3017.021023489399,-0.6037814098899705
2023-02-23 22:00:00.000000Z,0.0002050773201677,42165889.04180221,0.1549719095872716,96.9673479065234,97.24536454732709,27.046459713629865,0.0307410644106179,98.02164345260192,35780050.09540643,-31691626.553269804,-27801882.490182355,94207.55710045728,2027.7415239583547,-2311.8922160406623,-4.685556307353775
2023-02-24 00:00:00.000000Z,0.0001778387106228,42164874.87993349,0.1550824298363732,96.93283728418236,95.35475216517422,59.06082517672252,0.024350613934122,98.02875477406351,35782881.691246405,-13483554.103243249,-39946750.01735432,49280.36848539266,2913.263547860754,-983.841979286704,-7.506255777694518
2023-02-24 02:00:00.000000Z,0.0001508197052224,42164319.37537024,0.155226935726592,96.92254542574835,93.04526015028311,91.46489415731874,0.0113229700654573,98.0309044646863,35786343.98738558,8357695.005969653,-41327863.60752492,-8982.78172589952,3013.7171174410955,608.9900333427235,-8.304181632684127
2023-02-24 04:00:00.000000Z,0.0001232301650957,42164740.83322568,0.1553144414932721,96.93247990825508,94.12382839391816,120.4560002768364,-0.0048164261050278,98.02837491257704,35789237.07179164,27947644.01172562,-31575503.50545604,-64874.251335729685,2302.394397975997,2037.439306215023,-6.862221775445047
2023-02-24 06:00:00.000000Z,9.344609829935814e-05,42165861.67785116,0.1553010145523081,96.92300281845468,98.87556200280557,145.7903166306224,-0.0196749005661775,98.02281074966928,35790983.08165616,40010543.73421809,-13318423.55249805,-103307.39336898417,971.133575760273,2916.94726461121,-3.566092362382072
2023-02-24 08:00:00.000000Z,7.50813611710243e-05,42166659.01564379,0.1552753444896951,96.85745928374436,102.7967353396123,172.0099429203736,-0.0291800779162029,98.01593421519487,35791657.21253797,41298815.645322,8525631.994380547,-113880.8647524506,-621.5204550796863,3010.860816798144,0.6980560727285045
2023-02-24 10:00:00.000000Z,8.43188002015536e-05,42166263.538205765,0.1553761436679557,96.75774363604236,105.1158777396018,199.86551518519155,-0.0307028098348918,98.00880356396318,35791470.34611934,31466143.872137804,28073987.85297075,-93696.6304153434,-2046.770990327132,2293.9642106247243,4.779920284561993
2023-02-24 12:00:00.000000Z,0.0001137774255323,42165089.03330734,0.155601780055006,96.6871420943363,108.96054992773526,226.16707753226572,-0.023802150958854,98.00230532608516,35790274.2540892,13160275.640036728,40062198.29761918,-48166.628283506696,-2920.8951544011184,959.2461393579192,7.575156053509107
2023-02-24 14:00:00.000000Z,0.0001432882144317,42164421.17336119,0.1558095025851207,96.67206984045568,109.80622569018476,255.4143479200023,-0.0103573439240329,97.99804351803772,35787804.81761578,-8689481.934421891,41260870.61808921,10433.4291920067,-3008.44729659691,-634.0126349141455,8.326071358752985
2023-02-24 16:00:00.000000Z,0.0001693308840359,42164855.251301296,0.1558952260008149,96.68154011389684,106.33003115074403,288.96319220196824,0.0059566537394821,97.99802501899842,35784397.01210929,-28198348.760327704,31345302.81257432,66280.32724588494,-2285.5924017826665,-2056.8039928865373,6.827750565865567
2023-02-24 18:00:00.000000Z,0.0001948637968153,42165807.32767771,0.155879183392512,96.6715595311979,103.25162128617758,322.1388684115958,0.0206815701195563,98.00317393978364,35781182.72504558,-40109840.12524242,12984532.72912964,104280.28561188128,-946.7276546009114,-2925.708723991408,3.4829788913775714
2023-02-24 20:00:00.000000Z,0.0002088825872213,42166351.472039714,0.1558609121039983,96.6225511669387,103.2447114416649,352.2860021300343,0.0297892341084767,98.01225707290806,35779486.33497327,-41212630.069138266,-8875319.603512771,114146.77945364195,647.5008250624944,-3006.277072544119,-0.8064907693413071
2023-02-24 22:00:00.000000Z,0.0002022639289677,42166096.885594696,0.1559388165074727,96.5493873728422,104.34264478186498,21.353358810958184,0.0307752846566776,98.0222536545919,35780016.454967365,-31208383.53720154,-28343218.169435896,93182.66178979588,2067.2842739379616,-2276.615214218224,-4.882979783952978
2023-02-25 00:00:00.000000Z,0.0001811787045824,42165361.60557266,0.1561389112152419,96.489847850517,104.0607425968248,51.784495822589165,0.0233424941549568,98.02981751625867,35782497.82075262,-12793565.037963558,-40172647.55313015,47014.6972639205,2929.825971390158,-933.5140547934868,-7.645499859785975
2023-02-25 02:00:00.000000Z,0.0001571743742817,42164785.66214915,0.156382223409203,96.4748446953045,102.36658841207525,83.57874691425401,0.009488045698676,98.03277518852344,35785906.46168287,9068597.019261029,-41177262.74295569,-11920.117658321651,3002.8254077054576,660.8322919363334,-8.347002692673007
2023-02-25 04:00:00.000000Z,0.0001334110791958,42164851.29866728,0.1565346296501509,96.49405854874588,101.4805067936369,114.52580649288772,-0.0070284586749793,98.03082823364932,35789048.73970642,28487847.607147567,-31088735.98702573,-67724.59509850529,2266.9627846136505,2076.8169733136906,-6.7954463883601015
2023-02-25 06:00:00.000000Z,0.000107853014172,42165561.77611878,0.1565374279177784,96.49013625545165,101.99490980437535,144.09189306827415,-0.0216925403914804,98.02525873396388,35791108.04564789,40234372.52650835,-12626535.646407597,-105320.60679225111,920.71492705999,2933.2309240247423,-3.405190952856687
2023-02-25 08:00:00.000000Z,8.74424770346576e-05,42166334.10768768,0.1565125860355056,96.40880088425656,101.0873689115722,175.15561901790545,-0.0304548808885682,98.01797637573212,35791871.06874773,41145930.55039993,9236279.901537832,-114510.83861745824,-673.3289067320487,2999.671592349293,0.913177215269394
2023-02-25 10:00:00.000000Z,8.675667447362347e-05,42166380.46022458,0.156664384338846,96.272278402348,99.6786695125584,206.77559386172916,-0.0308502286597214,98.010599958579,35791509.37506892,30977711.56553336,28612092.89334668,-92743.20464134798,-2086.022225389314,2258.3315022747315,4.995061823137618
2023-02-25 12:00:00.000000Z,0.0001059412536392,42165616.705985,0.1570166476526415,96.16943632224644,103.20264750183672,233.4303030617212,-0.0227104872315116,98.00431344734348,35790140.89016167,12467758.65121504,40282956.1160121,-45833.500877764935,-2937.025171982138,908.7576408597256,7.734554739673552
2023-02-25 14:00:00.000000Z,0.0001310269174705,42164901.93996054,0.1573645994697049,96.14844386457824,107.02136615248564,259.71081271891154,-0.0082411765603183,98.00041281692086,35787751.04899642,-9399619.859626165,41104854.66589672,13576.204152615965,-2997.095362653421,-685.7677746112839,8.38601408088151
2023-02-25 16:00:00.000000Z,0.0001553461077735,42164966.240019605,0.157530808144793,96.16932957334032,107.16566165215542,289.6277453504178,0.0085873638355317,98.00038770397316,35784628.08736969,-28734780.947543096,30854599.383461144,69430.21788360579,-2249.807665079893,-2095.868034398892,6.769158685882675
2023-02-25 18:00:00.000000Z,0.0001792246746214,42165613.81275023,0.1575314636735968,96.16515811534389,106.40559404751694,320.47873054236953,0.023145964854317,98.00499730579536,35781646.79430659,-40328086.463870265,12291519.267158728,106609.3657856439,-896.1725433839844,-2941.545368782691,3.318300129305415
2023-02-25 20:00:00.000000Z,0.0001951590638276,42166151.12517375,0.1575144419168637,96.10571825462432,107.61210637432264,349.4221137923679,0.0314207664972658,98.01332133387186,35779924.81408603,-41054111.33323717,-9583782.499639075,115026.15912709953,699.1865278716115,-2994.637764083073,-1.0356076841414008
2023-02-25 22:00:00.000000Z,0.0001948502109833,42166158.34516113,0.1576230786608058,96.01243284462824,109.91120907849889,17.307943734793376,0.0311092709310186,98.02283921308933,35780177.15285684,-30716047.98554913,-28876276.04003061,92357.40488548209,2106.190219778068,-2240.656873027336,-5.116698769857762
2023-02-26 00:00:00.000000Z,0.0001804799088264,42165739.00543223,0.1578945489326352,95.936915997063,111.24557061198206,46.138890635301614,0.0222496719435866,98.0304988575315,35782328.18235032,-12100124.368710749,-40386753.00424927,44678.36705254357,2945.496063366482,-882.9154072539837,-7.821955031072997
2023-02-26 02:00:00.000000Z,0.0001604277788254,42165277.80475143,0.1582300180374894,95.92008975136524,110.70739029565608,76.77953256628989,0.0072165111802341,98.03399725885797,35785592.74886501,9776355.12313764,-41014665.14086377,-15172.20857282298,2991.0381882690635,712.4606014465264,-8.419059042238091
2023-02-26 04:00:00.000000Z,0.000139931845206,42165126.57418202,0.1584634042741146,95.95275575798722,108.92420259554808,108.61077248470774,-0.009914153472993,98.03257622602298,35788871.82234536,29019205.28841268,-30593092.50689917,-71051.13068082863,2230.8792185687034,2115.56343817418,-6.743508978550083
2023-02-26 06:00:00.000000Z,0.0001192602126296,42165430.04217048,0.1585118155975289,95.96968061074756,106.44804390788286,141.14665503261278,-0.0244577595942914,98.0270884388858,35791208.898831174,40446084.62409048,-11931317.559757903,-107856.74127521676,870.0599492100077,2948.640644542957,-3.242427061037644
2023-02-26 08:00:00.000000Z,0.0001012389787993,42165996.59440848,0.1584995976776501,95.9019261994918,102.05055342679108,175.6863765765464,-0.0323844464257949,98.01943372172732,35792116.34876533,40980948.44543873,9943780.428109016,-115595.13078434844,-724.8953594853998,2987.598048218764,1.144853389137816
2023-02-26 10:00:00.000000Z,9.591872951723644e-05,42166304.371614985,0.1586749317677376,95.75974265269168,96.63520145338404,211.3182930567644,-0.0314278745569437,98.01168558791534,35791622.49366834,30480492.010600165,29141375.090653807,-92085.9935165316,-2124.617790080517,2222.0438574737022,5.236653532239776
2023-02-26 12:00:00.000000Z,0.0001068812853884,42165994.83171365,0.1591140732592716,95.64117267799168,96.66914561546132,241.47883890147216,-0.0217473725813923,98.00547347754396,35790009.36350542,11772140.507756157,40491571.66002982,-43587.16785899881,-2952.2693965398767,858.0230079540491,7.924733818271554
2023-02-26 14:00:00.000000Z,0.0001255194073994,42165421.2687692,0.1595949318078017,95.61823853568144,101.17653425477086,267.07306184159785,-0.0059343451900308,98.0020134573421,35787553.85866114,-10106378.14157872,40936613.47037077,16852.47058126812,-2984.8698796248736,-737.3012932386375,8.475368219090958
2023-02-26 16:00:00.000000Z,0.0001456397862154,42165225.30326569,0.1598669049395855,95.65630039423176,104.70396469131526,293.5899945943247,0.0116830892193819,98.00229897877598,35784630.01864144,-29262276.889956016,30354781.485150903,72902.65940504514,-2213.385909674361,-2134.30969408424,6.732690798910948
2023-02-26 18:00:00.000000Z,0.000165722336762,42165526.99697131,0.1599115526905924,95.67187243191708,106.99002678783027,321.37492460174565,0.0262453161544124,98.00672691675152,35781930.373688325,-40534166.31033824,11594855.690653428,109378.3130614836,-845.3771695859552,-2956.519267517649,3.163405769019464
2023-02-26 20:00:00.000000Z,0.0001807700832262,42165937.762766615,0.1599030887055975,95.62042467363948,110.00628930726768,348.4999816978134,0.0337118276760147,98.01446788875968,35780331.39652698,-40883367.38713784,-10289469.747088904,116362.92570003646,750.6455830934001,-2982.11629649272,-1.2697646588731095
2023-02-26 22:00:00.000000Z,0.000184451650171,42166107.50150048,0.1600276244256267,95.52327250727872,113.70558469291989,14.988914214600149,0.0319745666525221,98.02341461957242,35780457.430318415,-30214697.993308607,-29400861.602271035,91902.10715352416,2144.449536081206,-2204.0364995173545,-5.369167593200393
2023-02-27 00:00:00.000000Z,0.0001763330183005,42165992.589343086,0.1603448054365512,95.44131918131468,116.68072508982068,42.18533778740776,0.0214378333459037,98.0308927324524,35782345.650889285,-11403356.705353782,-40589012.59288728,42540.44052158312,2960.270227189526,-832.0652828847964,-8.026328991049503
2023-02-27 02:00:00.000000Z,0.0001609620758142,42165735.03561285,0.1607518558732164,95.4254573461781,117.61931300952617,71.34850808280358,0.0049148259460868,98.03465108821372,35785426.47128118,10480835.066445336,-40840149.86336047,-18439.949970697293,2978.3563985626665,763.8573508450439,-8.521443037170567
2023-02-27 04:00:00.000000Z,0.0001435504344187,42165502.1521424,0.1610616553280458,95.47243049574703,115.7860677561184,103.21589228413006,-0.0131266396064353,98.03362333160683,35788748.14378343,29541610.266285133,-30088767.01627621,-74598.59101251635,2194.1507025781834,2153.665120967711,-6.717144138572628
2023-02-27 06:00:00.000000Z,0.0001274553327308,42165464.33988806,0.1611647494264454,95.51694988713014,111.28367081286086,137.75052593809204,-0.0277632519252066,98.02824326651512,35791305.158477485,40645647.24428768,-11233029.115994995,-110763.29258494732,819.1817800835527,2963.172733438682,-3.0949009328597663
2023-02-27 08:00:00.000000Z,0.0001142417141666,42165726.76016411,0.1611670212678938,95.4806088673081,104.5075354052292,174.63714841298022,-0.0349409742726634,98.0202587452817,35792385.76271135,40803941.188360855,10647894.503066488,-117113.448226962,-776.2046554254316,2974.649536937123,1.3742460709601645
2023-02-27 10:00:00.000000Z,0.000108633895739,42166110.1076407,0.1613365201836949,95.35681388077572,96.47268169350104,212.86971579547333,-0.0325826580158851,98.0120486925717,35791820.30304512,29974663.001630787,29661699.93312809,-91833.4072647649,-2162.5436302875837,2185.1200831230685,5.488396680649905
2023-02-27 12:00:00.000000Z,0.0001150684929915,42166206.04024617,0.1618107711909622,95.238642767023,92.29602714622328,247.24035658169052,-0.0211935493046958,98.00573109107296,35789945.64374383,11073692.164209068,40688067.07145017,-41634.661252489925,-2966.616605043981,807.0666211742473,8.135033504150673
2023-02-27 14:00:00.000000Z,0.0001283249601232,42165910.24768325,0.162392078576971,95.21767406301912,94.73520024372242,274.90121027984264,-0.0037855184682855,98.00265060861328,35787310.258875154,-10809433.340089204,40756357.70273983,20005.13981678253,-2971.7689477687136,-788.5858173683923,8.591193707799091
2023-02-27 16:00:00.000000Z,0.0001426429695987,42165592.963217296,0.1627726832395094,95.27530174468843,99.9402007597082,299.7214889775472,0.014908170392718,98.00341728001004,35784473.36010368,-29780555.489486367,29846245.69951222,76450.23307452563,-2176.341249457971,-2172.106493495128,6.72398988946466
2023-02-27 18:00:00.000000Z,0.0001565481831956,42165560.73510073,0.1628762559195898,95.31980276432444,105.10387923579694,324.59998639544284,0.0297371085051128,98.00795830685928,35782042.783792324,-40727951.52337418,10895048.7814238,112408.52883236414,-794.3683354346938,-2970.6237815964387,3.031399325277957
2023-02-27 20:00:00.000000Z,0.0001677749472335,42165754.56273415,0.1628785449703495,95.29061576827354,110.28995364670716,349.53260249671183,0.0365718252422568,98.01533185331688,35780660.90331885,-40700472.48992344,-10991898.545099,118090.6070034897,801.8507990700489,-2968.7256887272574,-1.491592404163
2023-02-27 22:00:00.000000Z,0.0001726643503458,42165981.78183576,0.1630020391814879,95.2031059346923,115.63111934169989,14.369457403078018,0.0334532840177966,98.02371408139258,35780791.917908624,-29704570.584081896,-29916639.71458753,91877.60932152436,2182.045363364758,-2166.7804992079323,-5.623164289663369
2023-02-28 00:00:00.000000Z,0.0001694855193559,42166127.67021768,0.1633366373776438,95.12278963015022,120.34747349141742,39.822665344823285,0.0211385064937996,98.03082675007208,35782501.411368266,-10703572.188055305,-40779300.03184487,40771.76997269047,2974.144915556855,-780.9938071267729,-8.245936619364098
2023-02-28 02:00:00.000000Z,0.0001590147519315,42166122.03353027,0.1637881294992277,95.10962202292352,123.00690109146468,67.26232253012292,0.0029030945792334,98.03460476321908,35785392.54593578,11181743.461556245,-40653799.02566186,-21487.378177628936,2964.787802542686,814.9956790835306,-8.649105168200926
2023-02-28 04:00:00.000000Z,0.0001447869847261,42165921.47331591,0.1641583702806139,95.16907970609938,121.79938172116375,98.49174285243684,-0.0163385080083821,98.03382286193217,35788685.127977304,30054858.114732817,-29576008.66054506,-78125.80152369561,2156.793758793734,2191.1032987436124,-6.719919862359789
2023-02-28 06:00:00.000000Z,0.0001326331927307,42165637.46405433,0.1643120789976318,95.24103665698117,116.09993760328402,134.196092927625,-0.0313533249789219,98.02854997398114,35791398.75554967,40832996.121930204,-10532008.863731204,-113852.10001580368,768.1019729033738,2976.8218602794736,-2.97336100251182
2023-02-28 08:00:00.000000Z,0.0001251411676753,42165565.67796436,0.164325295743851,95.24301116380956,107.70724010988422,172.6606871181944,-0.0379961885939012,98.02029157580655,35792662.09324554,40614999.41881521,11348302.222234778,-118971.65325297337,-827.2364038265531,2960.836512301043,1.5866306831568844
2023-02-28 10:00:00.000000Z,0.0001221923085426,42165868.06946603,0.1644644601159304,95.15181147386156,98.35970781833085,212.17283264070568,-0.0343342177809697,98.01157688971112,35792092.078874044,29460442.688906822,30172869.807595924,-92000.36030633649,-2199.7850696488413,2147.582713265881,5.735329506177871
2023-02-28 12:00:00.000000Z,0.0001270823676153,42166263.575162016,0.1649226619336505,95.04622082741469,91.01643764531023,249.69722629031256,-0.021203159444038,98.00497646124374,35789985.30778881,10372713.464983271,40872432.6029769,-40089.98353029794,-2980.0589153264427,755.9173170446206,8.353318972935456
2023-02-28 14:00:00.000000Z,0.0001376632899158,42166320.51141489,0.1655575309513632,95.02962250694176,90.06507228216189,280.7444736575794,-0.0020443012883724,98.00212038942614,35787100.56397851,-11508461.596786974,40564295.24074724,22849.972097921396,-2957.79471696203,-839.5905798204714,8.726425240983994
2023-02-28 16:00:00.000000Z,0.0001468739406076,42166026.280890256,0.1660314041330118,95.10547846583997,94.70382957213252,306.1132806852675,0.0179752025934568,98.00339964708016,35784238.58330415,-30289360.827566262,29329407.72532233,79861.06618326668,-2138.6909141752108,-2209.2331718906776,6.742620309697469
2023-02-28 18:00:00.000000Z,0.0001531208528454,42165715.16931473,0.1661977259482419,95.182570328425,101.48281060006808,329.34419526481383,0.0333634530321049,98.0082515328747,35782023.78517844,-40909361.104224406,10192643.830431355,115510.22670154151,-743.1761095485829,-2983.849817036499,2.928749619166441
2023-02-28 20:00:00.000000Z,0.0001577629965808,42165632.66267528,0.1662096201667814,95.18485307379682,108.60849841291848,352.3055611568452,0.0398342362010234,98.01545905721012,35780903.37248054,-40505575.5411955,-11690535.207009276,120087.09098017545,852.7707081122979,-2954.478351176,-1.6891649545693368
2023-02-28 22:00:00.000000Z,0.0001608564657029,42165816.58580884,0.1663157228482163,95.1167906282253,115.69541836245855,15.376708213990408,0.035510102743286,98.02333574310023,35781139.66950053,-29186007.54040324,-30423232.254193757,92258.67794896707,2218.9572418928506,-2128.918194461157,-5.864295385112117
