Timestamp,Eccentricity,Semimajor Axis (m),Inclination (deg),RAAN (deg),Argument of Periapsis (deg),True Anomaly (deg),Latitude (deg),Longitude (deg),Altitude (m),X (m),Y (m),Z (m),Vx (m/s),Vy (m/s),Vz (m/s)
2022-09-01 00:00:00.000000Z,0.0001274829924716,42165940.89713209,0.1180651554792598,89.71032356881491,202.94061613329407,216.18095975081584,-0.0047040904222053,168.98000774015105,35792142.480219446,-36083029.882865,21825257.47158597,74580.15114015674,-1590.8940153110725,-2630.6345529077757,3.2507936217402555
2022-09-01 02:00:00.000000Z,0.0056581316307379,41933188.91853162,0.1180378597557355,89.65027770357449,238.2535021406235,210.9350506879925,-0.0068221275830315,168.9048045128453,35758208.331234895,-42127603.09804405,853885.8822209961,86798.39522170412,-53.210548933935,-3067.7541479287866,0.0710437292974959
2022-09-01 04:00:00.000000Z,0.0056524837404967,41933528.13494167,0.1181127535490831,89.51851251608966,238.32448831034927,241.0930592958404,-0.0072178359949105,168.91990009990457,35668938.46202469,-36797848.78230564,-20343774.95200468,75502.1687863184,1501.0045605402245,-2683.4990593617345,-3.14063785109803
2022-09-01 06:00:00.000000Z,0.0056601074881409,41932764.528925024,0.118358928844195,89.39768927265138,238.6196086201264,271.170036185123,-0.005824975326902,169.08903996548307,35548438.39198197,-21476119.404814377,-36008500.66543026,43580.028996965455,2657.2177595982544,-1564.5042585937158,-5.522834014761165
2022-09-01 08:00:00.000000Z,0.0056703933024126,41931731.67239103,0.1186450957157189,89.35831611401476,238.9538976184762,301.30370344879066,-0.0029992312181806,169.4354886030003,35429074.40217804,-280253.35480360105,-41806272.05488604,-389.225792165792,3092.3274725635474,-5.791417584235092,-6.403171450755869
2022-09-01 10:00:00.000000Z,0.0056856222563949,41931528.0082198,0.1188057996126802,89.37651905336371,239.1719259915868,331.649065995438,0.0005486206483089,169.9349477181223,35343275.60912785,20985090.359724782,-36059676.75959957,-44324.804675980085,2673.9642426041364,1565.7637854221346,-5.50895536937375
2022-09-01 12:00:00.000000Z,0.0057071201198119,41932227.67562705,0.1188214040449163,89.37987278678374,239.35387869952152,2.131279017323016,0.0039058486289857,170.52033250165397,35314942.083853096,36417793.22745074,-20299049.42755696,-75975.41971537756,1510.2437556173802,2708.141324904725,-3.0710172686073145
2022-09-01 14:00:00.000000Z,0.0057217924985032,41933020.18083204,0.1188003009848582,89.32517111940507,239.57754988029652,32.62330735952192,0.0061986172898851,171.09919599830943,35352407.3669117,41715654.16861983,1111330.1242601788,-86462.57558583315,-72.99637776941448,3097.185789910655,0.2269796940359792
2022-09-01 16:00:00.000000Z,0.0057202806152298,41933182.595286034,0.1188689968993189,89.2264157076999,239.74297711440272,63.11976461312227,0.006848802012455,171.58019096736132,35445505.25602625,35433853.78383376,22218320.041551,-72884.09756484914,-1628.8012318535775,2627.2411423191143,3.452488001303666
2022-09-01 18:00:00.000000Z,0.0057094609922177,41932661.246467695,0.1190774235011895,89.1375820863497,239.72667677708347,93.6267942717373,0.0057386964006309,171.8999525116468,35568306.90433694,19374481.39215001,37203925.846179366,-39097.55692612072,-2725.4891812282567,1439.1513727850763,5.708750537075044
2022-09-01 20:00:00.000000Z,0.0056994554706321,41931941.84857568,0.1193593925921873,89.10951095825686,239.53827826352236,124.0663608607521,0.0032193809213854,172.04091499373357,35686737.609887585,-1991898.1853405768,42017686.59987634,5509.420020909101,-3070.6041054222705,-130.99313192047265,6.391722332706352
2022-09-01 22:00:00.000000Z,0.0056905426578307,41931604.31018609,0.1195742403207081,89.14191948943763,239.27883983891417,154.3694369769436,-2.2127829314643603e-05,172.03482647495855,35768346.39176057,-22824983.116878398,35430831.66834667,48737.00286828358,-2582.747879001912,-1654.8176897547892,5.337786131786544
2022-09-02 00:00:00.000000Z,0.0056781200672326,41931947.86034958,0.119629779597783,89.16594648084784,239.0419683289028,184.5821440132248,-0.0031699239529694,171.95255427330287,35791135.82527648,-37502614.37784046,19281993.238515824,78880.82098826885,-1400.5792913451835,-2727.1343855189943,2.8411251548786907
2022-09-02 02:00:00.000000Z,0.0056650654301383,41932751.09017255,0.1196105529379581,89.09340638680268,238.9010224485272,214.8096942864308,-0.0054879452805342,171.88448416665355,35749216.01278824,-42076818.94552012,-2060940.892244956,87760.53888256502,160.09112638385122,-3064.6788992961933,-0.4353934260068722
2022-09-02 04:00:00.000000Z,0.0056610918489838,41933276.588199705,0.1197440111218224,88.91945886462035,238.94090506929533,245.0582471214399,-0.0064767742840203,171.91683807096916,35654137.83554355,-35283638.9386041,-22842321.40805904,72826.97924816511,1684.8175087960112,-2573.361182555493,-3.621945441063082
2022-09-02 06:00:00.000000Z,0.0056664648766924,41932917.49255016,0.1201360913471577,88.75905500196383,239.1816292716948,275.252463586416,-0.0059513785856829,172.109240840736,35531694.04985683,-18900635.398224257,-37405861.599993415,37922.47073887054,2761.1001946738816,-1375.6573912193044,-5.850511676175016
2022-09-02 08:00:00.000000Z,0.0056724290705803,41932049.21202214,0.1205961974298394,88.7163079311088,239.474274707134,305.4541807404735,-0.0040520224900957,172.47872194856708,35415050.76724972,2656794.481027246,-41708655.333299205,-7557.334894667466,3086.183553758923,210.86288402264017,-6.484237737971592
2022-09-02 10:00:00.000000Z,0.0056800525630968,41931635.24923694,0.1208677379750204,88.75875082969007,239.6863920181175,335.7972761254731,-0.0012207944346427,172.99424279285384,35336033.48947447,23472324.38619789,-34483610.57603563,-51080.070038073376,2557.949574589115,1749.839631330592,-5.314875716626251
2022-09-02 12:00:00.000000Z,0.0056926491472601,41932010.99691169,0.1209138295841669,88.77818336645677,239.8884609365248,6.247498590438131,0.0018672071548695,173.5838319546834,35316571.41136121,37761706.81114711,-17677548.845006183,-80467.68253497304,1316.3309314979538,2807.373257832979,-2.650954729104221
2022-09-02 14:00:00.000000Z,0.0057015545137386,41932662.14173113,0.1209011183104426,88.71236012332761,240.15756217473785,36.69637940502723,0.0044548598769084,174.15385628787115,35362341.948667504,41543564.52508767,4048726.002859719,-87448.02477394463,-289.97265632733377,3083.6951309018614,0.7579470127066937
2022-09-02 16:00:00.000000Z,0.0056987877653363,41932964.74301987,0.1210157780986062,88.58615213481029,240.39914586819123,67.1251170589458,0.0059115443746213,174.6158354572917,35460782.9527621,33800868.47528361,24657485.703254037,-70084.98439034482,-1807.990766494129,2505.902149507565,3.948136435007741
2022-09-02 18:00:00.000000Z,0.0056889072154383,41932740.22794496,0.121321116486876,88.47803808262871,240.4667762360988,97.54402340590543,0.0059118191715355,174.91212396263478,35584587.45512344,16740058.84714854,38479079.59649764,-33269.77551289649,-2818.1698047617506,1244.9929309472996,6.0352639373302415
2022-09-02 20:00:00.000000Z,0.0056808647143393,41932228.24339643,0.1217196581720233,88.45498288214888,240.32268346934796,127.91288749313638,0.0045091282728377,175.03170566528917,35699617.94608363,-4902339.186145375,41791199.64584152,12804.567490379326,-3053.118541990956,-344.2363583998707,6.464006058799482
2022-09-02 22:00:00.000000Z,0.0056773018912072,41931810.00266813,0.1220270534895413,88.51436996785013,240.04814482314995,158.19028914057932,0.0020899699569179,175.01182101171847,35774505.38605436,-25222556.61136035,33773729.59288868,55565.25309049173,-2461.2138603536723,-1829.9506922368168,5.139030318065514
2022-09-03 00:00:00.000000Z,0.0056748504974078,41931804.83905597,0.1221295847665075,88.57090241004735,239.77116411234417,188.40766396703955,-0.0007544253843114,174.92661274359878,35789038.157837376,-38742662.69169312,16645413.356865132,83441.76538984716,-1207.9086041869712,-2817.9338761912354,2.4241325898522303
2022-09-03 02:00:00.000000Z,0.005671931433645,41932289.84597835,0.1221294433732188,88.51701866846885,239.59819297920043,218.6571675193339,-0.0033848296889899,174.86712682869594,35739350.52712575,-41823516.93099552,-4966718.591061816,88845.65974525096,372.8233022772704,-3046.8370523471112,-0.9625091094550404
2022-09-03 04:00:00.000000Z,0.0056730587213695,41932886.229508825,0.1223074417341759,88.33896691368147,239.5884802807413,248.97761062377143,-0.0052510277497648,174.91767129463366,35638909.068084486,-33598085.17822901,-25230852.43268,70129.51784888275,1860.7028667688523,-2450.5845273135974,-4.121952656518337
2022-09-03 06:00:00.000000Z,0.0056794198298982,41932952.8526685,0.1228184946365913,88.16706246125322,239.73824087879808,279.29778248639576,-0.0059774373287723,175.13356521299815,35515022.14958335,-16232137.717675786,-38620635.11047189,32129.286674057243,2851.626851130272,-1179.7905457090956,-6.190482815964877
2022-09-03 08:00:00.000000Z,0.0056836210675491,41932384.90690203,0.1234466598191559,88.13543448452609,239.94232117892037,309.59955060421674,-0.0054020974855762,175.52565125104414,35401532.19909597,5581483.103899878,-41405163.71262191,-14921.8599563342,3064.817633954161,426.7692178452621,-6.5699010842773164
2022-09-03 10:00:00.000000Z,0.0056843662934177,41931839.44695598,0.1238477594786278,88.21533802097471,240.1044343634622,339.97030166794406,-0.0036097118113069,176.05628427192627,35329605.31913801,25843850.690571558,-32735726.38958308,-58039.48957885554,2429.1648605356704,1925.408178280862,-5.118611296863919
2022-09-03 12:00:00.000000Z,0.0056865355801742,41931847.56292099,0.1239460989398077,88.2706957332996,240.28332820719032,10.410689367698913,-0.0009613723510742,176.64878868799067,35319144.95723787,38918463.9430012,-14966938.22519865,-85129.90836257883,1115.842586214873,2892.7066919292347,-2.2239286020456084
2022-09-03 14:00:00.000000Z,0.0056872704172117,41932262.43985393,0.1239490752584744,88.2178430413852,240.55521384134525,40.83364305489264,0.0019451207333814,177.20864068340103,35373111.314269274,41165655.17011896,6967620.138384287,-88542.75668741524,-505.4449065453487,3054.9577922185244,1.2984437922115166
2022-09-03 16:00:00.000000Z,0.0056810406800112,41932643.80216589,0.1241004667624054,88.08680298885409,240.8413039327212,71.20269449871128,0.0044193018102844,177.6506078021214,35476536.31921293,32000964.75480628,26976793.74836415,-67323.60121919612,-1978.1758241207244,2372.329654589424,4.453818285817057
2022-09-03 18:00:00.000000Z,0.0056701025070542,41932728.28030686,0.1244837081466333,87.97555318218696,240.9813315514692,101.52853710767889,0.0058719325083369,177.92309395100798,35600813.85059962,14022899.87180452,39567535.20650669,-27411.04613480521,-2897.0522402594843,1044.905038727877,6.370560986448467
2022-09-03 20:00:00.000000Z,0.0056620232484335,41932497.31376843,0.1249808753311693,87.96601522048569,240.88839028509912,131.81183198007184,0.0059711770603901,178.02177515510445,35711897.22550512,-7790319.811912096,41362803.22805961,20184.886501128443,-3020.883920022676,-555.7198706814434,6.542372655819085
2022-09-03 22:00:00.000000Z,0.0056620477111584,41932086.893803634,0.1253734998351463,88.05777506135455,240.61512740028536,162.04297055644307,0.0047084300428821,177.98927595348275,35779677.62829302,-27499828.661509696,31953667.24382559,62509.83803505056,-2327.845776428849,-1996.289481767626,4.942780756790693
2022-09-04 00:00:00.000000Z,0.005668802386901,41931767.52041181,0.1255253573961163,88.15835886900786,240.3132580642801,192.2397871662566,0.0023729220988709,177.90267213868285,35785869.27741307,-39797105.746874936,13927886.904040352,88124.45153941163,-1009.3269371788132,-2895.249200186482,2.006279458827294
2022-09-04 02:00:00.000000Z,0.0056770458102938,41931859.82092795,0.1255392058005273,88.14841023793697,240.1164702089209,222.47917068925412,-0.0005345472505978,177.85318439059134,35728670.55566715,-41368566.47014056,-7849639.722984802,90038.62911267186,583.9843303383232,-3014.278961746149,-1.492282518706479
2022-09-04 04:00:00.000000Z,0.005685813137719,41932388.88948053,0.1257271389346396,88.00059972912803,240.0576467385436,252.8375044816848,-0.0034107567347744,177.92274976859585,35623365.77087125,-31748946.860203505,-27497746.25680968,67520.8800342154,2027.7908430109649,-2315.717641341112,-4.624275057637528
2022-09-04 06:00:00.000000Z,0.0056963731357387,41932841.92589748,0.1262996620937264,87.8437535643369,240.10186034089023,283.2716848634175,-0.0056498880827226,178.16216330788347,35498581.68333115,-13483431.252721306,-39646638.592396006,26412.92411373864,2928.303166809857,-977.8360250723036,-6.531529970100313
2022-09-04 08:00:00.000000Z,0.0057022562040239,41932691.73379159,0.1270559798656979,87.8346165049439,240.18570835121997,313.6931208919259,-0.0067274618394928,178.5761757935394,35388667.91155629,8479350.43024883,-40897018.41452448,-22216.627221865307,3028.282132670484,640.8524367245036,-6.656872438706997
2022-09-04 10:00:00.000000Z,0.0056983514568215,41932134.2090824,0.1275828829627135,87.96075441941919,240.25707432093208,344.1223632681443,-0.0063023477613736,179.12078726919603,35324067.967863485,28087663.32443953,-30824549.470104843,-64946.88729974809,2288.226467028273,2091.5699788207235,-4.926341217586918
2022-09-04 12:00:00.000000Z,0.0056898867861989,41931770.01057025,0.1277415403767803,88.0690870220246,240.36488477386564,14.582447320140483,-0.0043507897150874,179.71487950621267,35322646.16398536,39882049.47076211,-12180697.256622376,-89782.14558289104,909.782403797518,2963.7023387086538,-1.8045812749886527
2022-09-04 14:00:00.000000Z,0.0056807110025906,41931855.1062891,0.1277552577525572,88.05268928382189,240.58726204818907,45.007043978191135,-0.0012512290932982,-179.73667905244932,35384629.995101735,40583612.462849736,9853479.67907169,-89692.61763827092,-718.3345202206855,3011.1255051099297,1.8289309637846376
2022-09-04 16:00:00.000000Z,0.0056690159788795,41932228.42621092,0.1279191540332121,87.93873187606435,240.8753459118562,75.33616999235956,0.0022765748626657,-179.31556117028393,35492655.21560627,30042879.192818683,29164781.259815328,-64688.73538218245,-2138.523955991265,2227.1981522195497,4.950260105010705
2022-09-04 18:00:00.000000Z,0.0056549907833872,41932600.999597006,0.1283442251486395,87.83823597928169,241.0670552847091,105.57559692052229,0.0053698997303863,-179.06705527584464,35616889.09242584,11236156.195886258,40463941.20858982,-21732.40037811053,-2961.766243195963,839.8669062764382,6.700698150697027
2022-09-04 20:00:00.000000Z,0.0056445822395402,41932708.039101385,0.128905214030672,87.84634672635012,241.0283615362464,135.76667942315206,0.0072642456328245,-178.98869034536105,35723509.715529874,-10641931.678847907,40734471.853466295,27369.550902880503,-2974.059229470952,-764.4334618741095,6.621753371388992
2022-09-04 22:00:00.000000Z,0.0056456951014494,41932404.2923442,0.1293600018147399,87.96925602353659,240.77455516475956,165.9358336394394,0.0074838556173448,-179.03256793646693,35783829.098976634,-29645776.74743366,29979234.56824164,69289.5680482512,-2183.2662358975804,-2153.0438961811665,4.753943962687408
2022-09-05 00:00:00.000000Z,0.0056595920904646,41931842.30948742,0.1295494863806566,88.11582166704014,240.47001306357456,196.08950945992697,0.0059381593614283,-179.11900345617096,35781622.97698759,-40660613.42943087,11142319.361471122,92715.08647621523,-805.760170889026,-2958.696009204681,1.6009385508319232
2022-09-05 02:00:00.000000Z,0.0056783194697158,41931511.94221124,0.1295612661092151,88.1620811115905,240.27067082284583,226.28665037414052,0.0029261884193883,-179.15708019649148,35717205.36805774,-40713744.47232027,-10695818.577376816,91241.88602487827,792.5663610312295,-2967.1248451894257,-2.0064762728715944
2022-09-05 04:00:00.000000Z,0.005695772007415,41931836.50793465,0.1297152817262264,88.06619121346522,240.18398915235068,256.6407164035245,-0.0009283533484332,-179.06772040806632,35607594.29415117,-29744800.827843785,-29631811.0473803,65038.97638806408,2185.242871369187,-2169.3771630041083,-5.110225020891635
2022-09-05 06:00:00.000000Z,0.0057128219885642,41932570.09576012,0.1302736919582515,87.94227579937795,240.13744215711543,287.1561107269795,-0.0047860198607065,-178.8049230608834,35482523.2225408,-10667793.993753644,-40478545.02427111,20935.124554899998,2990.697008526395,-770.7729836113581,-6.8585154643437125
2022-09-05 08:00:00.000000Z,0.0057240162361469,41932911.61668915,0.1310876687890252,87.95922686143496,240.0951329089678,317.69860468937736,-0.0077303671282798,-178.3699219699036,35376629.129539855,11335978.375541463,-40186505.65190357,-29193.474032058184,2976.7069808224205,852.0281789546192,-6.736715863528178
2022-09-05 10:00:00.000000Z,0.0057192021374022,41932495.63200787,0.131709213308814,88.13048896535243,240.0509674568524,348.21085958082057,-0.0089518136106228,-177.81270525227316,35319540.019634746,30192345.5128339,-28759579.715522096,-71524.89460784488,2135.820626741098,2247.4597214668283,-4.738588593884836
2022-09-05 12:00:00.000000Z,0.0057016992770328,41931807.7810208,0.1319208439042321,88.29974831159797,240.0470719643486,18.72187801950021,-0.0079877521595691,-177.2184577655465,35327098.924495645,40647444.52544771,-9332903.414745944,-94185.3754065432,699.1941832963431,3019.9887134299734,-1.4028442362075766
2022-09-05 14:00:00.000000Z,0.0056821152029602,41931486.670948416,0.1319305857266576,88.33643721876469,240.16756519123496,49.18267039931549,-0.0049343134134657,-176.6826179843757,35396838.915573515,39800259.20053468,12691719.476291154,-90758.1341837726,-927.564846432537,2952.4295660882017,2.33229562624396
2022-09-05 16:00:00.000000Z,0.005663631630712,41931743.23904093,0.1320730225454933,88.25633024091479,240.4092061585633,79.50284012233621,-0.0004834582111654,-176.28304902693998,35509040.38946879,27936322.556105018,31210473.332865763,-62177.45919769675,-2288.244096195256,2071.249059333243,5.417496999769178
2022-09-05 18:00:00.000000Z,0.0056448298412023,41932348.29614887,0.1324926241392579,88.17574969965096,240.6247302332097,109.67452825522702,0.0042616028689433,-176.058552177319,35632716.05342862,8393554.0972983,41163816.1000876,-16369.50677327421,-3012.0083064817627,630.8950132514565,7.007990798891114
2022-09-05 20:00:00.000000Z,0.0056298791004134,41932820.602917686,0.1330701485576151,88.20043759379544,240.63733910138745,139.778109938049,0.0081017149596372,-175.99980854474245,35734383.217315,-13443207.061395245,39909189.15392914,34117.41794242248,-2912.876978116424,-969.3657948451784,6.691167977955848
2022-09-05 22:00:00.000000Z,0.0056291903221847,41932718.47770777,0.1335515118128065,88.34608354147869,240.41943502782496,169.87854798128885,0.0100568515047859,-176.0537633852561,35786913.970265485,-31649819.98982949,27859912.060119536,75616.68778614452,-2028.1609187662784,-2299.4569677560044,4.570809608058404
2022-09-06 00:00:00.000000Z,0.0056470916029567,41932016.577978045,0.133757501825766,88.52925071139222,240.13781989511617,199.97446713055783,0.0095943283211383,-176.1384269372805,35776272.29227366,-41328668.87176536,8302165.5672190115,96947.98896598788,-598.1721580082651,-3007.949854225683,1.2157472862947738
2022-09-06 02:00:00.000000Z,0.0056739923549182,41931285.37577934,0.1337502633795623,88.62862448534048,239.9654011437493,230.10442571145165,0.0067413060094324,-176.16364807751162,35704949.05342975,-39861788.63388984,-13491309.21961563,92272.44079312554,997.5599564758132,-2905.5683423741125,-2.490352730342844
2022-09-06 04:00:00.000000Z,0.0056994007758944,41931293.125857554,0.1338344072577384,88.59030274765085,239.8873156738592,260.4128991029588,0.0020841914195883,-176.05371669824595,35591632.47288319,-27595048.292506773,-31622317.08628818,62621.34663886448,2332.259563911343,-2012.2480577141653,-5.561806393376922
2022-09-06 06:00:00.000000Z,0.0057237356063353,41932155.59019758,0.1343059229758556,88.5061342312824,239.78858964419737,290.9638878080501,-0.0033342016724263,-175.76775743090465,35466953.002267264,-7798917.484138761,-41111898.45899664,15762.758291614336,3038.448659703612,-559.6225505771251,-7.154159337101411
2022-09-06 08:00:00.000000Z,0.0057430546732021,41932990.14785004,0.1350905160869559,88.54439910724454,239.6439773764358,321.6072140716655,-0.0082079364865104,-175.3129135393975,35365571.48988106,14137112.270094693,-39276939.57644326,-35673.83905084118,2910.305918262575,1059.212157336631,-6.796203558179478
2022-09-06 10:00:00.000000Z,0.0057419450485385,41932874.494485766,0.1357496883016666,88.74773066484032,239.4861545520161,352.21204210468613,-0.0112451030785327,-174.74471168737992,35316156.82936054,32147207.03067102,-26551180.920175143,-77522.46033051188,1972.7019671257783,2392.256441048364,-4.548904068251667
2022-09-06 12:00:00.000000Z,0.0057189773404452,41931973.20564143,0.1359915865829007,88.97147926481146,239.35120912799653,22.79819306329089,-0.0115170489479335,-174.1518922178355,35332558.27451013,41210725.6233683,-6438056.819311222,-98072.411677616,485.1530812626697,3061.2689111015707,-1.020903544273587
2022-09-06 14:00:00.000000Z,0.0056902325682737,41931209.28840923,0.1359793292014095,89.06561675708546,239.33008675960136,53.32936008641795,-0.008790414317562,-173.629844614278,35409707.48790291,38819576.21898732,15467904.619022612,-91519.27805953934,-1132.0733298447278,2879.1812919895588,2.7978129928519047
2022-09-06 16:00:00.000000Z,0.0056648189784919,41931233.50587841,0.136067046787246,89.02775023485468,239.47862651852884,83.67824868837377,-0.0036663590533563,-173.2524175558325,35525612.936619215,25691916.891937543,33103566.34159571,-59671.00421250004,-2426.5974880483427,1905.28502381372,5.838684493930835
2022-09-06 18:00:00.000000Z,0.0056404049166274,41931977.10857428,0.1364326092366587,88.9709651545484,239.68378501897988,113.81260048666518,0.0025726089267605,-173.05182745603332,35648212.42134277,5509268.328432018,41663675.7822397,-11334.854822002486,-3047.5479167513718,419.0337323157448,7.273578731623504
2022-09-06 20:00:00.000000Z,0.005619242903431,41932803.00761374,0.136974175002125,89.00700819456878,239.73675867149888,143.8456324309353,0.0083325716762153,-173.01191397388448,35744458.381177165,-16180273.007693538,38891003.89511772,40286.90616890328,-2837.644429652217,-1169.5144251224474,6.734356431584783
2022-09-06 22:00:00.000000Z,0.0056139950664559,41932977.64426955,0.1374396471842092,89.16145624556853,239.5650263389206,173.88236904424346,0.0121353662943721,-173.07459648249173,35788896.45882845,-33501966.72074224,25606060.498378444,81254.12564411706,-1863.2755799360957,-2434.813072633074,4.383631747401278
2022-09-07 00:00:00.000000Z,0.005632248030796,41932254.45452565,0.1376379872148712,89.36301094168405,239.3289267008296,203.9177868589607,0.0129769128208085,-173.15585812096228,35769789.936929695,-41797683.67775148,5421372.015368113,100546.67648406953,-387.55887894821416,-3042.7509980106947,0.8496909494419468
2022-09-07 02:00:00.000000Z,0.0056638179810019,41931195.73632629,0.1376021189664052,89.49923024614364,239.21257549519623,233.96917054274323,0.0105571254704921,-173.16674078845213,35691872.973147735,-38816463.43312567,-16222184.78747601,92878.12243025008,1197.9618974655878,-2829.877342490298,-2.936332194477243
2022-09-07 04:00:00.000000Z,0.0056948714232996,41930824.36664082,0.1376016456912397,89.5100454839399,239.18284508432703,264.2015536584468,0.0053612651120339,-173.03540762422617,35575465.44732649,-25309920.479776,-33459065.62021968,60095.10712377632,2468.0898640035666,-1845.079429815714,-5.965055427997047
2022-09-07 06:00:00.000000Z,0.0057254460093695,41931644.732262254,0.1379382028224576,89.46267341451667,239.08347025375917,294.7393474114109,-0.0014173746537741,-172.7264959629563,35451906.43334973,-4890849.016294365,-41543134.355895504,10836.173617908702,3071.278793795948,-345.43839579518044,-7.401517587798716
2022-09-07 08:00:00.000000Z,0.0057539746306365,41932890.17694527,0.1386106640219711,89.5118479304141,238.88417757704107,325.44504131512906,-0.0081149197832559,-172.2530555811888,35355594.00897062,16868765.126478285,-38172599.29449609,-41594.5063233729,2829.380123085489,1261.3333484169486,-6.8186390662975525
2022-09-07 10:00:00.000000Z,0.0057609007412963,41933199.44455034,0.1392343937269515,89.72398496365514,238.64514118062505,356.1314517439276,-0.0129732194216257,-171.67567959154087,35314033.579964675,33942386.68791895,-24210423.856241275,-82765.97503954012,1799.6888786134,2525.195652741828,-4.3438176718984405
2022-09-07 12:00:00.000000Z,0.0057375773357059,41932249.61803733,0.139473120938897,89.97952228449809,238.39250145132527,26.800342255434696,-0.0146041742981736,-171.08602598955932,35339087.2700142,41569104.45859589,-3510856.743124655,-101193.47139572004,268.75340697055015,3087.326432997889,-0.6515322849362233
2022-09-07 14:00:00.000000Z,0.005702804859135,41931068.14645352,0.1394263540395539,90.12031769860496,238.21568303574728,57.42553772454768,-0.0124315027698538,-170.57898775715273,35423222.120947964,37646641.00264706,18167983.81409225,-91703.99782877968,-1330.826284277639,2791.7689647124894,3.224230838309297
2022-09-07 16:00:00.000000Z,0.0056718257724081,41930760.10061733,0.1394394521015007,90.1231958113569,238.23589374292743,87.83935960090027,-0.0069218556525041,-170.22421172007222,35542310.12510979,23321034.539965097,34834609.12909308,-56938.14265963862,-2552.90947184474,1730.1590346671092,6.203902730356723
2022-09-07 18:00:00.000000Z,0.0056421782730142,41931520.77818408,0.1397133877095288,90.08948132545882,238.39466396628455,117.97334033677856,0.0005293396975086,-170.04731060345745,35663312.62666174,2597697.7048518453,41961117.84939474,-6494.18177707192,-3068.2329278604284,205.34011205558488,7.480982763061265
2022-09-07 20:00:00.000000Z,0.0056142021312277,41932642.01514414,0.1401710782971306,90.1296570710079,238.46817010024975,147.96374532419858,0.008002291564869,-170.02535928737203,35753698.42279819,-18839585.491750248,37685003.24341263,45881.387395977545,-2748.741152545135,-1363.900604501933,6.7321960765151045
2022-09-07 22:00:00.000000Z,0.0056023919474107,41933132.77083516,0.1405786240657295,90.27665517208116,238.34314172800288,177.95386544350956,0.0135710256303148,-170.09540444915177,35789770.14188495,-35193007.515190735,23228801.22285917,86072.12294244816,-1689.4075903356963,-2558.4483218119667,4.175332816729906
2022-09-08 00:00:00.000000Z,0.0056175551771396,41932503.82436549,0.1407471814841326,90.4735334624922,238.16624439637536,207.93977057882896,0.0157779453509549,-170.17165263409117,35762176.518304564,-42065117.70754731,2514205.451292828,103278.66950646989,-174.93720660204957,-3062.9082143336263,0.4919032191905066
2022-09-08 02:00:00.000000Z,0.0056498610109737,41931230.27041316,0.1406843379391741,90.62254587570982,238.1260478585123,237.91802832551525,0.0139782228702348,-170.1667129871966,35677957.64173117,-37582599.69185399,-18874710.299908392,92778.78996349484,1392.7856543448888,-2740.3908009928878,-3.346547745817165
2022-09-08 04:00:00.000000Z,0.0056832381798924,41930482.22164676,0.1406111473749046,90.66469183785551,238.1754911841564,268.06219511626966,0.0085110790440589,-170.01309142895772,35559050.2466839,-22900451.812103752,-35132516.41155583,57197.17852114151,2592.038491377321,-1668.6755557151218,-6.313270594916967
2022-09-08 06:00:00.000000Z,0.0057174796479648,41931109.64445596,0.1408020738644307,90.64510087210346,238.1241851749487,298.5469670760557,0.0006637218489077,-169.6813517815735,35437351.00630468,-1957923.1615182615,-41769624.59125829,5966.918344102165,3088.9924153670963,-129.2933075815547,-7.587031430343072
2022-09-08 08:00:00.000000Z,0.0057541833709164,41932618.50970097,0.1235969286250102,89.98863028202688,238.63208758520932,329.2684866084369,-0.0008425763348632,-169.19053350861662,35346716.499279045,19517309.28179721,-36878669.498813584,-42118.07049970124,2734.319383102396,1457.3488088618938,-5.897786091905309
2022-09-08 10:00:00.000000Z,0.0057717352026197,41933399.47789889,0.1241091537218939,90.21269328903908,238.33827041798912,0.0050326898322224,0.0001223468633753,-168.60587663317423,35313234.00088987,35568926.84713939,-21748929.85231422,-76871.0335015678,1617.6574236718532,2645.5804852228853,-3.5252839096635427
2022-09-08 12:00:00.000000Z,0.005753446243732,41932588.399372354,0.1243024250762534,90.50210375709582,237.9791562150185,30.74150675877671,0.000683023268311,-168.0212414935199,35346734.49390462,41720934.34952435,-565993.04939229,-90498.91335801264,51.09639367080709,3098.027902957722,-0.1697479033471726
2022-09-08 14:00:00.000000Z,0.0057171993183261,41931090.45734167,0.1242169251433543,90.68714369533078,237.64522895910412,61.463306982074414,0.0007649976425608,-167.53046353113632,35437375.14881085,36287537.90065789,20778483.48180141,-79205.88267541077,-1522.8324854519074,2690.651201389274,3.231303011879926
2022-09-08 16:00:00.000000Z,0.0056834186568389,41930395.10523825,0.1241573679389588,90.72417009061286,237.5192452364608,91.96608318507027,0.0005016247575066,-167.1987792491185,35559080.876081884,20835621.982766803,36395122.89567824,-46143.09860357674,-2666.579321326201,1546.7610353646896,5.735542170955806
2022-09-08 18:00:00.000000Z,0.0056502392761144,41931044.53027035,0.1243244154240201,90.70781599995114,237.6022245930465,122.1351272759984,0.0001238393189289,-167.0452443657249,35677966.94013633,-326758.1655101151,42054834.53242704,-418.32387444428105,-3073.992622622033,-9.131742045847332,6.669911842085889
2022-09-08 20:00:00.000000Z,0.0056162387877227,41932360.45947646,0.124664929786828,90.7519609799158,237.66359711928447,152.11666254230997,-0.0001465324077883,-167.040326209408,35762093.47614736,-21408149.404556103,36297218.76105143,45539.73415411378,-2646.6152189895706,-1551.5827377296798,5.802359727234586
2022-09-08 22:00:00.000000Z,0.0055971782658647,41933159.28299844,0.124978624495407,90.8957143667098,237.5561245432466,182.0864508733005,-0.0001673967816415,-167.11639191672668,35789572.29600054,-36714687.69535472,20739843.66750802,79368.45653614904,-1507.397080535416,-2669.7585269523074,3.378707715648444
2022-09-09 00:00:00.000000Z,0.0056068074332567,41932715.29309247,0.1250980030674834,91.08999479076476,237.41499621732876,212.04572369737863,8.873036867609307e-05,-167.18610196935836,35753489.36549943,-42129579.78520851,-404951.982301089,91984.86736077734,38.6655262757094,-3068.2997866081078,0.0430327554513775
2022-09-09 02:00:00.000000Z,0.0056363579901045,41931359.704752445,0.1250168928805022,91.24541273673393,237.43693489742523,241.9726631217364,0.0005301949423579,-167.16394071066108,35663236.50896112,-36166125.90473257,-21435532.132435583,79910.96406103008,1581.0697387505006,-2637.513805665689,-3.3239328520834017
2022-09-09 04:00:00.000000Z,0.0056686186612901,41930300.00151672,0.124902558164047,91.3049824123464,237.571459251374,272.0374904152623,0.0009694125985474,-166.98715394655972,35542367.03756886,-20378466.572914194,-36633927.19244395,46231.57632219261,2703.4699574300016,-1483.8873789330053,-5.818268819475192
2022-09-09 06:00:00.000000Z,0.0057031864341398,41930638.42150531,0.1249739930754713,91.30170949709878,237.6010323655369,302.4478532806846,0.0011741805691235,-166.63262528860642,35423227.86892366,985264.320214252,-41789751.84321386,-77.79394709465396,3091.4787433305123,87.73012728173319,-6.7457747181480405
2022-09-09 08:00:00.000000Z,0.005744686218359,41932202.43593232,0.1252938218222907,91.34702649638096,237.4557005115992,333.13708265240103,0.0009469804820076,-166.12554529476992,35338891.102678254,22069428.565279968,-35401251.40380367,-46428.07183519656,2625.58819378126,1646.2518626930812,-5.8246604102400354
2022-09-09 10:00:00.000000Z,0.0057726646213573,41933401.50203589,0.1256549000600221,91.52019953773656,237.21176238530592,3.880060372938045,0.0002228275473534,-165.53546749764502,35313745.52243992,37018632.083497606,-19178830.526816864,-80040.95939229865,1427.5295627737194,2752.787396840205,-3.2897675390158216
2022-09-09 12:00:00.000000Z,0.0057633599502504,41932887.6991621,0.1257868285472175,91.75992966097404,236.8640495908637,34.64792237385188,-0.0008531409629573,-164.9577231831253,35355486.53784981,41665494.17305294,2381919.4413031843,-91589.78660562466,-166.71876735956508,3093.324045043332,0.1572755970382396
2022-09-09 14:00:00.000000Z,0.0057304314964208,41931238.4682951,0.1256853116902925,91.92943760706662,236.4546598318142,65.44323594348367,-0.001938751042544,-164.4844262637508,35452104.305775605,34749090.40058612,23286556.961637814,-77903.15567971402,-1707.148350086455,2576.3512056172917,3.5524416798274907
2022-09-09 16:00:00.000000Z,0.0056973808395262,41930169.88417312,0.1255838824712851,91.97911894098816,236.2009662483267,96.03766598458336,-0.0026261189220072,-164.1761429921931,35575813.2852447,18247913.7519361,37777582.68612085,-42832.56034290108,-2767.079767796553,1356.0049366351598,5.95877716348082
2022-09-09 18:00:00.000000Z,0.0056633628948775,41930599.57784975,0.1256552445676399,91.9757587094012,236.1879537830173,126.26684919998208,-0.0026129660428491,-164.04546685305243,35692058.92663765,-3249953.9496755507,41944477.21703454,3951.784990988882,-3064.8291620039167,-223.34960615378537,6.734372430666815
2022-09-09 20:00:00.000000Z,0.0056254589638897,41931984.1208694,0.1258698533060958,92.00903142256428,236.2212011369302,156.27142469501246,-0.0018152923951281,-164.05650577835058,35769576.406454206,-23873677.82929819,34734345.801733926,49739.51385337492,-2531.7650483418456,-1731.6766805629134,5.691846329170607
2022-09-09 22:00:00.000000Z,0.0056000243352689,41933035.19338369,0.1260769278922072,92.11293113327626,236.14001569521832,186.2501419074852,-0.0003915049203575,-164.1372089933271,35788312.74747217,-38059705.19114936,18151076.14009421,82219.37310574486,-1318.1009145344233,-2768.213284033608,3.1230410431769173
2022-09-10 00:00:00.000000Z,0.0056031965951189,41932826.20240489,0.1261479555511151,92.25434903767658,236.0574259208665,216.211725726456,0.0013029775012423,-164.19893185022883,35743800.91084009,-41990629.03689349,-3322068.525047726,92666.95540121966,252.23859772075048,-3058.8742245410576,-0.2900091985799116
2022-09-10 02:00:00.000000Z,0.0056276933256617,41931515.97991471,0.1260726442888569,92.3701216966887,236.1561812605086,246.11997463995328,0.0028058917359545,-164.15828959047485,35647795.2365623,-34573701.02006036,-23892092.10819112,78184.50623610977,1761.895703500953,-2521.702697472894,-3.6440693586565103
2022-09-10 04:00:00.000000Z,0.0056561330584175,41930254.04261792,0.1259627539468415,92.41982655667807,236.37728929355455,276.13201157462254,0.0036648445517828,-163.95757419731527,35525458.056922704,-17756140.948343024,-37955617.884118855,42524.63494176659,2801.8092781042537,-1291.587046612742,-6.0343080688472615
2022-09-10 06:00:00.000000Z,0.0056878817463838,41930278.29317983,0.1259649333711325,92.42314899628514,236.4968889649168,306.468492795699,0.0035625526633454,-163.5803051668974,35409510.471097246,3924231.959839921,-41602979.00510492,-4752.681120005152,3078.693664106656,304.5666577164303,-6.790785304675558
2022-09-10 08:00:00.000000Z,0.0057300914645004,41931726.08329703,0.1261269255963137,92.45095178710964,236.44551701455,337.0965218165097,0.0024246357494196,-163.05797970332884,35332051.6891536,24512449.64501186,-33747252.90986496,-50733.81496212192,2503.720185110502,1827.0935928631989,-5.678480781574119
2022-09-10 10:00:00.000000Z,0.0057654146735811,41933199.952604055,0.1263277818245453,92.5581093652756,236.30722694164163,7.803535118170154,0.0004766784864034,-162.46423355887137,35315513.96410281,38284326.22452851,-16512542.405024445,-82701.70769281521,1230.2589534689805,2846.2760191129564,-2.989915681161812
2022-09-10 12:00:00.000000Z,0.0057662714204979,41933066.70478576,0.1263930494065922,92.71291420134844,236.0509838300465,38.55613637758741,-0.0017815177414515,-161.8952053862893,35365305.406564765,41403130.209031925,5318587.022907203,-91787.37483885662,-383.6115474358815,3073.245534086563,0.5244051866197402
2022-09-10 14:00:00.000000Z,0.0057402367249441,41931459.18666437,0.1263068518273068,92.82873899680791,235.647628427328,69.38043868640928,-0.0037036619102473,-161.44056834493867,35467350.352212004,33038893.9670795,25680159.483778223,-75538.44366170117,-1882.890548024112,2449.4424255738973,3.879244714629884
2022-09-10 16:00:00.000000Z,0.0057111796805027,41930105.57534256,0.1262131418119571,92.86812115450756,235.3102271260456,100.04527471584404,-0.0047025028227065,-161.1558858377067,35592411.138069995,15570400.979000775,38975479.95962538,-38552.14603353894,-2853.962136112102,1158.8134054622649,6.151213316934551
2022-09-10 18:00:00.000000Z,0.0056793170260952,41930252.377659336,0.1262255867987088,92.86967146252096,235.20166367504004,130.34291223802825,-0.0044462776895042,-161.04739572058477,35705486.20324072,-6158045.489625707,41630634.60248518,8957.879006926596,-3040.81752292042,-436.3105056759481,6.738812164101748
2022-09-10 20:00:00.000000Z,0.0056405143673415,41931577.363499016,0.1263291492332927,92.8889310623235,235.18826386021783,160.39340920098076,-0.0029594801112653,-161.07317334684598,35776091.560721144,-26224635.474147905,33003705.171841025,54080.70799432075,-2404.739330873408,-1903.3532697811845,5.5068930981897495
2022-09-10 22:00:00.000000Z,0.0056109579161855,41932788.28270513,0.1264325072264392,92.9467564789114,235.1159894898001,190.4060722992464,-0.0006089716755055,-161.15709376885897,35786021.22586396,-39221764.428068176,15474568.279183315,84679.49874958163,-1122.3958036111587,-2853.348195218004,2.797163365077254
2022-09-11 00:00:00.000000Z,0.0056083424983475,41932818.82496826,0.1264615960263138,93.02374038746756,235.0773898346752,220.3974325159901,0.0019955996330627,-161.2094839499714,35733226.01920834,-41648860.21599631,-6223405.623362055,92522.9099931975,464.7828016226725,-3034.643865897598,-0.6711115076162023
2022-09-11 02:00:00.000000Z,0.005627022243352,41931655.1811024,0.1264135551544974,93.0846226029521,235.2340564973326,250.3221887721202,0.004153591094978,-161.14931332261966,35631790.505752295,-32812832.55072635,-26232543.58629073,75405.70599044305,1934.3847700010976,-2393.4645088669927,-3.9775563439315538
2022-09-11 04:00:00.000000Z,0.005650229481376,41930319.83872763,0.1263498620046357,93.110062190636,235.52009900921723,280.318020087767,0.005250988797451,-160.92413421116703,35508454.06152544,-15046130.372518083,-39090907.40947375,37808.168374647925,2886.5431122596488,-1092.6741873447438,-6.225370330405931
2022-09-11 06:00:00.000000Z,0.0056769728480999,41930067.34371293,0.1263396278721684,93.11236807569752,235.71865690788803,310.5991162806155,0.004933265007765,-160.5243084466589,35396249.353748314,6844510.666949606,-41209852.29530164,-10136.49153135282,3050.665680552037,520.1565333878603,-6.779209985243261
2022-09-11 08:00:00.000000Z,0.0057158323888472,41931271.35437357,0.1263963337337176,93.1239959065828,235.76853736610943,341.1563073896696,0.0032288035974808,-159.98774337060863,35326165.74360153,26834171.34774722,-31924489.980355293,-55271.134046714375,2369.3055844115534,1998.9681487688983,-5.459326151655847
2022-09-11 10:00:00.000000Z,0.0057536952235478,41932834.94179559,0.1264641847526978,93.16476014404554,235.7631249641393,11.798857991734645,0.0005717224620841,-159.39197545277108,35318469.129127264,39359631.02527122,-13762963.781603292,-85065.78735599521,1026.830093474647,2925.57830866448,-2.6194793825135654
2022-09-11 12:00:00.000000Z,0.0057628487435593,41933069.37711785,0.1264799371615487,93.21938974953564,235.6533831471872,42.49469598892632,-0.0023055202950834,-158.83338425538193,35376118.49111302,40935071.796902,8229788.792243877,-91241.61218774995,-598.5095388510487,3037.9000229911194,0.942508438787777
2022-09-11 14:00:00.000000Z,0.0057450225045301,41931674.15461325,0.1264462986560154,93.25697958372132,235.33208578971133,73.29542509707481,-0.0045890365023316,-158.3984971172013,35483026.50809659,31165234.228923462,27947808.087770488,-72171.91717778861,-2049.2192124217704,2310.5534671078467,4.2254262630317045
2022-09-11 16:00:00.000000Z,0.0057220287951228,41930175.46925297,0.1264158860860348,93.26832837554927,234.9671970976217,103.99211092014856,-0.0056340780073381,-158.13748544409813,35608755.29520841,12815874.99347273,39983138.52746082,-33260.15147529432,-2926.839180285246,956.1279084406832,6.326935500101914
2022-09-11 18:00:00.000000Z,0.0056948030513991,41930034.71156004,0.1264200170723559,93.26885319161246,234.77927792264504,134.3488027295808,-0.0051521366614366,-158.05032219010616,35718114.969057694,-9037335.9874391,41114726.935169086,14735.144889249184,-3002.092432277333,-647.029683083269,6.694592545830261
2022-09-11 20:00:00.000000Z,0.0056582733013109,41931193.8822406,0.1264467018311716,93.27460351927768,234.71036259222276,164.4549917755391,-0.0032760148592726,-158.08943246316363,35781539.24142976,-28450010.776588224,31113208.36255556,58762.03293287281,-2266.1294854430903,-2065.8301488141924,5.253412407900429
2022-09-11 22:00:00.000000Z,0.0056276595660776,41932454.58534567,0.1264676984895044,93.28765538762454,234.6322948092307,194.51652897018369,-0.0005074535966716,-158.1750456480981,35782681.64281654,-40195311.43001337,12722578.53650281,86965.85007945678,-921.1753203952604,-2924.761246630763,2.4001782191910146
2022-09-12 00:00:00.000000Z,0.0056211114450103,41932690.96842597,0.1264710170151549,93.29901536118648,234.62046169860352,224.55738225301715,0.0024168030882757,-158.21679999335953,35721852.636947535,-41105627.55616836,-9095498.5892042,91739.06066184604,675.3106972818813,-2995.6846177079783,-1.107641290517556
2022-09-12 02:00:00.000000Z,0.0056345877188176,41931738.0245654,0.1264699723517241,93.30118506830696,234.81001723756856,254.528344125481,0.0047067720249765,-158.13624725211562,35615389.87937102,-30891607.4959629,-28445733.36343868,71690.22171090927,2097.695439539385,-2253.3569907325195,-4.336184435216756
2022-09-12 04:00:00.000000Z,0.0056524889807295,41930449.027998805,0.1264837920898222,93.29716747501296,235.13008203794465,284.54433091815145,0.005720734482337,-157.8863474727102,35491538.155373424,-12261331.942085557,-40034090.54566103,32105.86391668877,2957.2129279773694,-888.0743609628637,-6.404668737572672
2022-09-12 06:00:00.000000Z,0.0056733432886656,41929998.72874668,0.1265090296205656,93.29614284147031,235.38102589478007,314.7985004328688,0.0051500311266122,-157.46439294411516,35383568.614551246,9731813.482602626,-40611963.71250406,-16296.506838493004,3007.483721480125,733.4476079742572,-6.722660110437251
2022-09-12 08:00:00.000000Z,0.0057059115463181,41930898.5627044,0.1265189109344083,93.29760470443902,235.51648314011413,345.2934113831955,0.003133334342119,-156.91469721652166,35321258.36741177,29022995.70972021,-29941637.773756318,-60178.577038956646,2222.9868459644254,2161.0136993752512,-5.175106955269476
2022-09-12 10:00:00.000000Z,0.005741338511741,41932377.85047033,0.1265031724990646,93.28503682638171,235.63727729105213,15.863514383738435,0.0002431126564641,-156.31850237568278,35322558.91426678,40239057.649044,-10943429.79332164,-87313.28461005595,818.2520282854819,2990.296888631859,-2.18198274284426
2022-09-12 12:00:00.000000Z,0.0057549164899782,41932890.86489519,0.1265006736189677,93.24723581692248,235.6888944029474,46.47838308381408,-0.0026794804544616,-155.77195195461022,35387846.58633668,40263482.72819334,11101406.12756763,-90141.65257686394,-810.3527958666817,2987.469777180172,1.4126477566598044
2022-09-12 14:00:00.000000Z,0.0057442911805198,41931816.57991584,0.1265518503721381,93.20297200564583,235.4970825283665,77.21074887672592,-0.0047948615616096,-155.35779609270736,35499045.43025155,29137121.238263723,30078596.28655773,-67968.08847286357,-2205.338162302736,2160.3667733430107,4.596820401048081
2022-09-12 16:00:00.000000Z,0.0057277530300253,41930331.52146647,0.1266303634870138,93.1798489593096,235.1562727702236,107.89420226555876,-0.0055286961839293,-155.12040967686806,35624740.24325242,9997471.792417884,40795729.21335194,-27062.99543314177,-2985.3824937158797,748.9104996755793,6.496082339541686
2022-09-12 18:00:00.000000Z,0.0057065806436117,41929949.6083428,0.1266767079868397,93.1780662545588,234.91323990209463,138.28800059682283,-0.0047220199303201,-155.0535611489976,35729825.21798551,-11874209.971475974,40399049.09361553,21260.85692594593,-2948.845964591504,-854.534424189133,6.614405160159912
2022-09-12 20:00:00.000000Z,0.0056750112591785,41930871.8723639,0.1266694998260228,93.17508081012372,234.7883736587156,168.44711888370838,-0.0026391667653945,-155.10442889743274,35785817.61004958,-30539244.38124787,29071455.82517033,63852.81587712132,-2116.5711600758987,-2218.363141324292,4.94377909909917
2022-09-12 22:00:00.000000Z,0.0056464418651125,41932077.89951907,0.1266394678457914,93.15136874111268,234.69404081468156,198.56163720529372,0.0001296166352801,-155.19008989101388,35778255.53770512,-40975489.86356264,9907709.16378685,89226.45325129163,-715.3557431030777,-2982.1066949696333,1.9410946731567
2022-09-13 00:00:00.000000Z,0.0056384023542692,41932460.97593882,0.1266379869166568,93.10598620691464,234.692607605941,228.66077521676675,0.0028255071528773,-155.21990196668,35709736.80957733,-40363050.809705935,-11924976.27441474,90509.63640068396,882.8395891045419,-2942.1357446716543,-1.596087128781713
2022-09-13 02:00:00.000000Z,0.0056481882776674,41931745.00230994,0.126698237529467,93.05634426982247,234.8895703578688,258.69723172505616,0.0047080614909107,-155.1182589298277,35598739.0456045,-28818737.46566593,-30521041.4778523,67234.8733690437,2251.0203979174635,-2101.9941520988737,-4.722782368742913
2022-09-13 04:00:00.000000Z,0.0056617562506409,41930596.83795153,0.1268057870428844,93.02654284352604,235.21100232277445,288.7623515179593,0.0052466311335633,-154.84364282659294,35474898.52488073,-9414929.744313272,-40780326.46453003,25573.18821658006,3013.418125516527,-678.7463495042563,-6.5806272476368965
2022-09-13 06:00:00.000000Z,0.0056770103881625,41930042.23637572,0.1268973584370453,93.02485894608144,235.4817077392941,319.01884102887385,0.0042794725296056,-154.40026611624955,35371626.15828595,12572026.053743515,-39811887.02668101,-23152.576939224826,2949.303471448579,943.389781570698,-6.633214525248585
2022-09-13 08:00:00.000000Z,0.0057018123998632,41930635.71743928,0.1269091604119619,93.02548609507744,235.6722280950298,349.4713708012162,0.0020879270662479,-153.83872328790838,35317398.06344899,31067948.37098047,-27808199.1894534,-65468.18097885398,2065.461642360946,2312.408418363269,-4.838929982442693
2022-09-13 10:00:00.000000Z,0.0057309054922595,41931900.93025636,0.1268600593421391,92.98083700911266,235.88681671335752,19.978583999535516,-0.0006639141131787,-153.24370497890357,35327757.88741213,40918037.5592896,-8067704.26511133,-89546.33938862798,605.5588263463812,3040.102144900325,-1.6890059430491693
2022-09-13 12:00:00.000000Z,0.0057445384308384,41932565.68006558,0.1268695880383729,92.87609887056244,236.076019029728,50.50926342674108,-0.0031331803423934,-152.71069561392068,35400417.03531278,39391491.39088655,13919415.307218384,-88661.05746361938,-1018.0939917826024,2922.210373348076,1.926848683001616
2022-09-13 14:00:00.000000Z,0.005738569380343,41931849.08947257,0.1270218543636183,92.76587188441655,236.0240523902386,81.14614904936195,-0.0045835973459241,-152.3181377289585,35515328.84154603,26964320.41958941,32062188.290658925,-63138.96893175545,-2350.4944685435007,1999.6202315992452,4.990949073405063
2022-09-13 16:00:00.000000Z,0.0057274491957749,41930517.83631752,0.1272346390089551,92.71359530477136,235.7417907995176,111.77672200308898,-0.0046281643385161,-152.10423713157334,35640287.357831344,7128708.278134623,41409287.57066667,-20166.26353220839,-3029.321576227335,538.1484818051056,6.662993462547043
2022-09-13 18:00:00.000000Z,0.0057125456446684,41929974.30687363,0.1273609528043779,92.7135435738519,235.46801301250616,142.18033103593487,-0.0033214653719425,-152.05659198675835,35740533.4737913,-14655096.825388515,39486829.87829112,28384.41763795146,-2881.3282752060827,-1057.857555033684,6.5089663899761
2022-09-13 20:00:00.000000Z,0.0056877163603965,41930628.99541323,0.1273599795002072,92.71035111403673,235.29246320161715,172.38027099853875,-0.0010959309978816,-152.1175287618574,35788851.65864317,-32482209.90701093,26887844.28189089,69296.22754654365,-1956.7480813930983,-2360.240094185768,4.592790286807388
2022-09-13 22:00:00.000000Z,0.0056638174489173,41931693.57016227,0.1273109734460741,92.66357265721804,235.1758901216261,202.54178717742425,0.0013887560452133,-152.20149852132752,35772706.85011095,-41558160.8213004,7043048.444967537,91515.17989646556,-505.8827997693134,-3025.0918526345317,1.4352258396707025
2022-09-14 00:00:00.000000Z,0.0056566877900722,41932155.834484495,0.1273229159149264,92.5773441474415,235.17107226854924,232.698424667546,0.0034236444276264,-152.218041638669,35696910.807157904,-39424082.50039459,-14698416.512934169,88988.66557595092,1086.3855205240002,-2874.202124152848,-2.124518440253001
2022-09-14 02:00:00.000000Z,0.0056646302823026,41931672.74047685,0.1274497684745619,92.49023031223918,235.35368686563496,262.8084052222743,0.0044276244948989,-152.09469454161817,35581945.89186413,-26603655.163477544,-32448269.787016515,62257.95681200093,2393.5849320134475,-1940.052501295012,-5.131810238816449
2022-09-14 04:00:00.000000Z,0.0056753604128444,41930728.9947149,0.1276526429597551,92.44388818368311,235.64852305276787,292.94117023194167,0.0041026449049956,-151.79556975936055,35458691.04352209,-6520481.1946519,-41325575.20087351,18440.20677300906,3054.820184952731,-465.6883863814545,-6.755593241020369
2022-09-14 06:00:00.000000Z,0.0056862102227758,41930166.353622645,0.1100443531387161,91.94260337329013,236.4115285457669,323.22543129585017,0.0074516399343323,-151.33172182147842,35360568.91697136,15351173.336468156,-38813146.26536509,-26940.126058911083,2876.35679399211,1148.932618282155,-5.5960699645185645
2022-09-14 08:00:00.000000Z,0.0057030837991154,41930489.2691045,0.1100887158572593,91.95440494952044,236.62062230146657,353.65859617126955,0.0131607393605145,-150.75979613745395,35314665.79213074,32958708.25513203,-25534477.829807054,-61617.220476340415,1897.4898126929968,2452.371426019137,-3.8044401398059424
2022-09-14 10:00:00.000000Z,0.0057235577086483,41931465.80370542,0.1100442868964015,91.89233331755796,236.89280922105868,24.122811435649822,0.0152111942279217,-150.1675990627143,35334061.97767657,41392986.62369083,-5149945.639755263,-79130.94463433488,389.8117411636565,3074.733124848537,-0.9432851470738292
2022-09-14 12:00:00.000000Z,0.0057336345891726,41932157.71251659,0.1100861918539502,91.73177142205074,237.1939157343833,54.58244629915135,0.0131326314399726,-149.6495528879286,35413775.28230422,38323256.5793744,16669924.324066265,-74567.41581675991,-1220.6999767100165,2842.451003511893,2.1792974781553123
2022-09-14 14:00:00.000000Z,0.0057293056289824,41931777.02330429,0.1103383105017816,91.55993198478842,237.2842813686053,85.11624726532108,0.0076269531606664,-149.27935987323173,35531821.57523899,24657400.49066672,33888859.58350181,-49243.46798069346,-2483.981746483847,1829.1085477385127,4.685912757810726
2022-09-14 16:00:00.000000Z,0.0057216565615481,41930699.87006015,0.1106864632282756,91.48284533892796,237.08373492010512,115.66662778406008,0.000277375213407,-149.08874758716132,35655359.47194028,4223501.440315799,41820769.436214335,-10247.108187573122,-3058.4487225963867,324.8573299189389,5.890232002870022
2022-09-14 18:00:00.000000Z,0.0057122569143384,41930085.77386077,0.1109116467262116,91.49460835954189,236.79645799272885,146.05385904717554,-0.0069521379592676,-149.05916553887107,35750213.209690094,-17366491.132067855,38382311.997137,31668.25036952908,-2799.8541084758203,-1256.0337861278172,5.481463889483145
2022-09-14 20:00:00.000000Z,0.0056949604964038,41930475.48270116,0.1109462187587226,91.5032407656597,236.57687355983592,176.27765717434525,-0.0122250893026614,-149.12845396820114,35790621.35883932,-34269285.12404255,24572668.601130355,65087.25214737917,-1787.3998466822973,-2490.778623449764,3.5864193219920293
2022-09-14 22:00:00.000000Z,0.0056775907359653,41931335.91214728,0.110904157402972,91.44120406339484,236.44405584335675,206.47413385556595,-0.0142452463362931,-149.208965324014,35766032.95398542,-41940029.21326686,4142276.80059488,80953.67109017409,-293.7387498095052,-3053.4785377803946,0.7170484764229239
2022-09-15 00:00:00.000000Z,0.0056733549009436,41931810.77810544,0.1109420544717177,91.31678467601594,236.44301456551463,236.6797777004066,-0.0125374569025039,-149.21091561110552,35683407.86262532,-38292677.71450819,-17402263.629163366,74901.12577548083,1284.9590002825328,-2792.1595555135777,-2.36317553147911
2022-09-15 02:00:00.000000Z,0.0056812008887623,41931538.54663663,0.111132907919299,91.19326973953616,236.61136528548045,266.8626727943753,-0.007567167984151,-149.06531901648825,35565089.49990466,-24256694.317132093,-34217607.826809816,48421.141591358646,2524.6486480364547,-1768.2787732116026,-4.824415509022782
2022-09-15 04:00:00.000000Z,0.0056907043323535,41930834.55745247,0.1114211149756345,91.13471254283596,236.8663698914846,297.07164395271536,-0.0006589830237138,-148.74203561247225,35443028.53778911,-3592061.246249071,-41666616.24343921,8588.602122254477,3081.150746081954,-249.94445414314023,-5.981014014306394
2022-09-15 06:00:00.000000Z,0.0056983263616304,41930318.38299817,0.1116651818124567,91.1527144221492,237.08874733521824,327.3965853297429,0.0063157895410093,-148.2588502721367,35350506.28357307,18055304.84247143,-37620267.16002598,-33706.37562190198,2788.9520143454333,1349.0228740049529,-5.487256791115609
2022-09-15 08:00:00.000000Z,0.0057079881893537,41930423.1589923,0.1117535270210847,91.18519646137553,237.28471374819452,357.83096983956284,0.011451254716241,-147.6781520063189,35313117.3349947,34685501.16093297,-23131628.727116674,-66705.3216103817,1719.8950184692253,2580.165115159304,-3.457978494635349
2022-09-15 10:00:00.000000Z,0.0057190829273562,41931083.591817886,0.1117302142505986,91.13554595827922,237.55989911742785,28.27527051824732,0.0133804242012118,-147.09045027890932,35341446.39047685,41661207.63568872,-2204729.616966416,-81140.80358441369,172.09984283775933,3094.0022342779466,-0.4551097185190779
2022-09-15 12:00:00.000000Z,0.0057232658815342,41931701.6034329,0.1118037128097558,90.97086309933728,237.89808869041735,58.68565473405596,0.0116904946871206,-146.58869292455017,35427836.29219209,37063865.3962213,19339182.054045822,-72953.44063200471,-1417.153603357946,2748.597853776116,2.674080902639174
2022-09-15 14:00:00.000000Z,0.0057179038410763,41931599.96778664,0.112132353870396,90.78647923309305,238.07325187502303,89.12421808301183,0.0069989163557247,-146.24148443629534,35548427.810002,22227610.576632734,35549517.42011628,-44452.12058866463,-2605.143770598472,1649.6822396920454,5.053681802273924
2022-09-15 16:00:00.000000Z,0.005711491225565,41930834.93435213,0.1125946172004158,90.70947646351068,237.9435705827248,119.58067512252842,0.0006819030917558,-146.07384647350074,35669883.21326095,1296020.8063079347,42028042.0812563,-3569.3572967059217,-3072.621473376975,110.07308890247432,6.035018650966084
2022-09-15 18:00:00.000000Z,0.0057061731358378,41930238.595605694,0.1129191492814381,90.74146416669068,237.65697507967295,149.93014443698792,-0.0055736158006526,-146.0611202160474,35758817.40529244,-19995101.6105904,37090664.04298228,38457.37217193085,-2704.799879072979,-1448.1137291891405,5.367141815750683
2022-09-15 20:00:00.000000Z,0.005696389475748,41930387.01467349,0.113003992866716,90.77410400003018,237.400785298832,180.15994260485752,-0.0102029687735151,-146.13700670914127,35791100.889351755,-35891451.220812455,22136924.502597887,70192.1792050967,-1609.3107558043268,-2609.341403683568,3.2432737626742565
2022-09-15 22:00:00.000000Z,0.0056866092440683,41931003.15721092,0.1129805636480022,90.72236559224532,237.2432734244661,210.3760573013668,-0.012099397548731,-146.21227626198953,35758230.400480926,-42118638.20098274,1219377.7230089114,83016.21232881691,-79.92518177066539,-3067.0920066300346,0.2338392861985334
2022-09-16 00:00:00.000000Z,0.0056866719551256,41931433.43474197,0.1130431490700814,90.59428896221016,237.22515572764777,240.6183394168952,-0.0108414125442044,-146.19832222568505,35669253.62008068,-36973658.42893864,-20023143.096415684,73354.03241032932,1477.5827465973618,-2696.352321722392,-2.859902991408612
2022-09-16 02:00:00.000000Z,0.0056958541295886,41931340.29019176,0.1132835539489521,90.46566361919288,237.35506529664733,270.86752416393534,-0.0067949432606218,-146.02998754721645,35548227.25540513,-21788848.705418844,-35819885.34359653,43654.504072929696,2643.516176847991,-1587.4754656669206,-5.201008532381568
2022-09-16 04:00:00.000000Z,0.0057055905371786,41930889.28942529,0.1136373406750167,90.41218204843364,237.5517084139652,301.15348519806986,-0.0010519440503655,-145.68299996164447,35427988.684466,-643983.5282457666,-41801165.3719084,1873.6277124288863,3092.2109877954867,-32.58194026064649,-6.132307981387057
2022-09-16 06:00:00.000000Z,0.0057115699543273,41930480.92603436,0.1139425267648345,90.44818233442832,237.72304618984225,331.52954884661324,0.0048266421355939,-145.1817335034507,35341508.80835782,20670811.52520234,-36238718.98334475,-40542.54471926532,2687.4836562684823,1542.6295558846266,-5.368364493935048
2022-09-16 08:00:00.000000Z,0.0057152481436548,41930424.352476336,0.1140727673314243,90.50693131934572,237.88273638309445,1.9810168006258595,0.0092400487790154,-144.59396120788725,35312786.171818495,36239433.70876602,-20611437.753422678,-71784.9354684086,1533.5600141531334,2695.113927345001,-3.100592974609158
2022-09-16 10:00:00.000000Z,0.0057172832255474,41930771.38918067,0.1140727137916861,90.48485790704032,238.12299324665375,32.426491970519905,0.0110310654885992,-144.01243675068935,35349890.79480449,41721145.70697601,753261.6639359174,-83074.30964215712,-46.47579156965946,3097.8009385552896,0.0403360148715175
2022-09-16 12:00:00.000000Z,0.0057145122900015,41931242.94845049,0.1141658591114098,90.3415434479586,238.44730157465315,62.81185336760131,0.0098364736488733,-143.52821535349932,35442541.185949445,35619459.9368259,21913879.69969581,-71233.39305878589,-1606.472178380024,2641.126604401355,3.1695851521270475
2022-09-16 14:00:00.000000Z,0.0057061856671346,41931350.344141945,0.1145381544815944,90.1693249397618,238.66520543726529,93.17201295471445,0.0061504146388352,-143.2045046319783,35565091.3968792,19686883.95499401,37035920.97363605,-39574.09944242792,-2713.3893729927563,1462.2342995713866,5.4155945869195765
2022-09-16 16:00:00.000000Z,0.005698924405043,41930920.18546734,0.1150808089939456,90.10573770244292,238.59572693446532,123.53225171062572,0.0010915153516398,-143.05946648531923,35683837.578600295,-1639397.217646313,42030013.94684724,3136.9993063486427,-3071.772838143245,-105.15810935212544,6.170163194896253
2022-09-16 18:00:00.000000Z,0.0056959750876356,41930416.32802096,0.1154908097970263,90.1639621254094,238.31979091751376,153.82916935514652,-0.0039782841634516,-143.06239560717336,35766363.34371083,-22528001.02630048,35618057.717539825,45203.99741470248,-2596.611765992764,-1633.1678484338677,5.243383272746452
2022-09-16 20:00:00.000000Z,0.005693032588069,41930361.0657046,0.1156281077097306,90.22913664908668,238.0370278039809,184.04811228711864,-0.0078076916925478,-143.14317612243468,35790332.612425216,-37340501.43569755,19592374.211037345,75197.91205717596,-1423.3180588191906,-2715.33608652214,2.894281271364034
2022-09-16 22:00:00.000000Z,0.0056911727942293,41930711.63003211,0.1156255820712858,90.20197349430669,237.8587154175069,214.26741223714112,-0.0095118442202907,-143.2114860000012,35749354.389111616,-42092633.29716827,-1711296.3399413282,84956.67822379069,134.53028665549266,-3065.821773880158,-0.2496774400448944
2022-09-17 00:00:00.000000Z,0.005696371334461,41931049.125791736,0.1157047828518364,90.08696602703816,237.8224560917874,244.5319106866055,-0.0087388980846439,-143.18038837988576,35654509.950006515,-35473008.58525721,-22547814.30596913,71704.36517918702,1663.2902550515098,-2587.1977824471487,-3.350967744561057
2022-09-17 02:00:00.000000Z,0.0057079233068222,41931099.53772944,0.1159756613029897,89.96673532222975,237.91087941456135,274.8373325435601,-0.0057475280111576,-142.98890827994816,35531423.96380625,-19212045.94695228,-37246571.40999637,38844.47503571494,2749.544439723071,-1398.508710271842,-5.5671601813216585
2022-09-17 04:00:00.000000Z,0.0057191112641263,41930902.105365954,0.1163719535456294,89.92516003777452,238.04567633250284,305.1963940705374,-0.001364126968115,-142.61876000590792,35413631.80018186,2309009.198252005,-41727933.00565791,-4800.474577081063,3087.8870136653904,185.3002794888963,-6.271237917549781
2022-09-17 06:00:00.000000Z,0.0057247971112949,41930638.3240154,0.1167195436446624,89.98044838141979,238.1602850371834,335.6266414189677,0.0032113924249477,-142.1007507771426,35333617.90755229,23184277.465180103,-34675027.656205624,-47253.7939333364,2572.4296221174623,1728.737150195651,-5.239205353763161
2022-09-17 08:00:00.000000Z,0.0057238759176016,41930471.69000581,0.1168818996025481,90.06660309971298,238.27014818858495,6.105862281224025,0.0067366172078676,-141.5076470302005,35313675.95026491,37612342.57049678,-17986469.156931538,-76685.60257753954,1339.4285080759084,2796.601763239902,-2.739032995353244
2022-09-17 10:00:00.000000Z,0.005717859106857,41930526.07704693,0.1168977906933015,90.07894843021734,238.44989725718895,36.56959410925713,0.0083029157549474,-140.93395532265157,35359351.07256392,41572266.56795479,3709092.4936160455,-84828.33689033399,-264.7965809890318,3086.1022720262704,0.5315758992875566
2022-09-17 12:00:00.000000Z,0.0057080860711705,41930805.37315873,0.1169926802534206,89.97095177672654,238.72292982630395,66.95223096871945,0.0076100137549837,-140.46841675315622,35457811.09579097,33997159.147488646,24381035.815343507,-69393.90102813502,-1787.7017014576927,2520.5882372377737,3.6529354334276407
2022-09-17 14:00:00.000000Z,0.0056956657152318,41931052.24537457,0.1173732221921174,89.82547535533097,238.94793137055728,97.2546695250893,0.0050169930872391,-140.16858741670214,35581734.51430431,17047796.024623327,38340608.56603156,-34683.8922982053,-2808.188739666997,1267.7053004127515,5.760604507901486
2022-09-17 16:00:00.000000Z,0.0056858449484669,41930953.63427056,0.1179573361730933,89.78240295365896,238.92572343968584,127.52498933159488,0.0013583182043213,-140.04568274505007,35697180.087615564,-4568272.743966513,41826583.62154018,9731.876859674485,-3055.909589731308,-319.7797543505259,6.2887984749261046
2022-09-17 18:00:00.000000Z,0.0056834537927334,41930603.29738384,0.1184301108592723,89.86846526956747,238.66862275878796,157.76079940107635,-0.0023598132016748,-140.06304617149897,35772854.41949627,-24952636.388299845,33971596.04851038,51738.12451496589,-2475.8032200657403,-1810.2925489085703,5.108877330665327
2022-09-17 20:00:00.000000Z,0.0056862050247336,41930389.42541368,0.1186126353582132,89.96999719645521,238.371571890855,187.95444352975284,-0.0052316738959503,-140.14705599505896,35788357.081803136,-38609018.96561351,16951415.464901734,79946.13767440201,-1230.3052900186742,-2808.2249388215755,2.543913703327668
2022-09-17 22:00:00.000000Z,0.0056920565189358,41930464.86503575,0.1186258590501604,89.97657894323099,238.18100253651104,218.16085808079595,-0.0066273274586375,-140.20676365474978,35739468.60019087,-41861676.19579251,-4635219.127625469,86667.10279721541,348.584854252854,-3049.6287389930194,-0.7242961739080404
2022-09-18 00:00:00.000000Z,0.0057027080549378,41930670.11204055,0.1187086874692011,89.88561578095249,238.13186512891775,248.4324796363768,-0.0062923088837294,-140.15737700780315,35639250.573087424,-33797707.57824835,-24963391.83666635,69920.73869965057,1841.136596807898,-2465.185890519156,-3.824766978138185
2022-09-18 02:00:00.000000Z,0.0057173072303713,41930828.83692484,0.118988796966756,89.78206275599766,238.18239955431133,278.78256529922635,-0.0043909283041129,-139.942444386077,35514750.91736333,-16538921.586904142,-38489959.36435308,34042.898788448554,2842.1477614629075,-1202.2988797725757,-5.911882967692708
2022-09-18 04:00:00.000000Z,0.0057308888651965,41930876.28511925,0.1194036736065228,89.75527058733626,238.2589674152325,309.2075969979883,-0.0014756969398891,-139.54977176997144,35400013.337825656,5251974.306189569,-41446718.60994114,-11313.89692577636,3068.145521259994,402.5868544056556,-6.390343473632133
2022-09-18 06:00:00.000000Z,0.0057374594324337,41930781.97000619,0.1197737812610108,89.82812236513236,238.31814858950472,339.69104777007243,0.0016430987395496,-139.016423100069,35326858.90599468,25582688.32431227,-32936755.44845688,-53685.63319142513,2444.3492820061883,1906.361549319739,-5.097811918594124
2022-09-18 08:00:00.000000Z,0.0057333588757225,41930550.55398364,0.1199549336147419,89.93886204014818,238.37303403949036,10.20423701625335,0.0041215564640584,-138.41974376735985,35315770.214879885,38796959.86967126,-15269944.35302827,-81259.83230782831,1138.4957055115729,2884.0833825217533,-2.377123404024532
2022-09-18 10:00:00.000000Z,0.0057206599466055,41930341.03853639,0.1199759839103718,89.98567832647869,238.4780442258016,40.69880353453375,0.0053384595237469,-137.85548553358743,35369766.71845561,41215136.12592068,6647749.339164255,-86300.14745025283,-481.73979426423216,3058.9644021964505,1.0103540804828868
2022-09-18 12:00:00.000000Z,0.0057045155643674,41930401.09382306,0.1200547590690464,89.91748739807242,238.67555975186065,71.09743925921073,0.0050826868479079,-137.40965967445797,35473556.298914984,32205042.070515346,26728167.808827184,-67400.23670661174,-1959.929277611458,2387.6045551215,4.113945910089538
2022-09-18 14:00:00.000000Z,0.0056876107969469,41930722.94482186,0.1204117926996528,89.8044887929286,238.880242854114,101.3635934003639,0.0035867026153296,-137.13395547505286,35598270.60683561,14323471.433985,39457015.50400439,-29818.86590822953,-2889.0814649748463,1067.0736212343184,6.079268146968132
2022-09-18 16:00:00.000000Z,0.0056739371684272,41930936.91851509,0.1209989604216858,89.78340250992902,238.8927232308234,131.5556753129565,0.0013942014794079,-137.03261420920396,35709860.48407261,-7476114.972969846,41418679.08699581,16118.85945129104,-3025.115063709535,-532.7362920834524,6.384240290206045
2022-09-18 18:00:00.000000Z,0.0056703101262323,41930789.078703,0.1215070520816962,89.89460548113206,238.66130610744685,161.72747925318518,-0.0008594829718155,-137.06315949047482,35778290.5571994,-27256963.729669925,32159274.81813514,57929.23364173497,-2342.9528787498884,-1978.620037943277,4.960976241478067
2022-09-18 20:00:00.000000Z,0.0056773002799229,41930464.22689352,0.1217220336366972,90.03181540142634,238.36368691327516,191.8844117957124,-0.0026356211909294,-137.1487713089797,35785218.79643016,-39690482.96138475,14226982.363663774,84303.7874693147,-1031.1963649131053,-2887.531522252479,2.194134688352411
2022-09-18 22:00:00.000000Z,0.0056901516216438,41930265.630527854,0.1217415563576272,90.07575041754605,238.1738310614549,222.06291891291576,-0.0035879261186954,-137.1983198340783,35728647.892805755,-41426498.55019794,-7537824.629647245,88043.88169459668,561.1889475911823,-3018.54798250892,-1.1839303383264388
2022-09-19 00:00:00.000000Z,0.0057061578734563,41930305.02215826,0.1218134629385149,90.01452226767444,238.122180300132,252.3266397398076,-0.0035911824464543,-137.12961246061738,35623563.6922514,-31955717.34152923,-27257482.87096912,67954.11353868926,2010.2080860909,-2330.8772202383734,-4.272545122695436
2022-09-19 02:00:00.000000Z,0.0057241296296258,41930536.64364522,0.1220821864545472,89.93150757811418,238.1436898380701,282.70884984983707,-0.0027408924285193,-136.8910420404627,35498291.166713275,-13782739.806787204,-39543273.29492924,29266.68325794182,2920.8060340094025,-999.8140808157732,-6.22601851393112
2022-09-19 04:00:00.000000Z,0.0057408098376459,41930815.2448462,0.1224928482640371,89.91936450570338,238.17038477664147,313.1908876925045,-0.0013258270300549,-136.47658707840034,35387192.455947906,8169895.08315282,-40958457.60640797,-17589.69220775311,3033.0379961679027,618.1554946047202,-6.4824861410766585
2022-09-19 06:00:00.000000Z,0.0057492872580913,41930907.51913144,0.1228659171893118,90.00582338375504,238.18047977538876,343.72369102388416,0.0002423570645051,-135.92936486822128,35321251.30761554,27853558.48199645,-31032478.120402124,-59722.91049393404,2303.87978089156,2074.5593068134845,-4.94093358767169
2022-09-19 08:00:00.000000Z,0.0057434000641299,41930651.44398605,0.1230520206088375,90.13542198407508,238.1819139172409,14.273294938156075,0.0015432984968967,-135.3308632953243,35319040.39934818,39786997.04802349,-12475663.439972494,-85385.62247778026,931.8003571738644,2957.09019687252,-2.0162011351248683
2022-09-19 10:00:00.000000Z,0.0057255764519164,41930210.73693934,0.1230680022093569,90.2119161626706,238.2072334740411,44.806915075637335,0.0022760500631721,-134.7775643520071,35381064.33603926,40651441.40247577,9554243.596194357,-87392.37215953013,-696.1876283981641,3016.5315155697376,1.4713979354047078
2022-09-19 12:00:00.000000Z,0.0057041469410203,41930037.61414896,0.1231170477306606,90.18144573691995,238.31576778000013,75.23620177243615,0.0023496742249342,-134.3523484418403,35489676.62935095,30252108.838728294,28943384.00319337,-65202.39634198577,-2122.2903103280896,2242.8646541386825,4.545094607981348
2022-09-19 14:00:00.000000Z,0.0056828906138285,41930376.62782029,0.1234252872022257,90.10082235183808,238.47992990561465,105.4862836028342,0.0018914347129408,-134.10086242810354,35614604.2298932,11527505.239322657,40379528.41091656,-24985.359546952262,-2955.680449571724,861.3488279078335,6.363795641594438
2022-09-19 16:00:00.000000Z,0.005664526517523,41930872.59155708,0.1239809002154677,90.09925796710208,238.5147921752218,135.615583076796,0.0011632563780319,-134.0203998261198,35721820.354068995,-10348513.725184737,40808261.1523641,22239.914589012897,-2979.5490950782187,-742.9804665215139,6.450157119773057
2022-09-19 18:00:00.000000Z,0.0056579684445193,41930965.57322271,0.1244949139013613,90.22952681529368,238.314116539292,165.72569239552726,0.0004285387120113,-134.0628323691207,35782666.01772715,-29429526.88790081,30189935.45497677,63682.636164195486,-2198.701269708739,-2137.3247891080505,4.79601292167641
2022-09-19 20:00:00.000000Z,0.0056674355890364,41930582.09928011,0.1247257585097132,90.39701301999855,238.03062060297424,195.8382194211084,-0.0001505652712584,-134.14845024188102,35780961.41834154,-40579313.855570994,11432457.914983729,88161.67299440033,-826.9498378775386,-2952.8453525966006,1.8446665206097737
2022-09-19 22:00:00.000000Z,0.0056861681135074,41930118.18209498,0.1247411732666544,90.47703442913462,237.857435543964,225.97559759671265,-0.0005314540126176,-134.1863706667281,35716972.12880111,-40788898.50449858,-10404616.875112625,88988.97322378794,771.2937595852582,-2972.690289227224,-1.6252782029583464
2022-09-20 00:00:00.000000Z,0.0057070426636959,41929962.0403886,0.1247890918662536,90.44682589482764,237.8175186499926,256.21679254512617,-0.0007474390078475,-134.09743583641782,35607547.14233716,-29955923.193984374,-29418293.910246577,65741.20668318047,2169.629816897273,-2184.900601811626,-4.68816468908195
2022-09-20 02:00:00.000000Z,0.0057284406292432,41930229.84358989,0.1250279819132798,90.38519198458364,237.82234813582565,286.61798698292404,-0.0008560869691786,-133.83518044637012,35482138.37793481,-10957285.750043608,-40400741.86607662,24502.62582852918,2985.070215132419,-792.06357101934,-6.502114184778516
2022-09-20 04:00:00.000000Z,0.0057486953325304,41930721.4609357,0.1254136036740866,90.3856431714805,237.8107628345026,317.1466311192694,-0.0009053267072927,-133.39980519214143,35375235.45464309,11047811.846232517,-40265238.21267286,-23588.61287808099,2982.701548667503,830.8858609666028,-6.5408804290040425
2022-09-20 06:00:00.000000Z,0.0057599532519816,41931011.84780022,0.1257710206206275,90.48029931085117,237.7817950944804,347.7226392966836,-0.0009163711979607,-132.84024361161875,35316815.28412248,29985048.626079764,-28971738.68929959,-65285.4146710932,2151.731531656631,2232.435695248517,-4.764226324665348
2022-09-20 08:00:00.000000Z,0.0057536062445888,41930766.98715352,0.1259491661724595,90.62113681203417,237.7363992979169,18.30791095510813,-0.0008778612378481,-132.2416653543275,35323452.36490844,40577215.13276789,-9617913.13618696,-88963.66034072424,720.4165769696698,3015.234496810482,-1.6554030647990945
2022-09-20 10:00:00.000000Z,0.0057322992376807,41930130.179102354,0.1259524015284953,90.7193343620741,237.68442228232956,48.88472653639163,-0.000748963661048,-131.70076424315894,35393161.69286271,39883997.848608345,12413716.766353428,-88012.18672364236,-907.035971487462,2959.033089571534,1.912104745635524
2022-09-20 12:00:00.000000Z,0.0057069476305511,41929719.08155642,0.1259639523574435,90.72054330720157,237.6986856999077,79.35524333167088,-0.0004719167968026,-131.29690986019216,35506062.87904905,28148231.94882553,31015468.75084588,-62736.18117642479,-2273.975054659972,2087.120065989824,4.941211471152604
2022-09-20 14:00:00.000000Z,0.0056819578810938,41930023.29316458,0.1262065121675132,90.66856456030555,237.80787393120747,109.60750492231828,3.008749593112867e-06,-131.06957343588476,35630631.67446528,8673880.92608501,41103528.17881418,-20161.306102815197,-3007.6744234415523,651.5650565857279,6.607875146671441
2022-09-20 16:00:00.000000Z,0.0056585154042835,41930761.42056884,0.1267009764134898,90.68177444446762,237.85271988049436,139.69197755801997,0.000676401269856,-131.0091797761639,35732993.82006455,-13171227.065032342,39998316.5711406,28071.70315767305,-2919.446927049048,-949.4801263605824,6.480453527721266
2022-09-20 18:00:00.000000Z,0.0056475016809458,41931123.65204039,0.1271906961068195,90.82229443446867,237.68551232271167,169.74782670822373,0.0014514561682494,-131.06215331369455,35785969.28419787,-31459526.330299687,28073213.38431677,68935.44645227419,-2043.7467475216224,-2285.629015637154,4.609262680701794
2022-09-20 20:00:00.000000Z,0.0056574451026396,41930738.70936415,0.1274192036926942,91.010555304418,237.43048392263665,199.81267699581596,0.0021172999414614,-131.14620578623203,35775625.455472894,-41270905.32141236,8581590.963752545,91431.0222919732,-618.5527670873323,-3003.8249734228984,1.493193833788256
2022-09-20 22:00:00.000000Z,0.0056805239500446,41930028.20098621,0.1274212497824206,91.12062890703932,237.29171743797755,229.89859642106924,0.0024054968292677,-131.17111426342967,35704521.418943286,-39951724.30548677,-13221265.858159188,89407.65373505894,977.8584563283316,-2912.2423646425764,-2.047601281829754
2022-09-21 00:00:00.000000Z,0.0057054306015819,41929649.71364721,0.1274356590025805,91.1192228120964,237.2803734373152,260.1034224718642,0.0021039295191843,-131.06117305456482,35591302.79552514,-27808065.795533504,-31434715.820695512,63203.88588264153,2318.5726419425955,-2027.9496285375508,-5.0678252386390685
2022-09-21 02:00:00.000000Z,0.0057300017050045,41929914.36805622,0.1276299813477981,91.0776822028372,237.28343307955964,290.509878895306,0.0011636116807709,-130.77533220649747,35466393.01144919,-8076755.607824169,-41057646.331778206,19708.486413195034,3034.5666587073706,-580.0909726518958,-6.734201573938338
2022-09-21 04:00:00.000000Z,0.0057540766872215,41930596.02752119,0.1279720225449214,91.08756506606105,237.24744203797792,321.07342417940066,-0.0002529623099654,-130.32002986615558,35364215.502849855,13870947.964599697,-39370292.55867911,-29306.64642700081,2917.3587257886165,1039.6681182124332,-6.55892962177444
2022-09-21 06:00:00.000000Z,0.0057688367077608,41931091.47605648,0.1282962974705013,91.18403906462544,237.1924070809636,351.68441018953814,-0.0017999886210719,-129.74973979904271,35313574.98903961,31966071.846464217,-26764979.98751449,-70324.60387692168,1988.682983520852,2379.151875465402,-4.5621859331324925
2022-09-21 08:00:00.000000Z,0.0057632933378367,41930891.90442666,0.1284550295915035,91.32695470865656,237.11151245217457,22.301439387163946,-0.0030450014978716,-129.1528246542681,35328971.50020904,41163479.882142216,-6711361.654552479,-91913.96772456028,505.4454113391132,3058.212501103418,-1.291666453574705
2022-09-21 10:00:00.000000Z,0.0057401664420241,41930096.7224343,0.1284416239482859,91.43681733926812,236.9907681075719,52.92161253263062,-0.0036005058170819,-128.62566815792022,35405972.242765084,38916742.04743941,15211548.821391074,-88068.56297572174,-1113.2027334435554,2886.78197371484,2.332451265371772
2022-09-21 12:00:00.000000Z,0.005712448223712,41929451.40039244,0.1284150124835984,91.46125523570323,236.91239490603596,83.43957759863511,-0.0032409318283649,-128.24377311764033,35522599.53174932,25904097.41918165,32933962.230666995,-59921.481144524165,-2414.2341398780545,1921.1793483241656,5.299383347517911
2022-09-21 14:00:00.000000Z,0.0056847261480292,41929672.846328974,0.1285839281692937,91.43242496396208,236.95655804376923,113.70980544404898,-0.0019665002141396,-128.04034704010567,35646242.430715494,5776884.78715147,41625422.93755953,-15295.747921206355,-3044.829775989061,438.7739796134866,6.806506839955969
2022-09-21 16:00:00.000000Z,0.0056563235810637,41930602.41147605,0.1289937141928019,91.45460300300664,236.99830116986692,143.76928743058556,-9.895519872259768e-06,-127.99907870971766,35743308.762503475,-15930266.136905309,38992841.43658294,33624.877585179674,-2845.117366889101,-1151.2246663601584,6.469137768404795
2022-09-21 18:00:00.000000Z,0.0056395942960658,41931251.86923775,0.1294294238976745,91.59450624443396,236.86431538954105,173.7833960660588,0.0021954928528947,-128.0611877548147,35788183.82845503,-33336880.41360004,25819480.851361923,73655.01370859015,-1878.841029222201,-2422.8072896777257,4.39490070708318
2022-09-21 20:00:00.000000Z,0.0056478519946072,41930927.92121512,0.1296367831376688,91.78978714414146,236.6504784026613,203.803153151897,0.0040838566407644,-128.14212197710546,35769247.11276092,-41761646.11855516,5688414.295936534,94041.51120993584,-407.0144873332966,-3040.200163522678,1.1352994252075974
2022-09-21 22:00:00.000000Z,0.0056733625227261,41930001.60707112,0.1296194056110578,91.91930361383602,236.5640599737467,233.83159811350052,0.0050849886380696,-128.15271393439966,35691371.912378706,-38918847.74464252,-15973694.391932808,89206.59754362232,1179.857150707747,-2837.465975164891,-2.452690545511456
2022-09-22 00:00:00.000000Z,0.005701086570268,41929378.839289255,0.1295965489562756,91.9412668807589,236.59950631779373,263.98792706705217,0.0048028253357754,-128.02111002162673,35574930.07146633,-25522665.532200743,-33296392.463047404,60247.56019998901,2456.259405354152,-1860.778463188249,-5.410025043045757
2022-09-22 02:00:00.000000Z,0.0057282380019584,41929597.74652134,0.1297369784146505,91.91703257357784,236.6172356840228,294.3857482292674,0.003175891694981,-127.71192835258135,35451156.01635399,-5155644.153328791,-41510346.520045325,14811.90489036425,3069.0006529309976,-364.9669290834239,-6.917730252802845
2022-09-22 04:00:00.000000Z,0.0057562208205488,41930446.87634973,0.1122472745743645,91.35604515868351,237.14773194665264,324.9724762636945,0.0060274898792292,-127.2378252513786,35354209.564301245,16624841.051795188,-38277963.13787182,-30785.735622938744,2837.3184909171123,1243.4115360942449,-5.61464448678989
2022-09-22 06:00:00.000000Z,0.0057749992151925,41931148.33700601,0.1125207527183576,91.46329306145994,237.0663921153344,355.6080284643328,0.010953460180317,-126.65849987404071,35311561.91723511,33786411.691500455,-24423454.75267172,-65105.30979433064,1815.5760808209368,2513.9312933381902,-3.690448702793468
2022-09-22 08:00:00.000000Z,0.0057714331351886,41931027.64851716,0.1126479896337763,91.62024321925485,236.94338477041185,26.24972849872048,0.0126347461472985,-126.06499135389936,35335573.226351514,41542833.39028086,-3770939.289628639,-81434.28516710507,288.007018189724,3085.805817911247,-0.7375603720625601
2022-09-22 10:00:00.000000Z,0.0057481399173095,41930117.7114936,0.1126160060581783,91.74782223403687,236.75094691798472,56.90886594463984,0.0106317572858527,-125.55284705597968,35419420.96001196,37754745.90756848,17933470.118601877,-75248.3841997407,-1313.6354277720957,2800.1710636640387,2.4129101343644237
2022-09-22 12:00:00.000000Z,0.0057197037300764,41929251.223406486,0.1125568465243203,91.79167368698788,236.58183559014455,87.47573761785706,0.0056018962168941,-125.19337007910916,35539183.12809151,23531174.01914969,34689238.09672863,-48334.79883079724,-2542.3833694805144,1745.902358935319,4.884810524692416
2022-09-22 14:00:00.000000Z,0.0056905628901501,41929345.17214495,0.1126531812112536,91.7783724957918,236.5560572610041,117.77686289165774,-0.0009363333701151,-125.01345960883842,35661337.80252643,2851052.485893536,41942685.59323866,-8162.180201760673,-3066.9922447417302,224.03962335594832,6.01365787448181
2022-09-22 16:00:00.000000Z,0.005657881730583,41930404.43630248,0.1129623372894343,91.80876076081728,236.575922108217,147.83195179347678,-0.0070828024926251,-124.99025283230516,35752704.15969357,-18611953.464549564,37796848.90131062,34324.34708141829,-2756.9427044790805,-1347.2282172488262,5.5166274007604
2022-09-22 18:00:00.000000Z,0.0056346861371324,41931342.1976312,0.1133151587861384,91.95749628783818,236.4494085998328,177.82207257924054,-0.0111048920167377,-125.06004484086726,35789302.54329282,-35052279.693851605,23439839.21800584,67699.83548079494,-1704.7882470302793,-2548.1878803087684,3.541778868155828
2022-09-22 20:00:00.000000Z,0.0056391082261038,41931145.89367441,0.1134808643903868,92.17214566116806,236.25596873810903,207.80670703099076,-0.0119056423447497,-125.13633533573648,35761867.314473,-42048965.57051607,2767230.827067069,83015.33277352217,-193.3648937361517,-3061.772461803874,0.6125520381436034
2022-09-22 22:00:00.000000Z,0.0056647943642159,41930052.03701236,0.113440860885298,92.32707319935416,236.21665746845088,237.77817523839823,-0.0093013568935562,-125.13138539081928,35677597.17876621,-37695192.790052585,-18648094.56710708,76071.05079281589,1376.2820416333268,-2748.6981744309105,-2.5017052551768733
2022-09-23 00:00:00.000000Z,0.0056937363393564,41929173.8319744,0.113384311461301,92.3696544441546,236.3105379305063,267.87765943611083,-0.0040532019687429,-124.97757444839664,35558520.23320427,-23111022.611105733,-34993735.092880696,48559.28914132379,2581.969680738488,-1684.2010007441413,-4.967368953289355
2022-09-23 02:00:00.000000Z,0.0057225406333734,41929298.8737913,0.1134678564447032,92.3576497581554,236.3617756065408,298.2527100515119,0.0023375359948466,-124.64542605615644,35436520.02061329,-2208709.910879251,-41756281.94501065,7772.188708258658,3088.161081364495,-147.78616433182913,-6.098547467419637
2022-09-23 04:00:00.000000Z,0.0057538072105992,41930259.01789164,0.1136792133952288,92.37840631230742,236.3225429371238,328.8449723381277,0.0080288314347345,-124.1537748977164,35345290.24904326,19295355.77261355,-36993680.374058776,-35204.566586309644,2742.9674556468985,1441.0481246802112,-5.556228602646047
2022-09-23 06:00:00.000000Z,0.0057768487057105,41931160.14855029,0.1138904444855808,92.47005054260228,236.25201057655087,359.4925779580946,0.0113611330778851,-123.56719190216322,35310802.57126758,35436668.83633277,-21959177.875682723,-68493.17552500716,1633.3070461367204,2636.0629183713704,-3.4694392753831496
2022-09-23 08:00:00.000000Z,0.0057762438940939,41931149.9220545,0.1139831980109958,92.60384770351172,236.13265543504093,30.148625637395966,0.0113648838632638,-122.97883643480178,35343221.324502386,41713377.99151551,-811773.9479264938,-82824.91126713839,69.23278732230838,3097.882687555409,-0.417568561929687
2022-09-23 10:00:00.000000Z,0.0057543251702946,41930174.26109572,0.1139411354658124,92.71669379200333,235.9086043171621,60.83792281773291,0.0080658193499505,-122.48287881499311,35433410.20707156,36404053.42237032,20565623.2794108,-74252.03292690078,-1507.316131549209,2699.671064047835,2.7396932126955145
2022-09-23 12:00:00.000000Z,0.0057268167796753,41929110.27092655,0.1138649536491806,92.76380244037368,235.66815751147485,91.4501682728142,0.0024613433806504,-122.14610656859271,35555675.674775414,21041527.60295148,36272533.88724293,-45243.48461612462,-2657.804651322662,1562.193449896628,5.12606802128667
2022-09-23 14:00:00.000000Z,0.0056978300351822,41929040.90122488,0.113900090239966,92.7621690792488,235.5686652709693,121.79042479169706,-0.003809979047234,-121.9891108661861,35675775.69319987,-89005.45066119009,42053818.32831945,-3851.9862449543034,-3074.082577495778,8.427058873036032,6.1031666153334045
2022-09-23 16:00:00.000000Z,0.0056621778748402,41930155.13817098,0.1141031387688261,92.7884130528652,235.56001846551055,151.86135071371996,-0.0089608848354601,-121.98272265032304,35761073.19904949,-21203042.55993601,36416239.90390748,38647.35838648487,-2655.367662680813,-1536.543504490142,5.430707236279067
2022-09-23 18:00:00.000000Z,0.0056325379197355,41931358.877789125,0.1143556291731308,92.90663870824407,235.45993811587184,181.84941850638043,-0.011547275742637,-122.05864399119172,35789277.42715243,-36597203.81901036,20945894.47001798,70829.92907075543,-1522.4277156701532,-2661.164211587876,3.304014130027488
2022-09-23 20:00:00.000000Z,0.0056312677410616,41931356.29934946,0.1144710940841647,93.08416788627264,235.3270287489237,211.81682489781224,-0.0108467677458089,-122.12875214871052,35753493.74596592,-42131213.24048904,-167667.40699419891,84070.06059526607,21.365497682141974,-3068.418483755315,0.2872086138555354
2022-09-23 22:00:00.000000Z,0.0056547074806986,41930165.166995786,0.1144188987054234,93.2207832261733,235.3699156553472,241.74112658156545,-0.0070495037023356,-122.10708293349592,35663242.94296927,-36286478.419729054,-21231192.302895136,74731.34534710579,1566.1602818290326,-2646.343120737481,-2.825750012799822
2022-09-24 00:00:00.000000Z,0.0056829708934931,41929034.15020757,0.1143446984568432,93.26724044586688,235.54252209626247,271.7806774895914,-0.0012139180585724,-121.93060351129348,35542140.26685982,-20584869.90212902,-36518087.80727499,45167.93308252946,2695.0469366052034,-1499.0718028737408,-5.19924101849208
2022-09-24 02:00:00.000000Z,0.0057120999631929,41929017.073667474,0.114377709373897,93.26510869916738,235.64154153148385,302.12056325526464,0.0050081272722278,-121.57596516820736,35422557.521813825,749376.7143069452,-41793976.676251456,3258.431953093584,3091.914125011777,70.35707837979362,-6.170276252676312
2022-09-24 04:00:00.000000Z,0.005745932521886,41930044.37052793,0.114512427699981,93.28255208073428,235.63023799570823,332.7044055991962,0.0098214934544904,-121.06811763302552,35337517.16277382,21869037.78467564,-35523786.7167488,-39570.838208517474,2634.772491540245,1631.5565919800877,-5.443990421781701
2022-09-24 06:00:00.000000Z,0.0057730667503006,41931127.01116505,0.1146517234581112,93.34988725720144,235.5919075576909,3.349529669117333,0.0118129617267551,-120.47612297552894,35311327.60818062,36908580.12342683,-19384608.985550564,-71463.21466786184,1442.814512645342,2744.9151777444363,-3.203172239491827
2022-09-24 08:00:00.000000Z,0.0057760987279385,41931254.916063726,0.1147074298468023,93.44737585205662,235.50108075606465,34.00644318882236,0.0103934415411858,-119.8946818138765,35351905.508406006,41674475.66451595,2151173.3142243912,-83541.33491341656,-149.75456262612676,3094.396786516352,-0.0732500072788082
2022-09-24 10:00:00.000000Z,0.0057568805359254,41930269.44074551,0.1146657957251972,93.53073338251222,235.27257888983743,64.7123687779364,0.0059851486028269,-119.41603523080056,35447887.39866853,34871736.89055228,23094870.135521047,-72502.67623728009,-1693.2799194253066,2585.816914360382,3.063629844611839
2022-09-24 12:00:00.000000Z,0.0057318108393372,41929047.75938335,0.1145940492555865,93.56902193715072,234.9824214845553,95.36025873632802,-0.0001262435478301,-119.10214927036952,35571995.55660482,18447770.42056712,37676141.84698787,-41515.688713316566,-2759.956965758597,1370.9847759882362,5.338641269259112
2022-09-24 14:00:00.000000Z,0.005704661058465,41928788.92398999,0.1145893897856659,93.57216640690145,234.8135874102661,125.74289456199426,-0.0062015259195075,-118.96733811584032,35689472.358437136,-3028705.698935989,41958440.13109374,817.1296254198433,-3066.1005421107184,-207.00841549782595,6.145974362909938
2022-09-24 16:00:00.000000Z,0.0056679716201483,41929874.0916398,0.1146934595065876,93.58929938826368,234.7654743450493,155.84692959785488,-0.0105510246047749,-118.97641768658411,35768362.15273623,-23690839.981882595,34857849.129703686,42962.475239600695,-2540.901836895349,-1718.2628452393908,5.291684596209431
2022-09-24 18:00:00.000000Z,0.0056329128797743,41931292.46884895,0.1148359444721458,93.66414201226416,234.6822656865112,185.85697528095508,-0.0119772436348622,-119.05687214406602,35788103.85027995,-37964068.08098506,18349822.54598216,73584.22737213777,-1332.638709917645,-2761.18961843409,3.0191812081370037
2022-09-24 20:00:00.000000Z,0.0056248832525883,41931536.734458014,0.1148965911381933,93.78004381858986,234.6105422437373,215.83251406365727,-0.0100728948614667,-119.11928923399812,35744162.16533518,-42007847.07591389,-3101892.392514112,84466.26759321151,236.1393706496332,-3060.084880662658,-0.0679512637965225
2022-09-24 22:00:00.000000Z,0.0056438265235807,41930340.21899808,0.1148491159472453,93.87260330737138,234.7418552043441,245.73027563000832,-0.0053316976755868,-119.07979000002,35648360.5767408,-34699444.075091794,-23710120.366553266,72606.02875567543,1748.5507219671365,-2530.871971603311,-3.154333273433379
2022-09-25 00:00:00.000000Z,0.0056693538853457,41928985.4113048,0.1147845614038942,93.90737287188053,235.0031298457267,275.7159082283923,0.0009594444930204,-118.88024839190264,35525839.872286215,-17956596.169246968,-37861619.694577135,41058.86495041369,2794.902777606294,-1306.2913100750295,-5.407881383558236
2022-09-25 02:00:00.000000Z,0.0056971374418357,41928782.85469396,0.1147850294253405,93.90918769132765,235.1640181433689,306.0119322353753,0.0070447861954428,-118.50365625054934,35409311.4975284,3703867.691991829,-41622976.98477433,-1718.0826581507074,3080.214671824371,288.3619502762558,-6.19586596814683
2022-09-25 04:00:00.000000Z,0.0057321752090745,41929811.87078528,0.1148460270692559,93.91927391720095,235.19885883614631,336.5717787915378,0.0111813026813614,-117.981017129251,35330923.823538624,24332947.547990173,-33875529.231044285,-44018.82909701239,2513.273123087936,1813.9545914932264,-5.274455567366712
2022-09-25 06:00:00.000000Z,0.0057626592205898,41931041.40101426,0.114910743111542,93.95452611545468,235.21420503992996,7.198835909940026,0.0121580848965862,-117.3854955038824,35313153.10106345,38194815.96600842,-16712696.11580682,-74108.53124529195,1245.077234904213,2839.929748085612,-2.883950074825844
2022-09-25 08:00:00.000000Z,0.0057695575642446,41931327.89070198,0.1149323645420648,94.003370013029,235.1784629107593,37.84062677594747,0.0096823427493475,-116.81273695546255,35361614.74535827,41426549.12394513,5103029.738270508,-83611.51227595007,-367.83772528627,3075.383873336113,0.3053695123569515
2022-09-25 10:00:00.000000Z,0.0057539894132902,41930394.07472415,0.1149067026361608,94.04377564539982,234.9758459752053,68.54522164614042,0.004473180744761,-116.35248812140108,35462809.61351743,33165737.09959083,25508700.521728378,-69955.97140817481,-1870.6076718980348,2459.207494218365,3.394375573318742
2022-09-25 12:00:00.000000Z,0.0057325734461047,41929069.5928924,0.1148664017356566,94.06249094168744,234.66189303750969,99.21349525414529,-0.0019790933452482,-116.06158731200738,35588073.95588153,15762960.14658997,38893323.03868119,-37046.14992692389,-2848.3675179298853,1173.2375273635746,5.529424283601895
2022-09-25 14:00:00.000000Z,0.0057088641306923,41928613.66856456,0.1148521720295826,94.06484625596224,234.4336845540063,129.63495067266243,-0.0078778730913435,-115.9481199744738,35702352.56327721,-5953530.74576861,41657208.71219176,5984.917122328969,-3043.116479416304,-421.2207720623611,6.1445906666236025
2022-09-25 16:00:00.000000Z,0.0056735355525414,41929583.04483813,0.1148782231483161,94.07029152313125,234.33818655749485,159.78404242194335,-0.0116257847427454,-115.97121520554506,35774518.27850824,-26063183.95563504,33129360.71406194,47410.199540279646,-2414.1113740987826,-1891.520352022616,5.0972922657988295
2022-09-25 18:00:00.000000Z,0.0056352746608602,41931130.79021157,0.1149175554016173,94.0936721685646,234.25971351662037,189.8379236549621,-0.0122255427239232,-116.0545602190246,35785773.44948393,-39146141.64935848,15664263.510707105,76071.9771512669,-1136.331882904959,-2847.7805584205103,2.681065292855969
2022-09-25 20:00:00.000000Z,0.0056206419417407,41931648.98588679,0.1149310715049095,94.12768825205616,234.24152509502787,219.8509866422264,-0.009510796100781,-116.10780366602847,35733902.5693652,-41679291.32858049,-6021083.918308843,84258.16448474368,449.9204948522229,-3036.7892423872568,-0.461698564141994
2022-09-25 22:00:00.000000Z,0.005633482659827,41930556.51761674,0.114915640155745,94.151783805141,234.4551188693061,249.7538096783004,-0.0041878334335802,-116.04942604563654,35632989.20109271,-32941660.69203533,-26072530.75374636,69682.28132402708,1922.548573507432,-2402.818520223347,-3.496950495222564
2022-09-26 00:00:00.000000Z,0.0056543832404799,41929040.72299437,0.1148999217833198,94.15930705290204,234.80343493612665,279.70305466910474,0.0023221772499954,-115.82647689206112,35509644.08217916,-15239046.43348178,-39017385.36367893,36154.75060976863,2881.014961516728,-1106.7960433272324,-5.601342698967787
2022-09-26 02:00:00.000000Z,0.0056789405520101,41928621.23222954,0.1148980356064218,94.15974233911544,235.0336923274001,309.95248907233224,0.0082327693199069,-115.42848465050596,35396789.5571072,6640094.265193233,-41243830.85927516,-7281.192242732219,3053.096369457852,505.13324397874567,-6.179881625083344
2022-09-26 04:00:00.000000Z,0.0057132908093171,41929577.30176123,0.1148998444839522,94.15999729789056,235.12886592491023,340.4752227718901,0.0118776881754893,-114.89245653102188,35325507.54442723,26674770.065187987,-32056953.06150109,-48688.74158069183,2379.076486044039,1987.3096495832783,-5.047492900428358
2022-09-26 06:00:00.000000Z,0.0057457375353493,41930901.0228935,0.1148965117662744,94.15753305559234,235.21698362507547,11.068876204280334,0.0122092227051231,-114.2952833560522,35316271.21794906,39289032.80555783,-13956708.699833691,-76550.87204270934,1041.103707983646,2920.6269136603387,-2.5068699648060457
2022-09-26 08:00:00.000000Z,0.0057561026927015,41931352.763071485,0.1148944735117917,94.14876715032425,235.2603780244084,41.67870332550315,0.009134834688324,-113.73296173931377,35372334.96276881,40971052.52740783,8029187.808488294,-83108.36955690502,-583.9163472776069,3040.959281993135,0.7266844751677688
2022-09-26 10:00:00.000000Z,0.0057445974360322,41930532.31158912,0.1149048204305841,94.13647821001634,235.11318003554211,72.36111401073371,0.0035463136343412,-113.2921726748482,35478151.96043306,31294761.04175553,27795366.860371485,-66618.08471957661,-2038.4340535471304,2320.496960476921,3.7416876289151833
2022-09-26 12:00:00.000000Z,0.0057275660879386,41929176.34900701,0.1149258598740156,94.12831687625938,234.8033368328797,103.029113273365,-0.0029745587699586,-113.0243130263619,35603873.45101108,13000459.868421704,39918369.64562265,-31773.400289012203,-2922.6341011377376,969.931383168726,5.707058697559386
2022-09-26 14:00:00.000000Z,0.0057085717029288,41928538.828244045,0.1149377711591336,94.12707603820738,234.53010188960093,133.47874895312722,-0.0086428248486587,-112.93128789528684,35714374.23721844,-8849165.611771876,41151812.01094532,11764.597631144024,-3005.2684642731783,-633.1818106910155,6.104485485489501
2022-09-26 16:00:00.000000Z,0.0056771581566717,41929314.62656028,0.1149196394245379,94.12223615235467,234.383459032026,163.67676736543427,-0.011963378927633,-112.96688630810527,35779514.61254504,-28308549.864635188,31239252.177513078,52128.27955900453,-2275.61366693638,-2055.4964435311385,4.848819181065622
2022-09-26 18:00:00.000000Z,0.0056389287353805,41930877.87827202,0.1148802674414659,94.09421335329492,234.29629756634316,193.78951389996053,-0.0120945741697438,-113.05145771870778,35782295.10146589,-40137612.488368064,12902245.855787098,78425.20392013068,-934.4437405891572,-2920.5177052862823,2.286899087396732
2022-09-26 20:00:00.000000Z,0.0056193755826211,41931656.10080567,0.1148681270669972,94.0372224308006,234.3151167861342,223.8671888203796,-0.0090278163359206,-113.0940884264832,35722757.438193604,-41146965.11847144,-8910981.657561615,83545.73139092379,661.6780895102181,-2998.6183207421595,-0.9000078225574711
2022-09-26 22:00:00.000000Z,0.0056256963104741,41930778.42261065,0.1149197266881506,93.97705890029268,234.5892635320055,253.813565646712,-0.0035764482213245,-113.01586296680634,35617173.10793235,-31021533.081836645,-28306645.84772438,66008.77554283192,2087.2881458429983,-2262.77535757208,-3.8616773355537326
2022-09-27 00:00:00.000000Z,0.0056406834492241,41929199.8394244,0.1150000052058833,93.94614164682775,235.0066412705997,283.7558915487107,0.0028164191233048,-112.76921158196002,35493567.32573469,-12445509.672102615,-39979344.48403712,30442.82715143296,2952.928484578911,-901.5538380281693,-5.788333879826401
2022-09-27 02:00:00.000000Z,0.0056602175118028,41928557.6483321,0.1150367041172718,93.9426188908398,235.30151667387352,313.9655216319622,0.0084284625086962,-112.35036358486482,35384970.601814725,9543481.48464945,-40658073.43374774,-13502.975075828484,3010.671034986708,719.5857900240773,-6.1297736313655085
2022-09-27 04:00:00.000000Z,0.0056915712598605,41929362.494242944,0.1150057071850597,93.93383282878015,235.4630973923105,344.4429299800464,0.0117157582050593,-111.80229463623802,35321227.38360426,28882807.857664023,-30076860.1569982,-53696.14391622151,2232.852411429236,2150.741927723516,-4.767458628331168
2022-09-27 06:00:00.000000Z,0.0057239042788462,41930708.27562307,0.1149520065092184,93.89313340732151,235.63475811536117,14.991118054140546,0.0117677037466076,-111.2052789099602,35320640.92786663,40185828.2640736,-11130186.817385344,-78922.38589462015,831.9268258540261,2986.605248637639,-2.072069651488305
2022-09-27 08:00:00.000000Z,0.0057366381359968,41931314.13114182,0.1149435869756746,93.82400473697888,235.77387058621468,45.55345084599739,0.0085965574648236,-110.65509623130086,35384036.72454555,40310391.607919045,10915343.976711571,-82148.9214830138,-796.9110533853097,2991.31484714674,1.1949417372315998
2022-09-27 10:00:00.000000Z,0.0057289443631084,41930662.97846511,0.1150118862412426,93.7560965152024,235.7056552333769,76.19200546311912,0.0031306295013389,-110.23479975038008,35493897.260976814,29268183.02097193,29943894.23110764,-62562.56237290598,-2195.948739472988,2170.390144676433,4.113139554216176
2022-09-27 12:00:00.000000Z,0.0057163808495169,41929359.20104048,0.1151224131529764,93.7195068842754,235.42573748779213,106.83542392397128,-0.0030906163682016,-109.9900236019906,35619383.12326576,10173842.456966229,40746582.25119569,-25710.04228446029,-2982.4231640122234,762.0602492666254,5.880533364356149
2022-09-27 14:00:00.000000Z,0.0057027938377355,41928581.95068472,0.1151962216303303,93.71605563107622,235.12421641033663,137.2960277856686,-0.0083861905856155,-109.91652675002751,35725529.32879724,-11701571.652249165,40444920.66581671,18206.90218556796,-2952.7584263981244,-841.883735804216,6.03390867340468
2022-09-27 16:00:00.000000Z,0.0056775883363417,41929107.20017941,0.1151748267695106,93.70755953354218,234.92668738658705,167.53761132175177,-0.0113925529575445,-109.96310239249848,35783354.00828701,-30416093.194822863,29196734.8302524,57218.76038657906,-2126.07280459622,-2209.4187833771684,4.5520443989753
2022-09-27 18:00:00.000000Z,0.0056431548658188,41930557.80448405,0.1150945540321257,93.63925216558302,234.817662889634,197.71293361077628,-0.0113893282568149,-110.0472456121366,35777699.649859205,-40933599.78522636,10077124.959333206,80775.95842933378,-727.9327131098855,-2979.045699791662,1.8391549979839332
2022-09-27 20:00:00.000000Z,0.005621783077577,41931533.41390201,0.115087153491446,93.4996733569042,234.8494830214964,227.8721814070276,-0.0084429868406622,-110.07789027938092,35710789.28240449,-40413271.61928436,-11757482.378240358,82466.46596289713,870.3893330352112,-2945.727007002776,-1.383862345306852
2022-09-27 22:00:00.000000Z,0.005622687756272,41930960.70666848,0.1152399062243015,93.35565282958297,235.1471252512033,257.8996284029543,-0.0033637812745341,-109.97895592776284,35600976.98414088,-28948278.624045342,-30401305.371105354,61703.5230816114,2241.943291513427,-2111.3920742159835,-4.252956528049602
2022-09-28 00:00:00.000000Z,0.0056315948876002,41929449.47611996,0.1154611573891143,93.2847244322592,235.5961706922266,287.8742136444742,0.0025024361825614,-109.7083884374068,35477635.15765933,-9589702.449892793,-40742394.30801338,23997.56993773577,3010.254098288909,-691.5618182876203,-5.976386573698674
2022-09-28 02:00:00.000000Z,0.0056449202113046,41928621.872632645,0.0977595563994322,92.86933292720902,236.3437645706193,318.06330809964663,0.0112396384624982,-109.26922667333092,35373825.46535517,12399552.78564088,-39868247.34283167,-17724.750929021007,2953.127791131936,930.645746214995,-5.111879021736542
2022-09-28 04:00:00.000000Z,0.0056708261125104,41929203.98830952,0.0977323984278113,92.85577881027424,236.56630922965093,348.4952961894616,0.0226220220469092,-108.7103831392331,35318017.68573336,30945976.7708669,-27944826.0380613,-50345.792367775946,2075.332211885785,2303.4238574269666,-3.731364234251589
2022-09-28 06:00:00.000000Z,0.0057004023365692,41930482.680912495,0.0976559157496742,92.77096500039602,236.83185423779776,18.99186143342732,0.0277437594609206,-108.115218392305,35326192.67071912,40880728.095218405,-8246965.122682714,-68916.88479572408,618.6029060723047,3037.5401268484466,-1.303412223394386
2022-09-28 08:00:00.000000Z,0.0057137034147191,41931208.19926662,0.0976636836178548,92.62678600566258,237.09046991560544,49.495993277478526,0.0252231045180428,-107.57878084165864,35396673.58220774,39447907.94073629,13747461.606951907,-68244.40336775048,-1005.7631872323176,2926.717091383919,1.4839423940737215
2022-09-28 10:00:00.000000Z,0.0057088660760917,41930768.763601765,0.0978098416689722,92.48935268334436,237.1336057784184,80.07123811804533,0.0158637958359166,-107.17996708677072,35510032.857950546,27096034.43024042,31944034.372421887,-48580.65769610072,-2342.395174202541,2009.6420736810176,3.845935145095269
2022-09-28 12:00:00.000000Z,0.005700152005718,41929604.96834113,0.0980309528590144,92.42013944002652,236.9128691409029,110.6649636394272,0.0023449751377044,-106.95832832380236,35634618.43396039,7296889.501264135,41374228.49623258,-15462.81498755996,-3027.4686108799706,550.6341010531967,5.135488748475735
2022-09-28 14:00:00.000000Z,0.0056918971379104,41928754.42503235,0.0981947443693174,92.42153790715712,236.59882834378485,141.11458525236156,-0.0116324622995185,-106.90348653033666,35735848.822072096,-14496983.6450412,39540166.72580412,21959.933123248466,-2885.8522529228785,-1046.3355448204766,5.017190562404839
2022-09-28 16:00:00.000000Z,0.0056744341724413,41929006.32227598,0.0982091523795589,92.42141292380066,236.3545292061353,171.38507354224868,-0.0223875613849333,-106.95955731636018,35786077.85140875,-32375654.316225205,27011759.667353045,53488.60271714165,-1966.2015823764489,-2352.558631387248,3.537574897415959
2022-09-28 18:00:00.000000Z,0.0056473446164063,41930222.18845801,0.0981301476361998,92.3195918703194,236.2283184114873,201.6131262448711,-0.0271783051787938,-107.0416682499234,35772048.70881535,-41530177.06824121,7202608.367595101,70571.00440087421,-517.7822630455189,-3023.0716582062128,1.0956323615238228
2022-09-28 20:00:00.000000Z,0.0056281012754445,41931286.99807664,0.098158208338352,92.0904202450284,236.28078310505416,231.8545864522418,-0.0248274180729323,-107.05904599351214,35698089.27812361,-39481642.46217134,-14546615.869123572,68503.40357379655,1075.0365529996611,-2878.3401259290263,-1.6606404802182009
2022-09-28 22:00:00.000000Z,0.0056261435900389,41931064.57594449,0.0984341741967945,91.84731073585864,236.5915912158512,261.9893797054368,-0.0159812511294844,-106.93868751507593,35584500.722320594,-26731988.03714186,-32345965.829206903,47693.11643810733,2385.725726267653,-1949.3796758795904,-3.988591882056829
2022-09-29 00:00:00.000000Z,0.00563015330848,41929764.19861072,0.0988275378072782,91.73089108135568,237.0362426947315,292.03784450035323,-0.0029676142622623,-106.64412744379466,35461909.30785217,-6685835.875027636,-41302407.75768217,13678.77100044555,3052.668144712428,-477.85250918823135,-5.238149907691335
2022-09-29 02:00:00.000000Z,0.0056366915351751,41928804.42033629,0.0990740374101857,91.73569201448268,237.37929933002331,322.2310104028101,0.0107465900018881,-106.18524139129018,35363346.497771695,15193843.635987094,-38877988.28736878,-24224.46080695929,2880.7252619157093,1137.243479212205,-5.038540627087195
2022-09-29 04:00:00.000000Z,0.0056549930146061,41929112.45158533,0.0990885022429242,91.73435671824998,237.63432689833897,352.6278687840028,0.0214412701924003,-105.61682579536964,35315804.67835019,32853681.84096035,-25671332.01494774,-55448.172992699256,1907.305854890483,2444.5747838583934,-3.4249802632231527
2022-09-29 06:00:00.000000Z,0.0056789555783377,41930227.35086977,0.0990168140131071,91.63203385620764,237.96219963219195,23.076209640880847,0.0261965069211299,-105.02506704286924,35332817.11311069,41370062.49381941,-5321329.904639401,-71203.6345411071,402.2140886418541,3073.182489132432,-0.8460723967539304
2022-09-29 08:00:00.000000Z,0.0056905094433941,41931015.07197166,0.0990575773124327,91.4456474149862,238.30897773822392,53.51919234333322,0.0237746604734265,-104.50382399578338,35410137.48985123,38387780.86661796,16511622.169902358,-67067.03483138302,-1209.4307546048028,2847.510458881567,1.966097413385814
2022-09-29 10:00:00.000000Z,0.0056869456121616,41930807.81780042,0.0992901246276675,91.26931702826494,238.44545350387347,84.0176502792709,0.0149739291039917,-104.12735435638736,35526477.63062599,24788931.86796131,33786145.48176416,-44244.20675622052,-2477.0677295694927,1839.0620035774589,4.220961726187736
2022-09-29 12:00:00.000000Z,0.0056807443677023,41929866.44617076,0.0996280293650004,91.18776607370208,238.28605432079476,114.53926401629546,0.0023199895756988,-103.92882733875564,35649532.55768182,4383534.549760968,41798439.56407584,-9127.217824315669,-3057.5701643718644,336.6789225129468,5.303344193335658
2022-09-29 14:00:00.000000Z,0.005676861919434,41929029.53433271,0.0998955051919323,91.20551500864453,237.97268787704655,144.95411339239956,-0.010733080846824,-103.891732653331,35745314.41209285,-17221948.38767964,38442019.11986863,28609.85227172001,-2804.875936839946,-1245.5688612031386,4.934927862346646
2022-09-29 16:00:00.000000Z,0.0056676005174907,41929023.07092648,0.0999718285910596,91.23258687519576,237.68541357270283,175.23237248631105,-0.0207663851059981,-103.95581099172864,35787691.44081398,-34177749.89888519,24694838.62524626,58694.004712055175,-1796.7520804276107,-2484.239340984252,3.2275600191865577
2022-09-29 18:00:00.000000Z,0.0056504892315796,41929907.08436044,0.0999220353912371,91.14355905186576,237.51866727063765,205.4917815311295,-0.0252454628853273,-104.0343082755706,35765380.03000315,-41924276.32984874,4292523.700473553,72950.72673508321,-304.986266534783,-3052.370595169976,0.6380199248170746
2022-09-29 20:00:00.000000Z,0.0056372101847918,41930925.63395315,0.099994693988992,90.89779251532484,237.53764841453955,235.79778789217255,-0.0231006610996822,-104.03721875285798,35684743.4139982,-38356334.24981612,-17264790.410929613,67404.84935981226,1274.6217888997594,-2796.750333708123,-2.147766500088987
2022-09-29 22:00:00.000000Z,0.005635791016747,41931039.76978753,0.1003835742473393,90.62293669750446,237.78776758732323,266.0469932823244,-0.0149625689465228,-103.89488342977334,35567867.88189868,-24383337.084129438,-34130899.74352449,43367.838890013794,2517.893065926752,-1777.5002721069238,-4.377294457062722
2022-09-30 00:00:00.000000Z,0.0056374437925296,41930081.49747862,0.1009474312557798,90.49695321371595,238.1576377196241,296.2036769920448,-0.0030094701855956,-103.57644926469176,35446498.3208511,-3748307.058164479,-41656335.19037119,7240.3328857657025,3079.910012899911,-261.4779254708875,-5.422191579448578
2022-09-30 02:00:00.000000Z,0.0056382966308746,41929107.31187855,0.1013418218595178,90.52775638322603,238.45420799588533,326.4363370725543,0.0095638943287484,-103.09855281359516,35353571.99789134,17912209.208715964,-37692006.20757316,-31066.80779385953,2793.7992862594638,1338.3306934876034,-4.9631276390988734
2022-09-30 04:00:00.000000Z,0.0056476989362448,41929124.236432165,0.1014288123506906,90.55945963337626,238.69894281206584,356.81882863550754,0.0193723256957366,-102.52175831850148,35314544.97373726,34596140.7304536,-23267640.084284708,-60839.35185532638,1729.6193454037743,2573.47253206722,-3.106228214197965
2022-09-30 06:00:00.000000Z,0.005663379782466,41929978.707628325,0.1013837136975472,90.46760756320762,239.0455320450184,27.23314518865636,0.0237858362769532,-101.93483710514144,35340418.71569109,41651239.9095476,-2367842.52917057,-73664.44803681629,183.8583315064853,3093.3613733051598,-0.3699945958119506
2022-09-30 08:00:00.000000Z,0.005670684406712,41930748.79459851,0.1014629812236628,90.26918117649636,239.44116526453865,57.622835145353925,0.0217034995368044,-101.43007216814657,35424326.24403706,37135221.172125205,19194190.1628634,-65920.4248077254,-1406.8996844868643,2754.112199565771,2.468488539230749
2022-09-30 10:00:00.000000Z,0.0056664157982867,41930767.28317242,0.1017736198095136,90.07922144040478,239.64945083146603,88.04004055991636,0.0138519538527987,-101.07667466906038,35543159.71727014,22358196.61397055,35461311.00727727,-39801.62156498377,-2599.320655523529,1659.5067393833094,4.613058310186417
2022-09-30 12:00:00.000000Z,0.0056608683602669,41930114.93234944,0.1022155637121386,90.00162785129436,239.5513009441177,118.4734218023695,0.0025001021108009,-100.90117309897371,35664098.89736102,1447926.7696507848,42017295.25602816,-2585.231077312932,-3072.600291419408,121.23480592742064,5.481512853212164
2022-09-30 14:00:00.000000Z,0.0056596330929962,41929386.49729815,0.102581522916953,90.04570846409159,239.2510964699668,148.83193128610412,-0.0092543046170382,-100.88092428889486,35753938.64348059,-19863314.13819428,37155878.24924139,35509.94293045252,-2710.2237500827578,-1438.633319748345,4.854403281611878
2022-09-30 16:00:00.000000Z,0.0056577875576596,41929174.20529551,0.1027276016037568,90.1141750836234,238.93186677348808,179.09418958446645,-0.0183413914823187,-100.9515641851572,35788233.58514046,-35813634.48284133,22257184.91551684,64131.93445161745,-1618.5273220793,-2603.829021655712,2.91121449974435
2022-09-30 18:00:00.000000Z,0.0056517204684366,41929673.78762064,0.1027167504405996,90.0686102496022,238.72412961000893,209.3562673735001,-0.0224790867121949,-101.02492121134354,35757757.76277818,-42113840.96462504,1361002.082104558,75496.50354096263,-90.56221321866924,-3066.78182403282,0.1689387299751161
2022-09-30 20:00:00.000000Z,0.0056472369175739,41930505.5038892,0.1028213577875214,89.85393245196623,238.69543172081725,239.6944423550676,-0.0207006811214117,-101.01225399805524,35670856.62238799,-37042660.65098297,-19898611.74590198,66384.51230735324,1468.1585999046506,-2701.322817182286,-2.647068029980188
2022-09-30 22:00:00.000000Z,0.0056497175893118,41930880.74460018,0.1032811828178737,89.5923162227138,238.855466343251,270.04285035308914,-0.0135737025095893,-100.84756117460294,35551228.176542096,-21913842.389798094,-35747078.921448015,39042.36544453923,2637.7507902755306,-1596.5794986567466,-4.775163604048914
2022-10-01 00:00:00.000000Z,0.0056523385446192,41930357.42295403,0.1039775565347866,89.48152154704563,239.1070149108438,300.3261807002881,-0.0030547878566118,-100.50561275668584,35431556.321411684,-791901.0933446754,-41802193.09701844,750.5803782931353,3091.7946708326963,-43.52541902406034,-5.611327769828734
2022-10-01 02:00:00.000000Z,0.0056499236276271,41929506.448455215,0.1045144104422356,89.5518993012068,239.31000683453684,330.63093380252445,0.0080146592774079,-100.0096266467156,35344597.083831124,20540684.458607554,-36316186.17718832,-37985.6680245033,2692.762111514978,1532.865337081443,-4.889910132626801
2022-10-01 04:00:00.000000Z,0.0056504502054123,41929258.12606975,0.104688893476808,89.63623370291282,239.49560107422616,1.0270467871748703,0.016664877911617,-99.42572025055708,35314239.57718867,36164264.39076421,-20745983.890039887,-66317.51484016782,1543.1807819137114,2689.4440536605707,-2.7883947837327727
2022-10-01 06:00:00.000000Z,0.0056559682341972,41929770.87877135,0.104678700073755,89.5841443981315,239.8056462175223,31.431950203451976,0.0206200489982139,-98.84499412876482,35348917.276360355,41722693.194860205,598432.8602528572,-76217.00031896602,-35.33936296079139,3097.983322649552,0.1056430496279125
2022-10-01 08:00:00.000000Z,0.0056567951179861,41930427.935041495,0.1047856461929317,89.40510079101016,240.19832139527816,61.78761866656268,0.0189433184944294,-98.35782660866028,35439121.474635094,35696501.34973364,21781613.57301897,-64866.66018863288,-1597.1727107926508,2647.0204480919933,2.9711055358903464
2022-10-01 10:00:00.000000Z,0.0056497852904552,41930635.38432194,0.1051473382883566,89.22587831606504,240.44664313456232,92.13042525569792,0.0122700535552042,-98.02805464288024,35559968.09895004,19815950.240545664,36961216.41480701,-35445.88205440473,-2708.561737859236,1471.892808663384,5.0067100582274815
2022-10-01 12:00:00.000000Z,0.0056427685614011,41930314.08721078,0.1056618654073637,89.16476888085533,240.40420398131303,122.46879848127708,0.0025521667736242,-97.87536579670024,35678241.91812996,-1495450.670789254,42029782.5343073,3887.394603660577,-3072.5040602264926,-94.63462630171742,5.663010918208956
2022-10-01 14:00:00.000000Z,0.0056418797901383,41929786.70429912,0.1061031387843913,89.23897670115873,240.1299962662204,152.75530017850485,-0.0075516214638137,-97.87100037614287,35761687.00339073,-22408124.521255985,35688078.22191945,42370.64508349903,-2602.361194341595,-1624.594454718911,4.778801787581996
2022-10-01 16:00:00.000000Z,0.0056455267003081,41929450.326988645,0.1063087074840567,89.35382328290288,239.79669219658385,182.9801504308836,-0.0154038920151634,-97.94674282344232,35787703.39689672,-37275210.892379165,19710705.44652618,69569.93252102584,-1432.38243654503,-2710.7450745925603,2.600806927675857
2022-10-01 18:00:00.000000Z,0.005649922084527,41929560.15143552,0.1063286186585691,89.36912141572407,239.5613143417817,213.21565925084505,-0.0190389368494746,-98.01344721145578,35749212.56514978,-42097728.57307685,-1577571.718410408,78087.43006833552,124.4523777899617,-3066.2152201745275,-0.2935965150644605
2022-10-01 20:00:00.000000Z,0.0056554275793813,41930086.22745438,0.1064353462463029,89.21778878546887,239.49288936870997,243.54685260593607,-0.0176225970403626,-97.98414428742817,35656506.01277339,-35546857.807898454,-22434968.87033202,65458.490395237575,1654.6789476227495,-2592.498188709676,-3.1392729758867053
2022-10-01 22:00:00.000000Z,0.0056642062868796,41930599.16691581,0.1069025819271699,89.0023301449955,239.56405999339344,273.9605668448356,-0.0116498511227115,-97.79685188576263,35534719.493736275,-19335677.29125736,-37186259.66195791,34863.052328646685,2744.6585860455434,-1407.503354561135,-5.165944619258758
2022-10-02 00:00:00.000000Z,0.0056711258415046,41930544.55212416,0.1076625180275414,88.92269191124774,239.6830797860752,304.3681832257461,-0.0028163108669008,-97.43198943774784,35417255.22656157,2168423.3892944558,-41739103.016076885,-5548.504120840105,3088.214082973231,174.8917196810444,-5.795758585426277
2022-10-02 02:00:00.000000Z,0.0056689646995481,41929961.4083625,0.1083067111483505,89.03672263960023,239.76383075601663,334.768436755976,0.0064443152596471,-96.91909039139688,35336559.67257471,23065710.13827216,-34757545.0256563,-44699.76610578063,2578.106368745925,1719.8246439979966,-4.818079529773126
2022-10-02 04:00:00.000000Z,0.0056622618172611,41929521.25804527,0.108563613760282,89.1842321762622,239.84885518090243,5.2076411471539865,0.0136401102245745,-96.32948727039164,35314937.3002831,37549879.19575988,-18119433.92892993,-71630.90898002745,1348.9555655103054,2791.876863578613,-2.480418812704533
2022-10-02 06:00:00.000000Z,0.0056570470771636,41929640.65043992,0.1085821710629827,89.19358073385835,240.06819091934827,35.634274873297485,0.0169141616128046,-95.7563029533891,35358267.07105755,41584041.19483244,3562126.92554342,-78703.87692191222,-254.2381034491995,3087.0378613535067,0.5641020272199864
2022-10-02 08:00:00.000000Z,0.0056499016137058,41930082.62957572,0.108692539208657,89.05865763192912,240.40320879940185,65.98489599274504,0.0155454453565017,-95.2877202194594,35454418.116694294,34079028.68876735,24260634.57220746,-63884.613923394856,-1779.281962239786,2526.8124685073635,3.4536733261903683
2022-10-02 10:00:00.000000Z,0.0056384696057119,41930413.3347021,0.1090647207070587,88.90780146917189,240.6552219704772,96.27164031518308,0.0101006313804087,-94.98195294319926,35576785.8020172,17175104.340550274,38278327.53074959,-31298.68172701198,-2804.262397506714,1277.189685690419,5.383399498816291
2022-10-02 12:00:00.000000Z,0.0056279610703021,41930433.28276351,0.1096071158837013,88.86871429862383,240.65882806588877,126.51949352889294,0.0022012013107953,-94.85171619102884,35691868.13734841,-4431849.268772283,41835916.90374654,10056.61807603954,-3057.3051657241203,-309.8507579380509,5.83580453484378
2022-10-02 14:00:00.000000Z,0.0056248776490324,41930185.96417241,0.110087574842265,88.9688139843167,240.42272392484293,156.72716956791228,-0.0059787488130801,-94.86218049197554,35768502.56652234,-24843717.09977957,34045947.714646176,48904.0741793968,-2481.827259430649,-1802.5416377314527,4.705463942091018
2022-10-02 16:00:00.000000Z,0.0056312901756696,41929823.822510645,0.1103298733215763,89.12364855938654,240.09793352741065,186.89991651115287,-0.012300277965299,-94.94152454346458,35786076.442426786,-38555133.95492579,17068009.705079578,74736.6086422789,-1239.223711537904,-2804.460475215895,2.303401223438487
2022-10-02 18:00:00.000000Z,0.0056441021342423,41929583.40302309,0.1103630743070818,89.2000175448962,239.85996420667087,217.0851260173642,-0.0151837906351548,-95.0000493982106,35739747.6903918,-41875796.78128698,-4508588.37990131,80532.10507442644,339.00398743802054,-3050.6553163756994,-0.7349687451022817
2022-10-02 20:00:00.000000Z,0.0056590019025825,41929725.07941892,0.1104397939455439,89.12267937443971,239.77926302486023,247.3722833323644,-0.0139827116059452,-94.95306494679244,35641733.28397236,-33876126.7482097,-24861081.38457119,64556.208652433495,1833.2409146699367,-2470.7933037802864,-3.606153725314933
2022-10-02 22:00:00.000000Z,0.0056749891608069,41930230.74369134,0.1108498826177085,88.96805722832521,239.7905225433031,277.8078331855318,-0.0091451910140843,-94.74301180522728,35518443.06298211,-16661645.679025512,-38441020.14730913,30890.59930307521,2838.0412200051005,-1211.2143904245595,-5.532064709248855
2022-10-03 00:00:00.000000Z,0.005688671845751,41930609.66566184,0.1115907868507995,88.9233235416856,239.7951735933552,308.3170361695644,-0.002100214059872,-94.3560266485513,35403749.08273741,5117637.72201764,-41467284.17576579,-11483.070907561829,3069.147024515972,392.6428249185937,-5.96213523143821
2022-10-03 02:00:00.000000Z,0.0056907284765002,41930420.52664934,0.1122833139459369,89.07300239580879,239.75208130123508,338.8209686254213,0.0051520222426265,-93.8276433560698,35329609.551898964,25474281.79709676,-33024150.13489288,-50962.86113341842,2450.406747375089,1898.2163856385307,-4.741289604400472
2022-10-03 04:00:00.000000Z,0.0056800621271266,41929906.85542517,0.1125979548377527,89.27949976529436,239.7159180421686,9.326466710479714,0.0106354810060584,-93.23394635041528,35316718.35494576,38745858.62063704,-15401738.4641056,-76518.24270825506,1147.960096140786,2880.228670102492,-2.184625197716494
2022-10-03 06:00:00.000000Z,0.0056651513736827,41929622.14781778,0.1126296294098433,89.35814858389514,239.80391532083868,39.806208415474806,0.0129632674639459,-92.66969273384257,35368456.2221627,41236153.87950313,6507773.201245489,-80912.00565038488,-471.6925659113672,3060.6010937673404,0.9945733142103704
2022-10-03 08:00:00.000000Z,0.0056496756875682,41929752.43347142,0.1127145447028794,89.28064584085242,240.03257554886585,70.18628455385152,0.0116888621080982,-92.22059287680456,35470136.31127208,32291324.160877146,26618497.54049144,-62862.42629507303,-1952.300603047748,2394.1411789174285,3.899477093856015
2022-10-03 10:00:00.000000Z,0.0056328900151569,41930116.6584922,0.1130532488542054,89.1670909747121,240.25135938683,100.44472357831356,0.007361032409002,-91.93905914394036,35593509.37641499,14449266.839538837,39406053.31415725,-27377.342441764013,-2885.9656508071835,1076.4112665550983,5.724727364411978
2022-10-03 12:00:00.000000Z,0.0056173248631254,41930454.65921076,0.1135740179009164,89.14915846474803,240.28708650572756,130.6173495572878,0.0012984343554146,-91.83077363880015,35704888.049601644,-7346388.236569283,41436835.40257748,15780.42375949424,-3027.1088928381337,-523.3302281584804,5.984399941030294
2022-10-03 14:00:00.000000Z,0.0056096780608432,41930541.71248727,0.114051088041834,89.26460959976765,240.09701746473425,160.74995522606662,-0.0048136073113996,-91.8549213071341,35774326.10049394,-27157860.32382783,32237831.13636712,54878.77870081343,-2349.232858091286,-1971.5973483728528,4.625555590784116
2022-10-03 16:00:00.000000Z,0.005615796445189,41930254.08864975,0.11430155971841,89.44373616685866,239.8029843195474,190.8655995715377,-0.0093702817136406,-91.93631861031793,35783320.089357175,-39646923.24881427,14342372.243757345,79367.3341983441,-1040.003757969298,-2884.51052985906,2.018781794721898
2022-10-03 18:00:00.000000Z,0.0056339464714018,41929740.19127224,0.1143306792214897,89.5663434687947,239.59199721220003,220.9873220879589,-0.0112359668805903,-91.985110315289,35729347.46423502,-41448971.79081434,-7417288.143085113,82594.93597079226,552.0303497920069,-3020.164541947996,-1.14713028917031
2022-10-03 20:00:00.000000Z,0.0056561671123688,41929466.86272277,0.1143568059223539,89.55505961333428,239.5356660562116,251.2028032066568,-0.0100150447384578,-91.91937829427852,35626543.095665984,-32038644.05393156,-27164579.91356614,63523.14107507431,2002.937469313376,-2336.799594304927,-4.033772225459918
2022-10-03 22:00:00.000000Z,0.0056786310870732,41929825.31458672,0.1146642445613864,89.45984616332471,239.5319202551504,281.61685773327184,-0.0061585354586285,-91.68641736788696,35502446.43533179,-13905128.800326064,-39504808.92889611,27081.375538671906,2917.397068204895,-1008.704526864406,-5.857274350237838
2022-10-04 00:00:00.000000Z,0.0057000863941158,41930540.27761984,0.1153098361870517,89.44437808869641,239.4642408234825,312.19035193829603,-0.000852794390651,-91.27820564095538,35391141.670008905,8040750.355106531,-40988031.00867693,-16981.491660193282,3034.664629594344,608.5919141852903,-6.095216434401895
2022-10-04 02:00:00.000000Z,0.0057098862973594,41930826.21434095,0.1159783967309899,89.61162795237102,239.32395271544544,342.7877717270118,0.0043331291406496,-90.73595943131508,35323872.28951016,27754073.25450996,-31125002.68822196,-56605.77435081902,2310.3182746948046,2067.092317323792,-4.648094482017683
2022-10-04 04:00:00.000000Z,0.0056996264334444,41930386.64259072,0.1163122226797185,89.85776654951515,239.17381372388945,13.369916292599424,0.0079488650709537,-90.13995037263656,35319666.847736865,39746204.84466537,-12607122.021504916,-80749.43276158563,941.2519286935726,2954.0366195047272,-1.895880882590283
2022-10-04 06:00:00.000000Z,0.0056777489510095,41929740.0208472,0.1163388322087605,89.99682998320073,239.11425143966449,43.926417279960255,0.0091021667460857,-89.58608277626905,35379492.17226707,40681143.498195566,9420049.609328425,-82601.9408518322,-686.5674461941334,3018.8370260868505,1.3944132821423725
2022-10-04 08:00:00.000000Z,0.0056549685167978,41929484.02066113,0.1163759047362514,89.97712609813144,239.20199185728245,74.36929032181234,0.0076659720248032,-89.15730743999693,35486219.45208403,30342910.368969105,28843167.92544159,-61607.472507814935,-2115.356156365954,2249.7278559661613,4.29842006521196
2022-10-04 10:00:00.000000Z,0.0056328854081745,41929776.881995305,0.1166441945013428,89.90232955899944,239.35289857471375,104.6325066837716,0.0042294150350085,-88.90011534446074,35610057.424775615,11652553.099456172,40338888.44737629,-23582.567421693748,-2953.293715712899,870.6026951496677,6.015410832555708
2022-10-04 12:00:00.000000Z,0.0056115101942905,41930375.50473318,0.1170977369376193,89.90072148977158,239.40169412823977,134.7544044331495,-0.000136590484912,-88.8131649744759,35717232.42145438,-10224270.871871565,40834837.69001981,21040.36700598793,-2982.102181525886,-733.999294360788,6.0920447097787855
2022-10-04 14:00:00.000000Z,0.0055975056160066,41930819.36293602,0.1175288164646049,90.01780994013289,239.2584369685889,164.82609280006272,-0.0042005407623896,-88.84978039040381,35779116.952871926,-29338947.032709792,30273034.672711927,60162.72850594018,-2205.2546904226247,-2130.9287884770256,4.524926200361133
2022-10-04 16:00:00.000000Z,0.0056004424314272,41930696.01150897,0.1177587473115616,90.20005048927324,239.0116046497991,194.89094159589663,-0.0068876839952511,-88.93165829825118,35779415.76039085,-40545097.8479213,11547612.955124233,83248.1848875248,-835.7116421111122,-2950.499492635072,1.738784607072125
2022-10-04 18:00:00.000000Z,0.0056204611485257,41930008.09489976,0.117772779986509,90.34506794279832,238.85359244959844,224.94857590162445,-0.0075341651349795,-88.96915338797172,35717997.87819583,-40819308.20898541,-10288906.053877404,84030.98565152861,762.4711402839904,-2974.883738736069,-1.5304230798017338
2022-10-04 20:00:00.000000Z,0.0056469642698833,41929340.45921644,0.1177464797853538,90.37985119026833,238.8557511680674,255.07934044220943,-0.0060455937713528,-88.88358135328082,35610917.960865185,-30043548.459844746,-29333633.78571461,62139.78725593921,2162.905827591836,-2191.1777289515308,-4.414964726243144
2022-10-04 22:00:00.000000Z,0.0056738732478037,41929440.68196963,0.1179346310269483,90.33275204224216,238.88310813453197,285.43726952120664,-0.0029315307781909,-88.62752899227326,35486725.78598738,-11080014.73158902,-40372013.416046575,23288.778455737247,2982.3045280774945,-801.0041032347228,-6.12894931336791
2022-10-05 00:00:00.000000Z,0.0057023995027541,41930350.38970741,0.1184325828117768,90.33635302883734,238.79597627311912,316.03146758318707,0.0008199586407979,-88.19899661367447,35379470.945945404,10922905.849919112,-40303690.4172851,-22088.647826232795,2984.931815113384,821.6116768226921,-6.179841278132815
2022-10-05 02:00:00.000000Z,0.0057220992951171,41931125.19669763,0.1190069215971556,90.49841518764974,238.6066673308179,346.6952401211205,0.0040423837761173,-87.6446058486208,35319421.71552059,29893521.92001764,-29069915.0327808,-61563.21762028849,2158.571077604704,2225.5609203076933,-4.523535835722395
2022-10-05 04:00:00.000000Z,0.0057168341503124,41930910.78169172,0.1193145259792114,90.75255088348972,238.3796630106596,17.346656118295968,0.0057904662880885,-87.04819346380064,35323843.06448051,40546070.45720068,-9750088.653851174,-84160.57225473873,729.9179047993496,3012.9242668520237,-1.602281270644765
2022-10-05 06:00:00.000000Z,0.0056920182069161,41929998.32607692,0.11932204815303,90.92745899781552,238.1869706225456,47.98854510219614,0.0056554521266171,-86.50622348105102,35391379.80385304,39922287.69572556,12283993.632096846,-83543.97840659732,-897.7520193049687,2961.9954733878235,1.769535279326997
2022-10-05 08:00:00.000000Z,0.0056642908898226,41929320.020754695,0.1193037861562457,90.95390411592228,238.12002535744315,78.51883637291527,0.0038425166215163,-86.0985668673045,35502619.163171634,28244136.1662775,30923501.159894552,-59875.08480688596,-2267.6423940198897,2094.3514699194234,4.648535733787493
2022-10-05 10:00:00.000000Z,0.005638115568588,41929437.46301781,0.119481637552704,90.91317252211478,238.17556932366483,108.81900688783917,0.001024631146618,-85.86571849285353,35626362.93098666,8799347.759872982,41072485.983596265,-19712.427373657272,-3005.952981352548,660.8248814793761,6.245708632557381
2022-10-05 12:00:00.000000Z,0.0056111999142629,41930210.70460959,0.1198338918585639,90.9214804773106,238.2147003601283,138.92002953978786,-0.0019108040158911,-85.79939151181074,35728852.77225013,-13051029.52338216,40033342.8888538,25946.129662298918,-2922.550478299647,-940.8096227415232,6.143365880040799
2022-10-05 14:00:00.000000Z,0.005589998856789,41930996.38758488,0.1201826573101406,91.02631644260724,238.1106853254363,168.95351613754792,-0.0041206745472604,-85.847218754667,35782862.39841159,-31376190.60601102,28161682.14651704,64745.635913689686,-2050.625265600448,-2279.7594657407403,4.38632643676307
2022-10-05 16:00:00.000000Z,0.005587546885796,41931104.226687126,0.1203677908178098,91.18936947370416,237.9187260947405,198.98375498623983,-0.0050131949639806,-85.92802088377027,35774377.02650893,-41245286.416021824,8697893.30761581,86250.86042636626,-627.3597820496502,-3002.105062430158,1.448595666948928
2022-10-05 18:00:00.000000Z,0.0056061889168963,41930351.07575182,0.1203639181487528,91.32954122432908,237.82993519232207,228.98983793139087,-0.00437995802011,-85.95269180967897,35705711.82154319,-39990003.51466336,-13108882.067993056,84625.34298273924,969.2805677955746,-2915.029312110305,-1.8935797152206169
2022-10-05 20:00:00.000000Z,0.0056336494974741,41929353.18897349,0.12030098704071,91.38543453538584,237.91366044845083,259.0388523415191,-0.0024442730475957,-85.84619346434545,35594846.92706403,-27900877.968534123,-31357116.72773249,60156.85034718829,2312.335833866526,-2034.648318628436,-4.7503900386866444
2022-10-05 22:00:00.000000Z,0.0056621756386126,41929131.20250352,0.1203831289510628,91.37052544514114,238.00799381659044,289.3209357615812,0.000184700666381,-85.56682034214003,35471250.01074188,-8200596.106491065,-41038043.86985693,19287.5279448847,3032.424252081372,-589.1688992457916,-6.339950768319239
2022-10-06 00:00:00.000000Z,0.0056955837570315,41930079.546568975,0.120714002371166,91.38253057635788,237.95181343349876,319.8952510437756,0.0026659719048783,-85.11881493020503,35368717.61119458,13749481.974394891,-39417646.92025328,-26956.082796063696,2920.203557718607,1030.5972827473695,-6.2030571223172055
2022-10-06 02:00:00.000000Z,0.0057253119570547,41931281.21699892,0.1211417158413679,91.51754053427692,237.77226523639885,350.5867433413014,0.0041847476414691,-84.5539955675991,35316270.685771674,31881880.26771655,-26869406.443257693,-65880.4967870954,1995.9615352218157,2372.797891691985,-4.351492704325852
2022-10-06 04:00:00.000000Z,0.0057286652892507,41931412.69590407,0.1213817988589335,91.74201856166302,237.5295638116352,21.281958603404387,0.004249251469208,-83.95913853150982,35329265.40238187,41141733.325908095,-6845267.048352159,-86678.26159190945,515.062037117835,3056.6048563007766,-1.2875118722685357
2022-10-06 06:00:00.000000Z,0.0057054497066523,41930375.68830764,0.1213659388567435,91.9165525774464,237.24974530507075,51.9979198257796,0.0028833111818419,-83.43059657106018,35404101.584013745,38963915.6119954,15085150.295450471,-83557.3569653917,-1104.1720660582462,2890.4070432071508,2.1328285298220955
2022-10-06 08:00:00.000000Z,0.0056760977926414,41929293.13232975,0.1213049879313358,91.96766876454294,237.04038166837952,82.62410970908188,0.0005936601847651,-83.04478873513015,35519275.11923483,26005989.55133617,32849328.04936783,-57414.716107108005,-2408.427155334447,1928.837082066776,4.95583863973431
2022-10-06 10:00:00.000000Z,0.005648005202652,41929149.37603311,0.1213948366152344,91.9519511791693,236.98517882585844,112.98578445831356,-0.0018520725642166,-82.83616888045562,35642353.612421945,5904084.287847967,41603643.826500565,-15504.40049798983,-3043.73521526252,448.1395087144578,6.4128089223171
2022-10-06 12:00:00.000000Z,0.0056169101687285,41929991.21591315,0.1216295484774475,91.96375746657051,236.99153328352645,143.09627443054254,-0.0036952740438287,-82.78965262202621,35739705.20963465,-15812727.611451792,39036769.01158572,30708.47341546852,-2848.7915525683024,-1142.752292421933,6.127103301748834
2022-10-06 14:00:00.000000Z,0.0055888352684988,41931067.44063666,0.1218714372849819,92.04426926537516,236.91278078858207,173.11889639074073,-0.0043988465025619,-82.84740588359523,35785569.35011843,-33259760.24970422,25914508.61787699,68734.23158794353,-1886.121044431031,-2417.37842142129,4.192761817519887
2022-10-06 16:00:00.000000Z,0.0055798682266829,41931441.62710514,0.12199590074965,92.16787626275496,236.77398989939724,203.13799362277015,-0.0037684127364821,-82.92562716009763,35768253.486044385,-41744265.80320066,5807469.111889787,88351.91300605348,-415.9695836417165,-3039.0803754614126,1.1298411355989748
2022-10-06 18:00:00.000000Z,0.0055946830120461,41930725.28046243,0.1219794899156674,92.2776675519742,236.75862298199584,233.11528932378843,-0.0019849709101243,-82.93604176143748,35692547.793100595,-38965339.612726845,-15863093.419393158,84231.76797736825,1171.4393052804353,-2840.8874282591064,-2.251596294469819
2022-10-06 20:00:00.000000Z,0.0056201259743527,41929493.68618938,0.1219081592144399,92.33010636394668,236.93137758719007,263.1006670399746,0.0004417846351404,-82.80760525136269,35578357.944745734,-25621445.06920458,-33224775.880305644,57343.85372947194,2450.475864867205,-1867.9807609207044,-5.047980554648123
2022-10-06 22:00:00.000000Z,0.0056473336159694,41928942.0481482,0.121920842660194,92.33104566496267,237.11081246863012,293.30535089239,0.0027945970738812,-82.50468170167183,35455999.42163675,-5281430.647904299,-41499412.5354956,14820.931080855344,3067.49743942797,-374.26713022241273,-6.489605388668494
2022-10-07 00:00:00.000000Z,0.0056825746837745,41929792.90751283,0.1042847603519187,91.7944519647274,237.67049997634163,323.8310930343544,0.0097818585330644,-82.03798007753745,35358836.362123884,16506200.667697426,-38334312.43196787,-27843.576047885923,2840.8188746240357,1234.4775225397848,-5.238438833564846
2022-10-07 02:00:00.000000Z,0.0057202832569129,41931293.6152052,0.1045423268552773,91.90341840503314,237.53938012076,354.50898474436065,0.0178979565361095,-81.46437642073936,35314385.908890605,33709269.92740242,-24534628.365730517,-59985.43031915617,1823.3429791524256,2508.0523672140857,-3.4770520461252685
2022-10-07 04:00:00.000000Z,0.0057337935957203,41931828.53950651,0.1046873482531022,92.09185977606936,237.3236875226532,25.20973663168393,0.0208214271040286,-80.8730087427836,35335913.96858305,41530581.83070193,-3907314.908246439,-75571.06416137992,297.7960892944406,3084.8806321940965,-0.7494952530944483
2022-10-07 06:00:00.000000Z,0.0057161440435358,41930831.27242721,0.1046545727747934,92.2488614121193,237.00356662344024,55.96859506050382,0.0177529116927401,-80.35940253889042,35417618.58078864,37811333.97371393,17809639.72346123,-70288.3109130585,-1304.7965462553234,2804.4763020478645,2.180455811861813
2022-10-07 08:00:00.000000Z,0.005688728373893,41929424.76452524,0.1045821799579599,92.30602432978743,236.68221198929973,86.67823073547056,0.0096783939013556,-79.99609315223607,35536114.92091092,23639991.905967,34611460.705044456,-45657.28362976076,-2537.0545215909874,1754.046110472543,4.498323977167355
2022-10-07 10:00:00.000000Z,0.0056614471235946,41928967.49147228,0.1046085833456514,92.3036814473621,236.51630396522344,117.1132525045346,-0.001025377413638,-79.81145836453912,35657948.473577514,2981141.2179101664,41930242.1464945,-8515.665229739829,-3066.515055264697,233.6001026686952,5.577071264690952
2022-10-07 12:00:00.000000Z,0.0056284196511295,41929768.7798959,0.1047307133049361,92.31552048957326,236.46944695249857,147.2580373401362,-0.0113606587539843,-79.7838273924096,35749743.084804125,-18496033.59258779,37850416.92745639,30985.94155244915,-2761.229971714164,-1338.8636427664828,5.1420022516583215
2022-10-07 14:00:00.000000Z,0.0055949970983182,41931052.87881565,0.1048580295377941,92.37174681007536,236.39027882718403,177.29675356603215,-0.0185384825711378,-79.85018718102899,35787255.997654736,-34980808.85768195,23542716.7425135,62181.206762170616,-1712.555418225872,-2543.1421293361523,3.324103785415457
2022-10-07 16:00:00.000000Z,0.0055797225282536,41931690.72469217,0.1049174145810119,92.45336667040168,236.28274461116868,207.3305941339233,-0.020658847678791,-79.92439370627599,35761127.12586951,-42039938.59347705,2890547.2441055938,76684.56419648266,-202.5647094214137,-3061.2520225718968,0.6105436703988101
2022-10-07 18:00:00.000000Z,0.005589388967826,41931095.74113852,0.1048999226642899,92.5232764029383,236.3230478471672,237.30763787843532,-0.0171485942416241,-79.91926996180595,35678617.52607263,-37750618.16327072,-18537973.27339707,70542.97543755316,1367.959292427524,-2752.8093062376606,-2.280214868957271
2022-10-07 20:00:00.000000Z,0.0056107431820259,41929745.01427926,0.1048527596479019,92.55772720416482,236.57066335270204,267.2589325935009,-0.0089140637035062,-79.76804361519292,35561541.27014829,-23216750.458751418,-34927311.08522828,45297.37303597472,2576.6340655841504,-1691.9873771442208,-4.572435709729015
2022-10-07 22:00:00.000000Z,0.0056341960347739,41928903.73676054,0.1048428298316597,92.56173118044228,236.8340139491476,297.40032792872177,0.00183412636137,-79.44142982638495,35441003.54028182,-2337262.0643017045,-41753774.230259,7687.480036624753,3087.34265741009,-157.37476377982267,-5.630871318512026
2022-10-08 00:00:00.000000Z,0.0056676729343423,41929537.305517554,0.1049071641638924,92.5695725860085,236.93277568274604,327.8604992690987,0.0121114658601942,-78.95679113285854,35349795.54859328,19179129.94511564,-37059146.00663164,-32039.162703785463,2747.184953447587,1432.2160663942748,-5.142542820338798
2022-10-08 02:00:00.000000Z,0.0057095975872999,41931170.73528939,0.1050095146075086,92.61839795248396,236.91640295585103,358.49100847107354,0.0189832110290008,-78.37596322887883,35313705.71012647,35366578.786512084,-22077384.278776493,-62902.42746127973,1641.6133776525692,2630.6458518673094,-3.225805915308864
2022-10-08 04:00:00.000000Z,0.0057322745385259,41932089.50230725,0.1050638811749199,92.70283338880702,236.8343550969321,29.15678162617048,0.0204647441072979,-77.78993507334623,35343717.68296354,41710946.120495945,-950950.6650564136,-76318.57577101512,79.2340205669106,3097.6407121901284,-0.4129846498278048
2022-10-08 06:00:00.000000Z,0.0057224242803204,41931280.87445601,0.1050413465622493,92.77238078493347,236.58654909776425,59.914424537773165,0.0161612742875325,-77.29268384188666,35431834.255769074,36470639.94454615,20444104.596697163,-68596.94546606916,-1498.6370783709954,2704.678072521041,2.504428637889698
2022-10-08 08:00:00.000000Z,0.0056998704653108,41929679.9752098,0.1050059262506595,92.79681870975688,236.2226542711712,90.67632723964444,0.0073652140285281,-76.95237292647016,35553001.889757685,21158033.090553597,36201606.08357024,-41967.50698291344,-2652.939030770601,1570.8704262800272,4.715777402297372
2022-10-08 10:00:00.000000Z,0.0056760492842965,41928908.86977873,0.105012538859426,92.79685903054242,235.96265282111915,121.17953319556575,-0.0034080441524401,-76.79126420898127,35672992.993527204,44733.18383616826,42051106.02472583,-3842.617772584713,-3074.2400636021107,18.24389208204437,5.6261749016461815
2022-10-08 12:00:00.000000Z,0.0056438127194472,41929572.87001578,0.1050470891412655,92.8011921602978,235.8562133728379,151.37366144500237,-0.013199948575152,-76.78137777527462,35758843.91723681,-21088241.560104307,36480268.35279905,35348.757281182065,-2660.32252646458,-1528.234503358368,5.008589693969229
2022-10-08 14:00:00.000000Z,0.0056075394264985,41930962.016651966,0.1050724670559449,92.81330933653976,235.77670005163063,181.44967378947308,-0.01940499396079,-76.85489523983222,35787878.435740925,-36531374.37291437,21057713.94729509,65017.38771377466,-1530.7603937579686,-2656.481256841338,3.042928696318524
2022-10-08 16:00:00.000000Z,0.0055873375510545,41931828.02953558,0.1050781219286616,92.82125767820868,235.71085416943825,211.52093536832209,-0.0203945367969415,-76.92366363800737,35753049.51898414,-42131097.77527422,-39003.61024306342,77176.6701118092,11.847652277302103,-3068.51993273144,0.2552879606199067
2022-10-08 18:00:00.000000Z,0.0055918552730335,41931409.36624005,0.1050797006354478,92.81921529383442,235.81174476757909,241.52601896995665,-0.0158906950921699,-76.90186486544629,35664044.450332075,-36351804.2464131,-21120763.661942385,68493.29562029765,1557.8973556111498,-2651.201140822177,-2.6145586545831363
2022-10-08 20:00:00.000000Z,0.0056081898894849,41930051.95656385,0.1050905538765172,92.81297126637683,236.123783755449,271.4770116912256,-0.0070531332420172,-76.72721206993836,35544536.01060303,-20698566.64484046,-36456524.15792629,41200.709728502574,2690.1803046799446,-1507.5053066732405,-4.792628151394925
2022-10-08 22:00:00.000000Z,0.0056264319866638,41929000.42031872,0.105105636374133,92.81027672808912,236.4544829251004,301.58140198536915,0.0037606009199221,-76.37695325538347,35426354.32796974,617361.5110742433,-41799932.45256466,2628.362792166301,3091.844031051838,60.44483648092253,-5.670422229056771
2022-10-09 00:00:00.000000Z,0.005655437611423,41929373.61722063,0.1051096307681276,92.81035102308051,236.6392316426491,331.9804610585431,0.0135747128309953,-75.87520660402036,35341607.668062195,21755024.7205292,-35598520.341878384,-36659.87519012085,2639.774514341268,1622.8285569442137,-4.9828392629594
2022-10-09 02:00:00.000000Z,0.0056971188416914,41930973.81009499,0.1050967673491764,92.80262358865686,236.75119859966097,2.5448983650485717,0.0196258650867059,-75.28866326726026,35314184.00859525,36845744.45142816,-19509905.76538396,-65755.00731465168,1451.7028704226493,2739.9797106353344,-2.9053985415599057
2022-10-09 04:00:00.000000Z,0.0057256777337041,41932183.1069575,0.1050852356360506,92.77679917354584,236.83870416898645,33.144285958078754,0.0202055950639055,-74.70972682491121,35352610.50678192,41682277.01647903,2009281.455435516,-76537.62319272451,-139.52343957989174,3094.856830267459,-0.0193894161785552
2022-10-09 06:00:00.000000Z,0.0057236164468006,41931664.14094968,0.1051050092328112,92.73882332017814,236.72694638909493,63.85572356514808,0.0151925970165868,-74.23015593674195,35446670.70597576,34948805.20452741,22975882.821820863,-66051.87633729506,-1684.758092463824,2591.545489737739,2.859879190962109
2022-10-09 08:00:00.000000Z,0.0057074606823345,41930026.716062166,0.1051563859689086,92.71107320758271,236.3833253131901,94.62615585108888,0.0060533424420052,-73.91322983681326,35569833.719303384,18572411.18570895,37612450.03856741,-37313.43970194427,-2755.568146991224,1380.2215025504229,4.931891683211337
2022-10-09 10:00:00.000000Z,0.0056890255210312,41928992.52790924,0.1051946437551465,92.7048023835714,236.0585966417964,125.17748999673444,-0.0046580831044359,-73.77503126040925,35687368.67560101,-2891045.7854540856,41966041.26222569,1666.05546313666,-3066.928656215757,-196.9097537988244,5.6416527564784245
2022-10-09 12:00:00.000000Z,0.0056602194436351,41929450.99735827,0.1051812371381103,92.70115378216634,235.89147279628088,155.42384834142865,-0.0140593265507143,-73.78158061837185,35766910.44514329,-23577220.25782368,34933051.56958941,40211.883963246975,-2546.579379117646,-1710.0009414889912,4.817654337009329
2022-10-09 14:00:00.000000Z,0.0056240722388634,41930838.00862678,0.1051317838798431,92.67096853994296,235.79927287968545,185.5492520438707,-0.0196912587543999,-73.86069544612846,35787405.40697666,-37904362.83010154,18471265.113307327,67895.65559878382,-1341.5951908289207,-2756.887443523556,2.6947484291628534
2022-10-09 16:00:00.000000Z,0.0056012340393199,41931868.40215775,0.1051047857478721,92.60652440323024,235.7603027512677,215.67288566062996,-0.0200963335222301,-73.92260837668793,35744081.039623,-42017492.96926896,-2967418.072642225,77245.81602512034,226.26337708854845,-3060.849193163848,-0.1592866258953599
2022-10-09 18:00:00.000000Z,0.0056016598336318,41931649.70727823,0.1051455717812509,92.5320393971593,235.9009424213796,245.72833060844823,-0.0151543793101873,-73.88314181734754,35648970.198515825,-34775686.50928457,-23599259.622297537,65669.15176134634,1740.34392986801,-2536.5268238058297,-2.9850105615931466
2022-10-09 20:00:00.000000Z,0.0056132082133246,41930382.31306628,0.1052394441687371,92.48298784968168,236.248207855076,275.7107238353781,-0.0061370865451757,-73.68466963448898,35527517.85362552,-18079148.386357248,-37805118.60842288,36184.49716123268,2790.544287415162,-1315.4087274803435,-5.0161222853680565
2022-10-09 22:00:00.000000Z,0.0056259316360706,41929219.53086806,0.1053163343920416,92.471772552574,236.6167479384425,305.8091415708321,0.0045602058241517,-73.31106315669912,35412195.86295563,3567899.651022069,-41637747.32492289,-3251.376838553656,3080.9593431205776,278.1240198509564,-5.679948107549481
2022-10-10 00:00:00.000000Z,0.0056486950830926,41929332.30385976,0.1053111652416696,92.46826611608012,236.8664286078929,336.162972023138,0.0140167358806219,-72.79319371592561,35334335.18277457,24221134.59489004,-33959758.95158611,-41789.69549113968,2519.119924608884,1805.364523372794,-4.768825357063532
2022-10-10 02:00:00.000000Z,0.0056860536473368,41930765.065316215,0.1052364910471807,92.4182140881808,237.09202948045763,6.660297060276952,0.0196096632010598,-72.20245315477955,35315798.39321968,38139550.2195493,-16845006.3792653,-68684.04943735346,1254.5764955624527,2835.521512338102,-2.5220060320888438
2022-10-10 04:00:00.000000Z,0.0057160358651106,41932127.8877964,0.1051982616253348,92.29821694428009,237.3454923827845,37.17914714339868,0.0198093121632836,-71.63226951539714,35362523.39235915,41444991.10494385,4958790.702850556,-76399.30554252114,-357.37810007292944,3076.578774082981,0.4291192500374268
2022-10-10 06:00:00.000000Z,0.0057197398304742,41931933.3886798,0.1052915159737721,92.15842308723784,237.39675581743617,67.81048729189244,0.0146349391728492,-71.17159282896122,35462042.18215943,33253614.675883774,25392789.48901806,-62823.82533256884,-1862.2622172356853,2465.6750405646258,3.2491698694222277
2022-10-10 08:00:00.000000Z,0.0057098250671608,41930411.035708025,0.1054686037107022,92.07631500069176,237.12022032196828,98.5445371032883,0.0055926154554977,-70.87832154938204,35586507.942370564,15895877.186922437,38837501.211103566,-31831.71345682471,-2844.488208979937,1183.041707517615,5.153729323186152
2022-10-10 10:00:00.000000Z,0.0056975962993878,41929204.345990695,0.1055853628152115,92.06273320739383,236.7620804059613,129.11444467863856,-0.0048314415571377,-70.762271669443,35700957.44756976,-5812091.757625307,41675768.92971292,7939.323348094109,-3044.660598971947,-410.84634695150896,5.634359772847722
2022-10-10 12:00:00.000000Z,0.0056742480603792,41929426.88543436,0.1055681540578245,92.0556325683537,236.53951260953852,159.40473779086787,-0.0138848699226852,-70.7837821601201,35773834.25250826,-25951234.9890638,33216261.145870067,45589.45542324334,-2420.5602044739385,-1883.334211648725,4.581516782528404
2022-10-10 14:00:00.000000Z,0.0056411463307621,41930715.16089419,0.105480014351037,91.9924741740317,236.42534130581612,189.5811829362667,-0.0192423738126621,-70.86680004994551,35785778.773047075,-39093360.5953509,15795566.51357937,70915.37709007045,-1145.946967312592,-2843.908425694728,2.290416284180738
2022-10-10 16:00:00.000000Z,0.0056183273912622,41931831.15766572,0.1054467261386095,91.86772929878173,236.39742409219372,219.7623755394212,-0.0195419175678965,-70.92040182603928,35734246.742846966,-41699657.23970284,-5880944.889178455,77055.80826336352,439.6784123461274,-3038.270339217344,-0.6265085216721644
2022-10-10 18:00:00.000000Z,0.005616406924285,41931806.160459615,0.1055438543236173,91.73281923145642,236.55373735795635,249.88113674074037,-0.0147003587354197,-70.86237045982122,35633507.458755285,-33029727.04544732,-25961731.92899456,62262.0363654924,1914.419871043884,-2409.310349867566,-3.390715957611666
2022-10-10 20:00:00.000000Z,0.0056242776696522,41930699.890251175,0.1057337067300662,91.6496718381336,236.9036171181931,279.9190080035638,-0.0059641320401379,-70.63990167267443,35510654.02735521,-15371107.763729678,-38966638.733580165,30424.27538759216,2877.211704661847,-1116.610333187485,-5.248094703319316
2022-10-10 22:00:00.000000Z,0.0056321364325745,41929525.1861542,0.1058934162493385,91.63490681824518,237.27568819434305,310.0402327284308,0.0043525399956319,-70.24350681849579,35398688.32844801,6499911.638347,-41268077.08794403,-9832.118931335142,3054.714341296044,494.591739780133,-5.669476762544495
2022-10-11 00:00:00.000000Z,0.0056481021215859,41929417.15693865,0.1059174638095028,91.63603634616832,237.55829317243905,340.37144058603945,0.0134502633415038,-69.7106996555643,35328070.06348706,26565290.030333977,-32151062.61275802,-47391.97374698732,2385.8150516780925,1978.9101521297127,-4.513088901349258
2022-10-11 02:00:00.000000Z,0.0056782781784128,41930599.01434294,0.1058301022329493,91.56486484856924,237.86149908818237,10.81490164313002,0.0188390947605946,-69.11733760429067,35318549.979641944,39241707.06553824,-14095991.776379213,-71744.7468338405,1051.2312014116633,2916.8064705409565,-2.088117948675704
2022-10-11 04:00:00.000000Z,0.0057053430656997,41931970.81363381,0.105802432640417,91.38366685319754,238.24197455754677,41.25759790569215,0.0190906802007381,-68.55749617103925,35373396.34946706,41000519.52064592,7883029.469747188,-76041.10848686725,-573.2399756734629,3042.933119122219,0.9225527054856946
2022-10-11 06:00:00.000000Z,0.0057116100176927,41932070.091566905,0.1059865204859431,91.17085373998252,238.44145893631816,71.79374105878537,0.0142472366034027,-68.11681477278728,35477871.94629661,31393676.218605258,27683191.374391444,-59106.78698387332,-2030.2949412504695,2327.72390552093,3.6669023911034624
2022-10-11 08:00:00.000000Z,0.0057064422784747,41930780.05673504,0.1063067175957428,91.04868217850924,238.2534729789208,102.4554782703033,0.0057335192959686,-67.84736989278532,35602946.73266618,13141620.258838374,39871149.29549453,-25732.85976627553,-2919.306359409646,980.3028757617147,5.382297913437865
2022-10-11 10:00:00.000000Z,0.0057000116950391,41929513.37101556,0.1065321543008137,91.03494964203892,237.8879219185106,133.01165654275562,-0.0041304396687961,-67.75261108840762,35713677.4322859,-8704313.589747565,41181980.86695357,14798.57657136972,-3007.577584016789,-622.5552815379352,5.61210185814133
2022-10-11 12:00:00.000000Z,0.0056832402176003,41929506.41615061,0.1065492420085419,91.03389344455752,237.61800409965903,163.32987760729736,-0.0127813205198979,-67.7874992479545,35779537.78993084,-28198975.97772329,31338229.968057238,51379.77254445816,-2282.8756732084385,-2047.4373848157236,4.313331295756196
2022-10-11 14:00:00.000000Z,0.005655564860966,41930621.39940763,0.1064572588094556,90.95365231280122,237.47508442874175,193.55004432166936,-0.0180361814147601,-67.87262686990601,35782951.04601444,-40092680.98086624,13043342.707874062,74079.8016279151,-944.7344106149924,-2917.145035814553,1.8453142560959448
2022-10-11 16:00:00.000000Z,0.0056352897892588,41931741.21167982,0.106440766098925,90.78954185700664,237.44290823070315,223.7846696654381,-0.0185839337985783,-67.91642066070999,35723557.9454096,-41178983.31185759,-8765738.130338652,76717.13943812058,651.0846636007018,-3000.879417483312,-1.1326139619477245
2022-10-11 18:00:00.000000Z,0.0056329842459604,41931880.54147343,0.1066024894287546,90.61519789411246,237.59178575381137,253.9697031801038,-0.0142895106104071,-67.83898664386795,35617738.61035622,-31122158.9214964,-28196832.69627409,58464.79747685991,2079.275149146468,-2270.1395352795403,-3.823056395106496
2022-10-11 20:00:00.000000Z,0.00563870870388,41930978.21783465,0.1068874562119619,90.5133141347924,237.9147376550835,284.07724700510147,-0.0062603739849588,-67.5925093659986,35494080.18197256,-12587502.790790008,-39935407.37279003,24148.998250518933,2949.7279099988577,-912.0661189921212,-5.487371633004632
2022-10-11 22:00:00.000000Z,0.0056430236710353,41929878.38358179,0.1071332762989801,90.50377376653915,238.2587345404063,314.24332665368473,0.0033802777252936,-67.17410898404738,35385973.47431486,9399009.048982458,-40692742.18858855,-16904.874655173986,3013.2098899959365,708.7712786869416,-5.645626648266216
2022-10-12 00:00:00.000000Z,0.0056527061689764,41929612.970629744,0.1072067625161879,90.51905671776332,238.5404336588185,344.57484875877407,0.0120286413063909,-66.62774006976355,35322903.52777124,28775896.51347133,-30181479.699772146,-53329.15388176292,2240.519482897425,2142.5887119739123,-4.228411750061759
2022-10-12 02:00:00.000000Z,0.0056742711543989,41930508.45226128,0.1071396580788836,90.44945531466271,238.8761753217032,14.985177585661376,0.0173422197920488,-66.03340468901989,35322447.78731589,40146866.68863307,-11276624.309995292,-74904.58940741539,842.6967186186589,2983.4381826157664,-1.6195082308273072
2022-10-12 04:00:00.000000Z,0.0056951754256159,41931766.98124075,0.1071444892552874,90.2460518702811,239.3249123554933,45.36994540451753,0.017945683735721,-65.48543585275544,35385174.441228725,40351316.72023477,10767530.56370187,-75543.79762730155,-786.0291760694382,2994.122885243515,1.4458369348777294
2022-10-12 06:00:00.000000Z,0.0057007318621389,41932086.77611224,0.1074158247850879,89.99978030982874,239.62862260254403,75.81433841729306,0.0138151327379419,-65.06573720573694,35494089.520471334,29378411.23676647,29836039.84061324,-55077.31475764661,-2188.0475004730724,2178.4094737952187,4.102083984180247
2022-10-12 08:00:00.000000Z,0.0056980256539483,41931096.7615594,0.107869450693391,89.86136932799002,239.5263351475123,106.38270604819536,0.0061975790592116,-64.82020263856042,35619093.74705933,10323237.488812773,40708694.25065886,-19249.850200782887,-2979.6935194628177,773.005874275098,5.613312130870075
2022-10-12 10:00:00.000000Z,0.0056960442500731,41929881.5369077,0.1082114573654069,89.85894451018412,239.17112579045508,136.89685385727844,-0.0028336807076813,-64.74582471113845,35725485.63620376,-11553681.68286248,40487368.329655886,22009.02818283388,-2955.885586965889,-831.029802157094,5.578747880716247
2022-10-12 12:00:00.000000Z,0.0056859962340137,41929681.24706494,0.1082871841151595,89.8758917071767,238.86313196389727,167.22339738444782,-0.0109593375432855,-64.79246310146198,35783986.44622048,-30309623.20949393,29308157.551996525,57404.13219595869,-2134.189553002643,-2201.545577817298,4.024532273736474
2022-10-12 14:00:00.000000Z,0.0056653062064074,41930575.48885583,0.1082164528062752,89.79768789835143,238.68761907388296,197.4738452862252,-0.0161615691432041,-64.87786574876283,35778904.10804095,-40897442.47008468,10227870.603102537,77312.18718312038,-738.9093462291216,-2976.2522571012105,1.3757466978208068
2022-10-12 16:00:00.000000Z,0.0056496193486835,41931623.56860597,0.1082296760249661,89.61895672642335,238.63904960833008,227.75080468697067,-0.0171653652500814,-64.91033979033388,35712030.12086543,-40457808.79597954,-11607844.65400896,76275.93065815906,859.4697855000651,-2948.8401261035965,-1.6605181967689977
2022-10-12 18:00:00.000000Z,0.0056487124353468,41931884.30741289,0.1084523542785441,89.4289705678442,238.7626852053232,257.99691849971225,-0.0137317651975711,-64.81270967943064,35601724.372195974,-29062064.59400772,-30293599.9673313,54436.00801264411,2234.091096985172,-2119.6684502884564,-4.268582356287583
2022-10-12 20:00:00.000000Z,0.0056538858686589,41931203.367825,0.1088183647177724,89.32485105550111,239.0372730514792,288.1789647018124,-0.0067498502273,-64.54232965157796,35477894.70137152,-9741890.268349228,-40706543.1393444,17589.92824451996,3007.7027353772664,-702.776053781582,-5.727683526075669
2022-10-12 22:00:00.000000Z,0.0056563508398341,41930252.81549054,0.0914042374275253,88.11445479251392,240.54318579798544,318.40504134194174,0.0055024381607226,-64.102871835242,35374156.291766435,12250845.993811565,-39914537.448823065,-21628.399652064163,2956.6291950970917,919.5824619613172,-4.665905881702567
2022-10-13 00:00:00.000000Z,0.0056609157030332,41929898.297629006,0.0915289812647335,88.16040680335348,240.78720482224165,348.75561548020005,0.0219848753574908,-63.54446454427303,35318905.17222661,30841969.03513114,-28060892.76742924,-50683.14744746138,2083.962943921304,2295.564811675503,-3.2096604770742783
2022-10-13 02:00:00.000000Z,0.0056737968453093,41930512.574695244,0.0914978645243425,88.10117300423835,241.12287826455213,19.15491287503866,0.0323215181344218,-62.95086009286876,35327497.4704055,40850673.24164371,-8401079.244790746,-65644.80311699568,630.0358739271657,3035.092105792565,-0.8449778702394549
2022-10-13 04:00:00.000000Z,0.0056867465986307,41931571.18136453,0.091545750665235,87.87339445695895,241.61589573263305,49.50642506259133,0.0337427942635033,-62.41623800662876,35397809.55120698,39500900.76921526,13597965.70292272,-62263.906307001685,-994.6789787000132,2930.428079330687,1.7619244511410392
2022-10-13 06:00:00.000000Z,0.0056890145972798,41932020.43807583,0.0918908302171543,87.58865671258611,242.0109656148214,79.8760587266182,0.0260617370127422,-62.01840302804915,35510637.37057902,27218066.73163461,31840925.582282696,-41465.110900255495,-2334.761454540313,2018.50792220674,3.8773758131938503
2022-10-13 08:00:00.000000Z,0.0056863824221789,41931349.34433279,0.0924503650138401,87.43990303134278,241.99380594753197,110.34571705091496,0.0115938038444217,-61.796794038797934,35634918.9805418,7454711.11275789,41346391.29736255,-9036.673571806554,-3025.3893099842044,562.1792882973107,4.917307230159321
2022-10-13 10:00:00.000000Z,0.0056869630219856,41930281.95786423,0.0928950355532018,87.46897794671996,241.6504797538326,140.79701954680482,-0.0056642031426337,-61.74188212079371,35736383.07991282,-14346287.88752008,39595658.166366935,26072.292511705888,-2889.8600361186723,-1035.268279642229,4.60671001460484
2022-10-13 12:00:00.000000Z,0.0056829211062234,41929944.652874336,0.0930355951097045,87.52505939052003,241.3043458577224,171.1124208467169,-0.0211801099717366,-61.798670901056944,35787198.726443954,-32272941.722208496,27136135.04800237,54257.989932790406,-1975.223222246919,-2344.928018421868,3.03991062813056
2022-10-13 14:00:00.000000Z,0.005669968924356,41930593.73116656,0.0930009507582273,87.45553240629474,241.10783139629203,201.37672196066976,-0.0309955969668858,-61.882544015259896,35773665.93418959,-41503690.54108904,7362985.83334887,67831.88035029407,-529.4592895346373,-3020.942396900677,0.640867039061982
2022-10-13 16:00:00.000000Z,0.0056602273920779,41931507.945150845,0.0930520953524791,87.25368936043286,241.0681149044685,231.6807359783593,-0.0326208759764142,-61.90221906410241,35699703.239038184,-39539546.75490669,-14393224.425309412,63021.10327476054,1063.8176226793034,-2882.387874099587,-1.9500203172057369
2022-10-13 18:00:00.000000Z,0.0056620934461237,41931841.7176317,0.0933290402569121,87.03811243666713,241.18794935469543,261.9771745996013,-0.0256256007167084,-61.7836539190229,35585521.977255896,-26859490.66307842,-32241506.7330821,40979.2875566888,2378.0844212318893,-1958.62102649044,-4.033341362526034
2022-10-13 20:00:00.000000Z,0.0056681174282304,41931379.36615103,0.0937562266575145,86.93342216084451,241.41499573914535,292.23104055898324,-0.0118202786419702,-61.48956759707784,35462169.14811057,-6848400.690850802,-41276028.98846487,7577.111895209911,3050.8172518850456,-489.7855934754869,-5.027950795302684
2022-10-13 22:00:00.000000Z,0.0056700509032135,41930607.896016486,0.0941304142787606,86.9656060574502,241.6354889012419,322.51995706407786,0.0050999337246959,-61.03011306974993,35363304.90048637,15041070.466444822,-38937300.67227552,-28062.391696287337,2885.2355563493643,1125.943324041179,-4.635550628642605
2022-10-14 00:00:00.000000Z,0.0056710079046969,41930229.10292001,0.0942973587764799,87.0417291445009,241.82789607695875,352.9023955207657,0.0204948632135407,-60.46128192371723,35316107.106946714,32753068.048002698,-25800065.622215822,-56024.58720350507,1916.943359130024,2437.0488715045844,-2.9437058763453225
2022-10-14 02:00:00.000000Z,0.0056760143533915,41930589.574837565,0.0942972145910898,87.01980839126357,242.11577750006376,23.30971786652251,0.0301188128522527,-59.87013181209987,35333669.14802428,41349683.31574168,-5483956.473277172,-68430.4449050542,414.3420550849327,3071.520747691035,-0.4181828068323465
2022-10-14 04:00:00.000000Z,0.0056805288358568,41931396.01026934,0.0943686340439423,86.83348264526866,242.5607953943805,53.65303895427877,0.0314141850181126,-59.35024835937576,35411213.78650162,38453751.72246146,16360165.159211244,-61749.91553850431,-1198.1393346823709,2852.208725976831,2.229868831829657
2022-10-14 06:00:00.000000Z,0.0056779221175127,41931885.0523805,0.0947437039592221,86.58489182003692,242.94812375897092,83.97167510527791,0.0242447113830084,-58.97500600223457,35527408.11460473,24923584.01776278,33688102.35456018,-37821.82328848307,-2469.7330940985867,1848.8519435310852,4.258795058069535
2022-10-14 08:00:00.000000Z,0.0056733561330767,41931518.838239,0.0953600687906734,86.46480822241725,242.9710473759077,114.3487825372926,0.0107995867150016,-58.77719437076647,35650339.70133109,4550248.084983562,41781432.3047557,-3270.910791495464,-3056.205168550281,348.87002360526515,5.112715203098468
2022-10-14 10:00:00.000000Z,0.0056744318618318,41930671.17339585,0.0958796651854932,86.52724211888315,242.6502269419716,144.7257496088147,-0.0051909287684998,-58.740752543946606,35746329.435767084,-17068509.566478323,38511499.62015318,32414.029383407,-2809.8430371783115,-1234.2903107507643,4.568291477204226
2022-10-14 12:00:00.000000Z,0.0056751182740954,41930259.64895886,0.0960792324662508,86.62480018990189,242.28177611595456,175.01345792722756,-0.0195300606810679,-58.80607426534738,35789170.93137561,-34079393.67728876,24832906.48061123,59500.28625324827,-1806.7436574702297,-2476.9053668759548,2.779938277306128
2022-10-14 14:00:00.000000Z,0.0056698415391014,41930661.26085463,0.096076308303626,86.59457206742896,242.05232199682547,205.2747082745026,-0.0285749607472185,-58.88663926758418,35767258.87554115,-41908392.77517095,4462737.330190456,70594.49461000295,-317.3876782328256,-3050.9959001276115,0.2273727523327369
2022-10-14 16:00:00.000000Z,0.0056667423135296,41931392.14918088,0.0961485214599533,86.42364897540898,241.98595034116173,235.5886824198061,-0.0300487583340312,-58.892090164578335,35686618.76218172,-38428527.228882186,-17108128.382299464,62570.858368105975,1263.1295167900696,-2801.827364184954,-2.4088321218419124
2022-10-14 18:00:00.000000Z,0.0056722842380687,41931750.30467799,0.0964505381641453,86.23286888457937,242.0660279552546,265.9216824088843,-0.0235771723817031,-58.751924198219335,35569186.2465158,-24525155.79727664,-34030769.30070578,37432.15408229292,2510.5215367414976,-1787.77452523185,-4.414761980739814
2022-10-14 20:00:00.000000Z,0.0056802478640466,41931493.20631939,0.0969075950761818,86.15075640675629,242.22905933066795,296.2404114806185,-0.0108524433567666,-58.4344118249998,35446961.351219155,-3921387.57161445,-41640864.15972,1889.466864312872,3078.825069313118,-274.159996614675,-5.226777960918359
2022-10-14 22:00:00.000000Z,0.0056831415852954,41930937.12980761,0.0973115339487779,86.20593825540858,242.3811312987128,326.5936057232958,0.0047015664446034,-57.95610217388251,35353462.39264991,17755685.067928303,-37765868.93955762,-34334.60845659609,2799.3787301080306,1326.7971842701295,-4.594956369809756
2022-10-15 00:00:00.000000Z,0.0056820215254161,41930587.99309383,0.0975057810768266,86.31015754423927,242.51518671623336,357.0150573796465,0.0188071018280862,-57.3785129827292,35314520.087040626,34499651.080457985,-23410424.821918704,-61153.65807938077,1740.3181688576406,2566.3168934275263,-2.674468727548493
2022-10-15 02:00:00.000000Z,0.0056804902468236,41930733.46016807,0.0975261440468074,86.32833699607743,242.73661994828416,27.444563682182388,0.0275748247063574,-56.79152720537965,35340929.62635839,41641614.47212456,-2539964.810621543,-71011.81670877125,196.7204941503295,3092.559902840215,0.0029395947601307
2022-10-15 04:00:00.000000Z,0.0056770690517915,41931263.8455995,0.097602861943055,86.19418044888182,243.10008454739,57.801227591666105,0.0286898360021431,-56.287685824683166,35425316.96500168,37215416.071616985,19040426.359093487,-61103.496668094245,-1395.396783434012,2759.897142849751,2.683867472665339
2022-10-15 06:00:00.000000Z,0.0056690063912313,41931716.90131782,0.0979718985725699,85.99504459559085,243.44098554446376,88.09364254589786,0.0220697884937823,-55.93563761700397,35544326.34561196,22506580.05281863,35368709.61249647,-34166.82359394196,-2592.3272292799725,1670.3161478767972,4.621363507595439
2022-10-15 08:00:00.000000Z,0.00566109012485,41931617.48799525,0.0985988243692856,85.9100647835627,243.4833016958315,118.39268013259644,0.0097590913147398,-55.76139934396602,35665314.07566968,1624189.360476293,42012067.09520096,2368.512288404513,-3072.030922306431,134.130900809533,5.289583324659614
2022-10-15 10:00:00.000000Z,0.0056606973475072,41931039.35613028,0.099159056895754,86.00420607311077,243.19113467587465,148.69182837148773,-0.0048065337242724,-55.74241490993288,35755333.61929299,-19707134.64422269,37240525.06567035,38514.43670977961,-2716.246994210184,-1427.1413029649038,4.517346235295366
2022-10-15 12:00:00.000000Z,0.0056644444160166,41930618.47891734,0.0994025614320908,86.14289724995712,242.8146596111918,178.93945831454897,-0.0177965780833657,-55.81470573475893,35789953.98808316,-35720291.0829612,22409920.772693645,64446.22443995953,-1629.5679378052844,-2596.848636594614,2.517677063050856
2022-10-15 14:00:00.000000Z,0.0056662072168971,41930783.11614901,0.0994228285717396,86.15889880156297,242.5628650689489,209.1818161636473,-0.025917740252697,-55.89027427076664,35759757.50969704,-42109627.56181672,1541453.3308960656,73086.08850275344,-103.71899521922462,-3066.2596535144744,-0.1768603470776641
2022-10-15 16:00:00.000000Z,0.0056698330330777,41931294.05611221,0.0995011107985458,86.02962365046801,242.47760739533308,239.488576379382,-0.0271406199560091,-55.88017794023853,35672858.4257412,-37130216.00672136,-19739033.335524417,61952.93783400552,1456.421981147836,-2707.534818538175,-2.848754338194392
2022-10-15 18:00:00.000000Z,0.00567947558433,41931631.78796992,0.0998044023141723,85.87189092901485,242.5250286518676,269.843349542539,-0.0211727857283652,-55.717848359329146,35552793.33089319,-22070665.30165729,-35652314.143726006,33874.90633437944,2630.722618996327,-1607.9659286407834,-4.77224294231261
2022-10-15 20:00:00.000000Z,0.0056901307591759,41931558.07351776,0.1002640181301538,85.81419808878907,242.63184066611595,300.21692846944086,-0.0095950480692312,-55.377285722369706,35432330.70482259,-975587.9844463854,-41799084.01517583,-3636.3271388850726,3091.5630338034644,-56.99209163350565,-5.402895607487289
2022-10-15 22:00:00.000000Z,0.0056951179207982,41931233.56253408,0.1006743735742169,85.88832086839525,242.72226741611263,330.630468275671,0.0044569944431826,-54.88133414023061,35344659.99170175,20380927.0667338,-36406152.99837344,-40305.82453095556,2699.490223859287,1521.1056901696795,-4.539431699489246
2022-10-16 00:00:00.000000Z,0.0056933705730149,41930957.79429127,0.1008795735465482,86.01424651314635,242.8005511778827,1.0930524493307696,0.0171046339234133,-54.29667726803886,35314135.26398218,36072935.12158378,-20904175.969169542,-65917.67237288029,1555.0042605818485,2682.706316341891,-2.4029312172927497
2022-10-16 02:00:00.000000Z,0.0056868433041629,41930929.473040864,0.1009083798991178,86.06796066120798,242.9492554690248,31.55392009188001,0.0248589723145647,-53.71552463410613,35349224.27166241,41725223.79918292,415944.5333228074,-73262.63771884453,-21.707460669822865,3098.128512053542,0.4123020684003493
2022-10-16 04:00:00.000000Z,0.0056765974746559,41931178.72704738,0.100974032204827,85.98510841060947,243.21422003654612,61.940544712858255,0.0256848463560768,-53.22891904562911,35440027.658602364,35792424.13975147,21625393.37444755,-60254.92561910812,-1585.4683299794976,2654.001568653454,3.1147428487043065
2022-10-16 06:00:00.000000Z,0.0056632653780017,41931534.55143392,0.1013077507311536,85.83688189757476,243.48404463749227,92.22948144475576,0.0195738338742303,-52.90051668044777,35561292.469485946,19979305.215206355,36874682.05806463,-30500.02424440746,-2701.972225254769,1483.8211862725443,4.955366934973692
2022-10-16 08:00:00.000000Z,0.0056511848638365,41931655.30950698,0.1019050416303182,85.78536325553284,243.5298666643325,122.46833355321964,0.0084272498076229,-52.749496698213854,35679772.14716038,-1309004.602261467,42037532.8443754,7816.732280783623,-3072.831965702509,-80.97833967750424,5.439914139690318
2022-10-16 10:00:00.000000Z,0.0056476181899437,41931375.63806412,0.1024711081283765,85.90434634047773,243.27074210524472,152.69321212630769,-0.0046241663528677,-52.74689703793172,35763378.459581226,-22249355.4300769,35789265.83543329,44262.00637567864,-2609.5513920436338,-1612.8969007953874,4.449136462290888
2022-10-16 12:00:00.000000Z,0.0056525795705122,41931006.495227024,0.1027391246840307,86.07799249851843,242.90154192545484,182.89318599339052,-0.0161336295417848,-52.82461363145139,35789582.30356863,-37187755.7455609,19879200.627625443,68964.75228476063,-1444.5567224826116,-2704.186800540826,2.25256023562837
2022-10-16 14:00:00.000000Z,0.0056602444870025,41930955.9826878,0.1027706463737561,86.13940684164184,242.64317490993344,213.1033092089584,-0.0231828522265011,-52.89357670070479,35751232.59134616,-42106482.93995901,-1386442.642281274,75187.07769913552,110.51140995028555,-3066.652942364097,-0.5681248449151048
2022-10-16 16:00:00.000000Z,0.0056701828429565,41931219.531540126,0.1028398478028696,86.05484486625484,242.5535201988626,243.38651159669143,-0.0240230012102791,-52.86672277003598,35658510.40734085,-35651035.8667022,-22272845.23475193,61087.75481906188,1642.7371370150452,-2599.9568871942483,-3.26262802697978
2022-10-16 18:00:00.000000Z,0.0056839470786327,41931494.965437375,0.1031230077591001,85.93217980663091,242.58166473934412,273.7480973171378,-0.0184766654628322,-52.681790248890245,35536429.51760598,-19508271.88767989,-37097941.94885328,30286.775430611626,2738.066929831439,-1420.082298646643,-5.09697164272717
2022-10-16 20:00:00.000000Z,0.0056977508454772,41931580.63432444,0.1035611966100735,85.8968839789197,242.6447809677902,304.16553827705803,-0.0080351740482771,-52.31866425302766,35418342.97772455,1974124.5518365784,-41749832.22112712,-8958.506541464443,3088.947746053194,160.61275697022234,-5.548147022728057
2022-10-16 22:00:00.000000Z,0.0057057265945265,41931493.95662628,0.1039568852481489,85.98373272862632,242.68543597588163,334.6324782119401,0.0044517441242754,-51.806357674502,35336926.90328608,22903482.58899462,-34865096.24760481,-45884.47855943352,2586.080339534942,1707.8642304908722,-4.463605814114371
2022-10-17 00:00:00.000000Z,0.0057046419155208,41931326.15311506,0.1041581030241422,86.12281491577959,242.7161568381464,5.134831759274223,0.0155226032063197,-51.21633728609152,35314935.04592992,37465060.81003445,-18294167.0170701,-70200.77306840513,1361.9675244958626,2785.626295104614,-2.12784163991876
2022-10-17 02:00:00.000000Z,0.0056946933839405,41931163.63569034,0.1041849625077733,86.20308886765648,242.79481850449508,35.631738332038324,0.0221209794483589,-50.642628684619616,35358487.92323498,41600380.59509198,3368762.0958626326,-75073.3135723357,-239.8183774086193,3088.231013678723,0.8069846392048481
2022-10-17 04:00:00.000000Z,0.0056790630612577,41931138.27635632,0.1042285021265215,86.16394658473483,242.9562447630368,66.05988577249319,0.0225265163531494,-50.1743292930142,35455245.60416224,34192264.401653305,24102229.333532102,-59127.58798436096,-1767.4139947678098,2535.1006405074195,3.516486722962424
2022-10-17 06:00:00.000000Z,0.0056612017616481,41931350.34385123,0.1045072573465843,86.06121621930741,243.14118683808329,96.36427059411594,0.016832815623571,-49.869865735263616,35578198.74526539,17354545.251060244,38198863.20600831,-26793.889904610787,-2798.1673293681088,1290.3234462224991,5.253462275115994
2022-10-17 08:00:00.000000Z,0.005644699416217,41931639.62428783,0.1050438642735903,86.03716075434934,243.17758536666733,126.5623614789844,0.0068138182936465,-49.74156716771358,35693634.272758536,-4234881.52054335,41858088.181750834,13049.048314323134,-3058.650199943821,-295.4022859342683,5.556781530193238
2022-10-17 10:00:00.000000Z,0.0056365604730634,41931672.66193119,0.1055833732359833,86.17112251681598,242.9537525456905,156.7217317966796,-0.004700517496426,-49.75420473233806,35770437.13555722,-24682885.88578,34165113.59633314,49587.77751872234,-2490.2990593635004,-1790.6718058810834,4.358478223259082
2022-10-17 12:00:00.000000Z,0.0056407972625494,41931413.16137854,0.105854927314597,86.36890198587474,242.6066064225895,186.8716279859034,-0.0146513414796741,-49.835811161982136,35788084.5176378,-38474798.62709967,17253254.317587133,72958.9862953299,-1252.6076326964026,-2798.411938077156,1.9821357003973143
2022-10-17 14:00:00.000000Z,0.005652879300044,41931176.1043272,0.1058859327596313,86.46911982774715,242.36027734332885,217.0390497179369,-0.0205092605070451,-49.89663441016037,35741755.54232304,-41899082.92762422,-4306541.5259850025,76794.89354081958,324.26529542493006,-3052.168414096533,-0.945508447301278
2022-10-17 16:00:00.000000Z,0.0056682910609544,41931172.82029916,0.1059339678827843,86.42650720110926,242.2847891462465,247.28398629650383,-0.0208316094975318,-49.85193103404963,35643669.67361236,-33998333.975402445,-24697002.56753776,59891.18084837194,1821.1509137420544,-2479.6078001460155,-3.646325682025665
2022-10-17 18:00:00.000000Z,0.0056858535767042,41931346.788726665,0.1061800247834767,86.33704804264156,242.31032078445108,277.6378845425023,-0.0155887034847078,-49.6440934910832,35520190.923442096,-16850788.78745471,-38360397.43201468,26622.292697097266,2831.9994557133223,-1225.0543750804618,-5.382560889010779
2022-10-17 20:00:00.000000Z,0.0057029975409887,41931565.08443827,0.1065770116888608,86.32018803422605,242.34486474441977,308.08741216120285,-0.0062122129597272,-49.25901718846846,35405072.30128376,4912861.720820548,-41493375.02719724,-14073.322087078164,3070.978223976046,377.5453830516592,-5.655543748400993
2022-10-17 22:00:00.000000Z,0.0057146555780135,41931717.29101014,0.1069398051855512,86.41273382786596,242.35002709711588,338.59913254296174,0.0047167938356532,-48.73172517168877,35330295.704022214,25310604.4483847,-33150626.812193643,-51019.8977788001,2459.7339144959105,1886.1099486750168,-4.361721630404764
2022-10-18 00:00:00.000000Z,0.0057153661049421,41931685.12217114,0.1071240247319315,86.55522680947477,242.34567349313264,9.136795540500454,0.0141541929647292,-48.13805849023019,35316899.581833825,38669163.5416619,-15593793.711331977,-73919.74401433807,1162.2145751758974,2874.562274119911,-1.846097276914249
2022-10-18 02:00:00.000000Z,0.0057035252809797,41931425.8711002,0.1071418885911318,86.65082451683695,242.3630878492999,39.67063653841208,0.0194920685764292,-47.57333910989243,35368649.914144374,41268073.779212736,6303528.747371901,-76350.0713647972,-456.4956744971449,3062.9568296519005,1.1867956490697331
2022-10-18 04:00:00.000000Z,0.005684101845606,41931139.21721568,0.1071588816426675,86.64457866255951,242.42386223046972,70.14729546314645,0.019350940569196,-47.12428426374175,35470864.68357596,32423333.70947954,26458704.62560516,-57640.324744865786,-1940.3433157907768,2403.8386798813044,3.885899542402522
2022-10-18 06:00:00.000000Z,0.0056628272591762,41931172.083962224,0.1073735951880256,86.57881810658071,242.5174847582792,100.48196388579018,0.0139549269581769,-46.84388732207747,35594931.7587063,14645538.494452592,39335050.19961185,-22998.22615145408,-2880.4850965618843,1090.8082255780323,5.510469245604523
2022-10-18 08:00:00.000000Z,0.0056421145345037,41931576.211789735,0.1078272873210111,86.57480510263038,242.53315014252928,130.65866965875537,0.0049745262432427,-46.737664454341264,35706814.02494456,-7139083.258510796,41475007.73106747,18074.689432783583,-3029.6026265531805,-508.0965501346248,5.634226744029212
2022-10-18 10:00:00.000000Z,0.0056283743139063,41931922.59119174,0.1083113151993029,86.71248360018305,242.34386055421396,160.76577495317076,-0.0050448467487013,-46.7643065326399,35776475.164154455,-26996025.647413924,32376271.560655348,54458.89467122161,-2359.0917815602656,-1959.6248122592783,4.239829895175753
2022-10-18 12:00:00.000000Z,0.0056299251296901,41931828.37728479,0.1085656578776128,86.92018972931118,242.0320199555656,190.86808825331093,-0.0134232069199324,-46.84826322788813,35785482.68615429,-39575345.92872947,14544998.747338304,76360.99312646166,-1054.64938446242,-2879.081755241028,1.702394960040075
2022-10-18 14:00:00.000000Z,0.0056446257217065,41931441.646139055,0.1085864107582812,87.04743375270179,241.8172526597061,220.98652985123667,-0.0180198023058783,-46.89947872961958,35731394.13244197,-41488567.43252639,-7204535.257919268,77821.14459736929,536.508189822022,-3022.8720588889305,-1.3105289476450892
2022-10-18 16:00:00.000000Z,0.0056643111333578,41931158.2093767,0.1086062708504907,87.03987977905757,241.7764719507452,251.18052599183275,-0.0177108881195644,-46.835950172640224,35628431.77094549,-32180314.784805115,-26999551.184075885,58274.74828502124,1990.779187617311,-2347.066147292636,-3.998313056601447
2022-10-18 18:00:00.000000Z,0.0056850267460434,41931192.83504056,0.1088043391602121,86.97938578867038,241.8176260529268,281.5129024047868,-0.0126399655679867,-46.60504727587043,35504178.17893512,-14111485.028607735,-39433409.622441255,22814.400120245216,2912.034797369583,-1023.8503117274068,-5.624714783825133
2022-10-18 20:00:00.000000Z,0.0057054522214845,41931513.47602062,0.1091444111777814,86.976354278399,241.8398841243333,311.982089233474,-0.0042104029567153,-46.19876908887201,35392599.05122262,7825839.728946268,-41031088.96209803,-19009.80093675259,3037.7357580858807,592.7007403861616,-5.719067584112566
2022-10-18 22:00:00.000000Z,0.0057212846221493,41931900.55829623,0.1094584477671016,87.06729698437657,241.82561513365235,342.5283677135827,0.0052371801176997,-45.65795288443484,35324803.98403268,27590212.829783645,-31271589.992215253,-55696.21957235036,2321.1052515992405,2054.9286586193257,-4.227607656730234
2022-10-19 00:00:00.000000Z,0.005724785395084,41932028.02323995,0.1096148024307077,87.20275435204753,241.8017440191456,13.094494751490906,0.0130582731169896,-45.062374822016174,35320010.90684476,39679425.38399559,-12816895.416104255,-77018.55158962563,956.7845988238656,2949.0788930549693,-1.5529435787104773
2022-10-19 02:00:00.000000Z,0.005712513066397,41931709.33632969,0.1096204730224628,87.30111195181689,241.7716846740248,43.66258166850511,0.0170899391956153,-44.50812336059892,35379638.48455505,40730402.575794965,9205443.418528153,-77011.31081021907,-670.637941015001,3022.478404272152,1.5539601571580952
2022-10-19 04:00:00.000000Z,0.0056909483050636,41931181.06299544,0.1096134902391884,87.31551900371875,241.74067814704992,74.19032168513391,0.0163044861259479,-44.07911588499535,35486776.26382109,30494877.03718065,28683276.2032052,-55706.19832912566,-2103.420929472548,2260.9200813428342,4.222262102698632
2022-10-19 06:00:00.000000Z,0.0056676151230556,41931006.25220903,0.1097637034073357,87.27761397773949,241.7409399060712,104.56646985038256,0.0110786560630314,-43.822744823549286,35611375.13420573,11865890.292230517,40278026.44372194,-19041.355981429635,-2948.5728941958064,886.2827062086292,5.7229690563348425
2022-10-19 08:00:00.000000Z,0.0056433378342662,41931469.74200912,0.1101213628214942,87.28606863890833,241.7257382706941,134.74029745078585,0.0030065949900668,-43.73779938911343,35719221.27295126,-10007427.987489562,40890566.54870589,22933.759800481952,-2985.879099044313,-718.0339512855852,5.667026965831236
2022-10-19 10:00:00.000000Z,0.0056233838609836,41932117.74702948,0.1105252326443689,87.41562354861573,241.56735891667387,164.81193450650431,-0.0056248195829643,-43.77712257196041,35781453.37980754,-29177716.315453105,30431701.651189152,58874.47478563416,-2216.585719967361,-2118.96286870126,4.087205091141666
2022-10-19 12:00:00.000000Z,0.0056204074612752,41932240.04111946,0.1107428246622362,87.61582720589921,241.3010225231704,194.875445733652,-0.0124918470652823,-43.86187919313811,35781793.13237444,-40484256.26010811,11767686.3728402,79127.60314167774,-851.6356221741363,-2945.821231000697,1.4077825314381625
2022-10-19 14:00:00.000000Z,0.0056356486751081,41931751.62223481,0.1107475250394097,87.7537170649666,241.13680682340083,224.94370795105104,-0.0158254976365439,-43.90207667237343,35720209.72998933,-40877065.23636594,-10066291.34770856,78188.40285618609,746.2156242798767,-2978.902078654868,-1.6669432520896876
2022-10-19 16:00:00.000000Z,0.0056580592477014,41931183.58606081,0.1107393341571038,87.77076439623593,241.15151813832824,255.07730518953187,-0.014816078083676,-43.81885408389019,35612886.746085346,-30205970.31077209,-29169200.889960293,56144.01509142756,2150.783277050603,-2202.971013085756,-4.319439793546603
2022-10-19 18:00:00.000000Z,0.0056809804277086,41931039.986193456,0.1108849558242337,87.733767301203,241.22705466432168,285.3748926857821,-0.0097921939680595,-43.56486113249788,35488489.4194691,-11303983.994142136,-40311710.47063647,18774.636704988447,2977.7602692876685,-817.4691214089494,-5.820940979970932
2022-10-19 20:00:00.000000Z,0.0057043594830975,41931427.81025252,0.1111568832194873,87.73977660602952,241.25399440050288,315.850675590626,-0.0021561125364184,-43.1382643141937,35381004.88621229,10698488.825314678,-40365427.04038898,-23827.96547984534,2989.3829179227178,804.9855660337303,-5.73346721512481
2022-10-19 22:00:00.000000Z,0.0057246388073086,41932040.1668888,0.1114086942674892,87.82166672535804,241.23795574016196,346.4197427132254,0.0059561075988732,-42.58548126760918,35320493.24556796,29730980.64126165,-29237663.430806182,-59929.56865148552,2170.9126881363413,2213.460811447429,-4.054589434810429
2022-10-20 00:00:00.000000Z,0.0057317698584254,41932348.06676819,0.111528627615922,87.9389628403742,241.2132271854148,17.0050404846149,0.0122637740586642,-41.98975074679308,35324255.498435825,40491108.90306593,-9977641.25874165,-79465.23777182285,746.7411455394298,3008.82173694147,-1.2419894593436491
2022-10-20 02:00:00.000000Z,0.0057204281077714,41932008.085825175,0.1115229653402335,88.02669546874097,241.15379370306576,47.60124093295607,0.0150223205090469,-41.44738483693681,35391385.24683313,39990550.76227624,12059971.461489484,-76984.96008417947,-881.1665532630856,2967.048026617791,1.9129877473169328
2022-10-20 04:00:00.000000Z,0.0056983709375102,41931263.740325935,0.1115009928485413,88.04906726420693,241.04463152218756,78.17845413937661,0.0135458690117271,-41.03909540722669,35502873.62319139,28416916.50633322,30765160.059293587,-53230.800785854175,-2255.8709604475603,2107.102857147268,4.527117475904669
2022-10-20 06:00:00.000000Z,0.0056745061049273,41930861.49526368,0.1115955666464561,88.02981043429827,240.9541086590816,108.60292065538609,0.0083733864733336,-40.80654269595522,35627413.21742521,9029484.06876703,41023584.02882172,-14829.445390329718,-3002.1533524287443,677.7689407357653,5.889259424077348
2022-10-20 08:00:00.000000Z,0.0056477429893979,41931324.60015572,0.1118527506337325,88.04384131597234,240.89855474095705,138.79119724839566,0.0010481728022382,-40.74192421425601,35730765.55602516,-12825989.603048168,40108015.38407058,27697.03743684417,-2927.739366456246,-924.2102445319258,5.650618193855277
2022-10-20 10:00:00.000000Z,0.0056215585985936,41932244.83717786,0.1121573662300315,88.15344270803638,240.7642053661541,168.8474913502934,-0.006367610069595,-40.792513445770126,35785331.09189846,-31217591.63130173,28341066.709928483,62864.92655390829,-2063.4862141904705,-2267.9444093924158,3.894158432230796
2022-10-20 12:00:00.000000Z,0.0056124169668797,41932631.95221789,0.1123215105623747,88.325856019823,240.5505495200001,198.88687573616792,-0.0118698975580307,-40.87650631387571,35777028.228465185,-41197331.38143814,8934833.099015271,81239.78542663685,-644.5393803487885,-2998.3231826766696,1.0912818092331702
2022-10-20 14:00:00.000000Z,0.0056259626209345,41932102.94304455,0.1123100284014544,88.45334144732001,240.4532135791345,228.91104076738503,-0.0140257780747433,-40.90432561841177,35708255.337294966,-40067661.94743247,-12877920.19011438,77829.97149392772,952.3789762785632,-2920.4668832170896,-2.020670262473112
2022-10-20 16:00:00.000000Z,0.0056492231824131,41931258.14421103,0.1122827549254511,88.48124175758699,240.5427903254184,258.9793906956346,-0.0123128112768611,-40.80063220108386,35597112.757811844,-28085008.49501172,-31195368.86396472,53398.72937704607,2300.374761101178,-2048.0172518093564,-4.612850222823447
2022-10-20 18:00:00.000000Z,0.0056730706172583,41930898.4211752,0.1123798623910548,88.46115133738223,240.6709516289532,289.23044420141,-0.0072372265698518,-40.52364201870774,35473211.421595514,-8442164.653709235,-40991035.7696355,14393.381393304217,3028.8381880874417,-606.9336945418604,-5.970593052083949
2022-10-20 20:00:00.000000Z,0.0056988653457959,41931318.8619195,0.0948766852690317,87.13689370069666,242.05310932795555,319.7005895250662,0.0039002919582922,-40.07773109637789,35370365.116017655,13516560.495242352,-39499865.37753809,-25621.43047292148,2926.16355601936,1013.3260430753302,-4.75560627256896
2022-10-20 22:00:00.000000Z,0.0057235703070747,41932138.72741668,0.0950532756535136,87.21694303141227,242.0399323876344,350.27895481711033,0.019187022275418,-39.51463088206325,35317407.29960086,31722423.125044443,-27059255.13223716,-54744.90549176465,2009.9337073392408,2360.906825600251,-3.140360841545032
2022-10-21 00:00:00.000000Z,0.0057349338968205,41932643.404770665,0.0951277270987956,87.32216594997891,242.01840737918656,20.871483684991837,0.0290105784920388,-38.9205372890772,35329631.250320256,41100600.2532343,-7090406.836130744,-68714.54232273031,533.1644647319533,3053.5177056948773,-0.6473848094989629
2022-10-21 02:00:00.000000Z,0.0057257750098778,41932324.431973286,0.0951132445204094,87.3973704538496,241.9399508052801,51.485973599581605,0.0306360128123665,-38.39142956721257,35403840.086670965,39052776.64985801,14852952.376671791,-63642.70731270333,-1087.0323795928653,2896.9934591572496,2.021033591971734
2022-10-21 04:00:00.000000Z,0.0057047995317449,41931399.62928855,0.0950907403832551,87.41830297652946,241.76805168664472,82.10607998825716,0.0237270207386098,-38.00442127525954,35519071.77680993,26200205.3268148,32694398.04058374,-40994.85026174792,-2396.9803845120773,1943.1923227053696,4.119373162836979
2022-10-21 06:00:00.000000Z,0.0056820289501838,41930758.54268362,0.0951469867806598,87.40833883834765,241.5939463581253,112.58136388246967,0.0103586882739394,-37.795342558281774,35642952.37800111,6150425.100320888,41568547.88646518,-7081.762660543184,-3041.024227858576,466.2987703699529,5.07986408695438
2022-10-21 08:00:00.000000Z,0.0056543027931361,41931157.01360322,0.0953087068286114,87.42693128765421,241.48495861405328,142.7992620204673,-0.0056938455575845,-37.749978099760135,35741376.33529956,-15581146.310018651,39131578.71805673,28814.63269504328,-2855.5114668980686,-1125.6462642720487,4.661156905595185
2022-10-21 10:00:00.000000Z,0.0056225864966041,41932300.324744776,0.0954998126042503,87.52268165417625,241.34789981817644,172.86233454686376,-0.0200564259054379,-37.81035092426668,35788083.64058831,-33106014.31005536,26114722.460491654,57010.56295078528,-1900.5465726319508,-2405.879147930807,2.9915153833432453
2022-10-21 12:00:00.000000Z,0.0056062390495061,41932987.05518854,0.0955950588010734,87.66999469506833,241.16438472406787,202.8990019767468,-0.0288972647875735,-37.89201844140888,35771209.18812101,-41711344.59213694,6060216.447111586,69946.82920014035,-434.351837646662,-3036.3470894218453,0.5181369551098983
2022-10-21 14:00:00.000000Z,0.0056158420611333,41932495.00856853,0.0955713345822468,87.77949027378439,241.12789807045883,232.8939913483996,-0.0298679631347528,-37.90615048861641,35695580.91715621,-39064421.08287022,-15625768.309793554,64102.05616859096,1154.0067403489484,-2847.84403494204,-2.107532409307662
2022-10-21 16:00:00.000000Z,0.0056378277861737,41931401.77442333,0.0955437567124207,87.80558028102871,241.3031229165739,262.89967491868185,-0.022688096787468,-37.781283901821766,35581172.40204698,-25827861.08987969,-33068165.38263201,40926.33443620092,2438.8179216682097,-1882.954411159096,-4.184109232918359
2022-10-21 18:00:00.000000Z,0.0056609930276159,41930792.59453882,0.0956067964698141,87.79397379317567,241.50093115079247,293.0954164138605,-0.0092626489579875,-37.481476541853645,35458409.56374033,-5540150.191791214,-41468100.04046172,6574.194173912892,3065.0086155594227,-393.2888317992096,-5.1359127864548455
2022-10-21 20:00:00.000000Z,0.0056878932197955,41931175.897216775,0.095730922118551,87.80767457326097,241.5864870209532,323.5424290003984,0.0067400831755088,-37.01734561468085,35360737.16360073,16266122.251758808,-38438860.62669862,-29614.7317227358,2848.394072306231,1216.6704957024083,-4.677909992405047
2022-10-21 22:00:00.000000Z,0.0057165602141888,41932172.26938804,0.0958305348213687,87.85776527738659,241.61771692173977,354.1149425144732,0.0208445799531907,-36.44564802938409,35315576.51795405,33554827.90435622,-24747443.29663221,-57630.46811196983,1838.995960825536,2496.52897076647,-2.9175961372872248
2022-10-22 00:00:00.000000Z,0.0057324685739277,41932885.50183664,0.0958640115687379,87.91242332632488,241.6503580709949,24.700418641704257,0.0290653964542656,-35.85500509257576,35336123.62956007,41505279.58883094,-4169706.73001816,-69652.36249100516,317.1442821343029,3082.974947620208,-0.3423758172428743
2022-10-22 02:00:00.000000Z,0.0057264921313347,41932633.09777797,0.0958562157463195,87.94167510755403,241.5988412810051,55.31933580756653,0.0291244143332257,-35.34048307799535,35416936.54855445,37922240.43001895,17570656.391510356,-62347.47592642388,-1287.2202523206977,2812.714787325545,2.321154047138113
2022-10-22 04:00:00.000000Z,0.0057080301311777,41931575.79351006,0.0958575150596545,87.94270299147335,241.39387296353783,85.97069258064323,0.0211158415995476,-34.975198906959946,35535261.77906314,23856036.429431725,34461878.83399639,-37816.3791015602,-2526.099519423469,1770.0341587246658,4.3298263729615005
2022-10-22 06:00:00.000000Z,0.0056879685985946,41930697.69925685,0.0959011793829541,87.93569098936806,241.1459533623545,116.49388226009336,0.007385564847419,-34.78907703360244,35657866.92901056,3242861.0402322905,41910732.15977498,-2897.4725336120737,-3065.0542318812063,252.90289224193327,5.142184628933059
2022-10-22 08:00:00.000000Z,0.0056611883063558,41930966.17056673,0.0959848825632558,87.94793698972735,240.9842621380559,146.75282483656923,-0.0082447263901957,-34.76171778584713,35750946.583181426,-18259709.268082872,37966322.20807951,32847.509100527015,-2769.5815987343717,-1321.4012002858376,4.557509983031975
2022-10-22 10:00:00.000000Z,0.00562559226854,41932256.77973361,0.0960686652416967,87.99464771339322,240.85919224608887,176.84476495244638,-0.0215629332233825,-34.8302728790026,35789651.921381086,-34834109.82983264,23763493.908119235,59765.4192078219,-1728.5518643380549,-2532.1391314992147,2.747947289737616
2022-10-22 12:00:00.000000Z,0.0056019242719994,41933256.49745725,0.0961026290127681,88.05715972812493,240.7407798275821,206.90504670786208,-0.0290373825670734,-34.90802366849067,35764328.74460497,-42023945.75979589,3157596.125987757,70626.17353244132,-222.06347699600715,-3059.7225787240645,0.1982641063634478
2022-10-22 14:00:00.000000Z,0.0056057336323597,41932892.34659905,0.0960920614533532,88.0932387083351,240.7965807550903,236.896125940521,-0.02867113698694,-34.90719481765026,35682210.42820813,-37872157.26551211,-18296683.527890887,62460.13814320814,1350.1411717043668,-2761.3724753612705,-2.4171942786008347
2022-10-22 16:00:00.000000Z,0.005624258781084,41931608.97826216,0.0961001803273157,88.09060055417403,241.0719388938302,266.8522275877253,-0.0205111355059062,-34.76050554063725,35565099.15692437,-23445365.875049528,-34778563.54710783,37358.68169726259,2565.437628368433,-1708.5683869158563,-4.3960159588705165
2022-10-22 18:00:00.000000Z,0.0056448446426532,41930727.30010951,0.0961559632776566,88.08129820516706,241.34907500215388,296.98892833103645,-0.0067015731736245,-34.438107337156666,35444116.723684974,-2611978.0961803747,-41740609.396425895,2035.6702469829013,3086.0844343906483,-177.57699574794523,-5.186263767374876
2022-10-22 20:00:00.000000Z,0.0056714125746695,41931019.460189976,0.0962179083479684,88.08978150735165,241.49182793277149,327.4010462048045,0.0089975411078425,-33.95689129642549,35352148.49718334,18933868.306912106,-37187688.98528609,-33860.045434956955,2756.465525188293,1414.01217107316,-4.547264825108345
2022-10-22 22:00:00.000000Z,0.0057030228525279,41932145.249230176,0.0962423926380418,88.10231996991033,241.5894266779092,357.9515846348945,0.0222046842268873,-33.37835141428455,35315019.35249465,35219530.85094608,-22313679.405868694,-60368.68258107861,1658.966031403773,2619.6651863041566,-2.639399673345131
2022-10-23 00:00:00.000000Z,0.0057232549781449,41933066.34908822,0.0962407396127481,88.09378209387091,241.70343623539483,28.513607571910853,0.0291995614128769,-32.79298853753036,35343734.611207835,41703682.44289854,-1229849.4682618903,-70080.43380178347,99.76073951508118,3097.082121671272,0.005567759319626
2022-10-23 02:00:00.000000Z,0.0057211110017945,41932928.77040964,0.0962567835709326,88.06262253670393,241.70961285996344,59.11934672456666,0.0280604169835964,-32.29436246690022,35430653.240381405,36605030.31690137,20200075.709206425,-60313.99125435899,-1480.7658678646592,2714.67134266753,2.6404462679960696
2022-10-23 04:00:00.000000Z,0.0057062623075677,41931801.41730162,0.096310094670479,88.03230955742484,241.49998620164112,89.78458915819907,0.0192113426524021,-31.951192307050945,35551399.530211784,21396173.76585787,36059515.17856451,-33863.03860344958,-2642.650852148971,1588.4977470387223,4.531173556791085
2022-10-23 06:00:00.000000Z,0.0056903270240661,41930708.431442425,0.0963745650962933,88.0225055395554,241.19422395258167,120.34605171841922,0.0051994650770649,-31.78743253789793,35672102.910037294,320879.97188835125,42049015.55216175,1901.2165405837704,-3074.1842843897216,38.60052967456659,5.170108197658309
2022-10-23 08:00:00.000000Z,0.0056666605391414,41930786.31494432,0.0964089254411261,88.02746785297192,240.9765028182185,150.65162705531603,-0.0101272472136937,-31.776753878293693,35759436.25482397,-20849023.086295992,36618191.29358299,37181.75851646697,-2670.3936926042143,-1510.5724154719069,4.403199351915525
2022-10-23 10:00:00.000000Z,0.0056298216244763,41932121.9079364,0.096401839539906,88.02095844348099,240.85052919629484,180.79114609728603,-0.0226898786608551,-31.85185323606227,35790032.51846926,-36393874.90219219,21298743.900734324,62434.85246157058,-1548.3222717318297,-2646.151660822421,2.4497934354003887
2022-10-23 12:00:00.000000Z,0.005600080928766,41933411.68847198,0.0963885884934014,87.98156470511758,240.78830032911276,210.9026315163171,-0.0291913473559982,-31.92412198684973,35756420.42077397,-42133809.52978273,240838.28862921987,70851.99150328856,-8.671427011164937,-3068.342382912796,-0.1672276852049504
2022-10-23 14:00:00.000000Z,0.0055971530642014,41933269.25645679,0.0964222683533615,87.91820107714496,240.9294661559608,240.92395872924155,-0.0278973517460799,-31.90712276890295,35668186.600441374,-36496640.13240446,-20877858.47680172,60102.8805789843,1539.8510043891436,-2661.4513740542066,-2.7523883714949897
2022-10-23 16:00:00.000000Z,0.0056103754534654,41931889.58297835,0.0965126825211245,87.86782008271972,241.29853947769072,270.8565117938352,-0.0190820285088099,-31.738010031749877,35548916.465472795,-20949003.09885765,-36318259.77516353,32987.3618493827,2679.617966349532,-1525.687216417378,-4.606215004431326
2022-10-23 18:00:00.000000Z,0.005626426786297,41930737.89494362,0.0966017735511378,87.85452533226626,241.6554550454016,300.9397816400956,-0.0050375269792143,-31.39325589004647,35430331.90711078,328183.23309462704,-41807180.69807085,-3191.775588642597,3091.958106504116,39.15176823581498,-5.2069794488662495
2022-10-23 20:00:00.000000Z,0.0056506139297153,41930870.28467154,0.0966245653812073,87.85661394881625,241.8657022104593,331.30676807668993,0.0104378857565908,-30.896071525686704,35344585.98181039,21506909.753759675,-35752439.96718391,-38499.27757006751,2650.83599374862,1604.3788837876482,-4.366098321376893
2022-10-23 22:00:00.000000Z,0.0056833968577273,41932056.2155993,0.0965865494033937,87.8277360578379,242.04714572302396,1.8199877407185607,0.023048828531836,-30.312421457051865,35315721.564764574,36708674.976345606,-19769851.833713047,-63100.59308739777,1470.748356356272,2729.720260454017,-2.303118674861427
2022-10-24 00:00:00.000000Z,0.0057070650007198,41933167.884239934,0.0965638351185683,87.74790163951013,242.26573492512364,32.34163540044563,0.0292664945290208,-29.734150318116058,35352450.76973787,41695275.39984165,1714948.9660029677,-70103.6285907029,-117.91021733311676,3095.8034455184343,0.4035980263440056
2022-10-24 02:00:00.000000Z,0.0057088155612421,41933189.69833564,0.0966261903388752,87.64776643286615,242.35704577506115,62.91402749016174,0.0274053650677684,-29.25271275501094,35444972.02548174,35107992.95105009,22728791.501179487,-57584.66919413543,-1666.7466658077396,2603.3810028112152,2.98870748315464
2022-10-24 04:00:00.000000Z,0.0056982086026716,41932070.113752976,0.0967627036248222,87.58019814187598,242.17098587319973,93.57048434488904,0.0180902109833097,-28.93201701129411,35567456.572595336,18832754.502811585,37480119.13996375,-29104.46614120225,-2746.1189296477514,1399.4785576423824,4.733379256171612
2022-10-24 06:00:00.000000Z,0.0056874101747177,41930808.41970065,0.0968847246563606,87.56651005842896,241.8257188368661,124.15361651071493,0.0039709671806431,-28.78997666346788,35685624.25235185,-2601518.7859940394,41983235.41359514,7409.386716816109,-3068.4186182232925,-175.59822014109744,5.17128357834117
2022-10-24 08:00:00.000000Z,0.0056689596096683,41930652.26837359,0.0969074563004322,87.5682788673479,241.5518241620387,154.50325845436905,-0.0111195083726672,-28.79459829399701,35766817.50009215,-23336937.165995,35093913.90718287,41953.9362902396,-2558.441883601693,-1692.2956308591706,4.201895948545885
2022-10-24 10:00:00.000000Z,0.0056342882511743,41931912.46334652,0.0968421745096367,87.51462694336357,241.410057713391,184.70083563313807,-0.0232149731615817,-28.87457448748468,35789228.236264855,-37778097.26164086,18732266.5832378,65166.07854105883,-1360.7060584709589,-2747.401355665525,2.096353148407849
2022-10-24 12:00:00.000000Z,0.0056013253243847,41933419.43842935,0.0968100103256817,87.37283889940684,241.38416094866767,214.885397575357,-0.0291831820318387,-28.93982859891802,35747523.84196829,-42040506.945717335,-2676204.5519812363,70752.02775186105,204.82669235094076,-3062.163199595648,-0.5828809624668567
2022-10-24 14:00:00.000000Z,0.0055921917658033,41933575.52406953,0.0969259886081481,87.19979640501073,241.58452690471572,244.9745014823152,-0.0274518573731891,-28.905531347889195,35653558.07709563,-34944431.893907815,-23356943.469988376,57113.87036854846,1722.234486049689,-2548.536628159509,-3.120611182049169
2022-10-24 16:00:00.000000Z,0.0055991410403095,41932230.39899054,0.0971513611164377,87.09231264516588,242.0181651786114,274.9225539285126,-0.0184065188350738,-28.713457147570107,35532642.46755969,-18350733.08331265,-37679745.964208566,27834.720232104744,2780.799264606965,-1335.173299970469,-4.823930787130607
2022-10-24 18:00:00.000000Z,0.005608991806816,41930847.84475615,0.0973241364188865,87.07444148658246,242.43747260794012,304.97013707548206,-0.0043758219505518,-28.346574311708256,35417028.97101524,3266150.35284176,-41667350.24725626,-9153.109765985984,3082.591932261379,255.8491870927648,-5.207172457965736
2022-10-24 20:00:00.000000Z,0.0056284595504837,41930757.91247383,0.0973430384522485,87.07443093829494,242.7128831310627,335.28898015054483,0.010880215000632,-27.83446899038088,35337995.930417374,23972835.35982645,-34139962.02844308,-43636.12274660351,2532.026520161831,1786.8406834635236,-4.141259074351903
2022-10-24 22:00:00.000000Z,0.0056599256534971,41931915.10977474,0.0972664201779604,87.00752491295214,242.98465458521844,5.753366148242132,0.0231636062308566,-27.247352549764145,35317628.69430918,38015229.13451338,-17128189.5995592,-65965.41552295494,1275.2779731701703,2826.1696043881343,-1.9115200991495611
2022-10-25 00:00:00.000000Z,0.0056852918279443,41933174.77927969,0.0972445618534768,86.85821680638779,243.31878325414397,36.220113123379626,0.0290716762768438,-26.677916171351487,35362234.92804005,41480417.72565366,4650667.972553406,-69863.77525887855,-334.80480794433754,3079.176930259089,0.8538166394429525
2022-10-25 02:00:00.000000Z,0.0056902727076119,41933389.4862429,0.0973776831097534,86.69102969937794,243.51232811415957,66.73887595270826,0.0270298738292671,-26.214925778823385,35459875.702898234,33438645.070354607,25145046.77263996,-54269.616764619735,-1844.2870913789595,2479.414245720359,3.3724848059632992
2022-10-25 04:00:00.000000Z,0.0056838180979926,41932363.611158594,0.0976253773023332,86.58947668237843,243.37216489698244,97.36059361832343,0.0177176241030369,-25.917057324748832,35583427.27368593,16178176.99558794,38717423.837612726,-23592.40580541928,-2836.0513876327504,1203.8907038455018,4.945780408905952
2022-10-25 06:00:00.000000Z,0.0056784664085202,41931007.51482995,0.0978382659229434,86.5771869182977,243.00604564009535,127.94210438374182,0.0037659296607336,-25.796092267105344,35698428.34422534,-5510529.311502712,41714161.0446498,13645.776009290026,-3047.822082045454,-388.6980383498528,5.15555369834709
2022-10-25 08:00:00.000000Z,0.0056668392391701,41930603.97614597,0.0978896481323543,86.58633135458052,242.6788231276792,158.3237854816764,-0.0110719385251226,-25.81462687191077,35773093.65479805,-25711882.204618964,33400944.99715826,47248.69789988813,-2434.2660306383245,-1865.7472511695648,3.961754382011717
2022-10-25 10:00:00.000000Z,0.0056379591178599,41931667.56289649,0.0978078898595114,86.50473042016299,242.50530813695764,188.57784664375075,-0.0229382138059167,-25.89781655730553,35787265.33393839,-38980399.13317789,16076224.701077323,68091.65328270393,-1166.5753025200397,-2835.4300140406363,1.692629683471144
2022-10-25 12:00:00.000000Z,0.0056058831937176,41933270.733329125,0.0977912707874657,86.28324251428323,242.4858236456604,218.8441885401414,-0.0288019590064058,-25.95457827273709,35737700.73642096,-41744523.13684869,-5579749.834210497,70481.56723461277,417.43543925258246,-3041.204455814739,-1.047453398252732
2022-10-25 14:00:00.000000Z,0.0055928361389406,41933756.8630458,0.0980220107490099,86.01619004977336,242.70024254031875,249.03156092623604,-0.0271511500271212,-25.901969543307064,35638400.79094344,-33222893.37777817,-25722090.224735606,53643.40284733245,1896.4196983806853,-2423.1391747988737,-3.5245803248995933
2022-10-25 16:00:00.000000Z,0.0055940051732393,41932595.75787997,0.0984257392230371,85.85948978215193,243.1449475942236,279.0411549087957,-0.0183632662204129,-25.686503446539817,35516318.675876245,-15663006.055590998,-38856340.187239,22017.049698179955,2868.476560398991,-1137.9220328657038,-5.05590600579461
2022-10-25 18:00:00.000000Z,0.005596891931132,41931070.23148553,0.098731581265106,85.84555430963539,243.58651836095183,309.08442058227496,-0.0046844040757026,-25.297738924182184,35404184.82790595,6187701.970124188,-41321598.61654796,-15793.055972743692,3058.0161891935154,471.4687717174332,-5.196848587635572
2022-10-25 20:00:00.000000Z,0.0056094167161881,41930716.42466465,0.0987888460624614,85.85578106382354,243.9059482083706,339.3629638057682,0.0102561350193358,-24.771676733309327,35332302.30422132,26319670.50645064,-32357893.341302738,-49293.39582261704,2400.6179456711448,1960.5082675139977,-3.8840201357100415
2022-10-25 22:00:00.000000Z,0.0056365424088331,41931742.501068495,0.0987052086232435,85.7656457523021,244.25499882303987,9.775260624719868,0.0223916716386324,-24.18259964424705,35320648.76418839,39132931.038390495,-14401308.014447784,-69063.40279973876,1073.5193166697304,2908.55675970277,-1.4743702497989164
2022-10-26 00:00:00.000000Z,0.0056610656749662,41933078.96348603,0.0987078917878193,85.56283421434935,244.6950500911492,40.17913905842344,0.0284026812790018,-23.62361277659318,35373014.79482228,41060303.31891696,7563420.813260149,-69517.74411955268,-549.8705961555393,3047.312438293731,1.3506248996048154
2022-10-26 02:00:00.000000Z,0.0056677909165524,41933497.49372354,0.098929944240185,85.34429948072484,244.9901018040055,70.62811167112878,0.0267151157712341,-23.180253472798523,35475329.05654623,31605126.7746922,27437675.325062253,-50545.72638427044,-2012.5565192408528,2343.3933140819054,3.791948965609473
2022-10-26 04:00:00.000000Z,0.0056645911749521,41932649.24662122,0.0993045539148602,85.22198631187948,244.907871763694,101.18949015422702,0.0179196306312147,-22.90555107520301,35599309.973472945,13445071.884155504,39766013.009595685,-17481.022527635643,-2912.05631512702,1002.6676843004489,5.174368933585161
2022-10-26 06:00:00.000000Z,0.0056641142136865,41931297.0502899,0.0996292821462982,85.221991551481,244.53817168854383,131.74183230809365,0.0044960983909082,-22.80504025287307,35710532.32685198,-8392549.758370603,41243433.09332767,20516.420531524785,-3012.517706173642,-599.7164968252716,5.133282696982491
2022-10-26 08:00:00.000000Z,0.0056599452903476,41930673.58737174,0.0997414240481122,85.25399844049491,244.16423999245845,162.13480444058376,-0.0099664649609611,-22.83613050992509,35778291.199102834,-27962866.189734276,31547420.46586103,53055.22493068219,-2298.4499121935305,-2030.142343467664,3.6950566658675337
2022-10-26 10:00:00.000000Z,0.0056398633207129,41931443.55287395,0.0996808742146087,85.17460543578474,243.94535346234517,192.43044738225635,-0.0217378693541796,-22.92090223234935,35784188.289471045,-39995222.79626467,13343116.016081968,71288.2517143901,-966.8246102388669,-2909.8353573357745,1.2502341170003362
2022-10-26 12:00:00.000000Z,0.0056132061270232,41932988.21738337,0.0997048630998323,84.91811916825554,243.89922063498372,222.7683367853132,-0.0278444757887272,-22.967763444752396,35727032.08992392,-41247235.91981768,-8456114.103089496,70192.00352240469,628.1622758170774,-3005.5481825214715,-1.552105465569953
2022-10-26 14:00:00.000000Z,0.005599949845713,41933768.79824616,0.1000578681837355,84.5989169221126,244.07491471551648,253.0657661864333,-0.0267462134633732,-22.89597242089102,35622825.34460723,-31340161.41952329,-27961985.454207134,49891.278353376605,2061.564165565047,-2285.825850441607,-3.9599495166065415
2022-10-26 16:00:00.000000Z,0.0055975189570373,41932928.42517495,0.1006522144566941,84.41840962700927,244.46414602326152,283.178290669711,-0.0187038084310249,-22.65685642306553,35500035.44232085,-12898749.297770448,-39842230.68034177,15744.39924721871,2942.1975312094687,-934.863471455328,-5.303828809977281
2022-10-26 18:00:00.000000Z,0.0055942525726133,41931405.58757154,0.083659179981719,82.05641486071166,247.236514968182,313.2603521702844,-0.0035963354231241,-22.24655518910859,35391817.709474884,9078576.577375092,-40771412.87325624,-21355.83701492565,3018.3284082570667,684.9625622654482,-4.22664462818914
2022-10-26 20:00:00.000000Z,0.0055983849023267,41930787.06159266,0.0837907537318562,82.10864710132549,247.5463784134612,343.5194882833795,0.0195701147460007,-21.70746585189824,35327444.36232903,28535874.446592435,-30414751.935107727,-47443.1921759439,2257.2518635502,2124.528775087052,-2.8432314745712715
2022-10-26 22:00:00.000000Z,0.0056181108362897,41931580.24217557,0.0837368064607155,82.00216718611519,247.9558763496826,13.888279543926224,0.0373065344202355,-21.11779175960732,35324678.07773261,40056299.79136204,-11602326.998860473,-60331.49649920748,866.4695729952756,2976.490284622106,-0.6487612577885908
2022-10-27 00:00:00.000000Z,0.0056387425089316,41932895.40191314,0.0837960724719865,81.73059210944028,248.51254191678703,44.23240927090108,0.0447569002155459,-20.57069827447533,35384692.86639365,40437004.1216592,10439323.83181729,-56329.04865178798,-762.0615985042338,3000.3917820226275,1.734076051381107
2022-10-27 02:00:00.000000Z,0.0056450479882379,41933496.739568114,0.0841261153505802,81.44739429639752,248.92844194960315,74.60449890992501,0.040012980100489,-20.14803222051509,35491275.891038306,29616278.81303469,29595986.70681986,-36538.85037001839,-2170.765118023995,2195.996626965805,3.6313595858989616
2022-10-27 04:00:00.000000Z,0.0056434639604364,41932893.63750489,0.0846309779723776,81.31280398481509,248.91572508685263,105.08517181606996,0.0245901345185623,-19.89679951542184,35615098.17957199,10646399.035630694,40621249.93234039,-6482.697870482678,-2973.801183573222,796.7701168380958,4.519938869949434
2022-10-27 06:00:00.000000Z,0.0056463468056853,41931654.894602105,0.0850651058804103,81.35478534601845,248.54044626895208,135.58125120500483,0.0028264090002125,-19.816158679225257,35721965.199424945,-11234091.638631351,40573552.19536586,25544.12675732376,-2962.689564653813,-807.6755286553604,4.168383711811903
2022-10-27 08:00:00.000000Z,0.0056489934961493,41930880.92805101,0.0852468219144148,81.4440874920392,248.11256604619683,165.95961974270864,-0.0194422173408652,-19.858510322055004,35782455.6021816,-30079416.101805497,29542202.27492185,50794.50862557449,-2151.627158898898,-2184.727920220147,2.682053042822762
2022-10-27 10:00:00.000000Z,0.0056392408888759,41931309.22685793,0.0852316738370187,81.38926661137847,247.85318219759804,196.27118033043115,-0.036430055184577,-19.94328972849204,35780056.621322125,-40817819.52520727,10545852.556381922,62383.91274730717,-762.3780184709576,-2970.2685637115,0.4597712733247556
2022-10-27 12:00:00.000000Z,0.0056217683180674,41932636.71128014,0.08531632781587,81.10427215820484,247.8037207434183,226.6521382774669,-0.0437937300434121,-19.97891501069494,35715611.22698477,-40550947.61616063,-11291635.434206951,57056.11429946237,836.0127042967465,-2955.342046093143,-1.910395612095665
2022-10-27 14:00:00.000000Z,0.005612404822546,41933605.379457,0.085785356247324,80.73599970385703,247.95205950198087,257.0458938581519,-0.0396500480011359,-19.887219099504,35606970.4805644,-29305202.54295515,-30065812.030430306,36057.78869903533,2216.8535404865424,-2137.226920349387,-3.791003745198888
2022-10-27 16:00:00.000000Z,0.0056097719512133,41933172.544640295,0.0865498694560107,80.55209711677128,248.24174233072364,287.28504288538,-0.0250651707057136,-19.62442236724143,35483939.92880316,-10071417.837570269,-40632499.34311293,4931.967758185429,3001.56437984512,-726.9720254376302,-4.65286537870182
2022-10-27 18:00:00.000000Z,0.0056025050684496,41931801.54972131,0.0871801237291891,80.62222281764755,248.5257430049963,317.4443493524271,-0.0038761774367062,-19.193130057034587,35380015.762934014,11924430.09166137,-40019376.74430401,-27823.567733734264,2963.6887458152723,895.2725474878544,-4.227259926724808
2022-10-27 20:00:00.000000Z,0.0055982969194085,41930973.08948831,0.0874063832281067,80.73697405626856,248.77307012551677,347.71554207695505,0.0182200595229233,-18.64200090209696,35323409.699282885,30610280.072346102,-28320080.108371817,-53042.252330481046,2102.6304623085903,2278.0795610121977,-2.6063933510790767
2022-10-27 22:00:00.000000Z,0.0056082747889283,41931452.67544848,0.0873914340145327,80.67357969068091,249.16066417240845,18.06247884266249,0.035198870516937,-18.05299982621828,35329615.53848854,40780593.30278884,-8745043.943922019,-63540.7884216824,655.163349723897,3029.64244432233,-0.2372135533660652
2022-10-28 00:00:00.000000Z,0.0056220231981132,41932630.75540044,0.0874895560590204,80.4201034411104,249.7289555845477,48.36373108180683,0.0424628754187274,-17.519060055516412,35397126.545714736,39613468.24342258,13264336.026343573,-56274.70843589863,-970.3324258103028,2938.673239727517,2.207806490865854
2022-10-28 02:00:00.000000Z,0.0056254442663621,41933357.56826617,0.0878901063655706,80.14883948329786,250.18222233403296,78.66496087183356,0.0381945686882153,-17.117954079900457,35507582.31302589,27481673.535466067,31609650.369028743,-33238.73462020409,-2318.161130763152,2037.965702325795,4.038421871922128
2022-10-28 04:00:00.000000Z,0.0056233429272457,41933037.07632346,0.0884870416835975,80.03751569229945,250.2134210624677,109.05483002126547,0.0237932668924181,-16.890343012288977,35630696.77696678,7795482.67240932,41279202.56266431,-828.5622548199435,-3021.0141269265887,587.1890758860908,4.752164528171347
2022-10-28 06:00:00.000000Z,0.005627323211001,41932016.6414603,0.0890079563217708,80.11901254223616,249.85695887055687,139.47338041388838,0.0033151192931181,-16.828898328853292,35732674.54267302,-14021757.897696467,39707804.36344563,32044.80030661437,-2898.5842804157032,-1011.6050470663766,4.166432429805728
2022-10-28 08:00:00.000000Z,0.0056348637048106,41931194.116753735,0.0892534980976131,80.26274365319367,249.4046214535565,169.81184906007758,-0.0177557932189613,-16.881177477509127,35785566.2358078,-32051551.956850264,27394756.86173169,56427.1963053061,-1994.477958882841,-2328.791617424812,2.448618725298245
2022-10-28 10:00:00.000000Z,0.0056351302383438,41931289.96381806,0.0892748641971622,80.27520529844385,249.0930240637136,200.10991624586865,-0.0339514544508658,-16.964381541655776,35774877.63901151,-41444174.99213321,7697576.805836664,65673.92983326844,-554.1786752225731,-3016.4417282948093,0.0571687383413845
2022-10-28 12:00:00.000000Z,0.0056287986391705,41932274.27766572,0.0893768826438203,80.06242477720363,248.97986881855925,230.4948954421426,-0.0411359953483893,-16.987466447440294,35703492.2386873,-39658719.87206888,-14072888.498432176,57147.84830515019,1040.0047183305364,-2890.79988755688,-2.376199713478823
2022-10-28 14:00:00.000000Z,0.0056265697801124,41933274.49529643,0.0898742745351711,79.7529308232073,249.03035403041244,260.94823407695617,-0.0374881820152965,-16.875263479535054,35590961.434925325,-27127546.22076825,-32023434.759911835,32937.696304804806,2361.5144486663435,-1978.0274562527925,-4.197151774595448
2022-10-28 16:00:00.000000Z,0.0056273791727125,41933257.03113326,0.090719488063522,79.61286778271669,249.1758106843407,291.31124445943254,-0.0239849649116765,-16.588992116167955,35468208.753199175,-7194660.466194328,-41223215.70477554,-563.2297512576788,3046.2387360457715,-515.2499029059636,-4.891325218365992
2022-10-28 18:00:00.000000Z,0.0056199447792659,41932208.48027209,0.0914688353671771,79.73815284627395,249.31570188174732,321.57967197028404,-0.0042278546279794,-16.137528133840107,35368931.62164669,14711194.435335184,-39069135.20539904,-34221.028522113455,2894.331688681837,1101.3487002244258,-4.2334733842597325
2022-10-28 20:00:00.000000Z,0.0056093128574939,41931280.663628615,0.0917857949876203,79.92768076155524,249.45244313759125,351.8975480062533,0.0164454442775069,-15.575524131505464,35320259.840280615,32532488.051996835,-26084288.06120031,-58620.73013949056,1937.514813084112,2420.3827448260267,-2.377877932828972
2022-10-28 22:00:00.000000Z,0.0056086964171038,41931408.97245361,0.0918080239407945,79.93686564723303,249.7561784823901,22.253819738518715,0.0324148956148352,-14.988467725135324,35335420.59388024,41302149.71953975,-5843701.998910369,-66798.66116996564,440.6608135789363,3067.7549662921137,0.1636918706610912
2022-10-29 00:00:00.000000Z,0.0056133602721118,41932333.75484654,0.0919222335011858,79.737701384745,250.2692978290337,52.541658120351336,0.0394018079513439,-14.468802983239916,35410211.800782055,38593761.09829248,16024497.619121522,-56347.09900862073,-1173.6530296433718,2862.4882333932173,2.670986550006477
2022-10-29 02:00:00.000000Z,0.0056117090493888,41933096.881085545,0.0923498227733151,79.50551954383961,250.71198397769828,82.79214411728252,0.0356999472105621,-14.08994030866046,35524136.097996034,25211758.336407524,33468893.375586823,-30131.13572329413,-2454.0427350343084,1870.0983872353893,4.4383019830962525
2022-10-29 04:00:00.000000Z,0.0056069419296709,41933055.01327776,0.0929890852958981,79.42691335393552,250.7737627317447,113.09508214139966,0.0225667993231002,-13.88596278687474,35646026.36526426,4906083.696497413,41736801.84031666,4601.896372380102,-3053.49218581874,374.9429604424057,4.983234659014737
2022-10-29 06:00:00.000000Z,0.005609423707575,41932336.12525849,0.0935571571609235,79.5429376231191,250.4527974459912,143.42514545989886,0.0037134043168966,-13.842979975162692,35742625.76222124,-16742227.94160278,38650420.29991349,38338.691017816345,-2820.5193934991626,-1210.5394689528548,4.170319430461137
2022-10-29 08:00:00.000000Z,0.0056190114290034,41931580.99226839,0.0938430173693172,79.73314197434208,250.0037507621892,173.70525673639156,-0.0158104819509019,-13.903851701279924,35787621.50920197,-33869843.09748094,25115355.566662718,61917.94177230734,-1827.7406875970653,-2461.654698520136,2.2270578419481195
2022-10-29 10:00:00.000000Z,0.0056272657246372,41931406.20079299,0.0938847070839015,79.81551701918251,249.66458049433265,203.96412745669264,-0.0309351558304884,-13.983911875567488,35768668.49654734,-41871159.80503902,4811905.986194581,68923.1502014825,-343.202785481163,-3048.123842309001,-0.3296346475260799
2022-10-29 12:00:00.000000Z,0.0056318280313986,41931978.74075882,0.0939706223234926,79.69266785319661,249.5099782879454,234.3144540623408,-0.0377917721462732,-13.99316610788854,35690718.475503504,-38574613.20375974,-16786438.900107466,57319.03179202892,1239.1591139525708,-2812.2057811418413,-2.824814077778671
2022-10-29 14:00:00.000000Z,0.0056381851705242,41932843.79122108,0.0944244150163033,79.4650900959543,249.4883183851072,264.77906911112126,-0.0346457120061794,-13.859916798764164,35574897.98203728,-24817555.75172192,-33825214.987632945,30018.3331722401,2494.816368590384,-1808.9793627560844,-4.587270759284087
2022-10-29 16:00:00.000000Z,0.0056451292316949,41933166.365171865,0.0952550903231068,79.3760735732499,249.5101914693797,295.2377000020467,-0.0223730657743484,-13.550562187287063,35453008.027589105,-4282529.855690237,-41611351.803887054,-5756.335687433651,3075.9562889598355,-300.74186820388786,-5.118347833323583
2022-10-29 18:00:00.000000Z,0.0056416116427404,41932559.52095603,0.0960538491712694,79.54538536285958,249.50634749240132,325.6249016451234,-0.0043034467248537,-13.080031719937445,35358746.16694915,17424971.329914443,-37925402.69286613,-40264.34058538656,2810.5690564578545,1302.139079325949,-4.237462461337576
2022-10-29 20:00:00.000000Z,0.0056281885975591,41931683.46761039,0.0964344212301568,79.80285841097275,249.5102365350309,356.01714708380433,0.0146354475470875,-12.508564520457098,35318110.6404964,34292792.68940891,-23718713.221073363,-63873.93255653352,1762.7304546611567,2550.7009561566497,-2.159959219921865
2022-10-29 22:00:00.000000Z,0.0056180879285381,41931479.55431324,0.0964789359327782,79.89494025859173,249.68577108961415,26.415414866347074,0.0292919803022837,-11.924815965688184,35342103.05900898,41618356.886862926,-2913060.3516260446,-69853.71656536977,224.05398348140395,3090.64021064471,0.541679161804333
2022-10-30 00:00:00.000000Z,0.005612841963855,41932053.115183294,0.0965783246820893,79.76975298415918,250.08644847933823,56.72639700474002,0.0357742974626745,-11.42047355367949,35423869.30190457,37383077.20844673,18705883.73573995,-56411.53825756471,-1371.0035977252078,2772.2464686690737,3.104171640930988
2022-10-30 02:00:00.000000Z,0.0056047831094914,41932742.21032726,0.096983065946978,79.59008776689554,250.47301183389555,86.95773152331255,0.03254107925385,-11.064369701447058,35540818.71632022,22817893.611772407,35164496.82961321,-27232.55437042399,-2577.7560432471155,1693.2548945930582,4.809364534070065
2022-10-30 04:00:00.000000Z,0.0055956808426346,41932936.08824073,0.0976085871983564,79.54359486340233,250.549252440194,117.19062066093028,0.0207306079684742,-10.883866113352314,35660978.41152326,1992437.950061799,41991872.09848066,9645.13477902657,-3071.1030135588207,161.08023332230084,5.194827234115685
2022-10-30 06:00:00.000000Z,0.005594265688147,41932565.27663888,0.0981768254024771,79.68071319516591,250.27584068668168,147.4344253506699,0.0036943878143427,-10.858493463134776,35751746.255568296,-19382236.853111383,37406603.80081269,44156.30487915173,-2728.885928797019,-1403.5211714022444,4.169533354436334
2022-10-30 08:00:00.000000Z,0.0056027298877892,41931987.04789975,0.0984730194550195,79.8984780648468,249.8583576945112,177.6482098334388,-0.013999469542458,-10.926566804240563,35788583.53547775,-35525398.6174034,22715058.669471547,66957.64904689783,-1652.2119440165552,-2582.680229233595,2.017071330251536
2022-10-30 10:00:00.000000Z,0.005615781962747,41931639.54471014,0.0985164728652397,80.03375514994165,249.52549911158545,207.852603410296,-0.0277477677014653,-11.001890376042754,35761411.74063433,-42096502.87660374,1902853.086579884,71856.34084047374,-130.45487581348831,-3065.149009477082,-0.6912018811089304
2022-10-30 12:00:00.000000Z,0.0056291591613884,41931793.1305699,0.0985625552876931,79.99218618641002,249.3683596245617,238.13932982412905,-0.0340200577828816,-10.996002938994746,35677290.18006598,-37303613.035524935,-19418962.78375352,57389.58457476929,1432.5075270954292,-2719.9163513722606,-3.2398784531721905
2022-10-30 14:00:00.000000Z,0.0056435437654425,41932383.12755541,0.0989216950844544,79.84455940821941,249.3235258193624,268.56875346373425,-0.031223345470426,-10.841169198412624,35558822.07472631,-22386293.48496808,-35462115.80518758,27249.37414491514,2616.079773940769,-1630.8948676314922,-4.94240002580347
2022-10-30 16:00:00.000000Z,0.0056576120836467,41932910.12084326,0.0996544838435388,79.79920855563053,249.2725918200626,299.07912502504314,-0.0201576986709276,-10.509215673721927,35438448.02864281,-1349298.0229667504,-41794809.08533757,-10564.200971346992,3090.531431206056,-84.5203555880031,-5.316430282974918
2022-10-30 18:00:00.000000Z,0.0056613477137937,41932794.34713844,0.1004227392908745,79.98980856386817,249.159266505692,329.5722661852,-0.003877126278069,-10.02093806152116,35349615.066179566,20052239.2453948,-36593864.237122245,-45759.46807061975,2712.795597770283,1496.6087270126015,-4.226400271335949
2022-10-30 20:00:00.000000Z,0.0056497297740177,41932133.5296067,0.1008240978796697,80.29028080913515,249.0412323396861,0.051243969904929,0.0131222685453252,-9.441661564332144,35317091.40112167,35882386.90455277,-21235387.529882103,-68540.61660133727,1579.1607608110082,2668.3544717975165,-1.9471300799600455
2022-10-30 22:00:00.000000Z,0.0056331032957582,41931673.38698616,0.1008714187701208,80.45467622286557,249.07246591211197,30.516689691192067,0.0261949948322061,-8.862722395422528,35349708.38893907,41727770.29286145,31932.77653893782,-72436.9736162349,6.449970266616361,3098.189190193519,0.8933070535104413
2022-10-31 00:00:00.000000Z,0.0056188328044469,41931836.230447,0.1009305640764451,80.40427702032386,249.32373323266583,60.885940064955086,0.0318917469321066,-8.374734741748036,35438056.53411189,35987722.520441964,21294945.51099492,-56254.82313222249,-1561.3940199843605,2668.431752876328,3.495598132226575
2022-10-31 02:00:00.000000Z,0.0056042183017152,41932337.77739149,0.1012707098638584,80.27881846188598,249.6156655211481,91.13454964176518,0.0288998574834658,-8.041781391438056,35557537.21119112,20312208.57990238,36688068.31294404,-24436.92633130438,-2688.709839109903,1508.3438170451104,5.134247361481421
2022-10-31 04:00:00.000000Z,0.0055899841283857,41932691.54241298,0.1018323969318031,80.25817090635287,249.68612920057208,121.32420726630964,0.0182926129591787,-7.884441186371712,35675457.08258939,-930962.4618756789,42043285.79222823,14274.731415664291,-3073.790726144756,-53.33824774210348,5.368269216046042
2022-10-31 06:00:00.000000Z,0.0055829195558822,41932675.64850087,0.10235572612515,80.40014283756163,249.46339397808788,151.49583565486964,0.0030909711198624,-7.875713904901284,35759968.42601528,-21928806.17815843,35982564.57602096,49345.94198300991,-2624.14638037187,-1589.6159369792535,4.1486726584111935
2022-10-31 08:00:00.000000Z,0.0055874052508942,41932358.76097853,0.1026319981012278,80.6213447292278,249.0983906884213,181.6479465830046,-0.0126233401131647,-7.949543016666707,35788416.851062745,-37010062.17343686,20205654.57583881,71306.85444905836,-1468.739092371315,-2691.28347552819,1.8101465008766509
2022-10-31 10:00:00.000000Z,0.005601720656431,41931949.59438737,0.1026640807465479,80.78227228725447,248.8032956491791,211.7952747035463,-0.0247513877986859,-8.018517775460507,35753087.98522622,-42118924.57890108,-1015285.4369985666,74203.8991144448,83.04164852634784,-3067.420467127853,-1.0273070188783051
2022-10-31 12:00:00.000000Z,0.0056207129205682,41931731.19904694,0.1026655055558497,80.79739183818766,248.6832452690197,242.00470006660424,-0.0301615674374341,-7.99615458944689,35663189.54061616,-35851693.4303566,-21957366.692277264,57121.92555720866,1619.102033417421,-2614.358927088261,-3.613033000066655
2022-10-31 14:00:00.000000Z,0.0056410353366869,41931956.35875399,0.1029120331632937,80.71367634137803,248.6661080467457,272.3646764939245,-0.0274673373648963,-7.8191613344617235,35542728.06760502,-19845518.130564462,-36925786.90656813,24475.81587319169,2724.68497961823,-1444.6388348881276,-5.248537421598918
2022-10-31 16:00:00.000000Z,0.005661457801979,41932530.40497673,0.1034951605412948,80.69870464320731,248.60170738935787,302.88025055827893,-0.0174421470598686,-7.465093201692928,35424567.908232585,1590602.692522484,-41772429.83867456,-15030.870954878425,3089.864094831408,132.3269804531794,-5.469308480105147
2022-10-31 18:00:00.000000Z,0.0056741658715335,41932876.0356067,0.1041621847164329,80.88516953672229,248.43366892730444,333.44856614912374,-0.0028894895630911,-6.960488746861357,35341630.63216349,22579941.344208345,-35081087.44489535,-50634.50311976193,2601.4889087229703,1683.7542247919694,-4.18481472744825
2022-10-31 20:00:00.000000Z,0.0056687614025988,41932569.49624158,0.1045361638919126,81.19290538344144,248.2342043038177,4.007694463824245,0.0121184774390688,-6.375227574616751,35317301.4887983,37293421.52897259,-18646851.00909175,-72448.60730144475,1387.739218389285,2772.732850108393,-1.727527862537645
2022-10-31 22:00:00.000000Z,0.0056498484237343,41931975.94407669,0.1045691561344516,81.40062698054989,248.1387677214626,34.550046030976404,0.0234475910557794,-5.802726248008179,35358284.55426668,41630091.17326864,2976385.479284094,-74311.7847926256,-211.0429599311632,3090.3755263769576,1.2241845423005937
2022-11-01 00:00:00.000000Z,0.0056289615283793,41931717.55394746,0.1045776847750599,81.41031365571389,248.22898412282612,65.00286452990058,0.0281168301076625,-5.332136253102856,35452751.03268319,34414986.29821999,23778747.165619787,-55628.23075949478,-1743.878423215867,2551.595753095617,3.8428646370180446
2022-11-01 02:00:00.000000Z,0.005608929108693,41931932.6464197,0.1048308114239832,81.33224951514825,248.39883769806008,95.3027060768444,0.02509191905515,-5.022636237685461,35574223.05531268,17707385.529494494,38032204.08478263,-21541.371657163665,-2786.384552814423,1316.308162508196,5.402821128710906
2022-11-01 04:00:00.000000Z,0.0055898312446464,41932349.61262824,0.1052935680520884,81.32955263501978,248.44056346098984,125.48041917860084,0.0154445564137013,-4.888028112223647,35689389.4717582,-3849621.229306216,41891011.61092,18599.0950760887,-3061.5766383118007,-267.2559717290876,5.487986207708809
2022-11-01 06:00:00.000000Z,0.005576314180456,41932657.86297593,0.1057350383453955,81.46139738477461,248.2618169692456,155.60259338873155,0.0019242714235396,-4.894892777592033,35767246.489263274,-24369472.719723072,34385451.05301213,53895.25599462702,-2506.827645839724,-1767.9274824976796,4.090476372011725
2022-11-01 08:00:00.000000Z,0.0055747369405595,41932654.331666365,0.1059659777907349,81.66243780810859,247.95940839104605,185.70798967670063,-0.0118362322342939,-4.973002246796423,35787108.819651656,-38316572.02897916,17599507.450955857,74835.73144135402,-1278.2088393864262,-2786.940557383397,1.591604813897273
2022-11-01 10:00:00.000000Z,0.0055871472854229,41932288.25667582,0.1059810066340622,81.81914767871388,247.72375554632,215.8080420546472,-0.0222375316296197,-5.034027805962046,35743699.46060203,-41938207.39689567,-3928120.2534594648,75750.59328740428,296.25707066707866,-3054.9123535465737,-1.3465046832089138
2022-11-01 12:00:00.000000Z,0.0056083016438619,41931779.646198966,0.1059502235475613,81.86124922774745,247.6699093210072,245.9420842827015,-0.0265753460688837,-4.993862137538424,35648408.19691349,-34225804.51557712,-24388965.538347576,56267.5159685418,1798.0251667607629,-2496.0262997750774,-3.9448239012311856
2022-11-01 14:00:00.000000Z,0.0056316470309433,41931608.2444773,0.106097503169048,81.8202638668176,247.7193036748927,276.2155677730333,-0.0237210230220974,-4.7941010300812685,35526590.57058473,-17207617.441494286,-38208685.31286789,21473.42471194317,2820.077030168421,-1251.118261871473,-5.498585702877601
2022-11-01 16:00:00.000000Z,0.0056562831068202,41932083.21424624,0.1065167210820315,81.82256520808698,247.6932292124085,306.69722755892656,-0.014477954100105,-4.418348299609359,35411351.27611374,4522662.139666136,-41544030.673919246,-19308.042924631867,3073.938923373199,348.7104979215401,-5.564351285685408
2022-11-01 18:00:00.000000Z,0.0056777536409437,41932794.73882624,0.1070347471165716,81.98343099461597,247.53039625990783,337.3008473468958,-0.0014456438164148,-3.8988326534636206,35334814.50058121,24995545.31330763,-33394460.90546609,-54938.2597897908,2477.2037335471064,1862.61623055464,-4.097209053018505
2022-11-01 20:00:00.000000Z,0.0056817318424207,41932929.51158434,0.1073385433536469,82.25972710460178,247.31021533773065,7.916220680337465,0.0116918852997348,-3.3094815293477207,35318785.73469381,38519008.71819698,-15966014.76884902,-75533.02141939032,1189.4393230503726,2863.3029003651463,-1.485550497078802
2022-11-01 22:00:00.000000Z,0.0056650759861941,41932349.51175199,0.1073481410890312,82.47057201767937,247.1353924966633,38.52669606170665,0.0212818672938883,-2.745118901840237,35367853.09696469,41326088.17321706,5905628.9749452565,-75310.29134395198,-427.3276342421732,3067.2555861931883,1.5467572806670296
2022-11-02 00:00:00.000000Z,0.0056410172924531,41931713.09219739,0.1073151729895067,82.5143830611994,247.0802851340459,69.07227677814919,0.0247972055173535,-2.292966549466056,35467925.53026227,32672978.250010025,26145104.574868582,-54295.4495917106,-1917.565609322959,2422.350234546192,4.152079262625277
2022-11-02 02:00:00.000000Z,0.00561773915096,41931572.78132015,0.1074824904940101,82.47168609503922,247.11518686485056,99.44802927246576,0.0214993253921648,-2.007141043549768,35590814.90194328,15016439.743100278,39190548.94024866,-18294.791258994264,-2870.3371686255773,1118.111939563039,5.612931005948946
2022-11-02 04:00:00.000000Z,0.0055950274293573,41931951.42855281,0.1078306310593959,82.47944114263696,247.1065288768393,129.64347997334565,0.012510008355937,-1.8947274257570044,35702716.75767909,-6749265.989830604,41536070.355194464,22824.032454178832,-3034.5567020243825,-479.6355446176944,5.543770646138261
2022-11-02 06:00:00.000000Z,0.0055753150580901,41932522.32644157,0.1081661622978854,82.58931796296638,246.957788127552,159.74314664378974,0.0003798538331358,-1.91606125491566,35773555.53498129,-26692472.05365942,32623208.995418567,57914.327861115205,-2377.5117861110507,-1937.6091290267984,3.9791117408170216
2022-11-02 08:00:00.000000Z,0.0055666784455141,41932847.3065708,0.1083344354259923,82.75006864770151,246.71746671435807,189.82394033746976,-0.0116356799779599,-1.9969749601424411,35784676.14099122,-39438661.42738449,14909352.283768728,77531.81661303509,-1081.534000922432,-2869.194145188709,1.343979457298646
2022-11-02 10:00:00.000000Z,0.0055748557629151,41932610.57799224,0.108334155923965,82.87532477477198,246.55091878777515,219.89583525531063,-0.020386019634358,-2.0485062939124474,35733284.90802583,-41555200.274627134,-6821389.396105882,76365.76906582054,508.1682665381354,-3027.668321100595,-1.6634463984868446
2022-11-02 12:00:00.000000Z,0.0055951195345984,41931910.75150163,0.1082953177860632,82.91625249141275,246.57758630873957,249.9696048527746,-0.0235773782864482,-1.9892736154369892,35632972.51696655,-32433796.68466665,-26701669.848912835,54611.72478276218,1968.3986848420104,-2365.4693504765432,-4.243459450229613
2022-11-02 14:00:00.000000Z,0.0056184709520461,41931362.14733993,0.1083780773030524,82.8975692359616,246.7143859325932,280.15674505480405,-0.0203579270794527,-1.766149086746321,35510399.562866926,-14485492.759681106,-39304194.06060513,17997.46065542165,2901.767633592343,-1051.2712869362629,-5.6926099457234045
2022-11-02 16:00:00.000000Z,0.005644473352561,41931627.36205544,0.1086510794262086,82.90697359810396,246.7618293207009,310.5790911281116,-0.0116066688932605,-1.3690894710897916,35398761.61476147,7432396.198178615,-41110438.90530941,-23612.730792320224,3042.820445384104,563.549818985132,-5.594045827990772
2022-11-02 18:00:00.000000Z,0.0056727715280205,41932568.69566461,0.1090020858399008,83.02796545132426,246.65688016571448,341.1782609228373,0.0002231828976538,-0.836013452118561,35329137.958340794,27287094.882502086,-31542158.74710539,-58812.38257674298,2340.563013940861,2032.2877372778569,-3.950559418131828
2022-11-02 20:00:00.000000Z,0.0056873035184842,41933162.57240768,0.1092085077004227,83.23880991950243,246.48343369545717,11.814564228299725,0.0117746865801297,-0.2444486617354251,35321534.65594964,39553203.381011896,-13206084.241679776,-77829.56287819239,985.264664038863,2939.611568486257,-1.2052493786392031
2022-11-02 22:00:00.000000Z,0.0056767068707562,41932739.93083725,0.1091972358567648,83.40948357324612,246.29676596159248,42.46721198292264,0.0198125472592816,0.3100706850672604,35378396.11312737,40817510.66701481,8805294.000184456,-75352.06155332254,-641.3265306904666,3028.965461784112,1.8767533675454628
2022-11-03 00:00:00.000000Z,0.0056532166763467,41931817.76804396,0.10915064798003,83.45571482734059,246.1366730523891,73.09592152882772,0.0222074621573961,0.7427863168039662,35483528.99419413,30770491.845042635,28382621.43259728,-52074.65083211508,-2081.62411377153,2281.3592227686445,4.435066620933254
2022-11-03 02:00:00.000000Z,0.0056294564684759,41931294.21831489,0.1092562296670895,83.4337386879038,246.04044069821023,103.55829372654247,0.0184929000093827,1.004817722588716,35607238.125797935,12252564.051992478,40157766.24132143,-14454.29401060953,-2940.201272747156,914.7300823134756,5.769305277973756
2022-11-03 04:00:00.000000Z,0.0056051470914297,41931540.25870551,0.1094945252607002,83.44569718903993,245.9648818467741,133.79490289757263,0.0098661082271889,1.0956921959234844,35715375.204938255,-9615985.28302057,40980432.61268175,27195.739192004137,-2992.8962910191794,-689.4681393440784,5.531771573330429
2022-11-03 06:00:00.000000Z,0.0055804913786067,41932291.0389688,0.1097154248105533,83.52541251922999,245.82908122298596,163.8985165041812,-0.001251389074961,1.061084372857074,35778876.37622616,-28886823.103761435,30704420.433244877,61592.47504082261,-2236.826787651248,-2097.870165678656,3.802985201655813
2022-11-03 08:00:00.000000Z,0.0055649103987635,41932927.57722931,0.1098142093076656,83.6305940804788,245.64281504661872,193.9794835107767,-0.0118878587602948,0.9788308653176871,35781155.98744644,-40371069.21968995,12148104.291595006,79481.46619420679,-879.6426262775416,-2937.655070156208,1.050911490248069
2022-11-03 10:00:00.000000Z,0.0055676346094444,41932880.3016271,0.1098073462228182,83.70294410361258,245.5439727336117,224.0475262311135,-0.0192507002409492,0.9382473501025071,35721919.943879455,-40971752.69194277,-9681141.345549831,76013.63654766663,717.7684938416953,-2985.797908473083,-1.994944288199227
2022-11-03 12:00:00.000000Z,0.0055847819425035,41932090.917132914,0.1097902522516944,83.72009289604306,245.65064495362225,254.08527812973068,-0.0213917120171687,1.017688022079279,35616956.61968612,-30484297.42426779,-28884127.01561679,52009.3357287214,2129.3892353121078,-2223.2893379624784,-4.52187234676628
2022-11-03 14:00:00.000000Z,0.0056055794035557,41931224.24674947,0.1098534205351096,83.70727822568722,245.8770020409858,284.2008658796614,-0.0177119939272274,1.2646857322145912,35494188.00860943,-11692417.010022104,-40206700.866375454,13833.346947107884,2969.334606910112,-846.0579976778388,-5.836622977595207
2022-11-03 16:00:00.000000Z,0.0056301437191985,41931222.10751656,0.0926003843852532,81.4421869275703,248.28746479822703,314.5556152888189,-0.0064810174556252,1.6826744198609118,35386779.68645667,10305465.266592665,-40473509.42031027,-26203.94971223727,2996.648281213048,775.7812217743015,-4.602634406039044
2022-11-03 18:00:00.000000Z,0.0056621360371078,41932244.22899708,0.0927902457571592,81.53612653845674,248.2583630172816,345.11826895890425,0.0131579707397473,2.2280256486714225,35324556.711473696,29443279.607002582,-29533117.184668925,-54203.68672469133,2192.249736103126,2191.9175783193323,-2.989193432366194
2022-11-03 20:00:00.000000Z,0.0056861594288665,41933244.80922271,0.0928856386229705,81.68441849299883,248.16506250694152,15.737383423581797,0.0290090585502616,2.819995427824647,35325507.39666317,40391015.025860384,-10380527.028269373,-67225.76466692063,776.2415107933211,3001.2847879528435,-0.5414984525290416
2022-11-03 22:00:00.000000Z,0.0056838558794881,41933094.92672765,0.0928621688134163,81.79523799027065,248.02202318923136,46.39475459845695,0.0366177345912335,3.36301678679634,35389869.52146727,40107058.80736207,11661320.776876643,-61640.98665813383,-851.9856952382909,2975.716263923084,2.0550051521421318
2022-11-04 00:00:00.000000Z,0.0056641641675331,41932014.67191024,0.0928420055180782,81.81669780801036,247.8101789937318,77.07961962457657,0.0339840382984583,3.775369146295998,35499494.81865379,28716961.339089703,30480660.33256759,-39028.83773010034,-2235.2819083040818,2129.3334494446576,4.076298025249614
2022-11-04 02:00:00.000000Z,0.0056427106834301,41931126.37855576,0.0929279834230511,81.80041992744117,247.6029711753986,107.62347025674528,0.0220529300943274,4.013601504263891,35623409.262967266,9429100.07980083,40929475.048702605,-5668.994680503267,-2995.6836900798826,707.1449071573612,4.972607799638819
2022-11-04 04:00:00.000000Z,0.0056192125851499,41931165.15097533,0.0930783063922807,81.817911942423,247.44625796901607,137.91494329664752,0.004261696854949,4.083715017208688,35727296.54129102,-12436228.456979295,40226942.42784126,29297.834419599963,-2936.825980992909,-895.7737994443921,4.515276500735308
2022-11-04 06:00:00.000000Z,0.0055916346589981,41932003.00623307,0.0931890890172062,81.87441220976142,247.29583351808245,168.0443952650247,-0.0145353604148578,4.037103105023427,35783191.88411315,-30942299.760343093,28638235.93043904,56404.71784669501,-2085.4432697152533,-2247.973570787897,2.8410488080504863
2022-11-04 08:00:00.000000Z,0.0055702940829323,41932905.27558005,0.0932211712283654,81.92379127015218,247.1421147927322,198.14872596851453,-0.0293546477861923,3.954958744489202,35776599.72671455,-41109492.94659736,9328812.642005423,68354.88763181798,-673.4761735878201,-2991.9989951122297,0.40097914633037
2022-11-04 10:00:00.000000Z,0.0055674662787208,41933079.977763526,0.0932221527124363,81.93155460736291,247.09909336897687,228.23781959459583,-0.0362865390101053,3.926664524048893,35709711.53559362,-40190660.01422482,-12493758.871457566,61891.17773854109,924.0678580006592,-2929.4737864396334,-2.157594356056997
2022-11-04 12:00:00.000000Z,0.0055802974742866,41932294.259179056,0.0932581068046728,81.90790100825814,247.2752085136498,258.26810360542635,-0.0334389155955509,4.027281679652548,35600482.767716624,-28386656.572881285,-30925729.59766253,38658.22289362688,2280.2079317263106,-2070.136414265782,-4.148758968362479
2022-11-04 14:00:00.000000Z,0.0055967922777963,41931193.02369761,0.0933470008477809,81.88959226037751,247.57818178311723,288.33678994493283,-0.0214746500344458,4.298499819940648,35478043.790731266,-8841986.115742084,-40911601.387212574,4857.821734733313,3022.420448065134,-636.4605011626643,-5.021209489535502
2022-11-04 16:00:00.000000Z,0.0056172198484433,41930888.13879172,0.0934525635383336,81.90237751794027,247.7971735058281,318.62561255170675,-0.0035697927877042,4.736961009230379,35375428.50182634,13127689.060525434,-39636133.68693626,-30304.9478957649,2935.6249603693464,984.3565664037372,-4.51427262136858
2022-11-04 18:00:00.000000Z,0.005649295466513,41931855.39025353,0.0935243382751677,81.9405920870343,247.8905340452977,349.13254923905583,0.0153386722110604,5.293333227774942,35321033.952960774,31453367.354086928,-27377057.54357152,-57099.75137851881,2032.996918300043,2340.7078587764468,-2.7500338872180583
2022-11-04 20:00:00.000000Z,0.0056799189566171,41933157.57258883,0.0935433458678983,81.97197336808948,247.96203414474564,19.702454919740365,0.0299364744565848,5.883985303066027,35330634.50354762,41028285.94737559,-7503115.539108709,-68038.78778200908,563.4141348978075,3048.025000434571,-0.215856524100773
2022-11-04 22:00:00.000000Z,0.0056860603987618,41933344.17833664,0.0935497418707954,81.96446672933499,247.9595223695751,50.324566510638384,0.0361432767786374,6.413949073495107,35402180.67477423,39198248.023726486,14459899.29007904,-60072.34880176192,-1058.274009341013,2907.791952849624,2.3746025949066034
2022-11-05 00:00:00.000000Z,0.0056722053087286,41932247.4199096,0.0936100076731309,81.92811976144797,247.76676853492205,81.02698562822196,0.0323410077806751,6.805138760654299,35515698.25957106,26522346.59575273,32429266.189509824,-35463.38133954275,-2377.8218115296345,1967.0276291447035,4.297664744451185
2022-11-05 02:00:00.000000Z,0.0056553102068813,41931057.3824961,0.0937268539734777,81.90786853296525,247.47812873527943,111.63262613231838,0.0197524840787139,7.019754896303698,35639179.22542944,6559466.024834674,41502147.738471024,-1066.7212620207156,-3036.557233345017,496.34154981558936,5.03216570836251
2022-11-05 04:00:00.000000Z,0.0056350079355683,41930842.651676685,0.093826603969219,81.92197363946,247.24764545068345,141.98149169536413,0.0019314524288159,7.070103658770347,35738342.99063893,-15196816.155537728,39279174.27000295,33677.90631768493,-2866.631557765649,-1097.6078921261696,4.3951956098692095
2022-11-05 06:00:00.000000Z,0.0056069937839734,41931674.43798591,0.0938548244253674,81.93566601248219,247.08910869961076,172.1513030441444,-0.0163149425565836,7.012931428910016,35786420.8726583,-32849358.602089405,26434183.497908574,59352.17904010244,-1924.061471218014,-2387.2421784447547,2.572011591654731
2022-11-05 08:00:00.000000Z,0.0055818823245998,41932776.202722736,0.0938446706255619,81.90505520666552,246.9757114065104,202.29691861389568,-0.0301788883121049,6.932404323485361,35771013.05965025,-41650415.84353607,6464436.952407284,69030.43531920238,-463.9749562679518,-3031.968483306645,0.0530822057071241
2022-11-05 10:00:00.000000Z,0.0055743923142509,41933178.35504002,0.0938788555626208,81.83022236137339,246.98643181137777,232.42841401643105,-0.0360049202414798,6.917657944122775,35696750.79150983,-39215390.29390363,-15246171.315581352,60052.24552524402,1126.1057863080653,-2858.926243913986,-2.492071794480166
2022-11-05 12:00:00.000000Z,0.0055827362586361,41932473.222525164,0.0939969778814069,81.75769661466832,247.2128826721329,262.47918731194534,-0.0321797551461751,7.04022765921828,35583690.99092838,-26150605.648339327,-32816758.296851348,34740.27558446855,2420.115862112804,-1906.6961638738144,-4.377765631985507
2022-11-05 14:00:00.000000Z,0.0055941522167376,41931232.22390551,0.0941487037755213,81.73171793741703,247.56540114576805,292.5303472581315,-0.0196114309990065,7.335794058274396,35462097.35576989,-5947775.189791905,-41415325.43654772,-114.89320229773055,3060.727399868012,-423.46482032082497,-5.077196418970706
2022-11-05 16:00:00.000000Z,0.0056088983270252,41930654.28070422,0.0942421822427403,81.74491733529166,247.8519382415708,322.7710744343387,-0.0016234753627301,7.794119072570891,35364776.69032712,15885355.19614237,-38602138.67681328,-34974.63563997336,2860.019812544214,1188.2586991202809,-4.374899407252857
2022-11-05 18:00:00.000000Z,0.005637656178134,41931461.61603128,0.0942413152861633,81.73981100005558,248.0585594975658,353.217802304852,0.0168507804241411,8.360222705272198,35318565.20537633,33307499.920154657,-25084294.01815521,-60144.24029995571,1863.5804569508136,2477.922890429194,-2.4479035749473024
2022-11-05 20:00:00.000000Z,0.0056708706879391,41932929.349302456,0.0942175052705324,81.66528596057404,248.30167448690045,23.71901973884393,0.0306597094028424,8.947895842404897,35336865.922140166,41461907.05058856,-4587704.480799533,-68553.70063936085,347.8310320270908,3079.610130711985,0.1681402363161273
2022-11-05 22:00:00.000000Z,0.0056836532338666,41933456.27781157,0.0942858863823435,81.53879321844256,248.47179448688263,54.27296299478947,0.0359832098306263,9.463337354192856,35415259.76184395,38095527.71289998,17187653.542801045,-57845.986095975255,-1259.1951741063897,2825.540258488087,2.733735973880084
2022-11-06 00:00:00.000000Z,0.0056761531220175,41932476.98541724,0.094471250358481,81.43726746238646,248.34717444356937,84.95057210081468,0.0314571372834264,9.83267184639556,35532051.18675649,24197189.254675984,34219277.33422592,-31051.68610534989,-2508.5865315464684,1795.2305998890504,4.530869398707589
2022-11-06 02:00:00.000000Z,0.0056651288791832,41931082.607088655,0.0946685626344124,81.41060345552202,248.00983297392295,115.5880268359902,0.0184688224916849,10.023987324559188,35654443.26043829,3657199.188081294,41873173.73055051,4358.179932518433,-3062.660256771755,283.3057735434395,5.073526084776038
2022-11-06 04:00:00.000000Z,0.0056499652451194,41930602.06475075,0.0947591591674057,81.42551277580381,247.7106592268144,145.9861586102901,0.0006208006718119,10.055715889659934,35748416.579919845,-17884894.843957067,38141520.1433492,38653.54746952071,-2782.654802720367,-1294.0526968538495,4.23159453469898
2022-11-06 06:00:00.000000Z,0.0056240833547591,41931344.86435919,0.0947359927749006,81.40398639136089,247.53232629063837,176.201987747785,-0.0173285566466067,9.989546791751785,35788509.46532701,-34599122.481336616,24102341.970821086,62522.07942572328,-1753.419037865874,-2515.0446928737274,2.2450755520564893
2022-11-06 08:00:00.000000Z,0.0055976859094426,41932566.57508151,0.0947078022795967,81.30233256405945,247.441779599469,206.3989590860571,-0.0306828079216226,9.912183505821837,35764416.66987206,-41991172.47660102,3568113.309940852,69503.59930349444,-252.0924766849219,-3057.36289648464,-0.3523174102218698
2022-11-06 10:00:00.000000Z,0.0055871467769069,41933177.28370414,0.0947950700829195,81.15379445401355,247.48394548192888,236.58744405345607,-0.0359278376749716,9.912167163547329,35683138.64951615,-38050257.56072133,-17925553.97446454,57643.99765356608,1322.9368638877454,-2774.4442893512573,-2.868652741402826
2022-11-06 12:00:00.000000Z,0.0055916911152043,41932608.7254898,0.0950139810331566,81.03959248017274,247.73094470722447,266.68188873860004,-0.0315961000432364,10.05728027896924,35566735.86682779,-23786507.336185303,-34548133.4600101,30040.72570371951,2548.41819068122,-1733.7023487223871,-4.6222778776792985
2022-11-06 14:00:00.000000Z,0.0055981537721342,41931322.49688997,0.0952529799653119,81.01091769586897,248.09889733906692,296.74454780263744,-0.0187204552583163,10.377083535599349,35446504.897719935,-3023587.726951451,-41715207.68823275,-5870.868519107235,3084.0234488643446,-208.0800726451662,-5.118205639841763
2022-11-06 16:00:00.000000Z,0.0056065417112912,41930523.90753353,0.0953708820409272,81.03243277076535,248.42141306893728,326.96003341608434,-0.0006962616427505,10.854461161597976,35354927.23043926,18565009.957080603,-37376295.12857338,-40222.09573895823,2770.164822598102,1386.484118878011,-4.194943388002995
2022-11-06 18:00:00.000000Z,0.0056293923151258,41931107.5475985,0.095342009158869,81.00276778411522,248.71297172113407,357.3547386621369,0.0175555753482693,11.428921128466731,35317172.60631184,34996484.07538756,-22665853.692740723,-63417.18733743972,1684.823013707888,2602.876350391714,-2.0917523528752584
2022-11-06 20:00:00.000000Z,0.0056610264757358,41932601.72288746,0.0953126485975649,80.85104799457697,249.10107146292307,27.783562632607214,0.030985957986315,12.011991174523256,35344159.22611721,41689662.62632522,-1648418.639790706,-68905.3739351026,130.55537732099995,3095.888405006026,0.6044517071834674
2022-11-06 22:00:00.000000Z,0.0056773429402949,41933419.46266675,0.095467988435551,80.6302034495556,249.4366515510298,58.25050674706132,0.0359268455386994,12.511542049477177,35429033.85534645,36804214.20462868,19831447.553819302,-55126.46291601072,-1453.7743166328191,2729.376353712008,3.1304117575296857
2022-11-07 00:00:00.000000Z,0.0056751943465983,41932658.41895688,0.095805387951758,80.47633477222938,249.4033320626542,88.86671830699817,0.0311432411420167,12.858436584765856,35548464.80675324,21752639.786678087,35842180.83698664,-25955.60550199808,-2626.9665546245237,1614.774953963465,4.778809032545147
2022-11-07 02:00:00.000000Z,0.005670181709568,41931177.534711815,0.0961186927663508,80.4505265923354,249.04506526750663,119.50138146483752,0.0180741845371444,13.026890796956918,35669098.80560488,736054.9446235609,42040791.523767374,10482.714024139748,-3073.889184723718,69.03487316928585,5.1044783862397365
2022-11-07 04:00:00.000000Z,0.0056613662244334,41930451.92888085,0.0962382491513748,80.47565620551606,248.6853726883536,149.93247927153118,0.0002948066939001,13.04128677852857,35757416.166698545,-20487802.066304103,36819191.40909004,44171.669288550445,-2685.291075755735,-1484.2094366544495,4.0357374906876124
2022-11-07 06:00:00.000000Z,0.0056398943142002,41931040.89717681,0.0961968831874119,80.43339219420733,248.4775232323246,180.19125937709447,-0.0175063856328483,12.967814569341044,35789389.20578786,-36183241.73979484,21653381.590925016,65947.13978725401,-1574.2920465521331,-2630.792821652857,1.8723295920107563
2022-11-07 08:00:00.000000Z,0.0056147830361991,41932299.74206906,0.096175226990216,80.27960589421703,248.39068272014856,210.44143268181963,-0.0307051495323574,12.895227059515666,35756806.421063244,-42129822.02934615,653198.307295959,69887.9603917337,-38.79744630633971,-3068.0399141504686,-0.8053271914852584
2022-11-07 10:00:00.000000Z,0.0056031936846791,41933080.15125394,0.096329664461367,80.07764252151487,248.4389625359985,240.6930992169184,-0.0358390030800959,12.911080979051038,35668948.89291194,-36700309.288326845,-20519301.22041484,54835.67477015824,1513.6290566853477,-2676.378488206072,-3.2821184228093907
2022-11-07 12:00:00.000000Z,0.0056051996014473,41932681.595305815,0.0966556521688493,79.93805908850703,248.6748237064593,270.84704207129096,-0.0314671509637245,13.079172688844915,35549752.903322555,-21305255.125934064,-36111403.22536245,24745.097518656665,2664.462407837129,-1551.938016001967,-4.883119120627109
2022-11-07 14:00:00.000000Z,0.0056075826664335,41931434.070852205,0.0969898095628287,79.91682579989644,249.0234395502636,300.9454960325056,-0.0186279939117592,13.42287546701906,35431418.81058989,-83371.71973055787,-41809470.8879701,-12252.12856356672,3092.139298042137,8.663972774034775,-5.150937961151284
2022-11-07 16:00:00.000000Z,0.0056098571424165,41930484.86851375,0.097153260473865,79.95639094744303,249.3470229460996,331.15989370578103,-0.0007012027246817,13.918282851301235,35345993.31864822,21153531.13194337,-35964274.76934831,-45954.45562522631,2666.4586704033386,1578.0470694198673,-3.985426173516631
2022-11-07 18:00:00.000000Z,0.0056253267962038,41930822.69190812,0.0971300670201781,79.92391677252854,249.68329644314863,1.5195634323386251,0.0174342063329055,14.49961295504668,35316893.13586846,36511877.14152814,-20133402.29806337,-66913.1721317514,1497.5933918596577,2714.935173222075,-1.6943958963226176
2022-11-07 20:00:00.000000Z,0.0056519001927806,41932223.37227282,0.0971224711188189,79.73373352625559,250.16540755894965,31.886629642374675,0.0307942354717175,15.076473148852504,35352481.65442111,41710293.658594616,1300442.2305267311,-69178.64853662382,-87.33993524647943,3096.7796616233686,1.081239753656155
2022-11-07 22:00:00.000000Z,0.0056682050643527,41933244.58310784,0.0973714566384612,79.45985137720483,250.62592858395112,62.26450297186036,0.0357742571397082,15.558856526401645,35443438.00205377,35330511.84657957,22378479.75299189,-52072.6473874339,-1641.0641081032045,2619.781209511647,3.556271774167181
2022-11-08 00:00:00.000000Z,0.0056693425273921,41932756.16088286,0.0978605150265523,79.2804498586385,250.68041027310403,92.79551766117704,0.0311600060270221,15.882822506793856,35564868.75828895,19200440.376886103,37290191.81629772,-20375.18301994812,-2732.4044068846306,1426.5345143671354,5.03867321316947
2022-11-08 02:00:00.000000Z,0.0056694294183601,41931308.32013402,0.0983036457217284,79.26875520159156,250.3213488955507,123.39452734884614,0.018342153420917,16.02894223280818,35683073.85742493,-2190032.494312488,42004153.6457872,17110.927836941708,-3070.2004539264512,-145.4636193683116,5.129021727946799
2022-11-08 04:00:00.000000Z,0.0056672443790756,41930389.074468,0.0984784792918648,79.31647763282827,249.9116252772239,153.83711104644556,0.0007947041234163,16.02738593429689,35765272.11910141,-22993117.475657653,35318280.98968823,50088.55806294566,-2574.9908328019264,-1667.1978361970473,3.8178891456162103
2022-11-08 06:00:00.000000Z,0.0056518759107584,41930782.340762086,0.098446165491902,79.27265369637068,249.66669788088348,184.1290092194669,-0.0168977629087173,15.948393878448314,35789010.82602103,-37593958.83683916,19098632.78106557,69573.6524683564,-1387.497223426836,-2733.9404076591923,1.467981135286852
2022-11-08 08:00:00.000000Z,0.005630370802132,41931999.886099234,0.0984485359580258,79.09250627147954,249.5655258856204,214.42631404441445,-0.0301701442348777,15.88224509761805,35748178.04792314,-42065231.94551285,-2266659.94384945,70235.94378998809,174.9235746137099,-3063.916148360878,-1.2913176194325686
2022-11-08 10:00:00.000000Z,0.0056197569091254,41932898.28866156,0.098672960200923,78.863581028914,249.5964720761278,244.73926016114612,-0.035553516454773,15.915082917607236,35654237.569540806,-35171423.1540492,-23014969.56149236,51775.15068551186,1697.2631529524108,-2565.144073924075,-3.721178801196892
2022-11-08 12:00:00.000000Z,0.0056207502208134,41932679.19429831,0.099097327684729,78.71846763075989,249.79468570149527,274.9596742690526,-0.031543013020487,16.106468336565317,35532851.21916692,-18718360.906445093,-37498713.77270631,19061.32335283177,2767.641595031741,-1362.239326999873,-5.155278310776017
2022-11-08 14:00:00.000000Z,0.0056203750940597,41931538.29853317,0.0995185751216754,78.71506742055016,250.09575830746545,305.111213246339,-0.0190803227615345,16.473546090252615,35416968.001849614,2858729.1562015847,-41697219.41480057,-19042.14779839828,3084.974767011266,225.7148027753045,-5.178062961029345
2022-11-08 16:00:00.000000Z,0.0056175164053281,41930515.50415792,0.0997328121807433,78.78073140526881,250.38963366572847,335.3460404201156,-0.0014429910227133,16.98577388455982,35338075.529231906,23638121.450139325,-34372647.52682637,-52000.845548221885,2549.3712536692947,1761.9806350920576,-3.756071584957567
2022-11-08 18:00:00.000000Z,0.0056253098599457,41930621.3550787,0.0997327777627149,78.76473955847904,250.72906899530565,5.691344419560778,0.0165763743533362,17.572382330352337,35317761.36255683,37846003.955844834,-17499227.052585363,-70549.61409219175,1302.808374984707,2813.5221314442656,-1.2700944293532122
2022-11-08 20:00:00.000000Z,0.0056445260349689,41931840.87472942,0.09975714501482,78.573896953473,251.2461326847108,36.016315107981704,0.030047601405549,18.14143992850039,35361801.18746677,41523516.03193194,4244436.295278424,-69399.46044795925,-304.77373822893645,3082.277096635847,1.583252959925888
2022-11-08 22:00:00.000000Z,0.0056576656620403,41932958.7852135,0.1000842196453557,78.29094246827424,251.77295213403892,66.3186109208957,0.0353698838638103,18.605471600094653,35458410.047376364,33681514.357918404,24816322.77341665,-48813.21776057079,-1820.1477243891584,2497.3020292122646,3.99856621472703
2022-11-09 00:00:00.000000Z,0.005659616243297,41932753.46015298,0.1006979583531856,78.11501236634173,251.8950572624868,96.75520545071616,0.0312672949810835,18.906112231693346,35581206.78359642,16552902.158982703,38556293.25695325,-14512.6152092321,-2824.398116189758,1231.424252316579,5.303225330564038
2022-11-09 02:00:00.000000Z,0.0056631110372351,41931441.04577573,0.1012599007194289,78.13040043955854,251.5482896695568,127.29308808795328,0.0190025486117011,19.030481625780755,35696326.6919847,-5106996.012124383,41763363.24845826,24014.166754001093,-3051.6135776457845,-359.17257794367964,5.1473004043413
2022-11-09 04:00:00.000000Z,0.0056669645561949,41930399.181587264,0.1015004521959368,78.21190604266476,251.101241322184,157.72468083061065,0.0018852485986953,19.014393013969293,35771953.06165985,-25388728.07751017,33645793.4939488,56204.74079450873,-2452.261920473427,-1842.1573170604145,3.5859160671628563
2022-11-09 06:00:00.000000Z,0.0056585848894884,41930581.79203701,0.1014929490540882,78.1857831858142,250.8166811099832,188.0348089666186,-0.0156436862357029,18.93169910746677,35787356.99372531,-38824188.03073533,16450104.471540686,73281.85528025131,-1193.8936738535183,-2823.9854312484367,1.0458685698513237
2022-11-09 08:00:00.000000Z,0.0056424908922289,41931689.63586848,0.10152514685999,78.00586166686512,250.68830409746363,218.36721089677232,-0.0290874552526446,18.873667948767096,35738541.320644855,-41797163.5565694,-5177522.106616595,70539.08531828193,388.0661323716558,-3044.9701529677195,-1.793876738474398
2022-11-09 10:00:00.000000Z,0.0056346244756115,41932645.713627726,0.1018091148419042,77.77586648187629,250.68620692691945,248.73233790345645,-0.0349456462662276,18.92457297465564,35639053.01697029,-33470384.46992296,-25400300.40699913,48568.76800112532,1872.93498343237,-2441.22393569814,-4.171048499264357
2022-11-09 12:00:00.000000Z,0.0056360922510151,41932598.475615226,0.102310469508324,77.6422252602487,250.8302782558999,279.01893750885904,-0.0315934211715855,19.139473694349487,35516115.10522196,-16038006.389972206,-38702849.19904723,13184.217235636215,2857.399185763947,-1165.4970562120905,-5.429517773524445
2022-11-09 14:00:00.000000Z,0.0056344391811329,41931612.571943626,0.1027987485320055,77.6632561314199,251.06703178456212,309.2330716879668,-0.019800831509123,19.529258908112155,35403250.1191107,5788362.244354783,-41378478.651605874,-26007.51558813812,3062.5043133822537,441.99878561127815,-5.198365352331147
2022-11-09 16:00:00.000000Z,0.0056278858689946,41930589.92290843,0.1030559416104577,77.75840150411992,251.31033586419292,339.5044564929324,-0.0026688223369404,20.05695470593118,35331248.094257124,26006329.83810009,-32608898.04830829,-58149.49835475908,2419.447357932136,1937.341169002116,-3.513969412127973
2022-11-09 18:00:00.000000Z,0.0056286289591708,41930500.43104881,0.1030816365521092,77.77136503753667,251.6194095148453,9.854775636325058,0.0151481164131711,20.64717191567962,35319795.91548468,38991992.55328303,-14776218.116587186,-74190.26689288771,1101.4326656309738,2898.120623399517,-0.8322367628319821
2022-11-09 20:00:00.000000Z,0.0056395400128179,41931488.42526246,0.1031322452070868,77.60763732174091,252.11868429824392,40.16105165768798,0.0287863470016073,21.20686037625581,35372077.25185441,41130045.18619,7169026.211684994,-69539.8042319861,-520.659598518892,3052.449835821037,2.094479260525936
2022-11-09 22:00:00.000000Z,0.0056473249838086,41932601.02958379,0.1035058976869993,77.34929838256522,252.6543389951776,70.41046293923198,0.034621528428895,21.65145783280852,35473882.737619095,31865199.854479373,27132978.63422085,-45432.75520989015,-1990.1439937003745,2362.552119745532,4.442676616227945
2022-11-10 00:00:00.000000Z,0.0056477992246727,41932646.00136024,0.1041976240710087,77.19862606268778,252.81588419351675,100.75873617511591,0.0312643651388087,21.928474900000538,35597426.13755332,13822863.369179664,39634281.56886768,-8542.73533948267,-2902.5062116362515,1030.3977725290752,5.562475576918391
2022-11-10 02:00:00.000000Z,0.0056526399103997,41931546.838214844,0.104848276168691,77.2479605781777,252.49118021897337,131.21948757924667,0.0197941542474289,22.03172335306037,35708834.7699862,-8000711.634820781,41319497.17451458,30969.906050302445,-3018.2152257740395,-571.0691945279099,5.156278480088268
2022-11-10 04:00:00.000000Z,0.005661190951944,41930464.72980659,0.1051497559545907,77.36914323432532,252.0228467843705,161.61957747130546,0.0033075495719781,22.00252413206393,35777459.72107591,-27662926.70306512,31809635.95096856,62304.02628966968,-2317.671647200229,-2008.252020472224,3.344562779927872
2022-11-10 06:00:00.000000Z,0.0056599011796331,41930443.59352552,0.1051709565602072,77.3756679422753,251.702216821483,191.9312280153218,-0.0139370445151293,21.91793036288417,35784444.03168298,-39867617.38873346,13720437.562595356,76915.42954482151,-994.3816865967924,-2900.475217664783,0.6175271594049618
2022-11-10 08:00:00.000000Z,0.0056503377929338,41931388.73318547,0.1052274710344812,77.21746177646361,251.54253917883253,222.28298478080427,-0.0275356776202992,21.869668245898712,35727928.78491919,-41326356.16476253,-8065237.59157834,70740.3966003511,599.6119458245392,-3011.2463466440986,-2.2975350826919048
2022-11-10 10:00:00.000000Z,0.0056465363376337,41932342.20838398,0.1055505310701502,77.00612983835833,251.50237526151335,252.68661597479647,-0.0339598656551529,21.93967336800844,35623447.62161666,-31604933.56427052,-27663319.30214776,45273.42384929839,2039.761735928526,-2305.169942778086,-4.6162780417029925
2022-11-10 12:00:00.000000Z,0.0056497198855984,41932443.03352893,0.1060993707868549,76.89474441638741,251.58853340497964,283.0325261476012,-0.0314432505081843,22.17822704941804,35499613.850653104,-13277044.011062358,-39717327.01545949,7269.578832160961,2933.235456416716,-962.6541920943212,-5.694448984217688
2022-11-10 14:00:00.000000Z,0.005648315565928,41931650.00049694,0.0898758858708468,73.29706115570114,255.3991776741531,313.3134098808089,-0.0185380630629084,22.589942744967612,35390335.75222406,8691010.200737434,-40854261.30511526,-31476.5122072674,3024.7837260467686,656.4266031931927,-4.248634995253347
2022-11-10 16:00:00.000000Z,0.0056396832532835,41930691.76143933,0.0901458602367554,73.45376940175827,255.54843292621425,343.63129852430967,0.0066586539076743,23.13165041997212,35325558.41472977,28246131.06260082,-30681445.79568806,-56348.03600364478,2277.3094716779838,2103.215337459227,-2.492229840112904
2022-11-10 18:00:00.000000Z,0.0056346780178799,41930457.8857601,0.0901848018814714,73.50996566339217,255.7956851122396,14.002102237414476,0.0299062614815541,23.723761183873744,35322998.91515927,39943857.65783642,-11977840.505943188,-65638.05811451051,894.4775451952146,2968.2805753171165,-0.023838109535989
2022-11-10 20:00:00.000000Z,0.0056374540188439,41931194.46764486,0.0902613106024219,73.36820586101221,256.25875209383264,44.311722936800926,0.0448076676144268,24.272558018017733,35383264.42118133,40531655.78388048,10059638.083363457,-56644.68554588928,-733.9103463731601,3007.445527100629,2.4638569799438583
2022-11-10 22:00:00.000000Z,0.0056388229670993,41932213.9142529,0.0906688822629823,73.12953715727164,256.7805576522288,74.53489981563419,0.0474324924506052,24.69674769849953,35489791.029115565,29890453.14092682,29316943.836769048,-31801.40059350954,-2150.2125871532157,2216.210188708561,4.2740008731164405
2022-11-11 00:00:00.000000Z,0.0056361172649001,41932454.27334674,0.0913981056595346,73.02243197459869,256.94742981723124,104.8104534351671,0.0373652763916377,24.949940952032183,35613483.27966852,11023671.45878609,40518820.766361445,2054.831760607193,-2966.3534617659725,824.4452966916336,4.909724978362139
2022-11-11 02:00:00.000000Z,0.0056402711659933,41931614.48999346,0.0920856529061241,73.14749608384007,256.608981565167,135.18875861275376,0.0175903378707031,25.032724645592904,35720597.05365005,-10857054.555359345,40674642.027466975,35652.069647045144,-2970.1642787589417,-780.1277415007463,4.2051440376634055
2022-11-11 04:00:00.000000Z,0.005651717687255,41930573.17704703,0.0924124990782088,73.34983762256216,256.0949307839563,165.54168378070932,-0.0065353642211374,24.991796603891167,35781826.73015312,-29804500.11317685,29818630.65741566,59836.6501689294,-2171.850379370748,-2164.6744250258303,2.355728189104994
2022-11-11 06:00:00.000000Z,0.0056568419171951,41930375.553742535,0.0924510535900728,73.40666216133458,255.7387646791828,195.8384059935312,-0.0287310872194678,24.907036215637877,35780326.58395446,-40718815.69267613,10922887.708198337,68000.0544052859,-789.9041654461619,-2963.01103951325,-0.1438638875513528
2022-11-11 08:00:00.000000Z,0.00565422760705,41931120.38650801,0.0925333718757422,73.26470955487046,255.5720869719526,226.1922529587462,-0.0432849071139463,24.870121271646237,35716404.53807839,-40654631.08386005,-10915496.177146148,57800.67653716498,808.5309192290215,-2962.859712946989,-2.628341546771612
2022-11-11 10:00:00.000000Z,0.0056552647339048,41932013.756366365,0.0928908472982651,73.06475194898515,255.51859111347855,256.6178923078479,-0.0463853320996581,24.96018230158701,35607489.75194827,-29583841.900391757,-29792417.47335251,31813.30320265044,2196.8871704055878,-2157.606180917917,-4.426196110232878
2022-11-11 12:00:00.000000Z,0.0056610419510674,41932230.18411371,0.0934643094878996,72.98650576582153,255.5467913531931,287.0123221153554,-0.0371151352664466,25.22243871733246,35483414.3914004,-10449025.704532238,-40536493.88729955,-3049.023674594632,2994.7148533939053,-754.7064233906277,-5.0315907260559545
2022-11-11 14:00:00.000000Z,0.0056608437558946,41931627.41246992,0.0939965087995496,73.08796607174928,255.61857152007155,317.3539964495412,-0.0178523171649233,25.655216649908205,35378279.14133093,11551999.866284,-40126651.96510269,-37282.113478084415,2971.947440876031,867.8978219165483,-4.250573195929713
2022-11-11 16:00:00.000000Z,0.0056517198822452,41930785.656469546,0.094273934855361,73.26835608101095,255.7060141339144,347.7225123591555,0.0061950004206738,26.20942150732743,35321027.31679996,30345911.413476046,-28599688.80231221,-61364.4445156088,2123.6541468686382,2258.726571189557,-2.276371537700051
2022-11-11 18:00:00.000000Z,0.0056425492433182,41930460.07947543,0.0943170427547044,73.35918024891815,255.8881855736973,18.12394494092393,0.0283854294623486,26.801708780583304,35327338.35794173,40696457.90290951,-9118130.201505365,-68484.89161748893,682.9963954964801,3023.624783897703,0.3481379710014215
2022-11-11 20:00:00.000000Z,0.0056381519475071,41930948.28384909,0.0943847099346483,73.26958220155805,256.2656297222605,48.45468782932519,0.0426163846924493,27.33816627659564,35395275.42305289,39731106.42660858,12901704.050565798,-56561.38111467072,-943.4430472869842,2947.494089673299,2.8861125757723314
2022-11-11 22:00:00.000000Z,0.0056330404307369,41931808.67166934,0.0947642947910587,73.08749480838631,256.71065356739024,78.67682963062586,0.0451522138008099,27.74111941777453,35506017.00245479,27766954.17561324,31357260.384231437,-28851.2870329858,-2299.5594479287115,2059.018366514392,4.629564298866908
2022-11-12 00:00:00.000000Z,0.0056262303574986,41932176.78605687,0.0954682135318933,73.02108181385326,256.8641864412384,108.90117267673484,0.0356110903467487,27.97045426192201,35629272.76226154,8169039.097451744,41205451.39939885,7031.248657413046,-3015.634101667997,614.5837130717916,5.104781318323305
2022-11-12 02:00:00.000000Z,0.0056279447209287,41931616.26146311,0.0961592729252076,73.17508203084093,256.5561234863541,139.20046955668914,0.0168434078018698,28.03355129140484,35731553.4230917,-13662051.51277954,39831804.75945337,41296.97741237856,-2907.6898803918307,-985.3365895671062,4.192418430226399
2022-11-12 04:00:00.000000Z,0.0056402235119884,41930691.46279791,0.0965054344653165,73.41376222714949,256.0523970866405,169.49643031005905,-0.0060546735967722,27.982322702161856,35785045.484853886,-31802837.62879668,27682292.11337629,64647.7927406934,-2015.4809826512137,-2310.664429064707,2.142515006509443
2022-11-12 06:00:00.000000Z,0.0056505416934436,41930355.86160746,0.0965514035552954,73.51773727590799,255.67955160142463,199.764222830394,-0.0271210732031734,27.899104283127294,35775037.18628194,-41373232.17468126,8070982.132636023,70713.58247985176,-581.42744050769,-3011.261070718081,-0.5001757617216909
2022-11-12 08:00:00.000000Z,0.0056546521549704,41930877.21243952,0.0966256623014077,73.42370137087154,255.4925943121013,230.10328037361737,-0.040938862787881,27.875036656952176,35704028.38650477,-39784739.06136244,-13714220.73362125,57707.79451403457,1013.803186011476,-2899.9957362254354,-3.03392737079894
2022-11-12 10:00:00.000000Z,0.0056607740688809,41931659.096574254,0.0969690396343409,73.26433883879481,255.41458289523987,260.5337447709538,-0.0438946470793524,27.986001220661397,35591252.30714263,-27416615.970949307,-31776689.072585505,28949.085061990365,2343.498284183685,-1999.2138197277588,-4.77252345369036
2022-11-12 12:00:00.000000Z,0.0056696240865088,41931953.99545264,0.0975272064355129,73.21461510807768,255.40232756345785,290.9637499085785,-0.0351241699023119,28.27189908463084,35467586.6420795,-7567829.699077063,-41155710.147294365,-7897.858846539926,3041.470065590792,-542.6759802830045,-5.223287962757836
2022-11-12 14:00:00.000000Z,0.0056716963824777,41931552.98134203,0.0980455126371298,73.33258376709738,255.421629754048,321.3614986267005,-0.016895153843345,28.724781969620665,35367128.58010721,14356880.135492276,-39198792.85533299,-42774.50947332,2904.216687296885,1075.326231190386,-4.233174642052604
2022-11-12 16:00:00.000000Z,0.0056634975776304,41930866.93262527,0.0983148259986095,73.52605027222988,255.45706475466164,351.7798724772288,0.0058417539574008,29.28991455058614,35317667.03541521,32294848.76620348,-26373821.5802275,-65973.96176873645,1959.2446056706244,2403.0550016094485,-2.054570085001237
2022-11-12 18:00:00.000000Z,0.0056518362532903,41930500.57388953,0.098352838673165,73.64159952243807,255.5774425987544,22.21684102665969,0.0267926127279113,29.880669901004094,35332782.59739229,41245777.66044688,-6211409.354146738,-70938.64450640447,468.0661955711161,3063.85684912166,0.7103240926779464
2022-11-12 20:00:00.000000Z,0.0056416851052648,41930757.54170679,0.0984008808982759,73.59674936908998,255.86294064657403,52.58107885789788,0.0401964465453159,30.403423755181045,35408038.63597478,38732273.09880073,15680954.52380338,-56206.988979242415,-1148.1997506819307,2872.9025050990053,3.285016875282656
2022-11-12 22:00:00.000000Z,0.0056307959211577,41931412.515382975,0.0987308050423802,73.46566388400723,256.2148160383751,82.82343962308207,0.0425474708465204,30.784448226885434,35522471.474137634,25505178.83942176,33243738.87969654,-25829.926032148112,-2437.4514732416565,1891.7698568482217,4.954209273032465
2022-11-13 00:00:00.000000Z,0.0056196371062905,41931841.66896096,0.0993739353980915,73.4325901709492,256.3401012497328,113.01893147897502,0.0335126437367016,30.990022709599955,35644724.69539457,5272966.564430337,41690725.438462704,11852.516696608249,-3050.1190472665203,401.8459481751954,5.269252798343655
2022-11-13 02:00:00.000000Z,0.005617611320223,41931558.04207173,0.1000326907401318,73.60288886526698,256.06569474447286,143.24943097948338,0.0158059610792363,31.034277496382774,35741683.27159968,-16401990.324744364,38794997.1279197,46591.91807408372,-2831.0943750434963,-1185.7011939808965,4.157399251146355
2022-11-13 04:00:00.000000Z,0.0056286627709756,41930813.48614428,0.1003763067347546,73.86436935459905,255.59046297734065,173.48520376786732,-0.0057502618124864,30.974156759806053,35787149.655636095,-33648061.33380683,25410915.105949312,68997.74240950804,-1849.3023319573977,-2445.506001295652,1.9215110306709189
2022-11-13 06:00:00.000000Z,0.0056425059167162,41930387.93874918,0.1004184868062168,74.00721372868155,255.22101209329736,203.71390026312363,-0.0255341954893202,30.894106885431025,35768649.691867806,-41827359.89062299,5178635.712068838,72971.46525820607,-369.9467760250688,-3044.957056002608,-0.8470605712102035
2022-11-13 08:00:00.000000Z,0.0056525878963712,41930674.28466639,0.1004721664817024,73.95867606651109,255.03274202948225,234.0230072009721,-0.0384556481490335,30.88427383430133,35690894.95969136,-38720560.09419803,-16447443.374835271,57285.603488729525,1214.4151423762685,-2822.9122594510904,-3.414530707548498
2022-11-13 10:00:00.000000Z,0.0056635485614805,41931299.460869335,0.1007823078011096,73.83802216887939,254.94956984030293,264.44155188181554,-0.0411375299972089,31.016865526808804,35574831.95359873,-25113705.8930048,-33605843.312350206,25974.69079534991,2478.827248047301,-1830.739066443496,-5.084264464211405
2022-11-13 12:00:00.000000Z,0.0056756217968236,41931635.444764845,0.1013022202521572,73.81202756192079,254.91487901604975,294.89372330988607,-0.0328024519001618,31.326222495430475,35452211.83617997,-4647827.163304072,-41571331.79352935,-12599.366530723137,3073.2115552315504,-327.62241622540125,-5.379679275401066
2022-11-13 14:00:00.000000Z,0.0056805994624951,41931429.43826485,0.1017865331568902,73.9380817238586,254.89798244774417,325.3386347078133,-0.0156254059999305,31.798154954403238,35356934.2898094,17091314.391923804,-38074937.34897507,-47892.18223114283,2821.894872445109,1277.6335080345148,-4.189453674750436
2022-11-13 16:00:00.000000Z,0.005674541406995,41930928.46322573,0.102034605397177,74.13376262173041,254.89501187680872,355.8025112323832,0.0057062987719988,32.37259996663621,35315483.70726386,34082787.61052564,-24014926.31138759,-70075.80157542441,1784.9105679162049,2535.433510540378,-1.8231219173123112
2022-11-13 18:00:00.000000Z,0.0056619621514424,41930566.03137678,0.1020612248284897,74.26226506529756,254.96324543956112,26.275454009383264,0.0252733974305892,32.96013919563995,35339287.69988725,41588816.40845616,-3272393.70554094,-72886.37871500425,250.79136318126828,3088.760657585712,1.062349987911849
2022-11-13 20:00:00.000000Z,0.0056476674854284,41930616.5639891,0.1020856312769942,74.25057257956533,255.16006755214676,56.680239744520655,0.0376950157604118,33.46792242100134,35421466.14831419,37540075.3612866,18383320.86125915,-55484.82461365018,-1347.1418144645509,2784.0577042484865,3.656553718854223
2022-11-13 22:00:00.000000Z,0.0056321663442847,41931036.94473692,0.1023560499057165,74.16089239309352,255.41191367922767,86.95875571500372,0.0397320521938722,33.82647709447728,35539044.429014735,23116365.00939572,34966887.94437093,-22678.874393399536,-2563.211901477941,1715.312557063344,5.241564184235432
2022-11-14 00:00:00.000000Z,0.0056170575517149,41931464.3163816,0.1029165998639417,74.15224409702705,255.49698996527988,117.14652859679298,0.0311257128474514,34.00854828040552,35659742.44547842,2349736.0573368524,41972154.7580307,16527.921085683505,-3069.652718982877,187.28191961274055,5.396108223583617
2022-11-14 02:00:00.000000Z,0.0056104433696365,41931441.06365978,0.1035140307215021,74.3262581357108,255.25540759846376,147.3225997347221,0.0144650802755368,34.03491435550408,35750936.36561465,-19063407.217895757,37569171.8804766,51497.48239262781,-2740.7505948344115,-1380.2484572032797,4.093808504181385
2022-11-14 04:00:00.000000Z,0.0056183504492714,41930928.55919063,0.1038344457884019,74.59473820056436,254.8228903722042,177.50119927330513,-0.0057004153351852,33.9673353902736,35788147.67315547,-35330987.254450694,23015464.403318983,72808.27689323257,-1674.104205018389,-2568.535237371166,1.6883649874600226
2022-11-14 06:00:00.000000Z,0.0056338153685782,41930464.93718852,0.1038637567491383,74.76378759954183,254.4766668747194,207.6852053862053,-0.0240972674520771,33.89202827556819,35761222.765417315,-42078647.04116622,2259984.084598617,74674.25022960044,-156.47761996668052,-3063.900993249627,-1.1859349116383289
2022-11-14 08:00:00.000000Z,0.0056486696363167,41930515.8362196,0.1038899030444413,74.75297279816147,254.30844214210396,237.95205937642345,-0.0359822278779096,33.89771029410774,35677095.029226616,-37466945.658656046,-19101500.94336063,56436.2181370462,1409.3693705686278,-2731.9398674875047,-3.768257216796098
2022-11-14 10:00:00.000000Z,0.0056638404436473,41930945.23133031,0.1041546662208518,74.66618743793221,254.24086896859797,268.34335222672627,-0.0382465592699395,34.05251676679686,35558329.86292825,-22686286.43891485,-35270371.973398685,22817.055403528,2602.1578616914044,-1652.9848140591607,-5.356538712659503
2022-11-14 12:00:00.000000Z,0.0056789443177756,41931284.44048495,0.1046199898958896,74.6584777087078,254.20230046125369,298.80425669509344,-0.030235819273406,34.385013145995565,35437378.61149625,-1703644.05493302,-41780792.799940936,-17184.32658369509,3089.726007186182,-110.62786145134056,-5.494138910774166
2022-11-14 14:00:00.000000Z,0.0056872365253228,41931262.60504005,0.1050543589269512,74.78490554139937,254.16583508048524,329.28625003134687,-0.0140606075321605,34.87483250079033,35347751.19534952,19741290.80081422,-36760419.1291976,-52616.9843027447,2725.3669310250366,1473.763833118574,-4.11274770184179
2022-11-14 16:00:00.000000Z,0.0056843050695088,41930967.52950398,0.1052707366298697,74.97245067830913,254.1402958952981,359.78847906601226,0.0058438413437588,35.456926571637325,35314483.724281736,35700414.157763354,-21534846.95862375,-73608.92018251223,1601.5395341967576,2655.1587962013564,-1.5770297657862933
2022-11-14 18:00:00.000000Z,0.0056722255397616,41930648.20974479,0.1052831028554788,75.1014573049323,254.17048899307608,30.29408519818184,0.0239413883087635,36.03959368041084,35346807.13628886,41723681.37894661,-316011.6466309193,-74240.77730923574,32.29040419280838,3098.2043192547994,1.4063950815555109
2022-11-14 20:00:00.000000Z,0.0056554001173901,41930519.59816338,0.1052863458707375,75.1102806158927,254.28758087089165,60.74195030642019,0.0352549498963527,36.53124170718103,35435466.968558565,36160470.99626413,20995115.25623091,-54303.50001912536,-1539.2628078474745,2681.422705989915,3.999700170721205
2022-11-14 22:00:00.000000Z,0.0056367436936248,41930689.50408424,0.1054984198770103,75.05143562875764,254.4390087032959,91.06719334585904,0.0368426248111604,36.866939417017335,35555622.63341477,20612428.49698709,36518045.05008248,-19324.34147093219,-2676.2284704382746,1530.54022077487,5.4879200974159135
2022-11-15 00:00:00.000000Z,0.0056184786507834,41931059.11466153,0.1059656787937397,75.05898162929385,254.4742489738433,121.26552542874173,0.0285485312419805,37.02592729428523,35674223.90746825,-586210.8725056793,42048269.51436008,21097.567005490917,-3074.1555114337507,-28.05195612377483,5.479910302664413
2022-11-15 02:00:00.000000Z,0.0056069534485192,41931266.60933797,0.1064803306309259,75.22541591912005,254.2607271218301,151.40429918221946,0.0128582841261836,37.03547688430984,35759254.22098465,-21633206.563732404,36160212.59941091,56012.10657754289,-2637.099139191486,-1568.034969487298,3.995694276554756
2022-11-15 04:00:00.000000Z,0.005610005874627,41931028.358052045,0.1067595681478792,75.48424194201736,253.8805517739433,181.53422466085345,-0.0059376937900321,36.96191257476561,35788039.39363848,-36843213.76471476,20507516.904226813,76036.50769343527,-1490.7216991347052,-2679.145186202531,1.4377625659131508
2022-11-15 06:00:00.000000Z,0.005625058058454,41930581.88132376,0.1067703320859526,75.6630319273469,253.57576223599827,211.6733316251707,-0.0229075487162527,36.892881638724205,35752808.9773735,-42125539.00938056,-670696.8786165711,75746.46706600489,57.95137177518569,-3067.966730566804,-1.5203319088723817
2022-11-15 08:00:00.000000Z,0.0056431759853727,41930405.04183093,0.1067687007186097,75.6788412988197,253.44868463050557,241.88910913545627,-0.0336596907421719,36.91525842988242,35662717.249324225,-36029707.76132884,-21663115.00003433,55068.34452431542,1597.6921181526675,-2627.480265079815,-4.095842322159494
2022-11-15 10:00:00.000000Z,0.0056615581107382,41930605.49196082,0.1069842637083438,75.6193933085815,253.41703832419077,272.2398043641332,-0.0353734939597598,37.09273069922473,35541849.06084796,-20146193.756891944,-36761606.76260676,19390.7549532676,2712.8321250510626,-1466.8061581299971,-5.586995619159881
2022-11-15 12:00:00.000000Z,0.0056792335120833,41930909.50171208,0.1073846055464635,75.62485287266752,253.3922442674398,302.6964425252983,-0.0275488334474299,37.44790373771845,35423179.73519292,1249942.1158779925,-41782619.0384536,-21711.244237192,3090.880355603874,107.21014421280876,-5.561722031067964
2022-11-15 14:00:00.000000Z,0.0056910318341983,41931056.99769495,0.1077566369116799,75.74474657926795,253.3528540184299,333.2045048903108,-0.0122657011464085,37.95433318558948,35339638.31182466,22293235.12835317,-35261610.84322719,-56966.12239677117,2615.096671735313,1662.691781809395,-3.9967890541104594
2022-11-15 16:00:00.000000Z,0.0056919875589809,41930982.1356409,0.1079334880542619,75.91430719419228,253.32210190435404,3.735863804922744,0.0062665869962264,38.54236056075031,35314675.94044798,37139334.182999045,-18946098.49272621,-76545.4985587523,1410.0698892157784,2761.59663031295,-1.3103230212129169
2022-11-15 18:00:00.000000Z,0.0056816588370734,41930741.26667006,0.1079321836421329,76.03150231052432,253.3312473474418,34.26782736252576,0.0228830961704369,39.11852676598297,35355295.294085026,41649608.007316105,2642708.477821406,-74936.63455946298,-186.312640272812,3092.1407327551287,1.746654147163208
2022-11-15 20:00:00.000000Z,0.0056638676019998,41930464.07750726,0.1079227575706802,76.04813740967698,253.381917026604,64.75710556384789,0.0330145628679434,39.59297746815033,35449950.68736347,34600418.647291586,23503131.367542155,-52577.00645903187,-1723.595589287664,2565.5328781196768,4.315941438240984
2022-11-15 22:00:00.000000Z,0.005643593853348,41930375.38492216,0.1080856765762137,76.01034612430385,253.4363392835416,95.135209604308,0.0340338873967767,39.90558351975244,35572093.54255672,18005887.023346536,37889439.53881851,-15680.52933779083,-2775.9570511331976,1338.3859241261616,5.69175149411184
2022-11-16 00:00:00.000000Z,0.0056233169556433,41930637.218889564,0.1084590488933377,76.02719522442955,253.41423228917503,125.35908441193868,0.0259139561801034,40.04206923404747,35688066.461058564,-3520360.1789370934,41918634.05138287,25626.87904386584,-3063.6232736677284,-243.09913900207815,5.51663065166335
2022-11-16 02:00:00.000000Z,0.0056069967601002,41931037.93366467,0.1088764891373435,76.17623434724024,253.2214711133984,155.47886894665453,0.0110646302863012,40.03599520551262,35766575.17256305,-24098733.576962635,34574906.85615873,60165.73497500184,-2520.645130967395,-1748.152302123851,3.857401473996491
2022-11-16 04:00:00.000000Z,0.0056038608769331,41931103.5681359,0.1091002298539982,76.40811584536397,252.8986287102452,185.5739381832926,-0.0064567886441372,39.95796388971743,35786819.10563294,-38177163.30944198,17899204.903212283,78669.2069908048,-1300.0300782474926,-2776.7889427430136,1.1635641563917365
2022-11-16 06:00:00.000000Z,0.005616428251964,41930733.78869513,0.1090916568743703,76.57724416627423,252.6504067416553,215.6739165593395,-0.0220376099191175,39.896711047459526,35743453.89325893,-41967480.00722989,-3599061.6434760992,76133.05784087922,272.304323302234,-3057.1006528424828,-1.855503785602838
2022-11-16 08:00:00.000000Z,0.0056360261704401,41930347.85431837,0.1090702249363481,76.60582476247043,252.583608755011,245.8344271948581,-0.0316240287139175,39.9368718618878,35647843.29543059,-34415576.99288407,-24119458.124938007,53096.62942029914,1778.4393037105615,-2510.00438453526,-4.400265644075961
2022-11-16 10:00:00.000000Z,0.0056563574722317,41930289.59731268,0.1092406634520504,76.56659184427134,252.60663217716916,276.13322714092106,-0.0326858378761162,40.137332973905,35525487.48881032,-17505843.937555533,-38071760.261115246,15600.37350299447,2810.255015218722,-1273.105195496573,-5.775373539429322
2022-11-16 12:00:00.000000Z,0.0056758834691078,41930518.7921867,0.1095715744331487,76.58060434585701,252.61212063182063,306.5731059406111,-0.0248981637862185,40.514581396805646,35409706.010235734,4198106.360269017,-41576424.04562578,-26261.71544625397,3076.623120166076,324.7860069329936,-5.578906973857541
2022-11-16 14:00:00.000000Z,0.0056911218683487,41930815.35382648,0.1098725588852796,76.68774528491629,252.58647527794676,337.09539539170544,-0.0103450431859504,41.03623008002123,35332655.58647978,24734108.023753416,-33585866.060693905,-60986.5293559797,2491.623530351148,1843.4294918328728,-3.835680459410449
2022-11-16 16:00:00.000000Z,0.0056965447813863,41930971.453144975,0.1100046682728595,76.82958729539216,252.5695421478277,7.644815547816725,0.0069510018796497,41.62841985671534,35316071.9042355,38392131.75260585,-16261766.590582598,-78885.78972925666,1211.483853593166,2854.186047143957,-1.0162216426280524
2022-11-16 18:00:00.000000Z,0.0056890230145215,41930841.45797581,0.1099939274090777,76.92276735243098,252.57726499146528,38.19410947585866,0.0221626542396659,42.19647958083331,35364710.10733919,41366961.76631758,5588751.601537846,-74927.43569472832,-403.8963480419872,3070.607021245775,2.089062675915225
2022-11-16 20:00:00.000000Z,0.0056717055369194,41930448.1476172,0.1099854893429094,76.93523251667841,252.5776646968043,68.71966555544502,0.031108836341946,42.652768338603096,35464831.07838689,32867826.556019213,25894737.53766707,-50223.7148562365,-1899.2184573356456,2436.991153918643,4.60888118618051
2022-11-16 22:00:00.000000Z,0.0056513992127807,41930101.36370552,0.1101157950581753,76.90980895137938,252.54198141166904,99.15232780436406,0.0314765236804949,42.94219414980672,35588349.305328146,15309777.22150043,39074244.17642719,-11650.92353031218,-2861.9240931571785,1139.8157310636848,5.853500192880694
2022-11-17 00:00:00.000000Z,0.0056305050459424,41930209.652890034,0.1104029770219687,76.93070148776621,252.45683235965544,129.41343504051736,0.0233851949262363,43.05691304315171,35701171.56448058,-6438213.060316937,41583851.54471254,30203.69252102954,-3038.1262647805465,-456.8092230036665,5.50347560751735
2022-11-17 02:00:00.000000Z,0.0056100186655449,41930755.51095297,0.1107160713076116,77.05405198831468,252.27556719408832,159.53309723339245,0.0091996819390479,43.0365241296909,35772839.432807416,-26447844.08967106,32820911.917785,64016.2962445376,-2391.954423133024,-1919.7313805906,3.673565011537242
2022-11-17 04:00:00.000000Z,0.0055998500860277,41931141.458635375,0.1108751481757073,77.24152606007667,252.01067974594787,189.61171430111975,-0.0072188094814898,42.955588906216015,35784479.448651135,-39326120.04171829,15203157.32192932,80719.7407629551,-1102.939715998369,-2860.981891506798,0.8589765958648822
2022-11-17 06:00:00.000000Z,0.0056079430668918,41930913.02854827,0.1108527832530753,77.37911562518597,251.82991507301875,219.68502689580075,-0.0215376189485312,42.90358958353104,35733196.59095223,-41604911.4088014,-6510761.701273987,75797.68902030989,485.5438226337546,-3031.3215680422622,-2.198168910927849
2022-11-17 08:00:00.000000Z,0.0056270528244825,41930349.695780285,0.1108288352774236,77.40441781453373,251.8388569986682,249.79187126529524,-0.0300058397361102,42.96254578655885,35632543.72868325,-32632159.53958847,-26458210.71434208,50441.79039622699,1950.702110524743,-2380.0495227412275,-4.686434629076093
2022-11-17 10:00:00.000000Z,0.0056477881407783,41930009.34115303,0.1109676223779095,77.37782262729775,251.93258215365103,280.0305340712673,-0.0303643061011702,43.186208719005,35509330.514473245,-14778154.316586114,-39193953.11299756,11342.20328171784,2893.898450495778,-1072.8256244227814,-5.923353788903867
2022-11-17 12:00:00.000000Z,0.0056681553777249,41930120.80847024,0.1112310137707342,77.39645813691473,251.98353197878177,310.44168160461714,-0.0224687645999636,43.58480967868811,35397038.40515807,7126072.457043893,-41162888.7961634,-30937.830313739352,3046.9849038816697,540.9933539707254,-5.543555325170548
2022-11-17 14:00:00.000000Z,0.0056865071090775,41930539.987786286,0.1114559400674107,77.48501719323828,251.9887517408312,340.9654125675776,-0.0084385906583324,44.120183110304254,35326858.58648916,27051488.72980492,-31741446.430109523,-64752.26804907402,2355.5585350244787,2015.0334732752915,-3.623934605063667
2022-11-17 16:00:00.000000Z,0.0056967101606961,41930931.938459896,0.1115415356377691,77.5894365348194,252.0063986407472,11.520012834804165,0.0078403460823465,44.7147110267478,35318684.60258342,39452410.09277082,-13495397.88761773,-80656.37657631715,1006.7999670988507,2932.442410024684,-0.6873006242114883
2022-11-17 18:00:00.000000Z,0.0056928600518599,41930944.900783226,0.1115297962068281,77.6465679976368,252.0348727087176,42.074908909144646,0.0218223014685603,45.27307627715808,35375015.37073475,40877221.72338116,8507230.654070012,-74184.98117404983,-619.3498017710028,3033.7227605988974,2.4410868801234376
2022-11-17 20:00:00.000000Z,0.0056773188057676,41930473.17449567,0.1115413083939195,77.64380220980404,252.00404625405253,72.62788247790179,0.0296678543268726,45.71032558831944,35480030.34226739,30971487.075261623,28157963.995293707,-47167.374321336894,-2065.260521670788,2296.4626186216474,4.884119339184452
2022-11-17 22:00:00.000000Z,0.0056585293247305,41929878.67621334,0.1116620760534264,77.62362228970125,251.88832235206024,103.11220679006335,0.0293543322581288,45.97661604351371,35604291.43735665,12537564.027224837,40066616.209152296,-7130.18025198498,-2933.728266244977,935.8218197519584,5.975494578698295
2022-11-18 00:00:00.000000Z,0.0056386223718286,41929790.3644337,0.1118786792969587,77.64518377696494,251.73602906694944,133.41889979745028,0.0211529170226265,46.07044493295808,35713449.48441206,-9325375.122127976,41045557.74762019,34936.34784682335,-2997.807369880353,-668.1438905735096,5.43896612684533
2022-11-18 02:00:00.000000Z,0.0056151976977133,41930419.28285722,0.1120887261830525,77.73662199412563,251.5553566999896,163.5569803260372,0.0074138936261841,46.037154907469485,35777993.96942967,-28668972.0871562,30906711.915127706,67648.67155068708,-2251.6496766120467,-2081.946485857568,3.439313740572584
2022-11-18 04:00:00.000000Z,0.0055977853332435,41931126.27009217,0.1121809430962255,77.86274115691833,251.34454548316063,193.6415718867855,-0.0081506104651674,45.9549161200315,35781015.76842211,-40284264.02775363,12432436.298219431,82228.63072831379,-900.3910130408394,-2931.303440773964,0.5167856285263204
2022-11-18 06:00:00.000000Z,0.0055997314688655,41931106.90295567,0.1121587385309288,77.94562563220269,251.235945360774,223.70812596436176,-0.0214318588004451,45.91361843125438,35722071.37567939,-41039267.32433631,-9391512.052776622,74725.28740039186,696.6364639285569,-2990.7199313031133,-2.5562698001845696
2022-11-18 08:00:00.000000Z,0.0056163004331256,41930416.53839564,0.1121607299033138,77.95020036617488,251.32967535745857,253.7706508246281,-0.0289245511460445,45.99231596030912,35616874.84375836,-30687893.61258427,-28667612.259408448,47034.75118446033,2113.6121595555,-2238.215996174336,-4.961078171693982
2022-11-18 10:00:00.000000Z,0.0056356529727223,41929781.84210374,0.1122922062342675,77.9288524627211,251.50511745454912,283.9456806923339,-0.0285963469346706,46.23930985075664,35493443.024948105,-11976467.820303503,-40122230.61502492,6508.819444890487,2963.3047489507044,-866.9466464059542,-6.0346068971740605
2022-11-18 12:00:00.000000Z,0.0056555244087543,41929727.22021997,0.1124973850412027,77.94919587585892,251.61497715408456,314.3167500712764,-0.0204688371581502,46.65844998612297,35385238.33876323,10019200.805331465,-40543727.61396992,-35858.69104398685,3002.078107657715,754.7326967806016,-5.4551549447106975
2022-11-18 14:00:00.000000Z,0.0056762760642235,41930231.78721128,0.1126463692742988,78.01404969534087,251.66833223484093,344.8282018711398,-0.0067201978761301,47.20597431998892,35322290.83633708,29233644.122865345,-29737435.320566826,-68363.45407159266,2207.57941314041,2176.610866904605,-3.356897585020964
2022-11-18 16:00:00.000000Z,0.0056912236050821,41930856.409103386,0.1126882314512437,78.07182131390903,251.74249868743115,15.37340014997248,0.0088420888524102,47.80097260139296,35322525.39793189,40314812.95569705,-10660881.348926408,-81912.11878515231,797.0652135616547,2995.959616346805,-0.3159311294443931
2022-11-18 18:00:00.000000Z,0.0056916627996076,41931044.84864844,0.1126887794243743,78.08161864497669,251.8160644279396,45.919267592199056,0.0218758346738383,48.34806740135668,35386182.574752554,40182943.835320674,11383502.454203969,-72704.09183248457,-831.5802314569278,2981.68706299312,2.811384732743292
2022-11-18 20:00:00.000000Z,0.0056790134431102,41930541.28720443,0.1127444427908297,78.05411718732832,251.77582749227156,76.48654067294638,0.0288078739445056,48.76547030799589,35495484.15819515,28920995.09235057,30281583.721156992,-43343.45764196597,-2220.9062263552287,2144.66805644544,5.149106258258662
2022-11-18 22:00:00.000000Z,0.0056631733542925,41929719.603008606,0.1128844501263276,78.03414762471873,251.5924823838003,107.01529793234631,0.0278553585959449,49.00878259243752,35619836.798305295,9703041.220861675,40861727.68941968,-2010.3975494581127,-2991.0408595004715,727.4151670528726,6.062060870912496
2022-11-19 00:00:00.000000Z,0.0056460110142943,41929397.94394757,0.1130539776128176,78.05529013550805,251.3711703822775,137.37153695405812,0.0194290682094095,49.08271944262141,35724824.81619017,-12167647.419511966,40306403.3847321,39949.352430306,-2942.879403437316,-876.0829162463491,5.323285439799954
2022-11-19 02:00:00.000000Z,0.0056215058764912,41930034.17344444,0.1131723295640702,78.11162520297403,251.1791468985771,167.54467248977429,0.0058912197122198,49.03803015282107,35781997.57014075,-30751194.64511377,28841565.64995951,71173.80675375796,-2100.405898117317,-2234.0190910396896,3.1507589596818018
2022-11-19 04:00:00.000000Z,0.0055976463991758,41931035.43702354,0.1132056374152889,78.16310271304302,251.0129616917546,197.6595991851217,-0.0091400890266295,48.95611132076996,35776431.18495736,-41046701.47804899,9600467.86274274,83267.05733353678,-693.3492498845407,-2987.398002458272,0.1300310333636692
2022-11-19 06:00:00.000000Z,0.0055923763724329,41931292.946749054,0.1132074240187419,78.16969015871457,250.97215743737425,227.7467680642245,-0.0217078251146553,48.9269278586065,35710111.60232568,-40272967.72801178,-12227159.18544772,72930.00556910444,904.557981669524,-2935.456317279188,-2.938384661603226
2022-11-19 08:00:00.000000Z,0.0056044774846575,41930552.138766445,0.1132758983613082,78.13676106134803,251.1486396028137,257.784674376644,-0.0284729595765662,49.02625544835692,35600878.08495307,-28592007.428246208,-30736508.97643576,42827.854513854814,2266.346051111009,-2085.162970795294,-5.232433001366169
2022-11-19 10:00:00.000000Z,0.0056205185904135,41929627.08585943,0.1134363475787577,78.11463518308744,251.40890724823893,287.89906403079857,-0.027559775826912,49.29665653753035,35477862.79161907,-9114484.92431282,-40851571.34928446,1000.870677705274,3018.089029171796,-656.4762818471436,-6.114915430951307
2022-11-19 12:00:00.000000Z,0.0056381841162757,41929356.15536049,0.1136023089647722,78.13563925174276,251.58671126503,318.2212090223466,-0.0191172522644743,49.7354769523965,35374337.07490627,12863061.685205128,-39721644.50044974,-41151.42709485159,2942.095677999776,964.918999788245,-5.315441838690532
2022-11-19 14:00:00.000000Z,0.0056600997800235,41929893.54590254,0.1136825388899382,78.17343183002973,251.70412344817584,348.7062039340158,-0.0053929077131412,50.29354020492035,35318973.56773263,31269576.875388443,-27583643.99288422,-71942.96323095029,2048.425024959012,2327.325277002335,-3.0316760176391693
2022-11-19 16:00:00.000000Z,0.0056792817380257,41930736.10380156,0.1136894083899938,78.17691327937908,251.8567586177796,19.225804935934768,0.0098227005885531,50.88712009730877,35327598.081979066,40975021.79241751,-7772327.957869099,-82739.96719595288,583.3469315705045,3044.411423297291,0.1047681425647528
2022-11-19 18:00:00.000000Z,0.0056842351419129,41931130.06783285,0.1137209695482119,78.13067354639524,251.999799581142,49.74539759860638,0.0222941856980864,51.421378765707566,35398190.91449813,39287701.62294304,14203277.891084004,-70513.01387388825,-1039.5200538025165,2914.7747181947598,3.209049567680056
2022-11-19 20:00:00.000000Z,0.0056752879276904,41930650.74290038,0.1138494042986262,78.07206083099192,251.9732262711877,80.3095138050219,0.0286110792199392,51.81817742955424,35511146.50840589,26726650.13464104,32255181.695781108,-38713.75341928088,-2365.3986700390838,1982.3769365889505,5.412814433528451
2022-11-19 22:00:00.000000Z,0.0056635969669757,41929640.66326128,0.1140418579044483,78.05039727146796,251.7375931776247,110.8695137754535,0.0271509314670092,52.03875035394572,35634924.47039766,6820224.234937675,41455781.99274077,3803.750588633028,-3033.605194775645,515.6184836196094,6.119763262222095
2022-11-20 00:00:00.000000Z,0.0056509742917761,41929058.617609724,0.1141950694638495,78.07335101179444,251.447537909963,141.273882326168,0.0184306061077386,52.09388446718764,35735242.9296314,-14951117.378927607,39370024.12304115,45371.62432910464,-2873.6216211299547,-1079.6295415480745,5.159040880609131
2022-11-20 02:00:00.000000Z,0.005627889649757,41929612.82553784,0.1142443332940396,78.09679421818163,251.23134565092352,171.4942453742921,0.0048419813325155,52.03936202520992,35784826.35495412,-32684292.0515124,26635445.33767796,74723.57976785048,-1938.9457066499224,-2375.2207640842603,2.8061607323272417
2022-11-20 04:00:00.000000Z,0.005599583986122,41930847.06885683,0.1142378341123495,78.0682608393613,251.0937574415266,201.66253231344805,-0.0100315774501683,51.95938984368165,35770742.66403198,-41609489.460286684,6720967.025920121,83940.26877741079,-482.7997303641239,-3028.975730123931,-0.3067716712461069
2022-11-20 06:00:00.000000Z,0.005587123956028,41931435.76035691,0.1142962467431503,77.98457021334065,251.1036636766475,231.8027417929632,-0.0222992549807322,51.94367985361378,35697357.05770415,-39309409.6955229,-15003750.985437358,70467.6135678363,1108.2975296804243,-2865.7594138699205,-3.352534816635487
2022-11-20 08:00:00.000000Z,0.0055933444408247,41930749.001494855,0.1144815279314008,77.90216809296005,251.3445104009696,261.8472143361457,-0.0286901674552609,52.06446553364008,35584585.45164335,-26354483.344097264,-32654400.206259448,37814.547485940384,2408.1283716695943,-1921.6039550838325,-5.509470874980583
2022-11-20 10:00:00.000000Z,0.0056042166851398,41929568.15898146,0.1147188020324716,77.87675657165052,251.678660519304,291.91446360758374,-0.0273914357261463,52.35832311923289,35462599.47964642,-6206212.187418004,-41377894.23679584,-5250.200485780102,3057.940270768901,-442.445170094672,-6.172179586395664
2022-11-20 12:00:00.000000Z,0.0056176377302455,41929032.71602762,0.1148750477175627,77.90079262252904,251.9255324615466,322.1833366850549,-0.0186161586952737,52.81597140292447,35364327.69006956,15643482.737107413,-38700292.03393535,-46931.39337377173,2867.3087424184355,1170.4884683280818,-5.129213650390161
2022-11-20 14:00:00.000000Z,0.0056388447902866,41929533.43780093,0.1149026876190598,77.91197698351293,252.1178043688763,352.6290263638988,-0.0046735692398051,53.38298085893976,35316894.30979059,33149043.701006334,-25290528.23550993,-75625.32796919088,1878.8895635262909,2466.4014253071123,-2.6486346291624807
2022-11-20 16:00:00.000000Z,0.0056610408111578,41930559.238693446,0.1148903295722916,77.85851967401963,252.3656565490035,23.107060390845927,0.0106058686093608,53.973272178076094,35333889.23885592,41429725.59247708,-4843969.235435907,-83260.24406664041,366.7256074390247,3077.5515408728934,0.5790423796672505
2022-11-20 18:00:00.000000Z,0.0056701824877234,41931182.67692853,0.1149757920310305,77.75280943831797,252.5992743404624,53.581163616006776,0.0229860777528124,54.49314805013001,35411022.97007476,38196007.59804221,16952708.12303308,-67687.39294580619,-1242.132568888538,2833.33189260308,3.641970838571867
2022-11-20 20:00:00.000000Z,0.0056652765264925,41930793.44418365,0.1152067809605762,77.66211674768158,252.60835646252556,84.12037042813394,0.0290930872978661,54.86861306956156,35526991.25109395,24399349.887011874,34069200.02218971,-33289.92310826411,-2498.0415710648263,1810.4007755266443,5.684740813412491
2022-11-20 22:00:00.000000Z,0.0056585062084595,41929655.67075894,0.1154857320413946,77.64115806299036,252.3378119386797,114.69212033934336,0.0273580144014187,55.06672949742934,35649520.9701151,3903244.3474076944,41846010.68347178,10367.615879945864,-3061.2346640489254,301.45977532730194,6.157316649014492
2022-11-21 00:00:00.000000Z,0.0056519873648691,41928807.808043525,0.1156578531135042,77.67246290138212,251.98269361569768,145.135540106574,0.0183460140332393,55.10420282485937,35744675.64586365,-17662241.752728947,38240998.004189566,51312.04581265135,-2790.375634275984,-1277.8150016209595,4.952111533238869
2022-11-21 02:00:00.000000Z,0.0056332739911819,41929183.672057904,0.1156700736396705,77.67304629589478,251.7291496183413,175.4078818687688,0.004481722875258,55.041447426140245,35786478.45436566,-34458797.55418089,24298969.43127777,78435.33217432951,-1768.0344943135635,-2504.875664884236,2.407464598768068
2022-11-21 04:00:00.000000Z,0.005603821843214,41930548.4289394,0.1156515814045825,77.5727280733625,251.5972509939354,205.64581635497655,-0.0106292522566081,54.96502756089831,35763987.05181601,-41969652.05585648,3807860.949128215,84385.06521896555,-269.7433876270736,-3055.8127920227635,-0.7956702831398628
2022-11-21 06:00:00.000000Z,0.0055857291644971,41931490.14393872,0.1158013473115541,77.4001189795357,251.626301690355,235.870551221463,-0.0230696942383273,54.9640691600734,35683865.26993228,-38152956.77466442,-17707607.824208297,67447.45770112654,1306.8606885614886,-2781.9241674642635,-3.804228605333193
2022-11-21 08:00:00.000000Z,0.005585737894214,41930983.053235166,0.1161539413048394,77.26712107192303,251.8924164490687,265.96255203907674,-0.0295269679925198,55.10705563902451,35568034.51657512,-23986032.1776788,-34411488.449344695,32054.558876571347,2538.232920120948,-1748.303037846215,-5.800327227912044
2022-11-21 10:00:00.000000Z,0.0055901158776006,41929625.43656112,0.116521184988264,77.24216575086912,252.26950887604977,296.0098844084838,-0.028141117828735,55.424395027148535,35447645.929553926,-3265935.4923893907,-41698077.08478978,-12248.68449646733,3082.6205030492147,-225.90178267871391,-6.215749622306375
2022-11-21 12:00:00.000000Z,0.0055971341726805,41928791.90844511,0.1167069714380501,77.27707261068642,252.5725636518318,326.2297268145106,-0.0191047320065574,55.90006630767651,35355166.88963692,18346562.169750378,-37484256.326555565,-53268.59704648952,2778.0638407266024,1370.4027915619076,-4.904993488851388
2022-11-21 14:00:00.000000Z,0.0056150989074835,41929169.7658647,0.1167071427455684,77.26915723365644,252.83891645705856,356.6278711486235,-0.004759040034862,56.47451145469445,35315999.42649646,34862541.10493058,-22869147.65962748,-79532.18349610291,1699.818142920606,2593.12751243382,-2.2132818049563974
2022-11-21 16:00:00.000000Z,0.0056382322188005,41930317.61879816,0.1166961154951082,77.16452970427646,253.18794691491368,27.05081323229444,0.0109840054521663,57.05971875297021,35341356.17011275,41676571.43406905,-1890108.938378837,-83618.22579586647,148.28995171878432,3095.213227521481,1.1059951161377115
2022-11-21 18:00:00.000000Z,0.0056504505428122,41931177.289717935,0.1168575111918851,77.00516483819425,253.52309861947367,57.46115341276384,0.0237832302055879,57.56371089218179,35424653.854256645,36913233.95744988,19618418.37064636,-64360.96914013304,-1438.4150433909017,2737.772771080132,4.114186918308746
2022-11-21 20:00:00.000000Z,0.0056492609474695,41930949.16858292,0.1172158131883731,76.88856404169444,253.58552407562755,87.95088105712911,0.0301650572420847,57.91713219101396,35543006.06477851,21950498.785330687,35714942.26107916,-27161.09302531768,-2618.199379505651,1629.5886106640537,5.972951853103877
2022-11-21 22:00:00.000000Z,0.0056475186226237,41929768.1585573,0.117609407008812,76.87547752436083,253.29861431940304,118.50895938037306,0.0284874552933994,58.09308423468427,35663619.03094021,966266.2039203764,42030646.765354574,17658.735529908583,-3073.8102504825933,85.96849603379886,6.184788780999674
2022-11-22 00:00:00.000000Z,0.0056480998031967,41928679.40882352,0.1178334901659833,76.92583974353782,252.88626175359371,148.97404826120663,0.0192822487946758,58.11404992180061,35753122.17498143,-20287905.65882943,36924795.73710792,57820.56049637917,-2693.5413880876704,-1469.7010311236302,4.712162482268387
2022-11-22 02:00:00.000000Z,0.0056366420179326,41928792.38412436,0.1178436087648702,76.92219857822539,252.5846606811404,179.29204133866162,0.0049891937518194,58.04466404822569,35786974.73137019,-36066027.91106043,21843339.5981942,82421.00380155872,-1588.476367139216,-2622.361836124326,1.9619555362106145
2022-11-22 04:00:00.000000Z,0.0056102839635706,41930148.333198935,0.1178407452704048,76.77565622413363,252.43205749049687,209.6020191907056,-0.0107190675070749,57.97335860885687,35756223.6473453,-42125184.32528614,875219.6745798048,84753.64035748558,-55.1936196915882,-3067.75172475028,-1.3328782945363988
2022-11-22 06:00:00.000000Z,0.0055898244015423,41931407.79962111,0.1181033169656369,76.53658478068702,252.4385030934029,239.9317382265664,-0.0238097095511024,57.98831684082694,35669723.11143845,-36808924.515523694,-20325390.900326785,64034.37175358874,1499.2710659642903,-2684.3109214742008,-4.293764260108264
2022-11-22 08:00:00.000000Z,0.0055848798576549,41931207.18991399,0.1186553892859444,76.36655679628747,252.67324440502972,270.1149510043611,-0.030817788391465,58.15411193963941,35551292.51429631,-21498075.07913201,-35998738.40255482,25694.22811362564,2655.982056174601,-1566.0730993349462,-6.109832487961645
2022-11-22 10:00:00.000000Z,0.0055825606620845,41929801.45718002,0.1191981057928726,76.35304614232663,253.04175085537616,300.1828674836882,-0.0297228158865877,58.49489447790474,35433006.53053201,-308213.3399642492,-41810002.76738947,-19899.21507648239,3091.962344651649,-7.910777128820627,-6.254805664740831
2022-11-22 12:00:00.000000Z,0.004775199196118,41962822.67985665,0.1194556043461263,76.41284347425157,208.5598370565503,15.170097040033315,-0.0206044691519393,58.97787503784233,35391222.25187299,20974695.40159353,-36121155.8657774,-60198.1079885975,2679.509357139663,1551.4815098447934,-4.670250098728091
2022-11-22 14:00:00.000000Z,0.0047622313174049,41962972.43303406,0.1194581699072365,76.40251356742421,208.92718697326416,45.36020500038015,-0.0058394013602642,59.44286629664548,35443940.00011169,36468056.738586046,-20473395.338819124,-83938.05115432324,1522.9316690843357,2691.382338956527,-1.7669947793856884
2022-11-22 16:00:00.000000Z,0.0047570577231172,41964145.08667615,0.1194667443527028,76.26393286095168,209.49416344163103,75.37212036576037,0.010575115748068,59.80103935405299,35534706.53050318,41904603.79108701,826740.1330828904,-84466.65558765913,-46.67992948175095,3085.39569138047,1.622140573535278
2022-11-22 18:00:00.000000Z,0.0047507281266974,41965233.97384328,0.1197145268576277,76.06545380164306,210.0090761763374,105.35180797022018,0.0242290058010341,60.01502540725915,35638996.14210776,35853628.06113106,21907830.26507723,-61685.42584214337,-1592.8734143247636,2633.93585318354,4.555520089507448
2022-11-22 20:00:00.000000Z,0.0047519518997311,41965262.8589417,0.1202100811009779,75.93223636847739,210.16084064378524,135.48663807266982,0.0315288737889004,60.08627153332357,35728860.12086657,20040197.021114293,37032272.814089306,-21899.100126695288,-2696.4561127819047,1470.8787442179882,6.237781508989269
2022-11-22 22:00:00.000000Z,0.0047725794213366,41964168.05763633,0.1207383445223924,75.9329943242103,209.95263870050425,165.7439448562304,0.0306038603967353,60.0540047411036,35780082.59316488,-1198856.7659062827,42141163.29118935,24034.8210762414,-3066.6131791157222,-83.62069888276959,6.225609264814612
2022-11-23 00:00:00.000000Z,6.954812571324955e-05,42165060.0165058,0.1210482073983172,76.01431616509848,310.7530419467213,94.91367540608974,0.0216843692405091,60.02332801481863,35787173.999675974,-22144733.53996227,35882031.26547803,63719.29934882422,-2616.5536819396834,-1614.5738699276835,4.539711485874393
2022-11-23 02:00:00.000000Z,2.141937434558903e-05,42164807.12328015,0.1210902814924489,76.03509836484663,243.62683897465072,192.0994520533611,0.0070298263531297,60.02154716988912,35787553.20341797,-37147243.94220118,19950444.58790111,86362.8810921023,-1454.703407268107,-2708.6585723018075,1.6020499480638413
2022-11-23 04:00:00.000000Z,3.803083889114087e-05,42165973.052136175,0.1211117900129574,75.88699762565058,167.37877076559965,298.576257868516,-0.0095832699213847,60.02004574762329,35787068.95541528,-42143329.32319468,-1355375.6258196058,85695.28556097762,98.93200652434108,-3073.0576992898264,-1.7867239277329092
2022-11-23 06:00:00.000000Z,7.153300028328805e-05,42167482.1544846,0.1214650712164535,75.62235659623761,150.39269975970112,345.90906231882843,-0.0238725616214048,60.020002598543634,35786419.53973994,-35787068.792794354,-22296450.87285145,61754.14990587221,1625.956473064467,-2609.664194096468,-4.712780231120813
2022-11-23 08:00:00.000000Z,7.818010638579853e-05,42167743.585622095,0.1222053134625363,75.43409162615167,145.88022464085054,20.692715117600077,-0.0321306964478457,60.02078414094828,35786522.55362178,-19790518.112298075,-37231619.24301578,20882.938696578545,2714.9779126900903,-1443.2499879562663,-6.378794487549046
2022-11-23 10:00:00.000000Z,5.52213406119008e-05,42166482.449724056,0.1229617666714303,75.43963452639005,128.51675522545227,68.13254235978458,-0.0321579011940493,60.020555536533685,35787478.074711785,1536937.8523331706,-42137587.06783251,-25926.841231383954,3072.594955312833,111.91688605848536,-6.321906469798787
2022-11-23 12:00:00.000000Z,4.32942824026632e-05,42165043.70669599,0.1233559536792989,75.54374854410821,81.37777109885131,145.24730269879092,-0.0238423557979682,60.01831391861749,35788406.55656819,22450062.653660983,-35693244.84584348,-65988.01316058083,2602.5636338527943,1636.8592236044549,-4.546075470396289
2022-11-23 14:00:00.000000Z,5.044871199784301e-05,42164785.33057824,0.1234023427949796,75.56706924935739,40.08299234989801,216.59762187263604,-0.0092399456474713,60.01503866291176,35788356.06613436,37315939.08593208,-19634816.463958584,-88374.26803311409,1431.5645323361186,2720.8916966595857,-1.5253323716886906
2022-11-23 16:00:00.000000Z,6.676253184887348e-05,42165812.90658762,0.1234251480830886,75.43315507657333,7.580761427804782,279.3136794812754,0.0079130342204575,60.01281257021397,35787220.13037415,42130478.00468016,1712486.9074899992,-86911.37166536022,-125.07059980687949,3072.0879394056933,1.9252087291421796
2022-11-23 18:00:00.000000Z,9.259128879879664e-05,42167118.22015051,0.1237225940782329,75.22038343518226,352.7175982447633,324.4719295835844,0.0231573468637427,60.01299154989536,35785803.655137315,35596219.25815731,22598744.156870767,-61873.52939989618,-1648.135448643454,2595.75119577886,4.871077315968829
2022-11-23 20:00:00.000000Z,0.0001019646784221,42167546.5295973,0.1243215187489703,75.07647155925584,350.33646750740974,357.08122240651187,0.0324858476338461,60.01511015418319,35785115.512769006,19472613.42196082,37397283.206226565,-19929.61430648087,-2727.28118852077,1420.069706620592,6.511641934918687
2022-11-23 22:00:00.000000Z,8.244614363731434e-05,42166725.6497159,0.1249801004924217,75.08762083231088,348.53799000219124,28.95289956874233,0.0334132244118925,60.01732997249045,35785546.60396268,-1896843.6016255333,42120985.68030077,27642.61751579749,-3071.674321615044,-138.20874807344202,6.397052325059074
2022-11-24 00:00:00.000000Z,4.87192100162736e-05,42165354.42103162,0.1254032617264068,75.20523851227917,335.29341030701005,72.16263220221744,0.025643292186459,60.01796925780496,35786588.08063096,-22755029.5992956,35497437.17131893,67992.41410198981,-2588.5559342914808,-1659.189187314853,4.550425124190425
2022-11-24 02:00:00.000000Z,2.272345590215044e-05,42164663.20171764,0.1255066031689458,75.28000564029894,293.68653262352353,143.77575472639197,0.0111490155030763,60.016844974674434,35787299.125750974,-37483102.6831541,19311470.370302767,90160.89911339217,-1408.1754238552523,-2733.151537412776,1.46211183416193
2022-11-24 04:00:00.000000Z,2.3786839527415172e-05,42165377.35669608,0.1255352206526085,75.1830982623935,192.49027025296687,275.14952355989607,-0.0063508349953116,60.01530510912158,35787150.31053574,-42114028.182943344,-2076615.772026532,88040.32913493406,151.4921599217006,-3070.8875404209707,-2.0415266246621666
2022-11-24 06:00:00.000000Z,5.896173512789366e-05,42166912.36561552,0.1258952223249556,74.94295502447898,163.0957584836843,334.8658645755971,-0.0223631530402669,60.01485425475964,35786524.514934376,-35400391.46275193,-22905613.1935665,62039.54894998308,1670.3772323778032,-2581.42282225736,-5.017802961348394
2022-11-24 08:00:00.000000Z,7.802886123240381e-05,42167726.63482859,0.1267296224912596,74.7547921421643,159.12441372618204,9.108205483450137,-0.0327674090615212,60.01555553263441,35786340.82258813,-19150505.971312977,-37564623.63395157,19019.60996462132,2739.306608116261,-1396.5489433169937,-6.65796842502726
2022-11-24 10:00:00.000000Z,6.24705230872266e-05,42166934.41783191,0.1276755089707515,74.7762003359939,149.870728641426,48.42293860613388,-0.0348442771221825,60.01588274155314,35787049.214322194,2258068.5596930766,-42104669.38940518,-29492.57364081535,3070.27520860776,164.51917515153053,-6.505324240584144
2022-11-24 12:00:00.000000Z,4.144639705737115e-05,42165378.54309817,0.1116006097828639,71.6811149894139,113.27735768453188,118.19202665045134,-0.0196300320548624,60.01438658011504,35788067.10613918,23058111.73639312,-35303089.435621485,-64249.21783644203,2574.190072134641,1681.1975122462284,-3.730672413894998
2022-11-24 14:00:00.000000Z,4.6153288507826384e-05,42164637.7268433,0.1117125240579084,71.78707204787301,64.49512845285147,196.94744759190573,0.0014165672656628,60.011394106262,35788362.24444613,37646976.76610811,-18992424.52656605,-81298.86582000292,1384.768307856999,2744.997456546034,-0.8919083568252798
2022-11-24 16:00:00.000000Z,6.028995902539944e-05,42165299.11567014,0.111752612808559,71.68595015600127,29.27053418163875,262.3527165366776,0.022076263940147,60.0088065613438,35787500.26245923,42095257.79660979,2434007.2415638887,-76454.3475317669,-177.66030847788625,3069.456271706812,2.21018026726204
2022-11-24 18:00:00.000000Z,8.622843593614268e-05,42166631.46498041,0.1120817989591621,71.4704377953985,9.467603209221725,312.45287326102766,0.0369866494767594,60.008386595414215,35786040.08817673,35204306.15956704,23205000.942967195,-50870.75802252973,-1692.342125783044,2567.10713194769,4.734826516561737
2022-11-24 20:00:00.000000Z,0.0001037361854383,42167417.58414764,0.1127494723796533,71.32890186659512,5.159992009926016,346.98603271741933,0.0422657004457098,60.01027184408103,35785018.638389945,18829608.04625375,37725023.85269064,-11337.8490280888,-2751.216935751345,1373.1303782366135,5.994102706874127
2022-11-24 22:00:00.000000Z,9.37003587508103e-05,42166999.0084179,0.1134963969064838,71.37532412053487,5.034968459809956,17.149425520531697,0.0365458991403821,60.0129357547588,35785086.59014892,-2617836.0272558383,42081865.01062427,31536.378896165574,-3068.8997172463505,-190.82976672980385,5.640063813008819
2022-11-25 00:00:00.000000Z,6.269622110067219e-05,42165755.41206733,0.1139985954744544,71.56116443435911,359.1825730210353,52.899656816827886,0.0213425216835174,60.01447748650061,35786023.63610614,-23359819.52305867,35101722.0905205,66181.77851434458,-2559.7906125314285,-1703.3356030264267,3.75969703358264
2022-11-25 02:00:00.000000Z,3.147883952405243e-05,42164769.4298486,0.1141476011233615,71.71846794976553,336.7984534325957,105.20825287156325,0.0006471116626342,60.01411645891489,35786980.57861148,-37808581.85658738,18665512.53736232,83187.31394217726,-1361.1441160223492,-2756.9058939943943,0.851964894883361
2022-11-25 04:00:00.000000Z,1.2696566044105692e-05,42164954.44397079,0.1141730566596404,71.69444070161444,251.42163745469,220.6898104799139,-0.0201413558800071,60.01269001144302,35787223.373109624,-42072297.42853814,-2798811.3027374023,77843.10014028195,204.10437214406105,-3067.8189059248693,-2.3062101702410005
2022-11-25 06:00:00.000000Z,4.0785332639516216e-05,42166222.934544,0.1144944577075028,71.49900500544271,182.55744655382108,319.8306359141699,-0.0356482452413448,60.01175465957129,35786771.77179402,-35002642.656030335,-23509400.114354897,51423.68043842022,1714.3756770642717,-2552.362823961115,-4.867263027081244
2022-11-25 08:00:00.000000Z,6.862835295133551e-05,42167386.69144484,0.1153237912571373,71.33490148205163,176.6316827572693,356.00290081510866,-0.0419208159826151,60.01202465185044,35786362.86272543,-18503870.686956327,-37887355.39650928,10879.797493568103,2762.8523108481654,-1349.3395876608804,-6.137735668094441
2022-11-25 10:00:00.000000Z,6.526799328857727e-05,42167216.96705121,0.1163581023226621,71.40330227567948,173.45381878873405,29.195068780248864,-0.0374146290829454,60.01260201521177,35786677.38822477,2979549.529945921,-42059395.72685135,-32974.493827271894,3067.039038167935,217.1799511066617,-5.762776784918986
2022-11-25 12:00:00.000000Z,3.945637986555001e-05,42165870.90869591,0.1170544614136658,71.65728466131472,148.89736702275874,83.57901892949357,-0.023338142831441,60.01194904311012,35787547.78971873,23660175.482613444,-34901810.8681618,-68320.87902873316,2545.01445666983,1725.1444959123137,-3.826112804344413
2022-11-25 14:00:00.000000Z,3.4727422560618144e-05,42164758.55854887,0.1172457851542054,71.85515628381178,87.54356166513188,174.81483213614666,-0.0033230050972918,60.00968811910028,35788079.83953329,37967292.47087869,-18343043.13380525,-85519.43993565156,1337.4852788998603,2768.3715862434738,-0.8366373502739639
2022-11-25 16:00:00.000000Z,4.9207634732190736e-05,42164920.67777259,0.1172708482470126,71.83789245879849,45.39886432091913,247.0564261392088,0.0174822256789438,60.00717989067403,35787592.41489058,42047336.820226505,3156555.349446204,-79759.47988006166,-230.29943617535943,3065.935436339687,2.4039213656335434
2022-11-25 18:00:00.000000Z,7.430160843509066e-05,42166064.75433441,0.1175528173769532,71.67090674803171,21.501927167630395,301.2015883229763,0.0337093861895404,60.00628404026025,35786304.5351688,34801029.65025385,23806001.699528992,-52418.64462309415,-1736.133000871192,2537.6474742248865,5.018584046108988
2022-11-25 20:00:00.000000Z,9.776940518138874e-05,42167077.97568117,0.1182028775461341,71.54595885190865,15.012748471087328,337.8992571894095,0.0411589453608009,60.0076979142784,35785121.19636259,18179655.165849,38042612.47145082,-10733.261365725288,-2774.3693261157646,1325.6812153919336,6.295016384272429
2022-11-25 22:00:00.000000Z,9.834247410635528e-05,42167096.61100374,0.1189805886652439,71.59831984310019,15.592995544912878,7.35148971427964,0.0379106663559473,60.01041121987043,35784846.88449772,-3339437.473952,42030515.12386756,34132.63777022339,-3065.1907076976504,-243.50361060309743,5.880094933434316
2022-11-26 00:00:00.000000Z,7.473297747331808e-05,42166161.05951309,0.119542185099185,71.8040188738708,14.233812949518285,38.58928038169487,0.0248409265449545,60.01258539619038,35785560.87465923,-23958742.96630856,34695116.95666658,70092.5464757802,-2530.203741380376,-1747.0680419532082,3.87680499622116
2022-11-26 02:00:00.000000Z,4.3393540621646106e-05,42165090.068631954,0.1197349083483952,72.01326734227766,3.124349664989618,79.57204636156101,0.0053918768968287,60.01299667479113,35786621.81951946,-38123374.37353599,18012983.48354655,87399.59391252008,-1313.6251344700192,-2779.903816986048,0.8171014922304776
2022-11-26 04:00:00.000000Z,1.6562918778936353e-05,42164808.37288615,0.1197360093206914,72.07273030779201,329.4439137231279,143.27403892494726,-0.0153485869022453,60.01187491033137,35787231.1190101,-42017980.62427729,-3521500.5693202014,81280.26022125533,256.74452944938355,-3063.85649461308,-2.4813404538616326
2022-11-26 06:00:00.000000Z,2.1382477284589644e-05,42165608.05598013,0.1199431321476708,71.96061419503395,207.72843694389016,295.18242639145444,-0.032001264903198,60.0105334922189,35787087.41227745,-34593840.15030233,-24107458.167281836,53231.05062471317,1757.9282567909606,-2522.507906291105,-5.134416578334121
2022-11-26 08:00:00.000000Z,5.183378093964746e-05,42166810.45665552,0.1206358987888423,71.83595270351536,192.6860431669129,340.43119028105366,-0.0403094332512263,60.01011301892697,35786614.03347563,-17850800.358489014,-38199673.32581553,10638.944475602715,2785.5907577837293,-1301.6562153429122,-6.427145610988598
2022-11-26 10:00:00.000000Z,6.170605582952474e-05,42167219.687367246,0.1216355587673368,71.90634428716893,192.5853069738253,10.54403686969526,-0.0382224219799197,60.010487620063614,35786524.65414414,3701019.601472915,-42001903.63769739,-35161.44414355093,3062.864600291304,269.8560824103114,-6.002830187847204
2022-11-26 12:00:00.000000Z,4.1455299669252976e-05,42166346.149893485,0.106151270255278,68.33712069357574,188.54127458262005,48.23936431961617,-0.0174889382780188,60.01042841043708,35787044.89601868,24255836.55624141,-34489892.52145391,-65352.675777124015,2515.040707816259,1768.6518277300768,-3.1208950804214326
2022-11-26 14:00:00.000000Z,2.041613225521619e-05,42165113.30026002,0.1063732196577968,68.66468081844911,129.05925074440592,137.4746182019655,0.0076829887521126,60.0090734912931,35787610.71902506,38276600.89731739,-17687453.138931442,-78140.1159058225,1289.7476068147955,2790.9836399135,-0.345184664830595
2022-11-26 16:00:00.000000Z,3.40781367469069e-05,42164761.92839,0.1063617876804539,68.75322277380795,62.53490756253452,233.99053219102584,0.030572949695869,60.00704495778941,35787469.68108635,41986722.96413274,3879249.422548969,-70035.15402086684,-282.94254214004366,3061.5290576540574,2.549095297078312
2022-11-26 18:00:00.000000Z,5.880705116723113e-05,42165518.79584004,0.1065663766943476,68.64332679689628,35.82816716775663,290.888197625156,0.0452646510207691,60.00594307657525,35786497.580881104,34386703.31781248,24401007.989877123,-43037.51193572964,-1779.4715572864154,2507.406398635905,4.780792543274137
2022-11-26 20:00:00.000000Z,8.531855000421928e-05,42166560.685432464,0.1071435781479696,68.54732261772104,27.655599634975744,329.2397794994625,0.0480010088954095,60.00682909602589,35785332.15653223,17523262.05107215,38349620.58359913,-4270.246971287659,-2796.7216229165056,1277.7715381187509,5.741469308140585
2022-11-26 22:00:00.000000Z,9.548284111954996e-05,42166952.25650229,0.1078751268376072,68.63082578362376,28.48897635403807,358.4074830137359,0.0381621022996356,60.009285102321975,35784790.60037882,-4061091.793148059,41966876.3056858,35911.38875916002,-3060.5501017931297,-296.17892477096166,5.162998021704034
2022-11-27 00:00:00.000000Z,8.207681199218218e-05,42166432.369290754,0.108418015709095,68.88490246038673,30.07354179554172,26.653485293556027,0.0184289133633862,60.0117921190715,35785202.196084216,-24551326.907388117,34277909.35270511,66704.36479281966,-2499.8151475055224,-1790.3431091061384,3.1922625820381128
2022-11-27 02:00:00.000000Z,5.512125027517308e-05,42165492.92253895,0.1086021026295559,69.16016460616878,26.223234506528016,60.31180753112812,-0.0059320933947219,60.01292492652362,35786204.68984556,-38427196.77814774,17354420.00945896,79774.8555085279,-1265.6497711726497,-2802.1214798744973,0.3525099695121041
2022-11-27 04:00:00.000000Z,2.806008127244712e-05,42164914.81214698,0.1085650792319241,69.29600461555731,11.636356801734246,104.84440448743496,-0.0284787178711539,60.01234273287472,35787080.903718494,-41951022.95391517,-4244073.446997477,71513.07781544284,309.38307922522347,-3059.004268320013,-2.5975780011346514
2022-11-27 06:00:00.000000Z,8.035411544805835e-06,42165190.269816265,0.1086586931774932,69.25452338107318,288.5077472439536,218.0951687334671,-0.043314380775704,60.010884366887176,35787319.923715204,-34174093.48418703,-24699294.599551983,44015.6380634825,1801.0199635928498,-2491.884774539464,-4.868038752604756
2022-11-27 08:00:00.000000Z,3.145466253263458e-05,42166135.933335416,0.109169084814804,69.17526393243949,217.1518145617437,319.6113793344056,-0.0466517688253188,60.00977790946505,35786988.71456485,-17191462.335855138,-38501317.21786107,4536.210465929875,2807.519028366202,-1253.5348234733176,-5.848995427830173
2022-11-27 10:00:00.000000Z,5.101320752923522e-05,42166898.19276628,0.1100122035829159,69.2727425304006,215.3194741669193,351.4281601283687,-0.0377895371415244,60.00956944282116,35786634.15883967,4422299.182313633,-41932205.622889005,-36436.75085950756,3057.750419144289,322.5078378800319,-5.271952929544664
2022-11-27 12:00:00.000000Z,4.4994762635953103e-05,42166655.26728509,0.1107375425295149,69.60583458119861,217.2089860618088,19.287793945202814,-0.0192339552804935,60.00967045150482,35786727.473434776,24844877.64337356,-34067627.346802704,-67953.70204812128,2484.2678213860363,1811.6796216748755,-3.280279533540696
2022-11-27 14:00:00.000000Z,1.8061295792971336e-05,42165616.80886362,0.1109970197308129,69.97891867402832,203.7351990854135,62.47007145812387,0.0040403696793717,60.00910151685315,35787127.79344863,38574745.566329576,-17026212.624762982,-81506.0856216275,1241.574624335274,2812.802944584894,-0.3943003752228317
2022-11-27 16:00:00.000000Z,1.5642899023305776e-05,42164883.49263574,0.1109503611507061,70.15632549514032,71.99160708302912,224.1170543505247,0.0259315648711823,60.00775782310228,35787220.017829016,41913471.46478019,4601398.277074849,-73319.4337136851,-335.55237381790715,3056.232990129773,2.620177080279018
2022-11-27 18:00:00.000000Z,4.112957622910463e-05,42165134.17106752,0.1110375436106725,70.11938540349188,43.91802680594496,282.3086327889125,0.0407785156725158,60.00668323970255,35786627.41392831,33961663.32254364,24989412.119058598,-45425.55547102847,-1822.320224833836,2476.410454966546,4.953163710320498
2022-11-27 20:00:00.000000Z,9.903744877891066e-05,42165986.68797154,0.1114800572558672,70.04882242878669,42.48753026156699,313.8926686991787,0.0447952053631195,60.00753371221032,35784954.217105605,16860375.66467159,38645232.11862739,-5179.404664949035,-2818.342132148732,1229.3647462097454,5.97071740523284
2022-11-27 22:00:00.000000Z,0.0001162246915911,42166603.99985137,0.112118238778612,70.11707549480457,42.372895069049314,344.0244629624236,0.0370382751818149,60.01081822651447,35783755.43745238,-4783380.656386837,41889653.82027382,36680.64214922297,-3055.045006593257,-348.95937702583217,5.389615472194588
2022-11-28 00:00:00.000000Z,0.0001142851637663,42166513.24745419,0.1126271571544054,70.34367815281963,45.175225873787205,11.082011514276376,0.0196508237085338,60.01516430871349,35783647.08247988,-25138381.51787933,33847792.572121546,68916.3426722188,-2468.606975316004,-1833.3298286703523,3.3575701599705816
2022-11-28 02:00:00.000000Z,9.565216287096364e-05,42165871.80439144,0.1128145475565111,70.61048542003819,46.84420297511016,39.2319147840842,-0.002706597314724,60.018709358380384,35784610.52037416,-38720245.45474048,16686312.076370656,82823.16958833444,-1217.0642533326131,-2823.704747398186,0.4146668823956763
2022-11-28 04:00:00.000000Z,7.079866127070659e-05,42165210.97731326,0.1127637677695228,70.77489718392512,45.40050672066327,70.5948138168715,-0.0240999254337682,60.02018269827984,35786081.957344666,-41870135.185246415,-4970671.602852934,74587.87091020503,362.26265098211167,-3053.277717517996,-2.6519075901681486
2022-11-28 06:00:00.000000Z,4.61003524253426e-05,42165042.89028319,0.1127634574853809,70.78660339123714,42.713727820646696,103.35130840702756,-0.0389069641065429,60.01947135460606,35787354.68516011,-33740410.5201027,-25288559.468307786,46326.82562933455,1843.8583989091403,-2460.3452417362555,-5.02026533397301
2022-11-28 08:00:00.000000Z,2.0351453095099897e-05,42165548.57789594,0.1130840467182412,70.73935110187782,42.312476211510784,133.879901551582,-0.0433137741896507,60.017433976684295,35788006.39311346,-16521857.156043034,-38794482.251904525,5526.546364429582,2828.696568573896,-1204.7397767621867,-6.054833211004096
2022-11-28 10:00:00.000000Z,3.824801545537558e-06,42166359.11470722,0.1137268151595511,70.80991918450431,249.18124486569369,317.02040899825136,-0.0363132078683384,60.01515034152196,35788104.13258565,5147190.959427405,-41850889.4782946,-36954.453866286,3051.5894988986147,375.3242636896686,-5.475676764120209
2022-11-28 12:00:00.000000Z,1.2868516254900287e-05,42166679.33413204,0.1143575603973907,71.08838557266932,251.38002611176643,344.6232668291909,-0.0199278853041516,60.01312029308429,35788019.137795605,25430011.568019304,-33634719.656665176,-69774.54642112835,2452.516697667312,1854.2806487031587,-3.4312628162494896
2022-11-28 14:00:00.000000Z,6.349995189992348e-06,42166099.87585126,0.1146181557824733,71.45002742496477,350.167120647161,275.55470043727,0.0013967123782577,60.01114828676096,35787936.95660768,38863236.93191423,-16359081.04019423,-84116.62912505731,1192.8263036044898,2833.774654131078,-0.4587899724209222
2022-11-28 16:00:00.000000Z,2.9763113216015972e-05,42165235.14000463,0.1145517008992567,71.6740077501647,49.03772541527566,246.5402493709504,0.0220205098506339,60.00914130893127,35787597.72071069,41828361.23735146,5322743.496892908,-76040.35507676267,-388.19572632641,3049.9785025936376,2.6540627976555604
2022-11-28 18:00:00.000000Z,5.549771054935867e-05,42164981.28784599,0.1145395636455366,71.69475879112538,51.41040614978807,274.22761681768293,0.0365847481404173,60.00780676394135,35786671.66073932,33526317.2559268,25570586.158265788,-47575.63588299442,-1864.7275964260728,2444.6258210218293,5.074048789640077
2022-11-28 20:00:00.000000Z,8.032745235814499e-05,42165465.20535788,0.1148388841528124,71.64907165473525,48.83182876297188,306.9344271209838,0.0413691853517475,60.00822506561399,35785292.76557162,16192789.07729568,38930044.33124803,-6238.909059623467,-2839.0369996792665,1180.6727378920457,6.14600307383579
2022-11-28 22:00:00.000000Z,0.0001011379757282,42166115.55311245,0.1153500425981927,71.70040342610608,49.52532870944262,336.2743035274076,0.0352300112130892,60.010805035046666,35784074.32988175,-5503263.611283537,41801492.6573662,36943.01769003696,-3048.54596494923,-401.47927955745536,5.573284919839879
2022-11-29 00:00:00.000000Z,0.0001088387608026,42166378.39461656,0.1157860692220201,71.88613375332653,53.18470788945383,2.515302126661229,0.0198873664679014,60.01477819559488,35783656.481510594,-25716667.64244228,33410550.43824913,70385.66796208167,-2436.68168050733,-1875.5440840913664,3.501734922865545
2022-11-29 02:00:00.000000Z,0.0001005230140474,42166121.37748896,0.1159562172454948,72.11662963461566,56.68976367455136,28.86571120215877,-0.0005319141004133,60.018597899955296,35784272.251564965,-39001194.94196433,16017749.83216818,85072.37664393403,-1168.296924482684,-2844.265068584624,0.482541352799231
2022-11-29 04:00:00.000000Z,8.163227286134204e-05,42165574.22284565,0.1159070217205592,72.27301885934749,57.07804997874109,58.40537132361394,-0.0205918184292331,60.02079298418748,35785633.699558765,-41777928.94357769,-5690543.383813747,76997.11019657203,414.759642868322,-3046.6368022292354,-2.67579416835762
2022-11-29 06:00:00.000000Z,5.999532821632108e-05,42165125.53245956,0.1158635196428102,72.30693815052292,52.54039996202263,92.99113422015829,-0.0349964682726679,60.02069108841081,35787120.39297369,-33299682.449042294,-25865764.06020594,48256.80700900409,1885.934044551827,-2428.268476729344,-5.125717327201502
2022-11-29 08:00:00.000000Z,3.87578909131793e-05,42165150.72857208,0.1160487358711327,72.28107016276066,42.94242233368988,132.6950944075872,-0.0400007585410853,60.01867763761661,35788121.8723626,-15851288.72461387,-39073392.35310823,6496.418521313737,2848.988780364609,-1155.8729464290836,-6.2092208994793285
2022-11-29 10:00:00.000000Z,1.8691990921108912e-05,42165740.68372774,0.1164956963427329,72.3278314018639,15.131401120210151,190.5386849912412,-0.0343995351729076,60.01587987363378,35788378.55757154,5866891.0679806685,-41756355.72581123,-37139.12438117441,3044.6336756910846,427.7956321632672,-5.634277624211622
2022-11-29 12:00:00.000000Z,1.786571166665755e-05,42166410.77103832,0.1169800875573701,72.53487056393915,312.88991202902844,282.6527709408107,-0.0198224016916452,60.013381209713614,35788108.7492293,26005015.649526782,-33192264.196515907,-70985.53144952924,2420.209412597247,1896.227847340104,-3.551584524418374
2022-11-29 14:00:00.000000Z,2.134471934791988e-05,42166411.27749354,0.1172028263420356,72.83494671991414,317.3072212616665,308.015667283139,-0.0002501359508459,60.011522327728166,35787719.957724094,39138782.25407072,-15687824.147040635,-85966.15137876189,1143.866564614816,2853.918309983765,-0.5127312665615508
2022-11-29 16:00:00.000000Z,2.218405933704768e-05,42165704.16198628,0.1171357043704847,73.05180957424048,9.98562029404991,285.20109274666964,0.0190960664263764,60.01006932877105,35787321.87435758,41730239.746422745,6042096.277570124,-78007.46123392726,-440.638565603788,3042.8820495220366,2.6751510361818616
2022-11-29 18:00:00.000000Z,3.8851143365548665e-05,42165076.61289171,0.1170709060027097,73.1008180593138,45.90097354449329,279.31786608005524,0.0331488207226034,60.009070037763394,35786674.32081972,33080931.639240094,26144231.86213834,-49146.07805880513,-1906.516526551818,2412.181263040036,5.160051971426974
2022-11-29 20:00:00.000000Z,6.0532740565629696e-05,42165093.57988458,0.1172557256169505,73.07440544847461,54.4958673412003,300.8316082726339,0.0382937967360713,60.00916476871364,35785648.344061054,15520230.66668886,39203407.81592291,-7029.074896582717,-2858.8938808529047,1131.636271111327,6.271523334307049
2022-11-29 22:00:00.000000Z,8.195012035699409e-05,42165585.7574797,0.1176366783215701,73.1110642262046,57.93843255401256,327.43629451977864,0.0332773622448311,60.01094626924418,35784536.43086034,-6221662.285310375,41701085.986687504,37096.75401860835,-3041.133579149281,-453.8691307843426,5.703880701442561
2022-11-30 00:00:00.000000Z,9.686441888951712e-05,42166065.41048666,0.1179771944498273,73.25152934008379,62.59139930336109,352.72828789685707,0.0195154424869689,60.0142371567694,35783876.86573312,-26287393.29990659,32963665.90244385,71391.69222392273,-2404.023046468282,-1917.1819680218368,3.6025206730833594
2022-11-30 02:00:00.000000Z,9.917129200635387e-05,42166195.24747997,0.1181125712811285,73.4280410280466,67.64439634130389,17.58467815757169,0.0007147619630128,60.0179963344762,35784071.937055334,-39270600.37932448,15344846.244799746,86614.21641028624,-1119.182051603616,-2863.965671395377,0.5273935294163519
2022-11-30 04:00:00.000000Z,8.830550882601222e-05,42165904.115219325,0.1180755890231758,73.54766145714378,70.28561546132303,44.908787068760994,-0.0181102638386015,60.02080497276554,35785129.86623246,-41673360.42945519,-6408269.765268638,78624.3328520771,467.134288632604,-3039.096362497001,-2.697052063194417
2022-11-30 06:00:00.000000Z,6.97698212983398e-05,42165364.14851794,0.1180383267484115,73.57540769169205,66.87448860001345,78.37506078836573,-0.0319711231082147,60.02156364392234,35786634.158852026,-32849046.529798124,-26434931.752794325,49513.903393524095,1927.4682630732432,-2395.4898917308824,-5.2042656127207945
2022-11-30 08:00:00.000000Z,5.125611751779231e-05,42164978.89959516,0.1181599959718994,73.55861300551553,55.14758004102337,120.19940073119452,-0.0372329679798603,60.020071346955206,35787928.93962072,-15175801.438700397,-39340464.117710665,7054.160680870758,2868.466302472808,-1106.6738490900716,-6.319664370646811
2022-11-30 10:00:00.000000Z,3.4353553236953334e-05,42165184.751248665,0.118460479883437,73.58876604684545,33.9219640002113,171.4741022400512,-0.032578254489101,60.01718096137761,35788480.273262165,6585249.714757653,-41649210.07555497,-37389.36824210122,3036.790174485859,480.1429844895579,-5.742379104549977
2022-11-30 12:00:00.000000Z,2.5535681756242198e-05,42165931.94523496,0.1187913120629435,73.72700441819643,349.6309942043282,245.70606425329692,-0.0193440095150544,60.01427738628821,35788237.91320572,26572711.160125576,-32739716.310942773,-71906.85322126567,2387.171035160622,1937.612528275635,-3.6253522033284655
2022-11-30 14:00:00.000000Z,3.177616278842055e-05,42166463.25660041,0.1189491568366703,73.93603365159963,324.3087680294665,300.89941390768115,-0.0011372962581077,60.012290584604095,35787638.14905471,39402965.19227197,-15011706.04834586,-87232.41709205664,1094.5403630446408,2873.2055520647864,-0.5330412555023528
2022-11-30 16:00:00.000000Z,2.9767124752437145e-05,42166149.62666434,0.1188982255820204,74.09631483027218,339.18702427987165,315.9419053069293,0.017163151921791,60.01117975909262,35787110.60487718,41619791.68339645,6759790.684940495,-79218.34187076737,-492.9766111959374,3034.874295159076,2.709603118462409
2022-11-30 18:00:00.000000Z,2.7735173765922496e-05,42165368.22860383,0.1188406243390712,74.13763420668408,24.95178085755544,300.2173215337469,0.0307234532748347,60.0105373704364,35786642.64135397,32625611.83693308,26710215.252226517,-49951.299231500176,-1947.761930472652,2379.0178604303924,5.234864403800222
2022-11-30 20:00:00.000000Z,4.136607398422808e-05,42164926.21560802,0.1189687015574236,74.12000082761855,57.47678677805226,297.79198794296383,0.0360165102824009,60.0104469333001,35785975.912939124,14842815.440224174,39465214.99606913,-7221.211636556822,-2877.915865909769,1082.2613266013905,6.362537216650751
2022-11-30 22:00:00.000000Z,6.12234332064917e-05,42165108.80214506,0.1192456850327655,74.14617021390903,68.19704597473627,317.1286893240981,0.0317178853249784,60.011447731867136,35785079.80169294,-6938508.74589004,41588370.22395797,37536.83040663193,-3032.816893373086,-506.1233069743637,5.78413941549198
2022-12-01 00:00:00.000000Z,8.065384346023571e-05,42165640.29871563,0.1194884103248722,74.24449090781668,74.27854636590679,341.0333976264039,0.0190325485466706,60.01384312898894,35784287.08787552,-26850558.84335501,32507111.026052795,72300.11637710888,-2370.6403165336865,-1958.238592301681,3.6492518640968137
2022-12-01 02:00:00.000000Z,9.267647300383436e-05,42166092.21830519,0.1195791171377783,74.3597078128178,80.22840732464488,5.053812911812661,0.001370179033436,60.01719733430149,35784062.602777906,-39528526.30676767,14667617.14462744,87696.39254476328,-1069.7287745171045,-2882.798860184399,0.5278698059311289
2022-12-01 04:00:00.000000Z,9.135865745810714e-05,42166131.478963904,0.1195606916516698,74.4245037508829,84.66580775319429,30.636934958155376,-0.0165578740100455,60.02037654623709,35784679.86828155,-41556571.97650263,-7123771.812886097,79541.42152291074,519.3736483362984,-3030.6475680371423,-2.742076256689632
2022-12-01 06:00:00.000000Z,7.709815297088445e-05,42165669.10091176,0.119568000719764,74.42491238164529,83.5571857878449,61.82896320567243,-0.0299890962196175,60.02205694547038,35785997.14744617,-32388748.14987756,-26995938.638339788,49982.29611382535,1968.4465853424847,-2362.0069808757826,-5.280513903589455
2022-12-01 08:00:00.000000Z,5.894955491264992e-05,42165011.834978096,0.11969443783133,74.40595434483944,72.15977367293968,103.32687323666124,-0.035375994066871,60.02146727084092,35787447.65247489,-14495718.163743392,-39595588.58343871,6931.649396732236,2887.1240199484705,-1057.1485007174058,-6.403053023022621
2022-12-01 10:00:00.000000Z,4.418692794015407e-05,42164785.94605489,0.1199172686612184,74.42729845563304,51.285040962167855,154.25988924732,-0.0313275392548629,60.0189654526062,35788327.196619906,7301962.807298985,-41529394.32746051,-38056.04080938275,3028.069241592721,532.3598471877665,-5.805839921934486
2022-12-01 12:00:00.000000Z,3.2280035031642595e-05,42165366.99229523,0.1201244437254776,74.51231934440095,16.46568470905613,219.0733132958892,-0.0189723599365567,60.01592031226728,35788286.65328142,27132901.0816292,-32277045.238927264,-72890.66861396816,2353.418870266222,1978.4334233679735,-3.647314704534477
2022-12-01 14:00:00.000000Z,3.615729601045075e-05,42166251.32549143,0.1202112968753864,74.62554558760758,336.74529794144127,288.7604228918228,-0.0016455375747404,60.01373064271536,35787623.94118743,39655701.37904929,-14330700.104826473,-88195.17605467472,1044.860454714725,2891.635223994192,-0.5052618803225959
2022-12-01 16:00:00.000000Z,3.979110434953751e-05,42166448.847352654,0.1201893856387594,74.69769689325375,331.81383146235305,323.70091646133886,0.016016905992308,60.012769944784615,35786959.58331505,41496999.321073845,7475830.742024146,-79823.57509591764,-545.2038596660739,3025.950280292372,2.7783217499524344
2022-12-01 18:00:00.000000Z,2.8567066717175946e-05,42165762.626811184,0.1201967974441139,74.6988856888264,354.47152333617584,331.123862309866,0.0293244981080251,60.01246187173437,35786570.83933596,32160363.304642107,27268500.52447988,-49979.64898203412,-1988.4634077694477,2345.130165452368,5.3218614218037255
2022-12-01 20:00:00.000000Z,2.4972712048705e-05,42164967.383576505,0.1203392290985469,74.6776926008436,50.3415805707723,305.35701537911245,0.0347728403495953,60.01234933738344,35786221.05026095,14160530.508643908,39715392.74291067,-6642.1601883678295,-2896.108339076241,1032.5425504806176,6.439604764832433
2022-12-01 22:00:00.000000Z,4.125268842160629e-05,42164755.14713893,0.1205603544387875,74.69828601502029,80.6100604622949,305.1504308859269,0.0309531436529234,60.01270880274521,35785616.683590084,-7653865.07869058,41463224.50992931,38558.55242316392,-3023.603058143143,-558.2500516525806,5.826662367026192
2022-12-02 00:00:00.000000Z,6.308295324599932e-05,42165177.87680577,0.1207226665178586,74.76324724231424,89.21602615722097,326.56306904819263,0.0189100575572171,60.01414017890683,35784821.15731336,-27406262.276559785,32040699.6237834,73457.65010624615,-2336.535449411991,-1998.722806598724,3.6432776023954734
2022-12-02 02:00:00.000000Z,8.294178431625118e-05,42165841.49528525,0.1207690729350081,74.81940226564025,94.82008703880317,350.9876628228523,0.0018610433590962,60.01681139293674,35784250.35363477,-39775061.194523074,13985834.210266383,88632.78699840959,-1019.9332929688068,-2900.7662167595545,0.4737146904737294
2022-12-02 04:00:00.000000Z,9.161773971842376e-05,42166221.85385894,0.1207735356745677,74.82253678957404,99.85142212123192,16.038568429479003,-0.015654880520271,60.020047716427534,35784372.02493535,-41427627.00493211,-7837250.488081295,79954.17927425599,571.4793544232856,-3021.281654928563,-2.829952111288893
2022-12-02 06:00:00.000000Z,8.35031630943934e-05,42165963.925528616,0.12085067569438,74.78373948428828,100.980094517652,45.03330700417285,-0.0289806063764123,60.02252678755046,35785338.51468175,-31918866.596650537,-27548904.711063687,49713.40875778959,2008.8629434267757,-2327.807771889341,-5.377309649477805
2022-12-02 08:00:00.000000Z,6.495202946277534e-05,42165192.61674709,0.1210343336598438,74.75510311208043,91.99879475379922,84.12587082902567,-0.0345783474243041,60.023024623132585,35786775.15914206,-13811175.89100338,-39838815.25599366,6019.940442295613,2904.9536871876085,-1007.2900342416656,-6.480138571323867
2022-12-02 10:00:00.000000Z,4.95093505605253e-05,42164570.38954155,0.1046293839345381,71.28620376570086,73.91625179735112,135.75771865279108,-0.0292619379266365,60.0213067955124,35787928.85033007,8016858.993479277,-41396927.75501502,-38120.204406391655,3018.471564133772,584.4484097793071,-4.878283633896502
2022-12-02 12:00:00.000000Z,3.714123126725419e-05,42164825.20219349,0.1047560279939329,71.35232380659532,43.00075023623926,196.6863841223289,-0.0086658433780667,60.01845131021507,35788188.30608105,27685450.154939294,-31804251.446141757,-66554.08379171178,2318.961197130599,2018.6941413241432,-2.837123905779853
2022-12-02 14:00:00.000000Z,3.6317023523111815e-05,42165828.65256168,0.1047817631171632,71.39302174391482,356.5635288442288,273.1627191324184,0.0141979688899634,60.01612022683019,35787607.1117349,39896917.59944903,-13644779.08603191,-77111.23151535784,994.8344925805008,2909.210376351557,-0.0266610161815531
2022-12-02 16:00:00.000000Z,4.626920586581975e-05,42166519.69444378,0.1047998850713076,71.36790744546558,337.6188591264116,322.2137041276809,0.033230445245304,60.01518387798307,35786840.78034026,41361827.0582109,8190246.449363119,-66903.78878020652,-597.3176627151677,3016.1072600968214,2.7978512585872943
2022-12-02 18:00:00.000000Z,3.817582284466607e-05,42166141.654931225,0.104921692279123,71.30454558662407,343.3999267870319,346.5781235865988,0.0433690390758176,60.015180310108846,35786438.902644634,31685151.78516352,27819078.41630029,-38632.08921081718,-2028.6231916047748,2310.510518730772,4.875085654727654
2022-12-02 20:00:00.000000Z,1.7871553141233814e-05,42165167.79420261,0.1051499362587357,71.27207078825725,19.255069702591687,340.837638873172,0.0419311943142304,60.01523811426685,35786319.000070065,13473308.694694877,39953864.6643898,125.20732118409752,-2913.4778741287464,982.4688023131916,5.642672801307693
2022-12-02 22:00:00.000000Z,2.3564514939713903e-05,42164553.04662709,0.1053704724546386,71.30336073714768,97.51896633052556,292.6245670295634,0.0293198200177221,60.01522202712953,35786033.80805816,-8367849.851647851,41325474.85568895,38939.3405265994,-3013.498343298699,-610.2655074341048,4.88979121116065
2022-12-03 00:00:00.000000Z,4.687991485533223e-05,42164735.75943663,0.1054783373246563,71.35858661399547,111.50457218011202,308.6664552395841,0.0089084109695673,60.01580269451271,35785363.70268054,-27954640.19379038,31564130.731411543,67336.9701368253,-2301.7058382046293,-2038.6524778849032,2.8153763453611416
2022-12-03 02:00:00.000000Z,7.202382905099101e-05,42165478.46528498,0.1054895654979908,71.36847131107218,114.7140617873132,335.5310774315715,-0.013859842699326,60.017656663548806,35784577.26745229,-40010280.75197806,13299093.297458116,77626.71569199568,-969.7819381076672,-2917.876589300381,-0.0243899973378081
2022-12-03 04:00:00.000000Z,8.973500862465865e-05,42166158.33852793,0.1055268311246917,71.30669184218924,118.61530688104176,1.776753740225462,-0.0329210115839631,60.02066123727778,35784239.383818164,-41286488.42209659,-8549115.085771058,66983.27656562893,623.4667905797177,-3010.990816686505,-2.865105955739939
2022-12-03 06:00:00.000000Z,8.933861780636017e-05,42166182.06372898,0.1056958945619775,71.2194719549983,121.02563810502504,29.538810059252302,-0.0432050478016108,60.02369997051326,35784767.56185814,-31439285.804218665,-28094134.03346129,38224.34166454167,2048.722506795488,-2292.8726293155387,-4.939895361112161
2022-12-03 08:00:00.000000Z,7.178378938089176e-05,42165444.03359249,0.105974135988675,71.18125874022896,115.46525738839314,65.22109981454248,-0.0419853347903433,60.0252701872765,35786038.28226887,-13122066.415716782,-40070301.32625597,-934.1955424493316,2921.948844303378,-957.0791679102522,-5.68656225065942
2022-12-03 10:00:00.000000Z,5.2806285532687896e-05,42164547.66010458,0.1062240825018191,71.21746231574332,95.47539897103913,115.25617958390374,-0.0295993430785257,60.0245644245726,35787360.56478377,8729978.69599422,-41251849.17733339,-39947.76353623533,3007.983617290636,636.4232769212833,-4.899812374968901
2022-12-03 12:00:00.000000Z,3.976401031002246e-05,42164409.20890287,0.1063301092269096,71.27095926566396,65.11670456138768,175.64116135487683,-0.0093480118062174,60.0222096334767,35787943.98563161,28230316.478529435,-31321285.9730245,-68279.99015882141,2283.789144686325,2058.4049097758875,-2.7872777207914203
2022-12-03 14:00:00.000000Z,3.416574120570711e-05,42165313.00370859,0.1063304641535946,71.25275315103612,16.383610424923457,254.47227170658357,0.0133912587175899,60.01987726462989,35787561.61701825,40126526.87309177,-12953835.68268294,-78243.03202390733,944.458466001218,2925.9363757753813,0.0854187462678508
2022-12-03 16:00:00.000000Z,4.798872922959e-05,42166370.23021196,0.1063988395330688,71.13878950150757,344.4430379262568,316.6079459338356,0.0325919135930667,60.01887790437286,35786762.7669921,41214174.029432565,8903152.869423727,-67080.800928946,-649.3176987458675,3005.341669063119,2.945239139840961
2022-12-03 18:00:00.000000Z,4.8363026643927534e-05,42166428.29707258,0.1066553219206604,71.00893056628111,341.84553150487784,349.4176446227904,0.0431661595190149,60.019082225069184,35786286.69420316,31199896.81566667,28362010.491345435,-37736.242780797744,-2068.2360888232383,2275.1486728658742,5.018650207682715
2022-12-03 20:00:00.000000Z,2.5549673141822822e-05,42165482.10885461,0.1070182682659596,70.960718664376,350.59909353215045,10.794759918005202,0.0423041513559356,60.019422124854415,35786286.86897005,12781115.790363165,40180613.66760146,1915.7235959051256,-2930.017682804193,932.0291854495496,5.741267901936756
2022-12-03 22:00:00.000000Z,8.388697863000413e-06,42164531.21435956,0.1072974384387107,71.00158845398562,105.01306472043782,286.4219367064252,0.0302205068739615,60.0193094740948,35786294.22192772,-9080453.276235964,41175028.017276704,41180.61319158277,-3002.497603787994,-662.1801120803185,4.9127869294606255
2022-12-04 00:00:00.000000Z,3.3624731849515284e-05,42164386.59156031,0.107395689844277,71.05073369681666,134.84230309573184,286.6256480628873,0.010106488392006,60.019265568885935,35785843.90098394,-28495647.25195588,31077235.269186728,69433.98515256544,-2266.146269024795,-2078.037899208655,2.7526336736266157
2022-12-04 02:00:00.000000Z,6.140239571629073e-05,42165073.8470885,0.1073920659610502,71.02394549044016,132.78317666507115,318.79473894164465,-0.0127096029840167,60.02029923616607,35784988.90605315,-40234094.63465309,12607163.610010728,78998.236665164,-919.2675680183156,-2934.135750374745,-0.1589297807582868
2022-12-04 04:00:00.000000Z,8.600342451898496e-05,42165973.575364165,0.1074627394553599,70.91089655561031,133.68146723906955,348.0941729622888,-0.0321750040743495,60.02283712124908,35784288.16216555,-41133019.551622815,-9259604.644916257,67226.28756984074,675.3404422660269,-2999.77124343363,-3.03702293383798
2022-12-04 06:00:00.000000Z,9.387441176589604e-05,42166306.255077146,0.1077200095444284,70.78551421759718,136.1310752295195,15.855365734351723,-0.0431224876243325,60.026126265111,35784361.499398954,-30949869.49297733,-28631808.72610637,37230.79949623781,2088.019815238033,-2257.190809578521,-5.103559246424548
2022-12-04 08:00:00.000000Z,7.971933183634802e-05,42165722.07560554,0.1081035986668136,70.73860706990779,133.70685775153572,48.41107810862838,-0.0426466659371378,60.028588507855424,35785353.68661794,-12428331.532930903,-40290154.03976738,-2939.9847844517108,2938.094279282029,-906.5073849287196,-5.797403636072348
2022-12-04 10:00:00.000000Z,5.701508953406775e-05,42164672.18243582,0.1084264571582695,70.78856705657596,117.67615417631532,94.4743104303399,-0.030874322101608,60.02894704217434,35786722.595250815,9441268.72031769,-41094233.49034946,-42461.23373702368,2996.594594902498,688.2837950400333,-4.926360828812793
2022-12-04 12:00:00.000000Z,4.135783367476666e-05,42164153.359527566,0.1085510036775065,70.85227170636158,87.47140260641244,154.6958413241747,-0.0109211484695824,60.02729229961462,35787592.84849228,28767397.53831867,-30828243.89816721,-70644.30718878277,2247.9007135671613,2097.562028490541,-2.7197134131429026
2022-12-04 14:00:00.000000Z,3.1985390417960256e-05,42164794.78286208,0.1085466897005615,70.81400630712432,39.566406622131176,232.71905805377617,0.0119456677722638,60.025105048566665,35787474.6703395,40344445.43896098,-12257983.463822836,-79819.03931657209,893.738992873311,2941.8121687313733,0.2324302956260727
2022-12-04 16:00:00.000000Z,4.588976853081209e-05,42166032.15208626,0.1086562636751934,70.64818721258669,354.9096854735378,307.62263705257595,0.0317021687933246,60.02400581528506,35786713.87284228,41054021.8382648,9614436.786528392,-67414.83175639817,-701.1931564474271,2993.654146926751,3.1358636078929685
2022-12-04 18:00:00.000000Z,5.5815747401682936e-05,42166549.3775581,0.1090372048098532,70.46885806119151,346.5743476967619,346.2197442059078,0.0431436599122813,60.024316603494,35786126.56853566,30704662.101035684,28897188.456720483,-36685.3538762091,-2107.2907841099745,2239.045467300244,5.204095822309776
2022-12-04 20:00:00.000000Z,3.827471743240938e-05,42165820.53004147,0.1095556412660278,70.40888656385724,347.993472735858,14.943407077389107,0.0432392757346032,60.02500766443546,35786124.23318814,12084084.694426738,40395541.88708222,4130.757409904298,-2945.720693913606,881.225796854183,5.871457944842257
2022-12-04 22:00:00.000000Z,6.32249818852829e-06,42164659.493861735,0.1099358414131125,70.46853756786838,344.8003965819081,48.159043961126514,0.0319314045182282,60.02508963832805,35786344.66932357,-9791518.082168348,41011800.13402462,44014.741967472495,-2990.6010063879216,-713.9928256451458,4.949998319182338
2022-12-05 00:00:00.000000Z,2.3223005660059228e-05,42164157.38927565,0.1100596551545137,70.53167594568225,161.1870543429855,261.79105232625994,0.0121705903460842,60.02475578066057,35786160.17849216,-29029143.16401241,30579921.480842143,72151.67255173407,-2229.8600866167485,-2116.8825149669974,2.6832041280776138
2022-12-05 02:00:00.000000Z,5.164504703050779e-05,42164668.2967244,0.1100547545027103,70.49311546699631,151.1570385280716,301.94214545290333,-0.0108448196851527,60.02512984367882,35785379.13159458,-40446376.69878241,11909918.744849186,80869.93315006896,-868.390051255526,-2949.5488113204724,-0.3195630977418166
2022-12-05 04:00:00.000000Z,8.045121712201093e-05,42165684.60929236,0.1101538289510453,70.35040785083234,147.75020100525327,335.57580178206695,-0.0310368363427772,60.02710248231912,35784458.86646093,-40967079.35469748,-9968867.110749362,67729.94116273778,727.1035083190869,-2987.622809582535,-3.247955641780469
2022-12-05 06:00:00.000000Z,9.603704742149389e-05,42166309.8513953,0.1104876789007932,70.19996148869699,149.22322326510695,4.338623514616114,-0.0430607500076093,60.03037021375305,35784134.93779331,-30450463.508342557,-29162049.57944837,36199.3581367408,2126.7540273343184,-2220.755428349265,-5.309353679091566
2022-12-05 08:00:00.000000Z,0.0001196253647343,42167332.716026485,0.1109724744681891,70.1494214309822,153.66629808495128,30.031818988215186,-0.0437289100292576,60.03397509080227,35784828.50181628,-11729499.408203892,-40498573.73722317,-5267.201751186665,2953.425861695288,-855.5841227470911,-5.943121242544368
2022-12-05 10:00:00.000000Z,9.3627917929767e-05,42166281.59452725,0.1113804498156101,70.21756119323814,148.13032536198145,65.58333034135109,-0.0328589074508793,60.03552404659773,35786512.33714234,10151388.216078918,-40924380.27203374,-45494.71483750759,2984.3196953506604,740.002940880859,-4.972149056685344
2022-12-05 12:00:00.000000Z,6.72585905794552e-05,42165453.81603152,0.1115473882775905,70.30690863471462,134.72683730453838,108.97821596975388,-0.013315748565607,60.03413093244676,35788238.93473777,29297490.44748857,-30325812.37495322,-73597.90036332552,2211.3308310706257,2136.081055453673,-2.6519748568136494
2022-12-05 14:00:00.000000Z,4.004620350384626e-05,42165746.0138147,0.1115521029872766,70.28193206266397,118.85670669733436,154.95201799263435,0.0097600892183713,60.03068294877358,35789138.775587425,40552051.60889208,-11558700.02714764,-81916.26469089114,842.8178368284355,2956.713267349545,0.3975159148784776
2022-12-05 16:00:00.000000Z,1.5721865008427985e-05,42166969.93881366,0.111684456348525,70.10521692462912,58.73724733627517,245.3266036082828,0.0303159522592237,60.02695517443587,35789109.67871519,40884357.19974145,10321888.968664847,-68091.42807953434,-752.637111583299,2980.991270025308,3.3568904328788784
2022-12-05 18:00:00.000000Z,2.63278672868199e-05,42167873.881119005,0.112153451512334,69.90295217033774,2.8502558498938297,331.49505087530827,0.0429676872405578,60.02401601342505,35788761.278083034,30205092.44326309,29422753.489027053,-35735.14459999701,-2145.379644097045,2202.375636107959,5.425096431377062
2022-12-05 20:00:00.000000Z,1.7314412323391614e-05,42167498.97462189,0.1128148678058412,69.83890451823981,6.191093408485923,358.2979239744773,0.0443886530905625,60.02155377912229,35788632.20408134,11390568.756759938,40599154.24243095,6498.2737379883165,-2960.284221169467,830.5398400058366,6.035268302716261
2022-12-05 22:00:00.000000Z,1.4215558039045884e-05,42166288.18673662,0.113316994046599,69.923626486102,168.72095058808836,225.76277139465057,0.0341721181358826,60.01885145444842,35788569.36191742,-10491627.690272512,40840600.43412098,47216.11556668209,-2977.8491148675644,-765.0240439746424,5.012212508604543
2022-12-06 00:00:00.000000Z,4.6725681058370965e-05,42165455.39840657,0.1134938654892362,70.01780290652702,174.5653553855464,249.9036080051312,0.014957518604743,60.01613168020522,35787995.283792384,-29547615.339161117,30081812.761658773,75368.38314227608,-2193.3347530185733,-2154.580870214875,2.6246434509007663
2022-12-06 02:00:00.000000Z,7.581264865838692e-05,42165699.88307502,0.1134978381125804,69.99251953626604,168.205988703268,286.3689383808439,-0.0082340666558757,60.014669054427614,35786661.763988234,-40644442.863649234,11220186.588906271,83258.53803825409,-817.9663614297397,-2963.870188536513,-0.4862479155122855
2022-12-06 04:00:00.000000Z,0.0001063157600953,42166718.46328117,0.1136141182819568,69.84394238613041,162.8049213230032,322.0017087908584,-0.0293069698456955,60.015655346729936,35785048.56417567,-40792240.61826485,-10664080.325915886,68648.32536599637,777.8866364918126,-2974.798767808464,-3.48065627041478
2022-12-06 06:00:00.000000Z,0.0001283003792909,42167584.27225224,0.1140022550937539,69.68344757201271,162.3782259126175,352.67434353053324,-0.0427014294561513,60.01896900450775,35784081.31613702,-29950201.00654861,-29675526.2797466,35383.98073507072,2164.291340323617,-2184.259032113713,-5.547405577039516
2022-12-06 08:00:00.000000Z,0.0001265382211797,42167518.600928016,0.1145696305409399,69.63414975818505,163.08078518638573,22.10715866530805,-0.0448741819482567,60.02292026179919,35784437.99519054,-11038887.843331316,-40691837.34100671,-7623.4709148781085,2967.594326528904,-805.2000002152428,-6.123454349330708
2022-12-06 10:00:00.000000Z,0.0001029782174629,42166538.41761006,0.115058505615452,69.72095284052203,158.85287031111935,56.33271214436162,-0.0352446203641917,60.02523345106839,35785993.91400948,10846382.362196822,-40745153.62869162,-48790.16851945,2971.3369807221848,790.7049002328015,-5.046704737716129
2022-12-06 12:00:00.000000Z,7.5513033326899e-05,42165505.5729696,0.1152773716360928,69.84285406598958,146.27376409728134,98.8713944434678,-0.0163453624292498,60.024573507451024,35787859.374259554,29809550.56261003,-29822072.691582963,-76978.70375077252,2174.6677766185494,2173.437010820059,-2.600501594508485
2022-12-06 14:00:00.000000Z,4.994735365996685e-05,42165431.75110292,0.1152964613511182,69.85324092415331,129.73111172113954,145.48265749287776,0.006860621214232,60.02142806124096,35789030.00887201,40743012.00720298,-10865993.075844172,-84501.98183564727,792.3467650055238,2970.632930472578,0.5620315557553148
2022-12-06 16:00:00.000000Z,2.32219106190494e-05,42166482.303174354,0.1154281921127104,69.69918324026777,90.81470880969404,214.63139557190044,0.0282994505575069,60.01756552329263,35789151.000076555,40702601.82002911,11016968.389526837,-69205.68579049582,-803.3073179851847,2967.716200468316,3.5921516425880604
2022-12-06 18:00:00.000000Z,2.8487682717299432e-05,42167635.30593185,0.1159329429433233,69.5004434213795,24.28286853849392,311.44101095234055,0.0423763604849102,60.014469517118975,35788703.24729067,29699460.60069525,29932978.88609369,-35078.32782722566,-2182.600678894676,2165.4875533347504,5.671106900236651
2022-12-06 20:00:00.000000Z,2.8557980818343347e-05,42167672.77139183,0.1166950107715191,69.43976961160696,21.18916771740761,344.6752699452961,0.0454163631351073,60.01222853824043,35788374.37685365,10697100.621209856,40787089.15655877,8774.900582766531,-2974.0351671946178,779.9654485336955,6.229327607332854
2022-12-06 22:00:00.000000Z,7.591543392765259e-06,42166578.53169981,0.1173153214969009,69.55040430608814,93.34927971790653,302.4844721565639,0.0366035156301671,60.01004949546221,35788269.61718746,-11186256.824696148,40655515.61273069,50544.89965217157,-2964.408628995232,-815.6759034970404,5.10371797494433
2022-12-07 00:00:00.000000Z,3.4822945392463586e-05,42165495.74612447,0.1175614439310286,69.68614736360793,176.53427326233052,249.24353674558145,0.018203061084125,60.00771409584935,35787879.07346504,-30056256.38059355,29573436.3641952,78900.716725943,-2156.3024808828013,-2191.656227296018,2.588045133835475
2022-12-07 02:00:00.000000Z,6.557610268353901e-05,42165422.23746225,0.117579728612528,69.6947709660214,175.36654674889925,280.4832636260895,-0.0050000571965917,60.00619513223612,35786781.967231125,-40829986.11746515,10525455.604725774,86078.22035119844,-767.3234104280195,-2977.3635860484383,-0.6434917354156122
2022-12-07 04:00:00.000000Z,9.737493577849756e-05,42166332.79775948,0.117697374107424,69.56192036598739,170.06416163429228,316.00124681253425,-0.0269326568979093,60.0068018890695,35785241.978596315,-40604708.06957319,-11357962.28709402,70012.6062959078,828.4829430356306,-2961.076904318365,-3.71878285963814
2022-12-07 06:00:00.000000Z,0.0001241847963702,42167359.41554251,0.1181102134197825,69.40519665156064,169.10910183949156,347.1981725310851,-0.041827732199566,60.00981197208075,35784116.01857104,-29440159.624434844,-30181639.455117404,34924.671009304264,2201.2160064735963,-2147.026718592236,-5.804471829028987
2022-12-07 08:00:00.000000Z,0.0001294068778086,42167580.029183246,0.1187314975571953,69.36037920855851,170.25028080246906,16.188000241183488,-0.0457563425875966,60.01387562881335,35784202.56272197,-10343698.55320869,-40873838.58302418,-9797.170271480432,2980.9138486676734,-754.4749891526394,-6.331850017648399
2022-12-07 10:00:00.000000Z,0.0001100499414151,42166782.36280271,0.1192853486865618,69.46262468884147,167.66676526172233,48.75425496879407,-0.0376778103742555,60.01673277119868,35785585.67988368,11539514.078409638,-40553870.44521484,-52117.130803012325,2957.4555137061016,841.2795361358732,-5.1514193537223605
2022-12-07 12:00:00.000000Z,8.2446939243868e-05,42165660.83751708,0.1195542829231956,69.61599053280091,156.57286935231426,89.7769118830329,-0.0197163284663831,60.01672351828626,35787510.01755659,30313845.735316586,-29308804.983550057,-80593.84505368485,2137.301892486193,2210.235415060753,-2.5740829574122888
2022-12-07 14:00:00.000000Z,5.81702413713276e-05,42165261.81635183,0.1195872183891658,69.67103003215442,139.51306679528048,136.8610152637724,0.0034115832178949,60.01392097058292,35788914.52434372,40922443.5148025,-10168883.942206929,-87466.55364352552,741.5567373024564,2983.719238946317,0.7121623749002867
2022-12-07 16:00:00.000000Z,3.2804799731792894e-05,42166034.091273084,0.1196965174977901,69.56012823604972,110.15287515031822,196.41027914866007,0.0256541566178206,60.0099502343519,35789223.99126738,40508697.037214346,11710114.885838486,-70755.31722574883,-853.8265185048037,2953.5550485621297,3.8262348002292894
2022-12-07 18:00:00.000000Z,3.059987853124017e-05,42167272.56163378,0.120183157574837,69.38456425928497,48.495097654458725,288.3223961450835,0.0412155302513624,60.00659305491193,35788729.90958236,29184381.689300675,30435428.649836063,-34818.86954521461,-2219.2395024199955,2127.900805952112,5.928538504695296
2022-12-07 20:00:00.000000Z,3.7681807906834525e-05,42167698.97327712,0.1209868018231553,69.33192096755936,35.98886488854328,330.96120992137566,0.0460533378126446,60.00440502556708,35788172.76332666,9999473.846573783,40963496.97724527,10774.122727249674,-2986.934711786227,729.0719066639076,6.444724026867567
2022-12-07 22:00:00.000000Z,2.096582905758676e-05,42166860.12922936,0.1216994524354537,69.46346959566948,60.346682920119264,336.55227998041954,0.0389053815854714,60.002714675482245,35787912.07575982,-11878645.251002342,40458257.36698941,53774.13312592485,-2950.0831655378624,-866.1854476173364,5.222509290870855
2022-12-08 00:00:00.000000Z,2.391818140641749e-05,42165649.95409157,0.1220179252538795,69.64252224705795,162.0653008661039,264.73497761748945,0.0216113945780029,60.00094754679769,35787605.47825051,-30556875.20243623,29055471.15845691,82535.50188663037,-2118.584332848019,-2228.173046448392,2.579243452421108
2022-12-08 02:00:00.000000Z,5.437699160307858e-05,42165252.53964536,0.1220520920213451,69.69837317070323,177.53610200327637,279.2891743569621,-0.0013428576348826,59.99965372424448,35786745.31734908,-41003833.57996835,9826239.305419596,89183.48388054957,-716.3684602661679,-2990.029024074016,-0.7787216936419882
2022-12-08 04:00:00.000000Z,8.662042817366691e-05,42165960.80719468,0.1221536916949426,69.59774721026496,174.9101429737184,312.09831458693753,-0.0239690960056504,60.00006720773143,35785375.02777774,-40404868.96961773,-12050027.260212708,71782.85286110072,878.9314995887165,-2946.471624961892,-3.9462251036989753
2022-12-08 06:00:00.000000Z,0.0001166198075305,42167052.5963413,0.1225590792610203,69.45554244488169,174.16234214195336,343.07314452916285,-0.0403364267978681,60.00275793382088,35784211.08509372,-28920481.14131342,-30680093.674351733,34897.63908687429,2237.5623435817984,-2109.0936175534457,-6.065112488662688
2022-12-08 08:00:00.000000Z,0.0001282261094779,42167529.67221647,0.1232008104083983,69.4165141964028,175.80867421144504,11.551961491335788,-0.0461400761976518,60.006752570918245,35784095.206452854,-9644163.766849495,-41044412.45528127,-11614.7973806123,2993.376085328764,-703.4297710869926,-6.5574160371040255
2022-12-08 10:00:00.000000Z,0.0001142784474274,42166972.42879872,0.1237967781778596,69.52846006518051,174.72696561283743,42.60703987120483,-0.0398510825576364,60.00994153488863,35785288.50047724,12230513.346959654,-40350538.28486012,-55249.03749332454,2942.674812555504,891.7027663823985,-5.282754518283827
2022-12-08 12:00:00.000000Z,8.787901594484168e-05,42165873.12483774,0.124106537444119,69.7064002931626,165.52760449973988,81.71112633925618,-0.0231260740185417,60.01047236985262,35787201.610252574,30810138.1546972,-28786178.51757845,-84220.34687610781,2099.2425484229034,2246.456444216836,-2.5771853867720704
2022-12-08 14:00:00.000000Z,6.452441500806386e-05,42165227.41809428,0.1241502847112604,69.80475274816129,148.5893411481255,128.63074193333446,-0.0003617868598979,60.00803464377456,35788788.83244276,41090205.87617669,-9467650.12385705,-90644.05276175497,690.4647665331131,2995.962908155943,0.8369425171676352
2022-12-08 16:00:00.000000Z,4.204201893055365e-05,42165676.30066332,0.1242223250435932,69.74441856618795,123.60436611433867,183.7541678005373,0.0224788454672661,60.00400911694029,35789308.22979791,40302636.71927215,12401033.417142766,-72667.68498571565,-904.1753772926494,2938.5122654035185,4.044785422794981
2022-12-08 18:00:00.000000Z,3.412131355005083e-05,42166846.8277658,0.124647456319258,69.60284364161862,72.60860192611598,264.9699647130587,0.0394416858199934,60.000332631665096,35788835.9391571,28659984.17115149,30929883.431332126,-34989.03886019329,-2255.2784065142496,2089.631320368874,6.183154577438151
2022-12-08 20:00:00.000000Z,4.440302540299084e-05,42167573.52296438,0.1254316076922355,69.55981592937744,50.87717870145783,316.8242246729049,0.0461296268506162,59.99801516137256,35788071.05866155,9297933.336671395,41128303.92221434,12370.49984610895,-2998.968752146887,677.8832959050845,6.670228694931103
2022-12-08 22:00:00.000000Z,3.578249589412088e-05,42167077.44687787,0.1261952588847375,69.70294653888196,63.01872079242922,334.62033609831565,0.0408215823965679,59.99667289369942,35787577.22677878,-12568475.19418915,40248946.19812343,56714.857139477615,-2934.8679452602423,-916.5235583259428,5.362495345291543
2022-12-09 00:00:00.000000Z,2.25180965766766e-05,42165880.79634193,0.1265773283181773,69.9188523391025,125.75803410879014,301.7461048805286,0.0248983643700145,59.99552677137317,35787244.202111244,-31049175.157376844,28528243.66760079,86063.16427869152,-2080.191570939918,-2264.1049824630936,2.5987841788001607
2022-12-09 02:00:00.000000Z,4.409316569171186e-05,42165202.8127342,0.1266263402181153,70.02619428715288,172.22560233559668,285.2524758399619,0.0024918839263594,59.99466590890494,35786576.6320447,-41165826.011323005,9123009.807428723,92393.33295883848,-665.127194098317,-3001.8540046795893,-0.8846516154226101
2022-12-09 04:00:00.000000Z,7.520105877875016e-05,42165640.74272296,0.1266969567875993,69.96791495953345,176.74443565733486,310.8744786461244,-0.0205639327726683,59.99508014304966,35785428.55873885,-40192770.08035601,-12739781.77796298,73850.60542020251,929.2027792752968,-2930.9896618104394,-4.150547855765295
2022-12-09 06:00:00.000000Z,0.0001065685856112,42166696.36974901,0.1270651290121869,69.84755782425131,177.49683220002655,340.3269882690688,-0.0382409298689253,59.99749397517972,35784327.97734724,-28391404.327375937,-31170504.757682003,35293.56442295851,2273.307939023376,-2070.482255965547,-6.314825447331804
2022-12-09 08:00:00.000000Z,0.0001233654577224,42167373.06160771,0.1276938789991424,69.81435610729449,179.94257872095037,8.000374207842217,-0.0459020365721736,60.00129765520386,35784084.695796095,-8940639.522598982,-41203370.41421506,-12984.880602521687,3004.9713402533293,-652.0947888598628,-6.787269995176544
2022-12-09 10:00:00.000000Z,0.0001153349836413,42167080.857255965,0.1283059442370055,69.92930212045849,180.31840967183777,37.595058744279065,-0.0415364635023902,60.00463303354804,35785090.23024026,12919003.587538237,-40135192.90849442,-58017.46990930803,2926.998819320655,941.9439473520116,-5.432668168422201
2022-12-09 12:00:00.000000Z,9.148619508661351e-05,42166097.309177496,0.1286433617721581,70.12197540489086,173.25444450816866,74.5494382500508,-0.0262998778967222,60.00558731981445,35786932.29073253,31298124.91307832,-28254429.057060186,-87655.56587033605,2060.505798129923,2282.0763675733315,-2.608511248958125
2022-12-09 14:00:00.000000Z,6.889691772675628e-05,42165302.39331255,0.1286945778869565,70.25522906206355,157.21933762615572,120.53137565171812,-0.0042054065713816,60.003529861991645,35788641.044491686,41246142.604100056,-8762652.772357602,-93847.30721547655,639.094379546336,3007.353757031546,0.9309312213846452
2022-12-09 16:00:00.000000Z,4.951866288328496e-05,42165435.047924,0.1287238896031657,70.24287917849027,134.43695630235365,173.4042537782393,0.018948486743129,59.99953390443447,35789372.205161154,40084438.149066456,13089348.856325109,-74814.18126759263,-954.330446535175,2922.5941353080293,4.237397732769525
2022-12-09 18:00:00.000000Z,3.901582744527666e-05,42166418.01320264,0.1290614924781545,70.13836341221564,93.6130397336152,244.4108333638488,0.0371153662819045,59.99554526941787,35788991.53859086,28126435.030892853,31416064.63995491,-35544.710395569324,-2290.6997750436235,2050.698752693324,6.422394699134625
2022-12-09 20:00:00.000000Z,4.895497186558072e-05,42167317.61138452,0.1297752931640244,70.1045540130344,65.9162470374199,302.22096785739205,0.0455839672379298,59.99295011734208,35788079.89696141,8592747.20306366,41281404.51849693,13518.417923712554,-3010.12688553902,626.4272559815688,6.893884651367742
2022-12-09 22:00:00.000000Z,4.838532232998563e-05,42167189.08981527,0.1305423503305379,70.24839395993688,70.2309805763582,327.8433287011177,0.0421861138854497,59.991758426962754,35787324.786625795,-13255435.251194682,40027691.57855671,59244.38962395409,-2918.7621131321216,-966.6589784220646,5.514555391643843
2022-12-10 00:00:00.000000Z,3.302472132184807e-05,42166143.61888787,0.1309693560426062,70.48835632749247,103.07920950386558,324.83667978634514,0.0278303004511006,59.99116810286948,35786868.200212024,-31532888.459218368,27992081.594871383,89311.3326001825,-2041.13780780274,-2299.424294081381,2.6422570922563806
2022-12-10 02:00:00.000000Z,3.808131140111211e-05,42165268.72017256,0.1310308820175838,70.64309260001441,157.54187760640477,300.3010990915124,0.006255529815603,59.99085070403715,35786321.52384278,-41315846.42367776,8416250.466746313,95524.67473858398,-613.6269429255156,-3012.824696973113,-0.9597436786725158
2022-12-10 04:00:00.000000Z,6.444782104077791e-05,42165402.95495392,0.131061175757081,70.6306443437268,174.81658657248298,313.1215597291863,-0.0169223198384434,59.991429026136366,35785408.342166215,-39968513.77942133,-13426715.011809986,76065.23427592406,979.2652589074916,-2914.637548064968,-4.324424959292402
2022-12-10 06:00:00.000000Z,9.502252894845082e-05,42166326.20843496,0.1313689877631779,70.53624764782087,179.04197154420197,339.0749131228356,-0.0356533161812873,59.99363400221429,35784446.66966834,-27853237.48249011,-31652477.383853,36030.73805732257,2308.4288444975978,-2031.2170963612448,-6.542188858852686
2022-12-10 08:00:00.000000Z,0.0001153192128963,42167125.998939,0.1319553059937858,70.50840972501781,182.8343719024051,5.396012849141711,-0.0450341366044289,59.99716794241484,35784147.87628747,-8233556.038232223,-41350533.571154445,-13900.51460206252,3015.6903764254803,-600.5040785153099,-7.008741459299509
2022-12-10 10:00:00.000000Z,0.0001134430210003,42167111.05186573,0.116499757200087,66.90832501277761,188.5420212187152,33.37389075342688,-0.0384487670348563,60.00049149306739,35784979.14915646,13604555.253658818,-39907908.47626526,-57271.26300160776,2910.4370643009115,991.9682611943844,-4.652603391130616
2022-12-10 12:00:00.000000Z,9.322362828752898e-05,42166313.353504464,0.1168197690660354,67.1430154633243,183.779591632994,67.98502638468939,-0.0166598791815279,60.00174887308346,35786702.54808468,31777495.40696096,-27713855.967504174,-81651.92388554024,2021.1144102555356,2317.0687593568514,-1.9622031340868968
2022-12-10 14:00:00.000000Z,7.145738340179405e-05,42165470.27621864,0.1168523417804778,67.32234206156626,169.48567262245516,112.18008788573094,0.0093662874092302,60.00007218603027,35788470.56979737,41390137.39046818,-8054329.741559645,-84220.60095050593,587.4755060931193,3017.8807313775237,1.2674755807598044
2022-12-10 16:00:00.000000Z,5.45574416478547e-05,42165332.48985755,0.1168377932566148,67.35283461937007,148.15120977887875,163.56232926008707,0.0327537008601996,59.99620193480913,35789401.896467686,39854200.63668914,13774610.97239907,-64188.52639214451,-1004.2633028331832,2905.8084158268125,4.17165612084898
2022-12-10 18:00:00.000000Z,4.392663086653406e-05,42166053.36294996,0.1170898824690438,67.2811284651366,114.84316820122451,227.0199630599207,0.0473780362437923,59.99195771132547,35789179.06792639,27584008.648851927,31893640.28201245,-26824.69416415141,-2325.484310395084,2011.1273766083248,5.970947882326762
2022-12-10 20:00:00.000000Z,5.156320232648662e-05,42166987.07310989,0.1177023154469898,67.27082287390728,84.87600059147044,287.07657646024404,0.0494796405950871,59.988974346557846,35788211.51465505,7884286.202140955,41422682.85579808,17939.585210114154,-3020.4017698089992,574.7385108155379,6.17913039419452
2022-12-10 22:00:00.000000Z,5.74743022444632e-05,42167190.57426364,0.1184063972298998,67.44591583178632,82.60591312987474,319.25241422705835,0.0386252285947941,59.98768992301059,35787217.476598755,-13939148.174697846,39794646.429804176,58146.45778624472,-2901.771617975151,-1016.552898081382,4.732341305162544
2022-12-11 00:00:00.000000Z,4.659238468225699e-05,42166408.20532091,0.1188158486419679,67.7405598206236,101.50873178888725,330.13686112438694,0.0177711757461671,59.987461023802645,35786567.42056661,-32007738.03768953,27447406.382077277,82989.80946857926,-2001.4453326185608,-2334.097116876328,2.0076518494788558
2022-12-11 02:00:00.000000Z,3.969876323030014e-05,42165450.7851366,0.1188587368415707,67.95938626764175,142.70685208046993,318.8022626252811,-0.0075549381519581,59.98766405733655,35786054.23359777,-41453835.01758272,7706571.125593265,85709.82054639378,-561.9046722737833,-3022.9247087009176,-1.2728058710692245
2022-12-11 04:00:00.000000Z,5.620654201604512e-05,42165285.208573386,0.1188417031167166,67.99427096390302,172.20060729385978,319.35659967335454,-0.030708035798505,59.98849950634887,35785349.88064369,-39732327.8409089,-14110190.188095644,65441.69857382967,1029.0784991356022,-2897.4248129401926,-4.230853085329311
2022-12-11 06:00:00.000000Z,8.32728110143561e-05,42165995.47372052,0.1190847506344305,67.924969438295,182.2224927757575,339.48820994472544,-0.0456460728699348,59.990562629750784,35784569.78523054,-27306466.90920583,-32125534.252249543,27500.179427408708,2342.895929558439,-1991.331692734984,-6.068015459945594
2022-12-11 08:00:00.000000Z,0.0001049761740489,42166829.85333023,0.119607885335156,67.91436436644811,188.18113566482967,3.625512240633572,-0.0484996258113671,59.99377854310303,35784275.213193655,-7523536.420636814,-41485721.371958144,-18008.949337528316,3025.5252847959537,-548.7043801222127,-6.283182991168234
2022-12-11 10:00:00.000000Z,0.0001077084496025,42167024.62612802,0.120161121236178,68.04834943893148,191.857492516536,29.900468101842936,-0.0385871049682262,59.99694885801764,35784950.30890642,14286548.097440189,-39668841.75377056,-58889.52871471787,2892.9972746155727,1041.731140176307,-4.810643366307923
2022-12-11 12:00:00.000000Z,9.186815999708964e-05,42166457.83817548,0.1204800023977791,68.2750464871182,189.5693155607984,62.04552896482912,-0.0185931363825862,59.99839219804952,35786504.66346184,32247762.245414127,-27164899.365501817,-84137.05573460775,1981.0965367218464,2351.401373748972,-2.0397086635067394
2022-12-11 14:00:00.000000Z,0.0001030322037313,42165659.40340358,0.1205139524824177,68.46525451787554,172.5471376449695,108.95785679689996,0.0061506158402171,59.996605524230944,35788933.386555485,41522565.12115943,-7343763.154443065,-86910.61222894711,535.7502271515897,3027.46397344413,1.2892070002303968
2022-12-11 16:00:00.000000Z,8.877080416759122e-05,42165321.22977828,0.1204651844431512,68.52582496659392,158.7332000862288,152.7883943153613,0.0290930749148197,59.99163426026934,35790512.94864804,39613554.24018101,14455343.376642011,-66380.35454813174,-1053.7674951827694,2888.1377728928896,4.284746091510219
2022-12-11 18:00:00.000000Z,7.680676854163319e-05,42165748.82074839,0.1206259635130022,68.48362928509144,141.73122010503664,199.90850102221384,0.0442108644231602,59.985433518145406,35790656.87215812,27035943.508265376,32361460.909006517,-27964.519298893018,-2359.4066195712044,1971.0347780904667,6.14311628131934
2022-12-11 20:00:00.000000Z,7.405314741388636e-05,42166590.608121,0.121120601217951,68.47590858100702,121.9578091319266,249.76657136462367,0.0476002571977452,59.98024741331025,35789533.34621523,7177146.212120703,41552384.59258259,18113.68571367056,-3029.6625272996216,523.0796624686593,6.363638958278141
2022-12-11 22:00:00.000000Z,8.051057040440939e-05,42167044.38985527,0.1217508678463282,68.62838434652515,113.61670741989168,288.0344865447668,0.0384871724758513,59.9774091719029,35787856.12959129,-14614730.876373256,39552206.90717371,59548.10236871288,-2883.9568736521605,-1065.8942264120035,4.88148757669996
2022-12-12 00:00:00.000000Z,8.069014291344027e-05,42166595.80099434,0.1221541430432339,68.91134622928456,122.13229991112183,309.31758587350214,0.0193867617352239,59.976925777953774,35786302.797872074,-32469981.533050887,26898569.095964894,85223.79600377391,-1961.358617617122,-2367.9158644898057,2.085073385665272
2022-12-12 02:00:00.000000Z,7.698009496724502e-05,42165684.44704234,0.1222000826371201,69.1522985810126,141.67078005757054,319.6215171484794,-0.0046077128537416,59.97814550945351,35785074.661242336,-41578132.057461545,6999112.492667088,88184.50187925552,-510.2682680448207,-3032.1491669322195,-1.2844469987485092
2022-12-12 04:00:00.000000Z,8.383954531263105e-05,42165262.44294004,0.1221409196616761,69.22587687198818,161.0867557925066,330.21665386722526,-0.0271816100882995,59.98069459758905,35784057.21217746,-39484534.96565277,-14785721.4906318,67519.83582499957,1078.4206835757866,-2879.523519215429,-4.326695606613389
2022-12-12 06:00:00.000000Z,0.000102737115241,42165698.59779344,0.1223038195752409,69.18294940101637,173.34745394093355,348.0848626024238,-0.0424391953898481,59.98454158865911,35783322.94313212,-26752455.025788628,-32586715.581448875,28657.57461779317,2376.643964636265,-1951.0554630920471,-6.222109299117227
2022-12-12 08:00:00.000000Z,0.0001216706324416,42166475.85979958,0.122747445388346,69.17413134804563,181.3633221032149,10.164639969207611,-0.0464290905187206,59.98924365285016,35783288.95604686,-6811945.396081559,-41607486.24405924,-18050.970668492384,3034.5273393177326,-496.8745600258492,-6.454731442044141
2022-12-12 10:00:00.000000Z,0.0001267136286552,42166845.89213832,0.1232509009555311,69.29219063111863,186.2747858769168,35.221462852728536,-0.038174247963974,59.99346217579631,35784343.73208189,14964176.967874218,-39417566.85996489,-60093.25403459979,2874.772559700537,1091.1233990579565,-4.954556574859772
2022-12-12 12:00:00.000000Z,0.0001155291029064,42166529.701704025,0.1235546340345242,69.5015799137606,185.7825865504427,65.58837043303437,-0.0199262989560979,59.9954233612843,35786378.91495189,32708784.116618,-26607788.7093394,-86161.10682250792,1940.544342351392,2384.993025664232,-2.1186837931315528
2022-12-12 14:00:00.000000Z,9.89790075657888e-05,42165854.92569485,0.1235889208696242,69.6885908718612,177.75982992104878,103.50480922730074,0.0034377465548724,59.99397310459804,35788692.16810274,41642196.89771098,-6630306.361392843,-89202.98104677569,483.73426316266,3036.234436032529,1.2948464279830063
2022-12-12 16:00:00.000000Z,8.694916611915357e-05,42165398.98156647,0.1235203506783323,69.76496870195177,164.2032434439791,147.06256170985264,0.0257196194609782,59.989375293996574,35790338.842933096,39359472.22857659,15132998.089905832,-68331.92816408782,-1103.1645120876933,2869.6495476777995,4.37120382853352
2022-12-12 18:00:00.000000Z,7.937998856067829e-05,42165540.75462681,0.1236101957827583,69.74429300270829,147.99463543640425,193.3678799965384,0.0410521865764639,59.98327691058055,35790660.16398905,26476517.488048527,32820734.75344356,-29073.758419741986,-2392.8679290251616,1930.261868754576,6.284880578984832
2022-12-12 20:00:00.000000Z,7.867555159915858e-05,42166190.003817946,0.1239918438260073,69.73859114274416,130.01039487809686,241.43454752969436,0.0454548434485889,59.97787606028344,35789639.09484494,6463066.700050816,41669530.6022893,18107.13974970301,-3038.169926676635,471.0112643140363,6.520964649558171
2022-12-12 22:00:00.000000Z,8.677714061990629e-05,42166780.82844491,0.1245263309661119,69.8646173006074,119.13724088798004,282.260729472315,0.0378737263863779,59.97480265305554,35787866.482946284,-15291135.22940512,39295665.91480812,60602.357951753496,-2865.2269455766323,-1115.2341816782866,5.012294250105186
2022-12-13 00:00:00.000000Z,9.103220405190677e-05,42166686.88468394,0.1248975455453002,70.11917972487254,121.81152257967253,309.41363662687286,0.0204258241963514,59.9744179442821,35786112.5430889,-32926564.58593264,26337382.387695502,87022.04326333676,-1920.433759483178,-2401.248169475404,2.1567698768354027
2022-12-13 02:00:00.000000Z,8.587511373482051e-05,42165949.1237435,0.1249434348107446,70.36044102791455,135.01610121506934,326.05158649081653,-0.0022080407524582,59.97606488376741,35784808.2551941,-41691878.776309386,6284349.974484226,90233.5278427466,-458.1562988369844,-3040.4890854244754,-1.2874958702552513
2022-12-13 04:00:00.000000Z,8.341387347309807e-05,42165349.82858667,0.1248556147916367,70.45840099358418,152.733646689756,338.32113774426654,-0.0240467378016101,59.97898004671041,35783944.39076602,-39224712.986209184,-15461506.974498255,69282.83953603235,1127.680245004134,-2860.6037251442303,-4.400938696905199
2022-12-13 06:00:00.000000Z,9.268617485392625e-05,42165479.9296917,0.1249482574867029,70.43740147386025,168.00252483181393,353.15919308315364,-0.0393739640975119,59.98278058195721,35783462.600033864,-26189061.329602607,-33041378.07727116,29688.60765996697,2409.7605247528318,-1909.972499499956,-6.346428651925084
2022-12-13 08:00:00.000000Z,0.0001070083548216,42166110.29551025,0.1253088545314767,70.43046753660128,179.087813967056,12.167234596815712,-0.0442154791878708,59.98705073101424,35783562.51844042,-6096867.611094758,-41718542.47988333,-17997.200492378663,3042.57458106434,-444.7178219932331,-6.595680396853702
2022-12-13 10:00:00.000000Z,0.0001131838098652,42166585.906282485,0.1257491054396894,70.53094232505951,186.48965821714083,34.75079123719193,-0.0373685642339542,59.99079882151193,35784527.40592458,15638245.739385491,-39155227.21234864,-61001.521002055175,2855.6001505067657,1140.2953406194792,-5.074816375172706
2022-12-13 12:00:00.000000Z,0.0001056736256419,42166517.1166952,0.1260243904812466,70.71576569970722,188.603640873424,62.53593277122337,-0.0207129686289592,59.99261101656354,35786324.72748191,33160310.82933765,-26042809.29362133,-87762.92510695798,1899.3251449554173,2417.951458226728,-2.186825805600093
2022-12-13 14:00:00.000000Z,9.133164476894446e-05,42166029.43398101,0.1260571013371791,70.88687633460533,182.96177642771409,98.08765119481308,0.0012921909812466,59.99143343247852,35788433.89119767,41749564.28828932,-5914836.609605412,-91051.31054008204,431.556128762398,3044.114422516396,1.2958268954937926
2022-12-13 16:00:00.000000Z,8.076602924982585e-05,42165542.718764216,0.1259840332557342,70.96482731023285,169.97568408005571,141.0738123130582,0.0227985733752351,59.98731179704139,35790054.97668206,39093643.8252892,15806281.57688285,-69924.7541919025,-1152.2601522970288,2850.318560990275,4.439193735589271
2022-12-13 18:00:00.000000Z,7.709984556185311e-05,42165436.04535769,0.1260300461739662,70.95664305173985,153.8129377346623,187.3211024542352,0.0381268504272831,59.981537512223554,35790523.49622844,25908963.2442781,33270417.058887303,-29993.066745762284,-2425.6481762795497,1888.913729349208,6.399241876731388
2022-12-13 20:00:00.000000Z,7.970652284149671e-05,42165823.90431116,0.1263177210483254,70.9524648990413,137.2633862876173,233.95153803666705,0.0432746627745294,59.97611645158448,35789664.522732496,5746623.630500223,41774387.77727543,18080.86592015528,-3045.7923241992885,418.7864315459772,6.64860773067392
2022-12-13 22:00:00.000000Z,8.945557120491304e-05,42166426.74084012,0.1267492139429331,71.05204367244615,125.22775029222684,275.9664460088417,0.0369700240134883,59.97283947199645,35787897.3292656,-15963485.189845923,39027398.281829566,61434.94929922469,-2845.6402429902446,-1164.2637409481597,5.117689059333643
2022-12-14 00:00:00.000000Z,9.816553305496664e-05,42166656.36464711,0.1270666778710551,71.26582098360966,123.4940343632734,307.56811428938926,0.0209848922545456,59.97243402369684,35785995.35634263,-33373743.93261868,25768186.78416656,88447.14933665705,-1878.915376591204,-2433.881892418616,2.2125438502566936
2022-12-14 02:00:00.000000Z,9.547623084196518e-05,42166202.502975166,0.1271083018626719,71.48470862147742,131.23555512419574,329.6918020957897,-0.000373624478396,59.97438847797149,35784589.77743174,-41793426.77903719,5567456.578149425,91840.20884734494,-405.87983313073886,-3047.93329946641,-1.2934160279724585
2022-12-14 04:00:00.000000Z,8.699922312069976e-05,42165536.27365481,0.1270106642243823,71.58837527780437,144.84807907254722,346.06101593782614,-0.0214362589576474,59.97765172221563,35783838.91239604,-38953224.64851246,-16132994.540843103,70634.36402637574,1176.6311745778546,-2840.8350940650685,-4.463786689292279
2022-12-14 06:00:00.000000Z,8.551684152030251e-05,42165361.277521886,0.1270544824539595,71.58181177253928,160.41762380432317,0.5839525936568516,-0.0366694686593957,59.981435494244224,35783618.624984235,-25617709.555463456,-33486499.778318897,30436.37341869892,2442.179305032309,-1868.315582196226,-6.4471706382178215
2022-12-14 08:00:00.000000Z,9.206465557581438e-05,42165763.38595625,0.1273397712467425,71.57669803794576,174.44132185942496,16.65129689588061,-0.0421102917035112,59.98523659460658,35783907.17684673,-5379717.608062141,-41817416.008553006,-18028.42354177432,3049.722545923192,-392.4189135401226,-6.706254912518219
2022-12-14 10:00:00.000000Z,9.669156961648254e-05,42166261.72545417,0.1277098865073626,71.65955741309696,185.0632884367593,36.03172853267,-0.0363897938451434,59.9883663449825,35784827.46424179,16307919.450449754,-38881403.25285327,-61773.57135922981,2835.573143752867,1189.135176269334,-5.165306609388964
2022-12-14 12:00:00.000000Z,9.180738455763346e-05,42166414.16712317,0.1279456387528835,71.81476656112578,190.51397204491371,60.509439873131605,-0.0210849966519184,59.98983580707053,35786371.191615604,33602177.10344126,-25470208.415883645,-89039.07947966404,1857.5324041570543,2450.194789910228,-2.2332368309009585
2022-12-14 14:00:00.000000Z,7.982337601303395e-05,42166159.434572086,0.127974204596172,71.95881196940597,188.07489040543427,92.8855964740146,-0.0002967481025359,59.98881503203697,35788191.60952577,41844649.51350258,-5197694.298031852,-92463.41329741589,379.23898041319694,3051.096336847676,1.3051515304069286
2022-12-14 16:00:00.000000Z,7.016269904016577e-05,42165728.14428056,0.1279115349938274,72.02475663248453,176.12912738128443,134.84396617991197,0.0204425855615794,59.985225400852215,35789677.285920255,38816220.42389123,16474845.72264268,-71076.3104366267,-1201.0320091088563,2830.150495497985,4.500260229761045
2022-12-14 18:00:00.000000Z,6.957002787997194e-05,42165433.3708732,0.1279441940118676,72.01958983373832,159.1789653182022,181.87619641389057,0.0356416190123024,59.97999240478142,35790228.25667154,25333564.38894815,33710244.8594966,-30571.029545046265,-2457.734338628389,1847.0074773522813,6.493399827723312
2022-12-14 20:00:00.000000Z,7.64170058842596e-05,42165525.67244089,0.1281678045650374,72.01627196373813,143.48166934654134,227.65374867353884,0.0413087651843531,59.97480292060317,35789559.028300114,5028144.523650672,41866836.73484457,18217.226173304167,-3052.530696705773,366.4265402835272,6.747838679143334
2022-12-14 22:00:00.000000Z,8.843637165429317e-05,42166016.62815658,0.1285034432295251,72.09245909506487,131.36570453052687,269.77229843901046,0.0360075214470772,59.97144703393914,35787894.12637892,-16631503.378875596,38747430.94508541,62215.38957262618,-2825.208732385102,-1212.9644627462212,5.192948337642811
2022-12-15 00:00:00.000000Z,0.0001013699944709,42166490.77487952,0.1287532660113534,72.2585973485644,126.40229719128487,304.65122226844704,0.0212239618285489,59.97096733240412,35785923.13918699,-33811348.71252716,25191122.133107714,89616.34299854655,-1836.8201438856731,-2465.8043198401524,2.242858715814668
2022-12-15 02:00:00.000000Z,0.0001039359885772,42166397.96590376,0.1287862563565709,72.43401341606818,129.6617885772486,331.3006051064733,0.0009455489167903,59.97311683034616,35784416.65238318,-41882728.86815745,4848638.611055735,93041.20264944543,-353.4560609753452,-3054.4763957135383,-1.3146599825103369
2022-12-15 04:00:00.000000Z,9.386820696578003e-05,42165799.03883395,0.1287016337213216,72.52162350981378,138.60910897118467,352.35139491948155,-0.0194258571628605,59.97669632650002,35783739.221375465,-38670139.109462775,-16799971.208293352,71518.91478256193,1225.2589342226845,-2820.221363264359,-4.527878050267063
2022-12-15 06:00:00.000000Z,8.288147578272272e-05,42165358.935595214,0.1287293847848926,72.51891082131078,151.230870725753,9.818286390923374,-0.0345132689071367,59.98050232559079,35783778.39317202,-25038553.158673853,-33921925.33312893,30763.327818186,2473.8919315328185,-1826.096459927753,-6.533971382042734
2022-12-15 08:00:00.000000Z,7.900320250444689e-05,42165466.7328476,0.1289595686103439,72.51508493108456,166.16991724251722,24.96851887783053,-0.0403694953480377,59.98382719335764,35784309.82470964,-4660681.2829563655,-41904052.730684206,-18332.38687599438,3055.970622709411,-339.99345618658816,-6.790413978888664
2022-12-15 10:00:00.000000Z,7.851273324721591e-05,42165893.88123771,0.1292611280973503,72.58188572877012,180.4332217461136,40.722923466928734,-0.0354990363360595,59.98620900593644,35785247.793832466,16973033.92825968,-38596155.4687786,-62600.977800951485,2814.698010346764,1237.6271950465566,-5.223079448065425
2022-12-15 12:00:00.000000Z,7.420706817873694e-05,42166219.45727718,0.1294496814955358,72.70452260187643,190.51002431871385,60.60653162507887,-0.0212423597897121,59.98712250984252,35786546.54140887,34034288.12265291,-24890151.572816603,-90136.37668960828,1815.1787959223795,2481.710041801607,-2.2486923092027857
2022-12-15 14:00:00.000000Z,6.43775361698191e-05,42166223.77716804,0.1294717513043933,72.81226783926405,192.74394190370677,88.34597194524426,-0.0014168402187532,59.986085346958006,35788008.24896661,41927467.83695304,-4479118.548138342,-93503.84399533324,326.80031328070214,3057.1733960162787,1.3359407207054792
2022-12-15 16:00:00.000000Z,5.529246819629716e-05,42165930.09056034,0.1294335654134183,72.85375178625462,182.74097570216745,128.3865253076658,0.0186981369018834,59.9830158814831,35789240.76405805,38527348.72915016,17138436.298417795,-71752.71946668031,-1249.4621332123493,2809.1483518768923,4.568016630009378
2022-12-15 18:00:00.000000Z,5.673583522680245e-05,42165525.78421263,0.1294847085264712,72.84220402309074,163.81243880215507,177.40423358853928,0.0337645993387273,59.97850480843898,35789778.63297387,24750577.027255204,34140022.01930967,-30684.58780423923,-2489.1152026624604,1804.555735172086,6.577982527456314
2022-12-15 20:00:00.000000Z,6.830799849678354e-05,42165321.77055812,0.1296813542674516,72.83888829526042,148.2548221844072,223.0426132155643,0.0398038817759557,59.97382357742167,35789289.69361776,4307924.91242718,41946791.37271471,18696.962579248582,-3058.385611113933,313.94828848307486,6.823736551249385
2022-12-15 22:00:00.000000Z,8.358915994459731e-05,42165591.64335215,0.1299421672418757,72.8972429506127,137.06497511338904,264.2529999919995,0.0352509737990012,59.970589784891786,35787807.297619045,-17294938.051711045,38455792.66174187,63137.735984515806,-2803.9431610005417,-1261.3219722767722,5.236660543715625
2022-12-16 00:00:00.000000Z,0.0001004033795062,42166191.6161014,0.1301210067638602,73.01500254310128,130.09481659823336,301.18699712999484,0.021363532826149,59.97005406027563,35785861.99615486,-34239223.28417942,24606303.563737176,90691.36138624264,-1794.1630104506849,-2497.005934888699,2.2403287428095675
2022-12-16 02:00:00.000000Z,0.0001099085231555,42166486.97479864,0.1301428035756077,73.13066622951771,129.78562550045996,331.46491721365146,0.0018742874549739,59.97230672428114,35784278.37389363,-41959737.3281585,4128061.4111123327,93928.14725586068,-300.89943178176554,-3060.114149350692,-1.3629981657250996
2022-12-16 04:00:00.000000Z,0.0001028551825722,42166101.16267135,0.1300964802177337,73.17971428842247,134.645702272853,356.6417912064971,-0.0180183497973246,59.9761651325561,35783634.60862926,-38375501.59113672,-17462264.68860135,71934.5136289093,1273.55272008998,-2798.764975539017,-4.6069593625259895
2022-12-16 06:00:00.000000Z,8.605673495452431e-05,42165481.80322556,0.1301516930750674,73.16765906821585,142.39124896915524,18.99432396699089,-0.0330397202448287,59.98005461046578,35783913.72912049,-24451693.424737506,-34347522.111032724,30570.928685808325,2504.893957024717,-1783.32317994645,-6.619326822086179
2022-12-16 08:00:00.000000Z,7.140791317060275e-05,42165253.96785656,0.1303607927978545,73.16409128884803,153.7386091255094,37.73555805065111,-0.0392299676541948,59.98295238642885,35784735.71960134,-3939868.002828174,-41978386.23728619,-19082.96888885113,3061.3206732288736,-287.4511155735244,-6.8560881156336055
2022-12-16 10:00:00.000000Z,6.166687934871533e-05,42165499.41220867,0.1141639143701028,69.81462233510334,172.63674303603008,52.27056710510844,-0.0290192079827656,59.98450322877398,35785771.15908788,17633515.57108805,-38299487.74738713,-59310.02094231082,2792.981837582498,1285.7619299531125,-4.339304630991138
2022-12-16 12:00:00.000000Z,5.404087128655443e-05,42165925.91143508,0.1142909517974532,69.92149335828374,188.81399788450116,66.06872433019075,-0.0077777470019848,59.98464619939637,35786864.48249526,34456627.96863338,-24302706.55486296,-81198.06093600584,1772.2731332427325,2512.488976203804,-1.5998020269409048
2022-12-16 14:00:00.000000Z,4.508240241869288e-05,42166192.377486326,0.1142967213406051,69.99636192153739,198.9115796791847,85.97714105327304,0.0154533777283375,59.98337026862556,35787921.93341092,41998072.747676834,-3759229.055248528,-81291.05772434548,274.2505646301937,3062.339826166049,1.5756562616778211
2022-12-16 16:00:00.000000Z,3.6393126836782216e-05,42166110.73153415,0.1142949000148417,70.00414817435428,193.07298445582356,121.88745803814372,0.0344782486705599,59.98074113757363,35788784.332336545,38227159.309857264,17796909.914496582,-59519.662672733895,-1297.5401119825897,2787.311782229839,4.333653791143052
2022-12-16 18:00:00.000000Z,3.882747238194118e-05,42165691.43330781,0.1143990016923182,69.97705327827477,169.52656201839667,175.53945108577068,0.0442435642358384,59.97708842569316,35789186.67401725,24160192.96858386,34559626.585330136,-21697.00841765922,-2519.785068951604,1761.564568578416,5.931287426685365
2022-12-16 20:00:00.000000Z,5.5172117692013856e-05,42165224.90498832,0.1146101586678399,69.97871636747041,153.56160127822028,221.58099096312327,0.0421792239244624,59.97320513130845,35788828.00850332,3586168.056838283,42014186.2975918,22033.451093915108,-3063.3598240695605,261.3604136277434,5.936389260618869
2022-12-16 22:00:00.000000Z,7.471255015722708e-05,42165189.17344339,0.1148219222907031,70.04013795321802,144.84339705154235,260.31706425749576,0.0288741948488416,59.97036451684327,35787581.812141515,-17953632.49118068,38152474.79076789,59918.27147548418,-2781.852849097369,-1309.3297956371612,4.34431635101223
2022-12-17 00:00:00.000000Z,9.518704870299108e-05,42165767.31795955,0.1149290206466231,70.13017161603783,137.4572253148398,297.69484973321465,0.0079099176784429,59.96987201477024,35785764.632018745,-34657284.25378048,24013757.83915236,81752.03657301147,-1750.9540150471184,-2527.483064835209,1.5799671915833011
2022-12-17 02:00:00.000000Z,0.0001122284785112,42166414.07728548,0.1149341478161337,70.18591528084856,134.55504019117836,330.6257349665386,-0.0151023509692862,59.97217299668419,35784153.08681705,-42024430.3013918,3405774.5665447824,81625.27367694415,-248.21662682072508,-3064.8436620461603,-1.6155497640735228
2022-12-17 04:00:00.000000Z,0.0001122888515607,42166377.90386391,0.1149520582201544,70.17683478737322,136.37532562372127,358.90077076721764,-0.0340233165983745,59.97627661995909,35783506.96838592,-38069321.58674477,-18119807.732945472,59524.18736484147,1321.5106462385015,-2776.46408739194,-4.383257408802216
2022-12-17 06:00:00.000000Z,9.475726778082624e-05,42165716.695293024,0.1150902537960252,70.14048662458266,139.57590994668706,25.82272988061675,-0.0438240100232134,59.98034333951977,35783983.09514189,-23857133.886723038,-34763214.41918022,21349.99110136585,2535.188845879283,-1739.9949606259393,-5.976945740327696
2022-12-17 08:00:00.000000Z,7.267881779619191e-05,42165151.82515744,0.1153268893683821,70.14236156673586,143.5516808911364,51.929811100206734,-0.041919969938831,59.9829448257677,35785125.03884345,-3217243.842304614,-42040331.75027851,-22653.45767738001,3065.778874940252,-234.7897852251997,-5.964519320722735
2022-12-17 10:00:00.000000Z,5.326551245809445e-05,42165134.505529255,0.1155347874360982,70.20220852421501,152.23089217735253,73.27362382456121,-0.0288480565987171,59.98368460583868,35786351.014326975,18289414.71942856,-37991284.26580266,-60647.42466504918,2770.4237409902166,1333.5447877836675,-4.345483998603527
2022-12-17 12:00:00.000000Z,3.672243156218913e-05,42165562.68025912,0.115621826286176,70.27389710794618,169.2492006089665,86.26498920343604,-0.0081131634599263,59.98290732493882,35787324.75664315,34869227.45591833,-23707727.74034211,-82384.05257460916,1728.811319115189,2542.5335141144037,-1.552219044813623
2022-12-17 14:00:00.000000Z,2.383421920488446e-05,42166065.37291031,0.1156275504943038,70.29626132460929,192.21987725996988,93.35232611082348,0.0147504674827551,59.98114247210615,35787987.11830453,42056468.298671074,-3037890.3917741263,-81971.04061019061,221.5875110341031,3066.5908704381404,1.6655418224105838
2022-12-17 16:00:00.000000Z,1.480020126017442e-05,42166256.02883178,0.1156812862727681,70.25712400996622,199.20872215927648,116.48237112148688,0.033654092466835,59.97875793808021,35788397.315193035,37915663.98492267,18450352.39632111,-59469.04932143215,-1345.2611359701295,2764.6328753993294,4.442002329851225
2022-12-17 18:00:00.000000Z,1.7875765056214297e-05,42165927.73558972,0.1158679978671595,70.20771019040878,160.0697773463881,185.75005240595007,0.0435739931695494,59.97595191504103,35788540.7034677,23562481.4396733,34969096.922075644,-20889.40852206376,-2549.733701584863,1718.0296902836606,6.028127673485894
2022-12-17 20:00:00.000000Z,3.840054517156691e-05,42165270.63926568,0.1161369854505009,70.21010810618499,148.54965165117238,227.34700266908052,0.0418844346067672,59.97304873248411,35788230.69585397,2863014.8307627016,42069052.30366049,23410.500210870312,-3067.445024554505,208.6649993754111,5.9936276867238165
2022-12-17 22:00:00.000000Z,6.22111204308131e-05,42164883.0738463,0.1163478765448193,70.27058777769565,146.72949772726074,259.18660402641206,0.0290487408269836,59.97084476919579,35787238.048842266,-18607411.48688209,37837538.3374433,61505.02078372657,-2758.9371905281905,-1356.9822720012148,4.343355129063913
2022-12-18 00:00:00.000000Z,8.610297911789833e-05,42165278.10950974,0.1164187025151617,70.32674699325838,141.51306022756373,294.4286938949052,0.0084873208950423,59.97051687523872,35785639.39644824,-35065381.52150808,23413589.047607988,83106.14316398372,-1707.2004886725615,-2557.229706776412,1.5170951140842617
2022-12-18 02:00:00.000000Z,0.0001101493418919,42166167.33280821,0.1164273048812718,70.31010808977291,137.2929275273407,328.7498999609378,-0.0143358699214669,59.97280880588352,35784059.497879535,-42076731.43034624,2681922.05406648,82338.61573981249,-195.4201740383887,-3068.660196796046,-1.7270881693933258
2022-12-18 04:00:00.000000Z,0.0001202777131672,42166575.57457314,0.1165385125717509,70.22581916543294,137.22749702911034,358.9860249641509,-0.0333610185734389,59.977077193575575,35783367.67651498,-37751617.91736451,-18772434.5596623,59340.56467320578,1369.1198353268044,-2753.317944212363,-4.515185392092143
2022-12-18 06:00:00.000000Z,0.0001071887489625,42166054.41396976,0.1168136246310301,70.15340717854819,137.65092221607827,28.72146439795494,-0.0435337846598082,59.981401054630176,35783953.666940935,-23254967.60621812,-35168849.2820366,20252.907384178347,2564.76975784282,-1696.1157250647686,-6.092443684500345
2022-12-18 08:00:00.000000Z,8.274688166990398e-05,42165214.47987939,0.1171395777638776,70.15661266314395,135.19958402834706,61.254243198517976,-0.0421448336689792,59.98392153678464,35785399.30697661,-2492920.756201136,-42089767.67450823,-24416.09894615585,3069.3464799613557,-182.0132503517301,-6.028919983205485
2022-12-18 10:00:00.000000Z,5.891718327230678e-05,42164838.31450762,0.1173566542516917,70.21872488411205,131.81233576318624,94.661595151545,-0.0295537516806231,59.98400659912738,35786903.06956673,18940664.63985031,-37671446.817807,-62619.83324172784,2747.032414128277,1380.9737301219618,-4.337340905832652
2022-12-18 12:00:00.000000Z,3.5445994785875694e-05,42165143.1269031,0.1174173094976231,70.26608144554716,130.7284021151796,125.77856606249154,-0.0090980460135039,59.98226112306564,35787879.90825978,35272073.013363704,-23105124.68608979,-84026.43918955544,1684.79894817817,2571.84272796731,-1.4703120779000365
2022-12-18 14:00:00.000000Z,1.30305957706832e-05,42165817.69866063,0.1174263601789292,70.239895105956,121.18398221882364,165.42883329564964,0.0137925334467076,59.97977954394244,35788212.47274092,42102669.93387697,-2315027.953061371,-82811.64561582154,168.81425904139456,3069.9226859588803,1.8015209292595404
2022-12-18 16:00:00.000000Z,8.497992960404559e-06,42166316.34303752,0.1175451954012974,70.15204941661928,39.02501755905754,277.75538835369014,0.0330395359507075,59.97738683616966,35788130.99274184,37592903.94803344,19098801.515251867,-59239.11376196954,-1392.6207153020216,2741.105896739427,4.5966480893152015
2022-12-18 18:00:00.000000Z,1.3013865910576886e-05,42166190.31942619,0.1178395729465097,70.0773875176745,60.54024337630994,286.3948885263495,0.0435318627674076,59.97532199538433,35787898.43862447,22957522.25735725,35368436.93269058,-19603.93670975726,-2578.9553954353883,1673.94810813633,6.159818333804304
2022-12-18 20:00:00.000000Z,2.3885148421761154e-05,42165450.91242708,0.1182056531774915,70.08318718009183,119.16169536862552,257.8479503925219,0.0424828806887751,59.97350997436989,35787525.90839661,2138577.216088768,42111387.62164919,25447.706713130257,-3070.6387405997416,155.86322145794594,6.065610098564626
2022-12-18 22:00:00.000000Z,4.7258670664831925e-05,42164716.35618264,0.1184584384380295,70.15648947649036,142.33044042187427,264.68670316331986,0.0301653897785898,59.972179492607,35786763.79129783,-19256166.58050384,37510996.251223415,63773.866526088175,-2735.199517469971,-1404.277133595583,4.333686262712119
2022-12-19 00:00:00.000000Z,7.351591434601035e-05,42164782.540876605,0.1185209191343842,70.20307956599525,144.55810742247834,292.49458992786623,0.0098302934243052,59.97218425323635,35785459.38197933,-35463446.37159109,22805823.949910235,85001.3206071003,-1662.909541527585,-2586.2441933877917,1.4246367666506887
2022-12-19 02:00:00.000000Z,0.0001029234578459,42165734.33307974,0.1185378208140619,70.13625228351252,141.06969624238903,326.13422868418394,-0.0131602980978741,59.97444195020531,35783993.626971014,-42116626.67587607,1956546.252370152,83325.37492880879,-142.51788229914317,-3071.5606796595425,-1.8819143049465452
2022-12-19 04:00:00.000000Z,0.0001241950986718,42166599.96649728,0.1187489147635452,69.98319440812122,140.2354480408582,357.2079950775172,-0.0327441429164918,59.97876466320129,35783232.30335143,-37422430.19553544,-19420074.32126273,59097.911476427376,1416.373659094878,-2729.3220791301032,-4.694455823512056
2022-12-19 06:00:00.000000Z,0.0001200965250853,42166422.46492438,0.1192029761063294,69.8708109697667,139.73402242827328,27.908560710635108,-0.0437419783608155,59.983392185772914,35783810.273009256,-22645266.11686209,-35564327.16783535,18772.306718466807,2593.6351941117564,-1651.6821213045455,-6.248994011729992
2022-12-19 08:00:00.000000Z,9.729953381173912e-05,42165448.9025027,0.1196831632337015,69.87944347011748,134.2166955043972,63.50209276850638,-0.0432157919215146,59.98610445931891,35785481.12285082,-1766955.4667105842,-42126569.31273293,-26804.936283844683,3072.028675549372,-129.11714637137084,-6.118214546185224
2022-12-19 10:00:00.000000Z,7.393931529682882e-05,42164671.5474441,0.1199613299321706,69.95993505768811,123.22817894344116,104.4919910015467,-0.0312591117198809,59.985847530329096,35787314.50723616,19587246.050030846,-37339802.16978119,-65317.4624490863,2722.8119746494604,1428.0576521820449,-4.3310586617518005
2022-12-19 12:00:00.000000Z,5.238436264914706e-05,42164710.916406885,0.1200184713263818,70.00215679900566,110.07928770916216,147.67820933460425,-0.0109951039167133,59.98325752694814,35788440.425356224,35665153.38529664,-22494657.918020196,-86318.3459102527,1640.233463497414,2600.424729571724,-1.365822202796834
2022-12-19 14:00:00.000000Z,3.2785382044750936e-05,42165445.80064901,0.1200346152706346,69.94165039935442,84.2817473044879,203.61506341495303,0.012237092405541,59.97992200133877,35788575.43803003,42136626.417112544,-1590372.6238313476,-84064.56764057478,115.92338054539668,3072.3343781350923,1.979458620008248
2022-12-19 16:00:00.000000Z,3.151633615034402e-05,42166247.76359579,0.1202204681704054,69.81188929480594,44.76563800326991,273.3403889227858,0.0322947898194651,59.9772390062086,35788033.2951062,37258782.292390205,19742481.31552476,-59079.42884343741,-1439.6226617593563,2716.719912459469,4.802315289202874
2022-12-19 18:00:00.000000Z,3.626707943924255e-05,42166426.20496535,0.1206354678691714,69.71420528520197,40.1244018920781,308.15989059732686,0.0438632191008881,59.97569120396083,35787344.32172584,22345220.56363709,35757776.87478638,-18027.0387088961,-2607.445784552186,1629.306227215939,6.338794883502224
2022-12-19 20:00:00.000000Z,3.0468691701680597e-05,42165745.47183242,0.1211271906070547,69.72709363433421,68.56548162505555,309.78730600668166,0.0438683149696091,59.97494948773874,35786786.30852421,1412810.8702253182,42141237.92965125,28067.07867175817,-3072.932504587594,102.9458137339146,6.1693744275944535
2022-12-19 22:00:00.000000Z,3.484640835701872e-05,42164732.52350385,0.1214602377715476,69.82645932604744,122.29326067666284,286.0419996396772,0.0322905075419287,59.97465807021486,35786189.45671447,-19899886.8496214,37172845.86417214,66773.55707968787,-2710.6337882861576,-1451.2189022890748,4.332764820220767
2022-12-20 00:00:00.000000Z,5.845759655816808e-05,42164370.6265523,0.1215440880553462,69.89169414849995,144.1903872223504,294.1622905082094,0.0121615755111993,59.97517172039763,35785224.59778796,-35851441.51461024,22190437.771626063,87601.21497144626,-1618.079885312486,-2614.528233588509,1.3164765637961078
2022-12-20 02:00:00.000000Z,9.039566817209216e-05,42165161.88706322,0.1215700138726666,69.81183254103168,145.2545125791166,323.2623910134798,-0.0112456521752566,59.97739306872281,35783970.25413884,-42144087.58493136,1229623.468775282,84828.05490245653,-89.51354835569902,-3073.542755506729,-2.072317347563026
2022-12-20 04:00:00.000000Z,0.0001215035490638,42166382.342966124,0.1218619065087467,69.61648184398585,144.90660161531073,353.89200577825864,-0.0318031008798472,59.98160772806198,35783151.06217521,-37081775.6232511,-20062717.615412045,59067.916264773165,1463.263441702889,-2704.4701744679714,-4.920806187685547
2022-12-20 06:00:00.000000Z,0.0001296791693824,42166715.9521007,0.12250067495202,69.47203840636878,144.84442800353912,24.185623070222626,-0.0441147470677396,59.98647837889938,35783590.67866062,-22028114.012238026,-35949592.18956246,17153.757860096353,2621.776456761603,-1606.6882803142423,-6.454122618356732
2022-12-20 08:00:00.000000Z,0.0001118918157171,42165834.97672418,0.1231851485343533,69.49196326628213,139.17013045568842,59.925268127805,-0.0449097997228338,59.98962575727537,35785333.2612723,-1039472.7803581558,-42150644.60061242,-29655.69109594262,3073.823675110586,-76.09665746877334,-6.247168734781436
2022-12-20 10:00:00.000000Z,8.998472053110795e-05,42164696.993272446,0.1235812951324539,69.60950956335566,125.12442112030485,103.9353943718173,-0.0339108053585498,59.9894597930371,35787473.42222487,20229043.35611008,-36996213.14062644,-68700.79167179929,2697.765536984641,1474.8047789910693,-4.345895509414033
2022-12-20 12:00:00.000000Z,7.280911347990069e-05,42164336.124525286,0.1236648214412558,69.67410582296873,108.21364803304851,150.8606030305801,-0.0139433635397575,59.98635348471545,35788880.48076972,36048366.01782403,-21876121.343575504,-89361.75450477391,1595.1141489291574,2628.2892517993587,-1.2579545861155412
2022-12-20 14:00:00.000000Z,5.592738562344311e-05,42164972.096494734,0.1236886764904983,69.6047553574288,86.09315374258776,203.12842975437428,0.0097780134170015,59.9821923058218,35789003.719002806,42158207.3034726,-863669.568928319,-85954.62138370844,62.9085491474998,3073.828263411288,2.185215740424466
2022-12-20 16:00:00.000000Z,5.2529542848139925e-05,42166013.00064917,0.1239293363864254,69.44973699233017,55.66030889036783,263.79521788823774,0.0310161855916018,59.97897801424991,35788115.29009576,36913125.76930513,20381620.70908921,-59286.38319818905,-1486.270865144375,2691.465684912693,5.053742205053668
2022-12-20 18:00:00.000000Z,5.945006893088199e-05,42166564.19657022,0.1244572776293577,69.33638337259157,43.62452038094423,306.0251486310244,0.0441634707820512,59.97763649712984,35786952.75864749,21725407.5279874,36137254.879665166,-16455.735341167423,-2635.1993361571062,1584.089733125442,6.570160135695311
2022-12-20 20:00:00.000000Z,5.301683859411159e-05,42166100.22753581,0.1250838420188728,69.35945741543941,53.13255949221719,326.5763230503834,0.0457334321439187,59.97779922258757,35786097.400334954,685614.5166255508,42158648.34752061,31042.957687641905,-3074.3142900353464,49.902276432956114,6.31920875783702
2022-12-20 22:00:00.000000Z,3.722816374284075e-05,42164945.80698092,0.1255217003568907,69.49364937544473,87.15346337284623,322.5041611083353,0.0352879864803116,59.9786045072249,35785563.378635354,-20538588.155706964,36823077.937302925,70404.05317783877,-2685.229545244494,-1497.8125547957704,4.360454921019151
2022-12-21 00:00:00.000000Z,4.382873869644906e-05,42164137.85635783,0.125650906431508,69.6026683647857,134.58446008646288,305.0474671603689,0.015547818517129,59.97978850362127,35784939.580076106,-36229327.60898187,21567396.10630278,90954.71308313216,-1572.7069519523802,-2642.084239291146,1.2133002572790834
2022-12-21 02:00:00.000000Z,7.336989240561344e-05,42164555.19310227,0.1256789021463269,69.55190275649088,148.26909028150774,321.497967501768,-0.0083376278758745,59.98201012147019,35783997.09036727,-42159066.224459454,501110.037405286,87033.48828175047,-36.40956912415487,-3074.60617355959,-2.28130987805163
2022-12-21 04:00:00.000000Z,0.000110491020281,42165907.710321136,0.1260015711524693,69.35538860817807,150.44381297621902,349.6058139218908,-0.0301483793778995,59.98592534212988,35783188.19975446,-36729655.63334112,-20700391.16824112,59536.87517825531,1509.7776758615908,-2678.7580092982894,-5.183999099892211
2022-12-21 06:00:00.000000Z,0.0001319596283617,42166806.21648236,0.126775798408404,69.19735408600938,151.72736399616852,18.56732685591384,-0.0442041638543716,59.99082417814958,35783394.460513376,-21403621.978188567,-36324639.74922652,15726.701351184443,2649.1761512852995,-1561.130888962447,-6.706370022099982
2022-12-21 08:00:00.000000Z,0.000122917676658,42166290.210696094,0.1276709792459877,69.23291834384351,147.7799950727396,52.564924715524505,-0.0468135881555805,59.99449262257391,35785002.284959674,-310694.0579242776,-42161981.87256674,-32664.078724690924,3074.720163748276,-22.95290506557447,-6.424345168460162
2022-12-21 10:00:00.000000Z,0.0001022082212264,42164951.15213768,0.1282304523443069,69.40244671947184,133.48113747616603,96.77673887499584,-0.0372275731621296,59.99484966737573,35787322.26372391,20865797.85943013,-36640676.42045284,-72562.40451501975,2671.8937836362807,1521.2152795217648,-4.399834796414608
2022-12-21 12:00:00.000000Z,8.877090901582483e-05,42164112.58968683,0.1283716829276088,69.52008389325923,114.32745213969046,145.89179480640627,-0.0178701893173887,59.9917203716837,35789074.57234484,36421480.518396266,-21249489.884345256,-93102.71273667646,1549.4464390958665,2655.442024350208,-1.170510903382881
2022-12-21 14:00:00.000000Z,7.560000003664284e-05,42164458.55191081,0.1283975246456896,69.47586250329942,94.24973101317764,196.09113190840975,0.0062498970624008,59.98697154921381,35789384.281836435,42167212.57719403,-134848.10115257278,-88603.0026282574,9.772376206996384,3074.4097735455016,2.395011589967098
2022-12-21 16:00:00.000000Z,6.990255183661328e-05,42165600.828477405,0.1286614354047559,69.32037363297717,67.8253883931006,252.74924015391412,0.0288312410992639,59.983107627816665,35788337.73456763,36555750.04606853,21016305.89860335,-60133.44493282637,-1532.5624282955207,2665.341624238621,5.333370001329045
2022-12-21 18:00:00.000000Z,7.836894793808857e-05,42166530.06631133,0.1292678796881176,69.20198500945358,51.27174796046498,299.5019337275233,0.0439388535956779,59.98164069399452,35786765.54902205,21097941.43733728,36506925.92335649,-15252.673946920522,-2662.2065581579413,1538.2927680107791,6.847292867534152
2022-12-21 20:00:00.000000Z,7.674034069646786e-05,42166424.77491322,0.1300100807637827,69.2354031340531,52.64774496800344,328.1754195262136,0.0475817807350234,59.98241687615086,35785538.31365807,-43063.53458767617,42163639.59064642,34010.54700822388,-3074.769710012117,-3.2700727015608777,6.521162901493823
2022-12-21 22:00:00.000000Z,5.5707408072914686e-05,42165317.67063329,0.1305561857308717,69.40461674039949,68.25670812013307,342.4812021559256,0.0387783993065076,59.984249055096754,35784940.69505205,-21172225.90130773,36461711.931208,74386.32116503702,-2658.9757462664097,-1544.0563775826122,4.433976986051443
2022-12-22 00:00:00.000000Z,3.79257433759076e-05,42164152.621404245,0.130742810014086,69.5704751262421,108.68740019520088,331.968769038029,0.0198157836185617,59.98622990952974,35784604.09245618,-36597008.85465788,20936730.083780512,94934.21612560174,-1526.7877356209087,-2668.9116559080585,1.1390298117921422
2022-12-22 02:00:00.000000Z,5.427766225185208e-05,42164057.056690976,0.1307603385198547,69.58202497987575,146.0535734378468,324.675512019637,-0.0043656010976374,59.98855244592048,35784052.79556894,-42161472.0059564,-228971.2370859736,89993.39242765846,16.789617517067484,-3074.753527562033,-2.483976413489133
2022-12-22 04:00:00.000000Z,9.139758458632556e-05,42165251.09116815,0.1310444895376979,69.42571764692579,155.42861701338512,345.5423831072794,-0.0274826741130523,59.99201839997364,35783382.31195854,-36366043.84499149,-21333093.4941018,60723.2653750499,1555.9023093013493,-2652.188505475958,-5.463340434807781
2022-12-22 06:00:00.000000Z,0.0001238377881008,42166595.47261148,0.1318508856396644,69.27676040721981,159.06564593670154,12.141026810905633,-0.0435467051294955,59.99660158540664,35783353.43540084,-20771904.738513585,-36689494.7940251,14832.022373582018,2675.8100398796346,-1515.0154425618964,-6.992953394141608
2022-12-22 08:00:00.000000Z,0.0001270541299943,42166665.76979879,0.1328970148450922,69.3263630346992,157.87359670976508,43.36961076449203,-0.0483893610260886,60.0006140036239,35784633.92544176,419089.7240742245,-42160673.13325024,-35434.205488741674,3074.696610987053,30.30072834724899,-6.647692169213164
2022-12-22 10:00:00.000000Z,0.0001087986957368,42165405.04482964,0.1336305249311651,69.5498406969578,145.53876663247027,85.56421731338223,-0.0407130961247959,60.00174155374614,35786912.75125231,21497124.910034887,-36273394.96625581,-76536.53920372167,2645.19368757194,1567.2737907795909,-4.503410156268652
2022-12-22 12:00:00.000000Z,9.696442905901808e-05,42164130.233676605,0.1338535161035269,69.74343346998549,124.50335577106893,136.48553838606404,-0.0224407448629277,59.99910895257591,35788957.97424287,36784158.58279906,-20615045.7065191,-97294.21630941586,1503.2444425329825,2681.8779046163395,-1.125433792029959
2022-12-22 14:00:00.000000Z,8.900130537956087e-05,42164011.33619808,0.1338700631538499,69.75867305143844,104.39130160339975,186.65957542029204,0.0017354675298862,59.99418807014238,35789601.6635744,42163428.818302885,595818.5715923153,-91948.41764544166,-43.466538548138345,3074.0857117142773,2.580263646201433
2022-12-22 16:00:00.000000Z,8.26463180804248e-05,42165050.41648689,0.1341086931097714,69.63055236938888,80.5727535667991,240.6839312821516,0.0255395530026395,59.9897329395107,35788619.44717417,36186568.79257206,21646333.93155093,-61767.8085491366,-1578.4807124134136,2638.3592322930263,5.613128159864276
2022-12-22 18:00:00.000000Z,9.12196437011904e-05,42166272.820956,0.1347323552529462,69.51865209366451,60.803481394483015,290.6453725330126,0.0427470580139352,59.98786839042597,35786779.35377831,20462852.210077863,36866673.73373944,-14743.084035965869,-2688.451430113469,1491.928017720746,7.149897811677729
2022-12-22 20:00:00.000000Z,9.625525200740237e-05,42166609.73162893,0.1355419025400082,69.55860020710108,56.899974271967714,324.59208197203435,0.0488334690034212,59.988893608494365,35785164.53476129,-773082.0988103617,42156197.68979317,36543.29408045224,-3074.2847577810358,-56.55518338851607,6.768013825577193
2022-12-22 22:00:00.000000Z,7.882514288232212e-05,42165751.36018625,0.136174130328325,69.75265834436013,64.21012078283982,347.1726677074725,0.0421837924763888,59.99155810991935,35784373.58572422,-21800585.71459191,36088857.425872326,78295.03337783233,-2631.8672025296123,-1589.9331908869085,4.560879078997245
2022-12-23 00:00:00.000000Z,4.903712956525291e-05,42164412.378920846,0.1364163244548807,69.97128079526311,84.07870158069468,357.17044794749074,0.0245261677552211,59.99440682183875,35784210.281655304,-36954275.97959525,20298649.485229343,99216.27424124446,-1480.3284362293975,-2695.001454352039,1.1137596228821287
2022-12-23 02:00:00.000000Z,3.964853418114158e-05,42163799.20969536,0.1364133835240098,70.05717874339003,129.3558505877093,341.8921491917214,0.000467666903522,59.99701177142733,35784073.26611614,-42151166.78295971,-960395.8481258788,93558.39935365492,70.07151965154958,-3073.989796261304,-2.65312595833435
2022-12-23 04:00:00.000000Z,6.732717092807845e-05,42164572.96251363,0.1365982229894678,69.96770409141783,156.69036129716986,344.7322652664483,-0.0237342619224861,60.0000209442053,35783697.325265266,-35990903.73647828,-21960673.77930806,62679.764564257945,1601.621084368793,-2624.776078121748,-5.730976202443753
2022-12-23 06:00:00.000000Z,0.000104734763995,42166081.15027782,0.1373124723276418,69.84671331937824,165.2976607045084,6.33201784641456,-0.0418173130126179,60.00394787645462,35783554.84290917,-20133069.412966654,-37044129.86913055,14708.845042499352,2701.6540028334884,-1468.3619881412994,-7.290674338001697
2022-12-23 08:00:00.000000Z,0.0001213047624195,42166794.000898965,0.1383897327023608,69.90193121914987,167.55825277972312,34.10226672792317,-0.0491246811371014,60.00788102681172,35784421.37912368,1149584.0247603632,-42146866.68540207,-37588.88042135372,3073.7278971374058,83.63495817704107,-6.9026590115993525
2022-12-23 10:00:00.000000Z,0.0001092866468785,42165937.61666467,0.1392539042995687,70.16212009207224,158.9816789954921,72.50258849104311,-0.0437695136566503,60.00969239075305,35786414.664964765,22122607.378995225,-35894752.11683536,-80182.81415509475,2617.659571606513,1612.946529955805,-4.654177188770729
2022-12-23 12:00:00.000000Z,9.697856625398912e-05,42164426.27674055,0.1395652292302567,70.4344251030025,137.2477839413798,124.04452081714577,-0.0271019086837736,60.00790088328996,35788578.20795514,37136043.41512645,-19973378.342458397,-101528.74088157574,1456.5297769546314,2707.5765149648137,-1.1343880839435947
2022-12-23 14:00:00.000000Z,9.442050690115642e-05,42163759.54199618,0.1395619867095362,70.53148235153672,115.30257426368854,175.97018972540286,-0.0033895874418007,60.00327469098182,35789593.82092006,42146715.40546607,1327682.9011096023,-95714.2832928673,-96.77300794666512,3072.8608210192374,2.716890997513365
2022-12-23 16:00:00.000000Z,9.04127380128143e-05,42164464.58136831,0.1397237396018688,70.45454601807751,93.2960605390584,228.13095838123755,0.021241909602526,59.99844970009106,35788871.77402642,35805690.57622274,22271170.607872345,-64115.64895110442,-1623.9936853280556,2610.543616600762,5.861970310901546
2022-12-23 18:00:00.000000Z,9.784514926320243e-05,42165799.922688,0.1402893363237165,70.35959782970902,71.72097055370392,279.8807164437337,0.0403824632787762,59.9960340195602,35786954.57826251,19820445.81328987,37216187.97379711,-15078.835466706543,-2713.911594939289,1445.0312180126882,7.447689048619361
2022-12-23 20:00:00.000000Z,0.0001090152023175,42166565.42249799,0.1410961405473338,70.39978585719868,63.48273210580545,318.16179419549536,0.0490222793041824,59.99693501379876,35785003.45741212,-1504016.3303059773,42136289.34883655,38297.57441255546,-3072.8493359345566,-109.91265898517965,7.037920555162089
2022-12-23 22:00:00.000000Z,9.973869720058752e-05,42166113.79230369,0.1417697753164936,70.60091214570379,66.35397127050467,345.1747506476502,0.0448889395713079,60.00013199384446,35783911.18583482,-22423227.146673672,35704768.85961604,81676.99097139473,-2603.9103432583875,-1635.4052911102767,4.733161591804974
2022-12-24 00:00:00.000000Z,7.005604878457024e-05,42164833.98986765,0.1420528763659309,70.8525937302136,75.90885149196545,5.454025274729414,0.0290612524875611,60.003835636490905,35783756.46476446,-37300795.87779786,19653630.874642517,103346.00930307996,-1433.3514053104393,-2720.332119810563,1.1449073812341268
2022-12-24 02:00:00.000000Z,4.177680004460664e-05,42163835.00010692,0.1420289567443621,71.00183735093123,100.458496197294,10.840406944939842,0.0056829773484586,60.006963390703646,35783967.961292736,-42128002.9747164,-1692624.604430778,97375.87040550409,123.40949759099732,-3072.319645677108,-2.768518892703333
2022-12-24 04:00:00.000000Z,4.550044798844352e-05,42164054.33675736,0.1420892590736053,70.9834143322467,146.13437328053382,355.26785525495484,-0.0191446304992226,60.009721705675005,35784005.39479428,-35604257.62300802,-22582710.98462668,65228.961517627606,1646.9143954628405,-2596.5468267152555,-5.95951223189849
2022-12-24 06:00:00.000000Z,7.819324338795911e-05,42165386.63505936,0.1426198388909267,70.89985989011944,167.66797327378436,3.9030725955400505,-0.0389803139756924,60.01284809014138,35783960.24247185,-19487259.786621902,-37388352.63019634,15383.759268659443,2726.692436361054,-1421.206514093954,-7.571198646963179
2022-12-24 08:00:00.000000Z,0.0001046147936573,42166575.54645642,0.1435897388677722,70.95010615876343,175.06395518410815,26.54234416927049,-0.0487212979683001,60.0162208063572,35784492.14841412,1880529.0663929272,-42120652.796142414,-38908.399499186,3071.7979556355185,137.00699476425496,-7.164623558819953
2022-12-24 10:00:00.000000Z,0.0001028540412908,42166347.27664391,0.1283056936099631,67.93829224281059,174.7040953147589,59.998218179966784,-0.0376391626890368,60.01830179606568,35786041.34490482,22741915.876865294,-35505172.2762363,-77062.37186722075,2589.29001858349,1658.185878966406,-3.9790727664098817
2022-12-24 12:00:00.000000Z,9.053140086174171e-05,42164928.78286647,0.1286384268174543,68.31577981239536,154.6107477187402,109.79527687446596,-0.0160938285115114,60.0173610271635,35788084.22987074,37476889.643339016,-19325218.70707548,-94219.15507525166,1409.3278131208613,2732.5042852634406,-0.673461688363142
2022-12-24 14:00:00.000000Z,9.168285596631587e-05,42163787.70399737,0.1285873920411882,68.51634791748927,129.65589750214693,164.62772099418098,0.0094249093506184,60.0133776847205,35789378.07610859,42117083.988756105,2059884.1664660496,-86262.10049816158,-150.1044400992189,3070.7343861096174,2.8374130567858
2022-12-24 16:00:00.000000Z,9.31486761487114e-05,42163978.08157922,0.1286404903973564,68.50239732943646,108.5241852998236,215.85064558372085,0.0323038532342995,60.0084987319859,35789024.399189234,35413429.01611155,22890074.359583303,-55145.50848209411,-1669.0634540027015,2581.926804603327,5.611057228321458
2022-12-24 18:00:00.000000Z,9.964313922472843e-05,42165186.8509564,0.1290920283866481,68.43432559788329,86.86058390284374,267.6614868528743,0.0466277660499467,60.00553666811708,35787220.88155135,19171248.33646145,37555033.73798673,-9069.099392561911,-2738.5669235790124,1397.6529017945231,6.895769480055467
2022-12-24 20:00:00.000000Z,0.0001146022828518,42166255.86990771,0.1298159993516153,68.49149951027479,75.00862596282907,309.5388726389708,0.0487134345451944,60.00601450261888,35785042.27482584,-2235266.8085404867,42103867.90368865,39687.58570173806,-3070.463120517128,-163.28696780980755,6.336718185646212
2022-12-24 22:00:00.000000Z,0.0001149984951924,42166273.96298732,0.1304461922117251,68.71982428006635,74.69489645448228,339.70977902923124,0.0380832400174454,60.00938820988171,35783588.74040337,-23039618.9447045,35309785.93863836,78054.24281928744,-2575.124277578319,-1680.4228066794028,4.074577246320047
2022-12-25 00:00:00.000000Z,9.206634937269108e-05,42165267.78652845,0.1307092745882543,69.01585304578151,80.0222104512541,4.173012737458752,0.0175964375177224,60.01382639555485,35783259.07609212,-37636236.48790839,19002312.10672249,95689.81364372117,-1385.8914547277936,-2744.8732383810566,0.7095173782877264
2022-12-25 02:00:00.000000Z,5.979423362911699e-05,42164106.184488006,0.1306472352616085,69.22338898336677,90.34454067107676,23.72917342743915,-0.0073143160597954,60.017708487162,35783661.135267064,-42091915.23196714,-2424910.1827905145,87776.30656116834,176.76752171028727,-3069.744132812107,-2.8598359842949064
2022-12-25 04:00:00.000000Z,3.980967434387015e-05,42163803.36013264,0.1305956288437636,69.26415481178297,120.3155548824432,23.802444763653572,-0.0300979778290182,60.020618703662606,35784130.5992748,-35206246.184423186,-23198574.64409913,56326.730232450536,1691.7632647171677,-2567.530011282985,-5.678341086326983
2022-12-25 06:00:00.000000Z,5.257235144247419e-05,42164700.07598024,0.1309242382353158,69.2188994770175,162.40143308702548,11.846469550582643,-0.0448317140610618,60.02313524464302,35784393.599666655,-18834678.262146126,-37721794.58866899,9656.006296885604,2750.9255573875253,-1373.5895907124057,-6.990705990905253
2022-12-25 08:00:00.000000Z,7.99161347326641e-05,42166039.7844945,0.1316829154910264,69.28009326569283,180.7852649989096,23.4861124708027,-0.0477784584050991,60.02567931422266,35784812.170603946,2611748.3666011626,-42081961.281819776,-39832.86736933554,3068.911398609425,190.3749737646665,-6.442292618790639
2022-12-25 10:00:00.000000Z,8.94565195554148e-05,42166477.38103274,0.1324735477082634,69.56229833728152,183.77903225112573,50.29410952961058,-0.0383282261926054,60.02752089494688,35785930.41794535,23354871.56226848,-35104876.05559386,-78942.07721220762,2560.085699644504,1702.950897409463,-4.171689988926506
2022-12-25 12:00:00.000000Z,8.056074659477559e-05,42165491.83993745,0.1328300034027769,69.94972286267912,168.4937918188579,95.27368352838634,-0.01908291474089,60.02714151690414,35787666.789500244,37806571.22854782,-18671066.86240349,-97176.00279661117,1361.6547571857357,2756.627311798626,-0.7743970764725985
2022-12-25 14:00:00.000000Z,8.260453798271412e-05,42164118.02088293,0.1327576255596795,70.2115182532531,141.00971320119388,152.5748724254395,0.0048825637169901,60.02390312712949,35789072.47112218,42074595.84687712,2791759.483005672,-89542.61239168205,-203.42646809030265,3067.6977835644398,2.849937848170164
2022-12-25 16:00:00.000000Z,9.081728107714976e-05,42163740.38644642,0.1326947168935317,70.26027534693628,119.57509945227056,204.03818253512523,0.0273391266002377,60.01921520912467,35789100.43975077,35010112.32062845,23502437.99875734,-57933.603003082935,-1713.6534537425598,2552.532451693185,5.732163124265911
2022-12-25 18:00:00.000000Z,0.0001231118338804,42164592.08023495,0.13298850718633,70.21843891942538,88.446161274854,265.2881308825955,0.0424846797273313,60.01625676485469,35786880.86844923,18515174.786194354,37882409.10242987,-10681.319814034585,-2762.489436993628,1349.7595632203734,7.09390600106272
2022-12-25 20:00:00.000000Z,0.0001427866433598,42165757.75065422,0.1335828478532419,70.26176707797194,78.22933991644345,305.5449053437691,0.046429728510619,60.01741262444789,35784120.112707935,-2967482.169436028,42057679.47547396,39627.88799911198,-3067.199485524864,-216.7780178184312,6.560220420937903
2022-12-25 22:00:00.000000Z,0.0001522980026106,42166195.25933043,0.1341477168765478,70.45647353814019,76.15301984254988,337.5136400505665,0.0382150838456139,60.0224061932823,35782124.54607508,-23650692.555982,34901662.869965345,79519.60232596434,-2545.49976712456,-1725.153390694694,4.265292817625095
2022-12-26 00:00:00.000000Z,0.0001386526863535,42165596.33483614,0.1344020565702485,70.72696747384073,78.16590215409879,5.319157168665848,0.0200720989516604,60.02916317577599,35781638.13318307,-37960978.96460011,18341239.33903385,98257.91228225909,-1337.803327978797,-2768.7735455770107,0.8185270775005149
2022-12-26 02:00:00.000000Z,0.0001091943583814,42164509.61671403,0.1343396588380731,70.93810853368053,80.51770829744922,32.84443979489881,-0.0031683059801844,60.035249832266686,35782504.32950616,-42041850.04054001,-3161374.258726288,90748.41470225649,230.3833106856357,-3066.285797083531,-2.8585481721822954
2022-12-26 04:00:00.000000Z,0.0001090648653159,42165423.38816928,0.1342248324603572,71.01023393900616,124.55779260646126,18.819728912124265,-0.0253679243932362,60.040607261246414,35782933.43208802,-34792692.69085526,-23812201.145837445,58919.74911407614,1736.5970859060692,-2537.5978386613106,-5.781282630163607
2022-12-26 06:00:00.000000Z,0.0001043084150721,42165786.8052178,0.134383464569396,70.99127538023453,140.53799969463412,32.944844321257335,-0.0407177861287693,60.04483836956016,35783958.696245,-18168425.21932156,-38046688.57686797,11223.894598107476,2774.6513432253228,-1325.1739180471964,-7.165248124913841
2022-12-26 08:00:00.000000Z,0.0001139550546021,42166942.964388974,0.134916733825288,71.03190026925101,157.3534177030288,46.17365297436455,-0.0452790617014429,60.04756395127372,35785478.25599811,3351335.820277775,-42030196.61878938,-39632.54065327375,3065.0858124639394,244.151545875454,-6.63871368032705
2022-12-26 10:00:00.000000Z,0.0001231153509062,42167832.27569879,0.1355561082974838,71.2515538171192,166.61826819338427,66.77178779246658,-0.0380013322752521,60.04807527948128,35787647.243689075,23968686.87574481,-34690762.41518671,-80078.70954429921,2529.801786022285,1747.4884722217164,-4.338834516084877
2022-12-26 12:00:00.000000Z,0.000123862005083,42167476.09557067,0.135884435239109,71.59452085205042,162.25323930529632,100.87308258543736,-0.020940418936708,60.04517242715645,35790323.700622894,38130210.81298659,-18007116.444592737,-99289.11218328476,1313.2239252728805,2779.891036840233,-0.8735322247439158
2022-12-26 14:00:00.000000Z,0.0001315179722616,42166206.63032285,0.1358087045320356,71.86681406010959,147.8475252444559,145.08172289451144,0.0013511770108539,60.03824933660295,35792616.6246851,42022993.59360552,3525903.5335233705,-92059.63810443964,-256.80257633883923,3063.5084283982105,2.8384383815200613
2022-12-26 16:00:00.000000Z,0.0001448733755972,42165371.18563835,0.1356713162795251,71.95431899483857,135.15486790991582,187.75943649382324,0.0230403859641,60.02866918954625,35793286.87991532,34600112.63723663,24109283.92497876,-60215.31291087392,-1757.5383440008336,2522.216685059489,5.807087628057872
2022-12-26 18:00:00.000000Z,0.0001511674674782,42165719.90743235,0.1358240158648606,71.93548413795124,123.84938288515126,229.1568456023285,0.0385057558576955,60.019624847429206,35791750.95715896,17860622.13412834,38200752.326736,-12172.107227862733,-2785.079298630795,1301.7678120091864,7.233730434090277
2022-12-26 20:00:00.000000Z,0.0001593110590949,42166752.56813152,0.1362700389368176,71.9660355053152,112.94042478136052,270.112090992977,0.0437673456318586,60.014336708900586,35788601.36831466,-3688629.6347711054,42005074.60830865,39270.094167313495,-3062.7298915400247,-269.4482585204802,6.728042785109979
2022-12-26 22:00:00.000000Z,0.0001702439386589,42167464.78491866,0.1367331924637249,72.11939445666732,107.77582223757312,305.20536623242606,0.0375161228178074,60.01424084459551,35785188.36226823,-24244393.24935009,34495636.62893134,80339.08779019365,-2515.411993108666,-1768.4272831272312,4.417186619823097
2022-12-27 00:00:00.000000Z,0.0001692623824647,42167301.21208205,0.136953718585323,72.34296564244735,109.20995016849504,333.6340787059404,0.0214634422900037,60.018517519166494,35782769.09295382,-38268591.988463685,17693130.62110665,99991.85696007252,-1290.2430571714851,-2791.2313323345397,0.9150690084478642
2022-12-27 02:00:00.000000Z,0.0001523988361325,42166474.55680636,0.1369021356936951,72.52618896376445,114.13369416885202,358.61568678358185,-0.0001061617691997,60.024951293443415,35781913.310106896,-41981354.18195418,-3876482.0114379674,92900.02719644964,282.74612880242705,-3062.016554776954,-2.841303924976858
2022-12-27 04:00:00.000000Z,0.0001299156080537,42165675.14579649,0.1367802822633273,72.59989947378213,120.75305389312828,22.01104853744021,-0.0214739816343594,60.03124212715552,35782459.3506586,-34381542.32613462,-24401264.77437975,60902.19519464838,1779.5715607868794,-2507.7012620406645,-5.844151598445979
2022-12-27 06:00:00.000000Z,0.0001135793947523,42165562.27554706,0.1368463647240911,72.59444177136032,130.55820166299583,42.29814203116665,-0.0370134376775556,60.03589169669799,35783882.737435386,-17517238.4796012,-38350777.134446174,12522.866898613784,2796.8082087545235,-1277.7408968688344,-7.286988928914942
2022-12-27 08:00:00.000000Z,0.0001078460150803,42166313.188372135,0.1371974661737318,72.61989548347907,145.19195319274726,57.723459263212725,-0.0426879123528882,60.03828691499172,35785747.47300828,4067046.99044434,-41967257.90635032,-39312.26603834142,3060.4405549498774,296.3119898220305,-6.7818557735476
2022-12-27 10:00:00.000000Z,0.0001089430517086,42167337.83078819,0.1376593127409788,72.77381517895152,159.0822880113668,73.76119270833814,-0.0371104942913018,60.038147285306906,35787915.75070791,24556083.800221715,-34277809.629633546,-80741.63760967417,2499.632477040257,1790.3123179627512,-4.4624100223574965
2022-12-27 12:00:00.000000Z,0.0001099024216247,42167591.67535548,0.1379175957206745,73.03565642019277,162.0096358442667,100.6509673217127,-0.0218750385743812,60.03497642628299,35790310.727796465,38431212.60922335,-17355395.29712618,-100672.61237022518,1265.6742275561962,2801.8657351826264,-0.9461951502746964
2022-12-27 14:00:00.000000Z,0.0001174218421981,42166725.07292473,0.1378541368392993,73.26537899620624,151.80271652421854,140.70369703341376,-0.0010799351783078,60.02836823991934,35792419.55286142,41956658.16315757,4240977.425913642,-93734.89360872206,-308.9395689601871,3058.7239837552643,2.830872340101119
2022-12-27 16:00:00.000000Z,0.0001355098996639,42165677.043358766,0.1377063664920161,73.35566230060255,140.1063124292604,182.38275010910223,0.0197870609279715,60.01915951984213,35793248.97097566,34184347.772153646,24695188.861742243,-61716.88425584515,-1800.223438463228,2491.946737876023,5.860928493248068
2022-12-27 18:00:00.000000Z,0.0001493636164779,42165508.7024947,0.1377757200689083,73.3498048105849,130.70900016128977,221.85883403556184,0.0352773598906306,60.00993926664726,35792061.98119491,17207509.997980967,38499702.71377944,-13116.846695216598,-2806.8009950429705,1254.1714877186755,7.330492260999194
2022-12-27 20:00:00.000000Z,0.0001602709510568,42166218.31561475,0.138093764393962,73.37091958549746,121.32744872308976,261.2953489444442,0.0413752960370712,60.003889623820896,35789103.03431449,-4403033.12917859,41936713.05817428,39093.64734240051,-3057.644839593073,-321.5253939135439,6.83954175757345
2022-12-27 22:00:00.000000Z,0.0001740647491437,42167012.9880103,0.1384445127442863,73.48408918624399,115.37456711730565,297.21626756877924,0.0365330687629802,60.002968543014646,35785518.13000886,-24827665.7446478,34078648.41710947,80925.43616296706,-2484.915484282205,-1810.9604012307109,4.5126349448639465
2022-12-28 00:00:00.000000Z,0.0001809345379773,42167217.1362895,0.138614320201825,73.6509089881454,115.10607748866155,327.4040792979873,0.0220795831934936,60.00697649516484,35782651.95068136,-38563733.77747364,17039962.87833939,101128.2442623214,-1242.5452799217112,-2812.7947511348743,0.9689985081308014
2022-12-28 02:00:00.000000Z,0.0001726999734875,42166749.10221157,0.138578314310439,73.78523369855236,118.3542723405252,354.1106685193435,0.0018757845355657,60.01394487730711,35781368.328414336,-41908800.08181595,-4589933.091707411,94230.83731742328,334.83607456425085,-3056.80904387708,-2.84214875039362
2022-12-28 04:00:00.000000Z,0.0001535170668359,42166016.63424694,0.1384940036015393,73.83660770630827,122.6709522550222,19.832080838513765,-0.0187079777927047,60.021270371625725,35781790.238451675,-33960529.240764275,-24982755.45483064,62033.30668841514,1822.0406555866807,-2477.0919327596216,-5.896919174490858
2022-12-28 06:00:00.000000Z,0.0001330889259149,42165586.79794638,0.1385478111789909,73.83146839167276,127.89457830453912,44.70126827392816,-0.0342229845461224,60.02680986923384,35783460.67837584,-16860918.811886005,-38643363.75572644,13138.234838433938,2818.186009900033,-1229.9508443735954,-7.373366531426052
2022-12-28 08:00:00.000000Z,0.0001174503504546,42165861.47808293,0.1387939599005495,73.84835688959556,136.4392666137525,66.22444896371348,-0.0405940052826818,60.02943914245412,35785727.41962921,4781866.06238839,-41891809.10341947,-39356.04311628146,3054.935197131747,348.38857658402446,-6.873456956456949
2022-12-28 10:00:00.000000Z,0.0001072585138777,42166726.587805256,0.1391050875786147,73.94980423849726,148.69159837145332,83.95228758982303,-0.0361977731230523,60.02892909641085,35788112.61603408,25136743.82609803,-33854543.18164836,-81374.11658767417,2468.7359989689407,1832.6203589812756,-4.529930789906535
2022-12-28 12:00:00.000000Z,0.0001019005919677,42167391.99343273,0.1392769452346139,74.120844324866,157.0916671480005,105.45974721186109,-0.0222758310375634,60.02536386826571,35790399.97248508,38721340.95379493,-16698291.35541894,-101639.94031289851,1217.731663494556,2823.017468171306,-0.9695678729673436
2022-12-28 14:00:00.000000Z,0.0001054406706691,42167081.4469628,0.1392354347718127,74.27128294972547,153.3027830872636,139.17378741509367,-0.0025739183228333,60.01881855515269,35792308.61205899,41878214.26862221,4955066.677624914,-94694.28522114406,-361.01804668309455,3053.036442460047,2.855699314596693
2022-12-28 16:00:00.000000Z,0.0001233117486052,42166113.19002451,0.1391413483172405,74.32880119227654,143.9854494522104,178.5068657447198,0.0176768494609489,60.00994087734789,35793174.00327586,33758506.30030573,25274074.379771784,-62355.28670998512,-1842.4167639848797,2460.94171047773,5.922261719966281
2022-12-28 18:00:00.000000Z,0.0001430039590814,42165544.01993432,0.1392061547495215,74.32206696852056,136.5547411719518,216.01722793002844,0.0331416835523708,60.00072565217752,35792283.90577064,16549043.341366256,38787541.65712544,-13245.767736310683,-2827.732510834116,1206.1982025053971,7.406618530091764
2022-12-28 20:00:00.000000Z,0.00015795478883,42165826.59506532,0.1394478534659572,74.33772411220953,129.32443190853664,253.30735202111697,0.0397669980095771,59.99406901681901,35789601.72708331,-5116633.860783863,41856142.760430194,39492.30654751958,-3051.6780994019027,-373.5224242884984,6.906062342855246
2022-12-28 22:00:00.000000Z,0.0001738367424676,42166514.48605324,0.1397017500470213,74.41856554489095,123.65634830592931,288.9748912704724,0.0358326649474531,59.99223822788172,35785992.94870774,-25404172.672481835,33651674.38186263,81705.27462912629,-2453.68398162138,-1852.9685512244257,4.549278353317296
2022-12-29 00:00:00.000000Z,0.0001867496885047,42166957.79358993,0.1398168525243804,74.52966300782579,122.2920603977856,320.3136317507411,0.0224060728832457,59.995654912900335,35782760.23596793,-38847999.27999764,16381813.015812926,102028.05043054002,-1194.4691515443412,-2833.5260428847696,0.9648306633906932
2022-12-29 02:00:00.000000Z,0.0001876111140309,42166861.3055666,0.1397978143168267,74.60643045914102,124.40061479618208,348.2175956533328,0.0030667551465547,60.002801074140336,35780979.95496904,-41824291.73588775,-5301956.903042453,94953.71104322064,386.8410664650333,-3050.6966111019105,-2.88587029002392
2022-12-29 04:00:00.000000Z,0.0001749704519057,42166345.16107434,0.139778634547419,74.62121815899121,127.6306723466831,15.063122222380512,-0.0170395454102118,60.01103246653391,35781083.71399353,-33529773.458657257,-25556805.299812563,62335.63002309644,1863.9977888703656,-2445.755209131401,-5.966942343241596
2022-12-29 06:00:00.000000Z,0.0001550128915585,42165783.86399617,0.1398815305608933,74.60664013386817,130.60811263655623,42.18905776863591,-0.0325702638418469,60.01769523128328,35782803.49886732,-16199648.34728478,-38924492.67535252,12905.760187228285,2838.776165119231,-1181.794887899668,-7.44782485795268
2022-12-29 08:00:00.000000Z,0.0001349296294688,42165636.422443084,0.1401016219001401,74.62061356257442,134.37386590573183,68.49480144721069,-0.0394097442832726,60.02103680882424,35785413.118009806,5495579.704808613,-41803850.97186806,-40066.607001256416,3048.5709129271168,400.3857909321344,-6.927897109558235
2022-12-29 10:00:00.000000Z,0.0001171319915501,42166153.49517947,0.1403182458553787,74.6898049197922,141.45866057731328,91.42246633768757,-0.0357621757136959,60.0205598576495,35788138.53204438,25710499.524474945,-33420924.96392839,-82342.58331454346,2437.1225503838505,1874.4194449390832,-4.544646191056286
2022-12-29 12:00:00.000000Z,0.0001027507702844,42166959.2066583,0.1404151690962576,74.78394670491433,150.09655248935672,112.7686780441975,-0.0226212984997192,60.01667210476324,35790498.63167752,39000501.4903117,-16035716.362678124,-102542.65813067208,1169.404718247908,2843.35179787326,-0.9365250062534092
2022-12-29 14:00:00.000000Z,9.80923471468236e-05,42167185.21373395,0.1404005957380202,74.84457496866693,151.92956774861582,140.95052090546568,-0.0034956898943544,60.01001911340126,35792260.29552653,41787606.56648768,5668269.693360726,-95206.00621635788,-413.0355329339231,3046.442465787056,2.9286082032877583
2022-12-29 16:00:00.000000Z,0.0001107181150459,42166540.70052346,0.1404061994951442,74.84625917031241,146.2260872670915,176.7258295172816,0.0165303002183053,60.001391077372446,35793064.67980057,33322535.58662586,25845986.079997625,-62262.34263529533,-1884.119783006216,2429.1912327449763,6.01273096347492
2022-12-29 18:00:00.000000Z,0.0001327148823881,42165771.86145377,0.1405423903731733,74.82621441021178,140.91894282570843,212.12611060574883,0.0321437901166917,59.99234777891456,35792373.81828785,15885146.092817036,39064228.63476688,-12525.562403851423,-2847.878850260436,1157.8345780204802,7.4854956334493075
2022-12-29 20:00:00.000000Z,0.0001520389508048,42165622.12462873,0.1407733821503833,74.84047954710763,136.15679615853605,246.94911838296187,0.0392032395313996,59.98534506700622,35789994.45461342,-5829550.302293794,41763213.47465026,40658.028815436446,-3044.835346244531,-425.4567565296999,6.947359344923139
2022-12-29 22:00:00.000000Z,0.0001701374451248,42166055.851128176,0.1409650047671744,74.9008849113077,131.7179278880194,281.4070728125592,0.0358308304309829,59.98270875006093,35786498.81987129,-25974051.91176452,33214428.40028868,82984.61343514347,-2421.715855034238,-1894.4709797247203,4.538334472198301
2022-12-30 00:00:00.000000Z,0.0001873174372329,42166585.86911325,0.1410340666456907,74.96596666725793,129.9257562981759,313.2189550169819,0.0229144157860163,59.9853681950864,35783039.26185012,-39121475.40333064,15718280.08786223,103038.05736542256,-1146.002668370596,-2853.4358016534934,0.902431884525937
2022-12-30 02:00:00.000000Z,0.0001963775609568,42166808.93272756,0.1410325727512724,74.98757478277793,131.20337918167027,342.0088488859596,0.0038808664795967,59.992353882219305,35780796.04967832,-41727817.16971638,-6012970.489703802,95373.05532186976,438.77424203987647,-3043.672643136814,-2.983807354412685
2022-12-30 04:00:00.000000Z,0.000191831044448,42166591.45796299,0.1410905641621862,74.96162900797066,133.8440051012693,9.485167163644745,-0.0162085451305275,60.00121193655997,35780476.14477357,-33089204.224025164,-26123732.159468945,62000.22456379008,1905.444732689882,-2413.6721220624577,-6.073640485486881
2022-12-30 06:00:00.000000Z,0.0001752564712814,42166065.17545316,0.1412795935130492,74.93300832037704,135.9237832155837,37.52391519290136,-0.0320043982112775,60.00898207072152,35782066.79729988,-15533390.871863715,-39194341.56823126,11862.692680977156,2858.5685648932053,-1133.2551487630471,-7.532734955108785
2022-12-30 08:00:00.000000Z,0.0001537348614446,42165617.37930413,0.141534341133094,74.94871017388938,137.0170833239356,66.50136844391619,-0.0392951438052018,60.013308236612886,35784894.872050606,6208142.75515378,-41703458.99282725,-41561.55489843245,3041.337340277902,452.3142605877241,-6.964959978490016
2022-12-30 10:00:00.000000Z,0.0001323028706923,42165717.95524475,0.1417166270626348,75.00581315873572,139.39404721375126,94.14934710252042,-0.0361273958527256,60.01322600393212,35787983.880680524,26277258.60463242,-32976967.61337775,-83884.80548262924,2404.7896514401077,1915.717421344796,-4.519631335263528
2022-12-30 12:00:00.000000Z,0.0001113242448826,42166418.48994297,0.1417665199613647,75.05010807761032,144.6827828466405,118.89441421172776,-0.023322388558103,60.00919091710645,35790549.28967662,39268604.82670437,-15367629.223944,-103682.68248318732,1120.69560479746,2862.8752025392428,-0.8516882635497336
2022-12-30 14:00:00.000000Z,9.676374147928544e-05,42167033.37893735,0.1417799291507656,75.03449849148105,148.4415665721302,145.22653905346183,-0.0042591491139696,60.00235085805674,35792247.81465512,41684763.39501613,6380652.135658991,-95574.21927309144,-464.9896003473511,3038.94151477532,3.0535379011649497
2022-12-30 16:00:00.000000Z,0.0001001241686877,42166848.35864145,0.1419043507180964,74.97551572532247,146.163484809784,177.63726807530213,0.0160118740224302,59.99387494809535,35792929.69098946,32876381.50556644,26410956.05655066,-61684.63989012473,-1925.33006112695,2396.6871804977395,6.1442311430663965
2022-12-30 18:00:00.000000Z,0.0001200281351632,42166106.39207049,0.1421663412210797,74.93557647725547,143.13001820844966,210.7840627709649,0.0320968521069464,59.98512833977136,35792317.25865669,15215778.295356352,39329723.86907652,-11093.499278434185,-2867.238901602515,1109.0693340599637,7.585152463452554
2022-12-30 20:00:00.000000Z,0.0001425704452299,42165603.99201672,0.1424494995803742,74.95290806490188,141.0861537054107,242.885683884112,0.0396895309586669,59.978087490844686,35790206.19985852,-6541821.861798509,41657795.42604674,42594.93039270651,-3037.117139221122,-477.342344589433,6.983931812585378
2022-12-30 22:00:00.000000Z,0.0001632071504201,42165695.90151948,0.1426217907015264,75.00668370208052,138.69310821922898,275.30389602750586,0.0367262869892677,59.97490222309558,35786921.66014999,-26537338.261609025,32766669.64200389,84909.57333922129,-2389.0080901602614,-1935.484018810928,4.49791674238614
2022-12-31 00:00:00.000000Z,0.0001833967147522,42166166.30049534,0.1426614735399734,75.04114923375637,137.24139310720773,306.8051941654528,0.0239501639948567,59.97681824962963,35783395.50260483,-39384146.54940359,15049017.28742776,104412.2204165837,-1097.1347837040803,-2872.5353986011746,0.7929902880808304
2022-12-31 02:00:00.000000Z,0.0001991227834401,42166616.57672028,0.1426775418020205,75.01843981204854,138.00652475620163,336.1514988100479,0.0047271697308725,59.98340602993937,35780799.867546044,-41619265.66216648,-6723355.407704199,95789.31671392795,490.6491434006364,-3035.7344507173475,-3.1344960663796524
2022-12-31 04:00:00.000000Z,0.0002029989399462,42166720.22113183,0.1428122495169643,74.95593493429486,140.26550170250067,4.046326747725379,-0.0158411478894396,59.99256538798116,35780044.75142749,-32638640.84911614,-26683846.31381873,61301.48323149482,1946.3855637004724,-2380.826846798042,-6.225510093851251
2022-12-31 06:00:00.000000Z,0.0001918267572508,42166355.37218432,0.143102145911824,74.91351319271922,142.0772182371324,32.36784912739019,-0.0322748359536223,60.00124688955604,35781386.04277428,-14861988.533428954,-39453093.35859812,10192.819460697516,2877.553246170442,-1084.314289274716,-7.644175194269644
2022-12-31 08:00:00.000000Z,0.0001710314032099,42165768.4867198,0.1267293826442952,72.11501480891926,144.8777997724092,62.453252480088,-0.0388572032949563,60.00661203814177,35784295.3300594,6919616.857270671,-41590717.33462827,-42817.04463570152,3033.2219184361024,504.1830434238264,-6.042334524037352
2022-12-31 10:00:00.000000Z,0.0001480704339825,42165475.23846719,0.1269176578875453,72.18888678053668,143.97905618162463,93.36079804952766,-0.0272739133392891,60.00715461496864,35787703.334619045,26837007.35985397,-32522714.26702966,-78634.53013944015,2371.730085750191,1956.5176187256684,-3.676223464549625
2022-12-31 12:00:00.000000Z,0.0001241439248399,42165903.57266918,0.1269477010144704,72.21719166691858,145.26860133578364,122.12107838904238,-0.0084309968714451,60.00314652695855,35790549.41880346,39525614.36491937,-14694053.628634049,-93334.25383414143,1071.6048811131295,2881.590042765877,-0.3109444257496054
2022-12-31 14:00:00.000000Z,0.0001016522308284,42166702.48680742,0.1269927718260166,72.14643805880615,147.54858440732977,149.98692905980946,0.0127052548151032,59.99608547688727,35792276.968599066,41569672.04824885,7092200.703016285,-82880.53896701393,-516.8743913922798,3030.533596116289,3.1497915058592447
2022-12-31 16:00:00.000000Z,9.401265425734948e-05,42166991.50571946,0.1272395349865443,72.02990145158061,146.58704792835218,181.1386870517836,0.0305585129090345,59.98763355901036,35792817.95958322,32420088.55513584,26968959.918030117,-50007.08304404001,-1966.037845219928,2363.426979194294,5.772392711599688
2022-12-31 18:00:00.000000Z,0.0001076756302421,42166474.82430979,0.1276568043184001,71.97202883411195,145.3874030545057,212.4699102087992,0.0403953627731168,59.97920954941584,35792168.22626987,14541057.026146226,39583990.326958455,-3512.873703471136,-2885.8033582619705,1059.9022474724657,6.844850176872247
2022-12-31 20:00:00.000000Z,0.0001308295198869,42165757.58540663,0.1280355810556142,72.00875683159101,146.28868707804105,241.60719178821336,0.0395732282275375,59.97237639225246,35790243.22112183,-7253285.758588773,41539862.681574926,44087.585649573535,-3028.520808015472,-529.1764313456292,6.071510979210538
2022-12-31 22:00:00.000000Z,0.0001536775161906,42165482.9869218,0.1282224814158381,72.08187765264306,146.70830599075418,271.19314251967205,0.0282597143708547,59.96893584758325,35787210.067604266,-27093876.509193327,32308388.36310056,79937.33571878826,-2355.564767917888,-1976.0067004350929,3.655353820260365
2023-01-01 00:00:00.000000Z,0.0001760115121907,42165772.64877955,0.1282492076927558,72.10763784678969,146.44820696872495,301.51091811573025,0.0094122268257269,59.97023431977574,35783755.68678319,-39635894.9969192,14374008.749944502,94314.01276671833,-1047.870877199581,-2890.8271755916,0.2440787356363356
2023-01-01 02:00:00.000000Z,0.0001967291629222,42166339.30727778,0.1282870736668229,72.05103374857084,147.13241012106045,330.9715235597156,-0.0119934267928027,59.97629732016957,35780948.648319244,-41498553.24824303,-7433145.212292702,83265.71463152164,542.4615917671026,-3026.8838876295104,-3.244037459246596
2023-01-01 04:00:00.000000Z,0.0002084865647227,42166739.75781763,0.1284982939011412,71.95482488994682,149.1621054664951,359.1293416593958,-0.0302830492780194,59.98546460125231,35779812.57962057,-32178035.260446005,-27237185.78510578,49694.47269904817,1986.8136986858312,-2347.219081397948,-5.867359932605568
2023-01-01 06:00:00.000000Z,0.000203998118977,42166617.431248166,0.1288912541926187,71.9038699766222,150.98666739564868,27.447181724529276,-0.0405973256242126,59.99478174419508,35780846.42300213,-14185457.793301078,-39700789.19661132,2592.074405690368,2895.7191149454816,-1034.9745724238733,-6.915127598619369
2023-01-01 08:00:00.000000Z,0.0001851542327042,42165991.74639397,0.1292998137339859,71.94631499472118,150.4514910347559,58.028339321735245,-0.0401878458250859,60.00108130250929,35783719.80007194,7629896.210190194,-41465706.23132994,-45370.73703978001,3024.206384522796,555.9846640137648,-6.0999136816163
2023-01-01 10:00:00.000000Z,0.000161783717876,42165386.57056596,0.1295298558127538,72.0382660122186,147.52143360167338,90.94982735687934,-0.0291435844905443,60.00233211555447,35787361.55463566,27389544.31518725,-32058314.493204925,-81252.42648651656,2337.937008911653,1996.809705634587,-3.635728495693798
2023-01-01 12:00:00.000000Z,0.0001374810742213,42165457.90742747,0.1295650784188692,72.0720749111961,145.30698594232155,123.20876798674364,-0.0103563074719991,59.99849577920292,35790495.29040797,39771330.56906176,-14015196.288855428,-95325.42232241346,1022.139432046149,2899.491954415437,-0.1808761538843437
2023-01-01 14:00:00.000000Z,0.0001108899212411,42166242.04212175,0.1296272485616558,71.98307522590105,144.61527768422107,154.0643625120334,0.0112505938755227,59.99124079938963,35792309.83497328,41442216.931062974,7802706.962229189,-83702.40288939141,-568.6747649121937,3021.222078770302,3.337638748322713
2023-01-01 16:00:00.000000Z,9.353500265830044e-05,42166922.83443484,0.1299573378508079,71.83670267320052,142.2699409509424,186.62969531905003,0.0300077621697899,59.98272676245067,35792703.54476816,31953661.381581478,27519826.94291374,-49407.51128002592,-2006.2257573428783,2329.41702364728,5.970776306932331
2023-01-01 18:00:00.000000Z,9.844680762831248e-05,42166764.11816843,0.1305153779862674,71.76657918726524,141.22131364465108,217.82248583962743,0.0409648139395536,59.97463639423266,35791906.05492407,13861104.817370094,39826904.23578957,-1603.0567715857087,-2903.5577637428582,1010.339702588685,7.002104882597294
2023-01-01 20:00:00.000000Z,0.0001187046181099,42165997.88759144,0.1310164993396222,71.81872758977939,145.00616436507542,244.06124183755085,0.0411818361487719,59.96826504829122,35790049.7868104,-7963739.787850462,41409330.22798338,46846.76453861631,-3019.0390285100952,-580.9552735961837,6.144379212847493
2023-01-01 22:00:00.000000Z,0.0001421657549813,42165391.43236293,0.1312563381534052,71.91399975997345,149.08574535677175,269.96522162464044,0.0305278973865347,59.96496770318055,35787257.22483758,-27643434.4083087,31839505.978122786,82842.06660832248,-2321.384059362881,-2016.0412895858608,3.6214360565190926
2023-01-02 00:00:00.000000Z,0.0001657027082991,42165412.50897364,0.1312888576878767,71.94615034196222,151.0442531918807,298.0576931527204,0.0117531585183539,59.9659597193706,35783988.23643759,-39876476.09496637,13693141.611742578,96599.30492505922,-998.2084497896652,-2908.3173902920366,0.1094009858311198
2023-01-02 02:00:00.000000Z,0.0001897334282776,42165980.92478517,0.1313387329373753,71.87799947772366,152.26747803667374,326.9903568048069,-0.0102148524812071,59.971555422804165,35781134.59559662,-41365407.67232195,-8142488.617260934,84312.71852578127,594.2162922848198,-3017.123224225383,-3.4457611868346603
2023-01-02 04:00:00.000000Z,0.0002082183124234,42166621.1700827,0.1316000745502872,71.76620389306021,154.28924927057102,355.17150097054787,-0.0295720934489908,59.98053702447128,35779735.45884125,-31707091.005191915,-27783883.258097924,49202.29428854645,2026.7297393479312,-2312.841991250712,-6.083551799827248
2023-01-02 06:00:00.000000Z,0.0002109423099702,42166779.99773412,0.1320748445776912,71.71062858742648,156.28485777563495,23.323255612319212,-0.0411845398035629,59.99019439544968,35780474.785122074,-13503534.675651202,-39937489.87531871,664.6879435033452,2913.0560344100613,-985.2242414060152,-7.088502227259105
2023-01-02 08:00:00.000000Z,0.0001957773688302,42166247.7864829,0.1325665857472382,71.76526230749239,155.83568583804902,53.80694482332044,-0.0419593312885294,59.99721903161528,35783234.98675158,8339145.052188653,-41328411.76321915,-48246.95983614258,3014.280418761558,607.7257213149783,-6.1840080250768255
2023-01-02 10:00:00.000000Z,0.000172903436404,42165437.83028548,0.132851124486246,71.88160043542618,151.79907388188855,87.81127928620472,-0.0316660533167213,59.99914968954712,35787021.14404892,27934950.96781218,-31583729.39969568,-84335.02248336762,2303.3989390074203,2036.5942452613951,-3.6075246451371568
2023-01-02 12:00:00.000000Z,0.0001497076286773,42165142.545774266,0.1329024248835812,71.94035082340561,146.8728169924956,122.75733662895784,-0.0129882007989564,59.99556275920904,35790420.42903812,40005767.28051218,-13331025.94613782,-97811.42345649523,972.2925187617556,2916.578948036571,-0.0469301624923506
2023-01-02 14:00:00.000000Z,0.0001228162204932,42165753.74020422,0.1329653814279467,71.8630978835477,143.1633082562029,156.61881226730628,0.0091952849270901,59.988134678178334,35792370.0350508,41302386.2764911,8512187.549290054,-84938.44931349959,-620.3907672608638,3011.005024825245,3.543361607923031
2023-01-02 16:00:00.000000Z,9.927937303246872e-05,42166685.2131182,0.1333329865310026,71.71153870845122,138.0644552763554,191.9426797134448,0.0290869861058718,59.97945138840154,35792643.871279486,31477116.245256223,28063561.874894127,-49057.17586469003,-2045.8858594996277,2294.65623722452,6.196173332928614
2023-01-02 18:00:00.000000Z,9.560627764902282e-05,42166937.95313137,0.1339940728819649,71.63739068253271,134.66671694220705,225.488844181461,0.0414649058520689,59.97159874280453,35791626.99050563,13176017.954044312,40058476.56708735,267.7574944645421,-2920.48890610441,960.3853191400436,7.189763861123576
2023-01-02 20:00:00.000000Z,0.0001098797507042,42166285.729207724,0.1346168842145346,71.70661894924726,139.92835449228497,250.23429630045797,0.0430302030741775,59.96579050744764,35789715.12828723,-8673000.390894517,41266261.50080082,49780.17353899426,-3008.662501616324,-632.6681270166737,6.245065219381816
2023-01-02 22:00:00.000000Z,0.0001309506279755,42165430.14694256,0.1349295114163639,71.8330573458244,148.12680643240398,271.98867611501794,0.0332894717743984,59.96293129523392,35787100.82188475,-28185800.081717208,31360174.44995066,86094.08281274677,-2286.467844127174,-2055.5753806193406,3.606848710976295
2023-01-03 00:00:00.000000Z,0.0001540280297212,42165135.75693401,0.1349783961869108,71.88924663655465,153.37452948287466,296.7678924928809,0.0147283489292452,59.963922679660406,35784072.934909806,-40105728.49283372,13006637.646502234,99326.07041817142,-948.158580031846,-2925.0000752867595,-0.0190021112549768
2023-01-03 02:00:00.000000Z,0.0001796066252672,42165598.772691935,0.1350297810723684,71.82852365523397,155.94082455923382,324.34972169202683,-0.0078088074491935,59.96918159659341,35781307.39038865,-41219758.28307677,-8851153.477214733,85793.24207045719,645.9002740364062,-3006.455341250323,-3.655946031858021
2023-01-03 04:00:00.000000Z,0.000203247116317,42166399.514501415,0.1353159821682247,71.7141993242816,158.30190596952758,352.19379752897294,-0.0283881474620372,59.97787513299932,35779771.70731276,-31225822.63895775,-28323750.851072825,49034.4713512368,2066.123285276636,-2277.7043677616766,-6.320977859001993
2023-01-03 06:00:00.000000Z,0.0002130409901895,42166841.82514238,0.1358466607348505,71.65840046106274,160.62478699903377,20.018597450858657,-0.0415638653857376,59.98762591994294,35780264.1013401,-12816297.812935697,-40163083.69118972,-1122.403106859887,2929.556553024884,-935.0754624478516,-7.290699295697642
2023-01-03 08:00:00.000000Z,0.0002027379234133,42166489.1519246,0.1364073681622366,71.72392411766,160.56189337393403,50.10561268681577,-0.0438334097528022,59.99514508338645,35782868.19655426,9047240.288792308,-41178819.55780983,-51196.8116552331,3003.4374509030536,659.3918911184394,-6.29747529412566
2023-01-03 10:00:00.000000Z,0.0001813112728635,42165588.81011152,0.1367468740314361,71.86490371946164,156.11265842739022,84.49851313849875,-0.0345711963613312,59.99766122335712,35786717.49698224,28473079.952425152,-31099051.17105004,-87683.40843662329,2268.116299274172,2075.8567596980165,-3.602275298847169
2023-01-03 12:00:00.000000Z,0.000159958458605,42164969.20287588,0.1368178760762722,71.95796284003764,149.2470626627017,121.34988238290484,-0.0161872661429449,59.99435672126806,35790340.404885374,40228810.74296371,-12641721.968777206,-100689.4915324124,922.0728968862256,2932.8423219222013,0.0754828482955141
2023-01-03 14:00:00.000000Z,0.0001355789838749,42165305.70312882,0.1368657858345944,71.912293544787,143.0493579614006,157.66782663406394,0.0065210798505543,59.98678448376688,35792456.54605889,41150152.41401554,9220434.71840866,-86602.02340406597,-672.0078405981184,2999.883445172064,3.7507882253663074
2023-01-03 16:00:00.000000Z,0.0001099599805259,42166326.84803419,0.1372232624951299,71.7755679679764,135.4334732632464,195.4936327112568,0.0276311956970665,59.9778404471419,35792657.93141012,30990542.15667176,28599997.07966637,-49077.5644294373,-2085.0006989186577,2259.1544038867464,6.435233316885286
2023-01-03 18:00:00.000000Z,0.0001001743926019,42166967.59900103,0.1379331712665942,71.70455032774355,128.39976847088153,232.67272219666307,0.0416250036282139,59.97007576650138,35791391.66762613,12486012.325999998,40278637.510282844,1900.1590034759372,-2936.579956737571,910.0563965754336,7.399889878814839
2023-01-03 20:00:00.000000Z,0.0001076622460005,42166564.319046,0.1386549193629572,71.78875186427842,132.32176052742466,258.7433914717486,0.0448042246940905,59.96481259043431,35789313.03620024,-9380755.817950748,41110734.474846415,52656.22707806965,-2997.3829770781467,-684.2919078887328,6.372777214234487
2023-01-03 22:00:00.000000Z,0.000122945036662,42165577.83910745,0.139046968417308,71.94915292056,143.69021633174424,277.29443515216497,0.0362603561842497,59.96258479437515,35786782.01090772,-28720655.70358881,30870638.527231917,89483.81400809054,-2250.823166550565,-2094.587406322402,3.6184340239762314
2023-01-04 00:00:00.000000Z,0.0001428451926038,42164964.61632776,0.1391184523371945,72.0415812054317,152.9763836659961,297.99925117246573,0.0181529330697075,59.96385993936349,35783999.36071007,-40323435.46923056,12314861.637059383,102357.88914429654,-897.7411138854262,-2940.8647768184683,-0.128065432181933
2023-01-04 02:00:00.000000Z,0.0001678491275044,42165230.65882778,0.1391593110116984,72.00389025045592,157.82243516369803,323.2781415809218,-0.0048146078442971,59.9689682362338,35781420.36366484,-41061549.28717638,-9558753.043622876,87678.24851388861,697.4903126793611,-2994.884542890336,-3.858487727068022
2023-01-04 04:00:00.000000Z,0.0001946925895778,42166098.794614576,0.1394424926922237,71.89825065320504,161.021510692029,350.2752348947619,-0.026615094411647,59.97735682346095,35779870.2916018,-30734327.923524234,-28856476.522924226,49276.586032215135,2104.9757858502344,-2241.821755048164,-6.564609146268642
2023-01-04 06:00:00.000000Z,0.0002107755687435,42166796.19905832,0.1399982369672507,71.845405235181,163.8817042065285,17.559679222910656,-0.0414937091823716,59.98701681876505,35780185.448946364,-12123951.054293295,-40377394.107163705,-2591.1580627626404,2945.20995073187,-884.5495147435311,-7.511620111568594
2023-01-04 08:00:00.000000Z,0.000206056897342,42166679.19878002,0.1406062763551109,71.91860941440191,164.42818033372075,47.029920235084255,-0.0455048307258943,59.99481208611319,35782618.86991219,9753931.733882597,-41016914.00653964,-53995.359841883685,2991.6754725592946,710.9604027481832,-6.437646565823367
2023-01-04 10:00:00.000000Z,0.0001870347333107,42165796.13696307,0.1409928921843687,72.07992444265882,160.09692454565516,81.28496964824434,-0.0375666959183233,59.99779287966485,35786462.74630414,29003700.45444197,-30604420.18696106,-91082.1705784276,2232.0965204574104,2114.5776184197057,-3.6251834081834975
2023-01-04 12:00:00.000000Z,0.0001678452986627,42164928.56593246,0.141082745288732,72.20807777581584,152.006587370407,119.32627781232216,-0.0197443405119402,59.99478107811867,35790256.94586714,40440314.545616105,-11947536.634379912,-103805.50096120722,871.4960364679383,2948.271604223439,0.1749816350872559
2023-01-04 14:00:00.000000Z,0.0001476103099679,42164944.9052435,0.1411039576102534,72.20322797717746,143.9536157998675,157.4585710468457,0.0033084604298805,59.9871102304589,35792556.25483209,40985495.98620296,9927166.382440504,-88633.89547252591,-723.507016473976,2987.8597245017136,3.945543498448612
2023-01-04 16:00:00.000000Z,0.0001233636933082,42165904.89944932,0.141411354488213,72.09416989447186,134.73044734401643,196.86367752841983,0.0255803003303929,59.977849012228106,35792745.90449502,30494056.22810525,29128910.858375456,-49513.109974962514,-2123.5517335678824,2222.925416433852,6.674083557089258
2023-01-04 18:00:00.000000Z,0.000110452030217,42166849.4195336,0.1421117532172108,72.03110856619199,124.6656782018993,237.06579550296652,0.0412637588534886,59.970003518155984,35791244.190581374,11791329.27619492,40487297.427419536,3160.321828730303,-2951.81550530948,859.3753519552029,7.6219237163287
2023-01-04 20:00:00.000000Z,0.0001129814413281,42166782.44322747,0.1428932659760868,72.12494098612876,125.02019709219222,266.6947324142598,0.0462442444395795,59.96516557479687,35788919.59662092,-10086681.60049346,40942843.80561895,55283.36017294502,-2985.1941218913244,-735.7985804546988,6.522325629680756
2023-01-04 22:00:00.000000Z,0.0001208845963693,42165801.64843222,0.143358417297696,72.3157396670084,136.83446059579367,284.77027260833046,0.0391621853524971,59.963640651649285,35786364.58228568,-29247685.945829865,30371194.357772373,92805.92039389614,-2214.4595709513524,-2133.0511494933394,3.6576814989765136
2023-01-05 00:00:00.000000Z,0.0001343414479533,42164908.35485478,0.1434548969259111,72.45003259413924,149.77889440902436,301.7754588830283,0.0217957953805239,59.96541827629865,35783787.931949496,-40529406.98413211,11618259.242361195,105524.39987024142,-846.9801620310958,-2955.89775276966,-0.2097075380527397
2023-01-05 02:00:00.000000Z,0.0001560884920404,42164910.44582175,0.1434740702220724,72.44618814562874,157.6992646495304,323.94623110044,-0.0013595709886578,59.97057365852628,35781452.211947985,-40890788.7606436,-10264807.825322488,89874.13870914337,748.9575543808158,-2982.4153348165783,-4.040571668288502
2023-01-05 04:00:00.000000Z,0.000183797408574,42165748.36941741,0.143727474128373,72.35778883464958,162.34582930425998,349.47833342407205,-0.0242449366125861,59.97869944442984,35779991.67880047,-30232806.81757631,-29381673.06003252,49934.96548796818,2143.264282555122,-2205.214252330434,-6.800104698188473
2023-01-05 06:00:00.000000Z,0.0002047884967027,42166646.96263811,0.1442761643453953,72.3099331932555,166.0277418501963,15.935855413341097,-0.0408334373460494,59.98814454427552,35780206.45115442,-11426819.393652782,-40580213.24421276,-3637.4731980415713,2960.004973053102,-833.6748243258759,-7.739040430267895
2023-01-05 08:00:00.000000Z,0.0002058213813616,42166791.89940632,0.1449059036699895,72.38656333613253,167.3875006374507,44.5894745755103,-0.0467367491229584,59.99602635864155,35782473.362895064,10458860.31231859,-40842699.68232584,-56467.70774620488,2978.9962625500693,762.4018202366859,-6.597492616037399
2023-01-05 10:00:00.000000Z,0.0001900356191486,42166018.41655052,0.1453265627285411,72.5611231746604,163.5920776610354,78.29578579592642,-0.0403795870316833,59.99934766532201,35786254.44616912,29526510.5189287,-30100036.271846388,-94329.96142174322,2195.353322181052,2152.7331551465822,-3.676051571425993
2023-01-05 12:00:00.000000Z,0.0001731186583832,42164996.55059936,0.1454321694832772,72.71905931886577,154.9159854458605,116.89336163797856,-0.0234173270472969,59.996632582289934,35790160.36341578,40640107.854758665,-11248799.528704472,-106981.05254175382,820.5836886298815,2962.855331834806,0.2451857865776711
2023-01-05 14:00:00.000000Z,0.000157622800841,42164696.50287917,0.145421289160173,72.75547928672718,145.57807348142526,156.2692979659839,-0.0002870095887447,59.988934336753545,35792643.502089456,40808411.88303206,10632026.211224414,-90919.65688524698,-774.865224796103,2974.9379551703028,4.116660352404426
2023-01-05 16:00:00.000000Z,0.0001371445526255,42165476.30916011,0.1456525315879814,72.67975115051418,135.56832830463847,196.4273331840976,0.0229723371552904,59.97935387582221,35792885.95727457,29987806.32983861,29650027.23046706,-50336.17454826369,-2161.5201585136333,2185.98674294628,6.900087356919245
2023-01-05 18:00:00.000000Z,0.0001235060314544,42166601.40316311,0.1462919984134663,72.62718502353458,123.83637127806097,238.28591783527548,0.040299010926827,59.971280917576266,35791201.6039842,11092230.604376046,40684340.0060586,3987.2811180312447,-2966.182976446075,808.3683411446171,7.844299572747109
2023-01-05 20:00:00.000000Z,0.0001236723463841,42166899.683181785,0.1470855396420332,72.72357871702387,120.282099650992,271.82132653496353,0.0471693525637447,59.96668510776431,35788596.30992878,-10790456.29427414,40762680.73020144,57527.91208325999,-2972.092820197725,-787.1574440333723,6.685402800744868
2023-01-05 22:00:00.000000Z,0.0001256356309218,42166060.53633725,0.1476057692025658,72.93576948332395,129.74390753334083,292.22858756416383,0.0417559957386527,59.965818418012375,35785918.89627152,-29766598.037649915,29862150.896619327,95884.10301361984,-2177.3888251960066,-2170.9384432004044,3.721298559196188
2023-01-06 00:00:00.000000Z,0.0001304866467512,42164965.91305289,0.147726404444972,73.11059230030983,144.3938059241643,307.488408384822,0.0254145313527009,59.968226372866894,35783479.96434774,-40723490.34475868,10917301.619726468,108647.03772774585,-795.9020027153149,-2970.083823012575,-0.2612142591733299
2023-01-06 02:00:00.000000Z,0.0001459363894482,42164667.983553566,0.1477161286756131,73.14602980169155,155.52787708540262,326.40641752681626,0.0023681353762262,59.97360190153162,35781405.06358255,-40707539.31098573,-10968806.750856817,92242.6952231317,800.2704431312154,-2969.0522711945646,-4.193919202276198
2023-01-06 04:00:00.000000Z,0.0001717836949527,42165380.87009999,0.1479174967190859,73.08062898510579,162.2258061438445,349.8639663997246,-0.0213656602851198,59.98153607647794,35780113.55838251,-29721532.12516033,-29898930.124320097,50945.533548148014,2180.9636540291363,-2167.9043306940407,-7.015582793840834
2023-01-06 06:00:00.000000Z,0.0001957531993658,42166407.06232346,0.1484293039460039,73.03900098733254,167.07882526535826,15.14386135016532,-0.039549428723308,59.9906868204867,35780302.39767897,-10725309.443677226,-40771334.67262216,-4235.724702948612,2973.930330885492,-782.484023198904,-7.960460232561669
2023-01-06 08:00:00.000000Z,0.0002021028333601,42166811.20773306,0.1490539541290647,73.11469066241396,169.46405168676336,42.77287856811007,-0.0473831691742445,59.99849327644934,35782417.81860725,11161595.327779807,-40656214.14026406,-58505.5788287629,2965.404369900109,813.6824716445748,-6.76704417184316
2023-01-06 10:00:00.000000Z,0.0001901297599363,42166219.32811508,0.1494924289515987,73.29419198204299,166.54784357122765,75.59525182950358,-0.0427888772696673,60.00203385139118,35786086.50658089,30041164.494147293,-29586157.549580414,-97263.54324512322,2157.9051503820347,2190.297105133008,-3.749882642446154
2023-01-06 12:00:00.000000Z,0.000175486455382,42165142.00847305,0.1496096660326059,73.47291136942009,157.84587065022237,114.19822323785586,-0.0269652583966197,59.9996182947442,35790036.91262648,40828012.15043993,-10545909.44807306,-110038.55547704888,769.3625868408328,2976.5816727834217,0.2850566954266796
2023-01-06 14:00:00.000000Z,0.0001645515436564,42164567.36504254,0.1495677900640763,73.5448855243104,147.6896223180654,154.35701298582282,-0.0040617279715562,59.99199178686042,35792685.035003744,40618918.23334965,11334593.330435626,-93309.61910088058,-826.0560765404659,2961.123867751103,4.25766094697664
2023-01-06 16:00:00.000000Z,0.0001492404876081,42165088.9434931,0.149712520655258,73.50241121531391,137.40310866800337,194.7583094298328,0.0199288863720385,59.98215692604828,35793037.01985022,29471975.77937411,30163022.29141132,-51457.77569072128,-2198.8872828939907,2148.358616600611,7.103243423986983
2023-01-06 18:00:00.000000Z,0.000136660907834,42166257.5631953,0.1502547898499029,73.46112410812864,125.17571438457637,237.1007403528373,0.0387473847488908,59.97377043171932,35791249.98660087,10388999.361928374,40869620.39174984,4392.629775053493,-2979.673308990209,757.0638400721878,8.055907287908624
2023-01-06 20:00:00.000000Z,0.0001363212079324,42166891.29641797,0.151012486490067,73.55309734895522,118.51304088589087,273.7490183839103,0.0474907298098187,59.96922089066956,35788377.67610542,-11491766.64053021,40570318.44644124,59323.92842925935,-2958.079989210113,-838.3371900039909,6.851920745938004
2023-01-06 22:00:00.000000Z,0.0001355012914435,42166308.26739344,0.1515605688534899,73.77410951083296,124.33080364357014,297.7920281099696,0.0438670086806206,59.96887986301237,35785506.63559964,-30277129.61560193,29343799.10576684,98589.33033608642,-2139.624639949718,-2208.2214601949104,3.802173302669392
2023-01-07 00:00:00.000000Z,0.0001321538030828,42165122.80446568,0.1517013798091504,73.98165927075867,138.1550092967255,313.8454759373193,0.0287863076107219,59.9719504107486,35783125.419413425,-40905570.17629715,10212440.006082628,111561.7268050706,-744.5330910505479,-2983.4078763052157,-0.284974603260107
2023-01-07 02:00:00.000000Z,0.0001387693361872,42164525.3730961,0.1516588961866411,74.0562040579268,151.55602363630894,330.45777937991915,0.0061487295478868,59.97767141233777,35781297.72469541,-40511900.24551061,-11670257.981601806,94622.54382553736,851.397632028967,-2954.799719019268,-4.31536050469158
2023-01-07 04:00:00.000000Z,0.0001597832687899,42165030.42460174,0.151793657786988,74.01662713882361,160.6418481632802,351.50149284730384,-0.0181412828561746,59.985488809912496,35780230.11395322,-29200812.263965715,-30407856.83060374,52188.3963137995,2218.0489128598647,-2129.914823386408,-7.2029119435428
2023-01-07 06:00:00.000000Z,0.0001843251669638,42166097.30413738,0.1522442041425167,73.98199847373952,167.0413791794057,15.227530062530516,-0.0377096729100877,59.99429151319978,35780460.82300011,-10019860.840489404,-40950576.78093587,-4434.909496973481,2986.97541911445,-731.0108808559653,-8.164738392816396
2023-01-07 08:00:00.000000Z,0.0001947636496982,42166722.20635933,0.1362358441525941,71.33663532313338,173.37389964943608,41.63007676307402,-0.0439037621259218,60.0018763016806,35782446.05092369,11861686.950362364,-40457531.2883561,-57505.48850245879,2950.90805217092,864.7665647892318,-5.989606554197747
2023-01-07 10:00:00.000000Z,0.0001868094082055,42166358.96580851,0.1366518895015672,71.5429147583776,171.59182360042593,73.2916322014129,-0.0327857696075102,60.00550499326452,35785955.961449504,30547326.312081996,-29063091.69828152,-91053.79360580113,2119.7745444931734,2227.241821973644,-3.113903590822506
2023-01-07 12:00:00.000000Z,0.0001744112178487,42165320.24588449,0.1367522207116253,71.75715605791156,163.30525823713666,111.44397012113323,-0.0131448897639713,60.003380023191625,35789870.73168274,41003885.28468833,-9839319.460342476,-100299.96026705,717.8625135940281,2989.4388825989413,0.6063569208868755
2023-01-07 14:00:00.000000Z,0.000167390103476,42164539.96260254,0.1366732985443634,71.8659434666152,152.68304855964982,152.03210779525804,0.0098228779876856,59.99595214836565,35792636.338606335,40417082.32925262,12034398.309415728,-82687.62898966193,-877.0529865280122,2946.424551431944,4.175743761347574
2023-01-07 16:00:00.000000Z,0.0001578346598251,42164768.61332001,0.136736959218051,71.85225047192458,142.3499076754015,192.45114618330388,0.0300892689480206,59.98601747138417,35793130.106561154,28946783.785366926,30667533.99393589,-42849.63060854294,-2235.63840764073,2110.062506607628,6.638443398440756
2023-01-07 18:00:00.000000Z,0.0001478016890596,42165852.70906828,0.1371675148762474,71.82646149193506,130.33690113808163,234.56340358053163,0.0423865580560388,59.97734868739657,35791328.54023377,9681911.759313922,41042957.17026251,8623.770375944854,-2992.2848902813253,705.4891688127773,7.333049993354296
2023-01-07 20:00:00.000000Z,0.000148017668871,42166742.12115078,0.1378384774985146,71.93147854759904,121.58587321195898,273.28690643317486,0.043574947122143,59.97271455497934,35788246.355226666,-12190359.221478883,40365773.40177071,57999.55034291938,-2943.1629429487866,-889.3109275913736,6.067759910451676
2023-01-07 22:00:00.000000Z,0.0001473734957748,42166488.75469652,0.1383552399981603,72.18381437687856,123.72395102629874,300.9786476732017,0.0334280757147044,59.97273954392662,35785152.51273967,-30779105.096703093,28816335.61265612,92050.13743140292,-2101.1813177034333,-2244.8778011591794,3.171937287412771
2023-01-08 00:00:00.000000Z,0.0001385117324688,42165341.536832444,0.1384813239766055,72.4412594677606,134.96276835168706,319.56821740410214,0.0146537690016543,59.97643350280016,35782758.61427817,-41075598.49712846,9503999.578805923,101582.42555636133,-692.8942195144638,-2995.857633272839,-0.5877793172106167
2023-01-08 02:00:00.000000Z,0.0001353446460552,42164485.422536,0.1383963375904065,72.56100410084929,148.84293545807333,335.6565924127598,-0.0078241078864755,59.98257738350416,35781148.93324456,-40303984.05524972,-12368800.113536326,83924.92539452383,902.3165002409318,-2939.6603443057384,-4.207350089666769
2023-01-08 04:00:00.000000Z,0.0001486808385658,42164720.57441533,0.1384609382837707,72.54668997793968,160.09397493321526,354.5097784294556,-0.0281355887997609,59.99034923933677,35780343.24418639,-28670906.44445453,-30908165.111533552,43693.90512519604,2254.5031335385247,-2091.2628625854863,-6.71317832245136
2023-01-08 06:00:00.000000Z,0.0001710085335116,42165735.36193808,0.1388366300646635,72.52306394606536,168.36213538382486,16.355793447287738,-0.0409846915107022,59.998767275915206,35780679.38053808,-9310816.416267954,-41117811.5267429,-8402.475858466449,2999.1345381891088,-679.2815508216484,-7.426240743537276
2023-01-08 08:00:00.000000Z,0.0001843049644915,42166548.36338312,0.1393702963430295,72.60416487798814,173.53758501423536,41.18859474283303,-0.0430378828487026,60.005992702012456,35782562.3398451,12558781.837618891,-40246716.05961934,-58420.72930733596,2935.5086455515543,915.6284646547384,-6.148076064396417
2023-01-08 10:00:00.000000Z,0.0001801508244511,42166435.81902633,0.1397710307260221,72.79734364550299,173.1948239693982,71.42389204815917,-0.0338062379790945,60.00957830372071,35785877.68290399,31044698.42340184,-28531074.243899647,-92929.23730099142,2080.9754278827886,2263.546598705282,-3.216277286529853
2023-01-08 12:00:00.000000Z,0.0001698863763076,42165517.58089096,0.1398736543081582,73.01013801925095,165.76994754825577,108.71625450785857,-0.0157715824886506,60.007721299735536,35789678.077727854,41167566.60325395,-9129378.728797114,-102626.92631064929,666.1067358721111,3001.4169782641297,0.5858684405014677
2023-01-08 14:00:00.000000Z,0.0001658750998756,42164614.50030836,0.1397780989972543,73.13510503199929,155.00701120993796,149.4292498739798,0.0062830693561359,60.00060480110041,35792499.09824914,40202925.16376916,12731070.56267626,-84849.94906244974,-927.8301816932976,2930.8443186670493,4.240525130408674
2023-01-08 16:00:00.000000Z,0.0001619161455509,42164555.69844084,0.1397725577647605,73.14488160930152,144.71613646169484,189.78261756880696,0.0265532558971098,59.99073451181451,35793146.523609824,28412420.21552866,31163272.764694296,-44291.44189445611,-2271.7536512422703,2071.115973459921,6.768838001903794
2023-01-08 18:00:00.000000Z,0.0001556086422991,42165451.1640429,0.1400877362302788,73.12714688799704,133.30183956568047,231.2878990143364,0.0397516049188765,59.98185232585799,35791417.04402085,8971263.25339259,41204218.897759005,8250.434142952103,-3004.008614268966,653.6696515033126,7.492489562009037
2023-01-08 20:00:00.000000Z,0.0001570017731352,42166483.64168068,0.1406586534248232,73.2144876033929,123.42956341741726,271.1501369664183,0.042490706413478,59.97702798634131,35788212.73136089,-12885913.48230719,40149107.47111563,58750.97927542255,-2927.3437230727286,-940.0511138545036,6.213851322955426
2023-01-08 22:00:00.000000Z,0.0001585263363548,42166583.69555943,0.1411419919982372,73.44539818253682,122.4466202253192,301.9844979173988,0.0341437493261421,59.97722698273304,35784905.2219734,-31272259.64508241,28280012.85740932,93692.30790755185,-2062.0725126315547,-2280.88311476026,3.26820704492061
2023-01-09 00:00:00.000000Z,0.000147861218971,42165603.475386284,0.1412718812806407,73.70576823370907,130.51216607192828,323.7449212056034,0.0169682562064504,59.98142926660496,35782438.57577422,-41233451.775132746,8792374.005000358,103666.71038504534,-641.0106544810502,-3007.4196557788787,-0.5634744636805075
2023-01-09 02:00:00.000000Z,0.0001361507365754,42164567.07562704,0.1411635627616345,73.85032616931325,143.08232175905837,341.1189251658804,-0.0045093901974022,59.98800478522612,35780998.15290655,-40083875.64694737,-13064004.355432907,85907.80634249387,952.995961955579,-2923.6385210691496,-4.258859881117527
2023-01-09 04:00:00.000000Z,0.0001398299133141,42164498.94345045,0.1411603299098673,73.85969636857858,155.49323230452376,358.7885474015718,-0.024670820472959,59.995767819928005,35780467.40666145,-28132112.63381281,-31399524.39794504,45072.44492843693,2290.300031467479,-2051.9706628122403,-6.8256145896317255
2023-01-09 06:00:00.000000Z,0.0001570257437387,42165370.86104728,0.1414515268977076,73.84226068829616,165.693039160883,18.696299025713863,-0.0382575221126954,60.003757983572,35780962.101238035,-8598617.871909114,-41272912.95105965,-7965.763613593059,3010.3951332367337,-627.3291562874622,-7.56948119491809
2023-01-09 08:00:00.000000Z,0.0001708324222056,42166291.77385504,0.1419185125564923,73.91135417139138,172.6918089015505,41.71728870390077,-0.041742380479379,60.010483633212445,35782777.37558257,13252426.238586877,-40023898.06420623,-59013.28269205171,2919.2170058982074,966.231291056888,-6.284313141622875
2023-01-09 10:00:00.000000Z,0.0001697600911562,42166426.55418275,0.1422878420100691,74.08494184873523,174.06921406240846,70.25180563791969,-0.0342595062788352,60.01386439488618,35785869.83026566,31532963.65027324,-27990476.405995287,-94368.085927438,2041.5341037855271,2299.1827400817,-3.309913476529917
2023-01-09 12:00:00.000000Z,0.0001614758159798,42165693.21316089,0.1423875213302722,74.28495293150483,167.86903832381506,106.3324527684512,-0.0178317060910608,60.01221071905827,35789469.890449606,41318964.52627069,-8416609.695540365,-104510.30092135674,614.1300397566868,3012.5037926696496,0.558589563177316
2023-01-09 14:00:00.000000Z,0.0001595629739459,42164756.27253304,0.1422871136963172,74.41306663449909,157.236894476091,146.91191842122558,0.0031738584437385,60.0055045967506,35792255.832918346,39976602.74288486,13424073.65080462,-86668.5206728195,-978.3557703979864,2914.3914819886413,4.285011774902724
2023-01-09 16:00:00.000000Z,0.0001605907176205,42164448.25058317,0.1422364272719055,74.43737082082228,146.98102660243256,187.21603192154376,0.023213415347407,59.99591430668112,35793028.825116515,27869224.333383024,31649825.991258398,-45568.98996150446,-2307.21552747977,2031.543702860164,6.870747757595795
2023-01-09 18:00:00.000000Z,0.0001589077590136,42165086.05058997,0.1424532785926446,74.42615678554253,136.29438064658066,227.98711501468628,0.0370386355384816,59.987004259556215,35791433.006831,8257450.94255235,41353199.10808116,7827.393344155467,-3014.845754398815,601.6359957680057,7.622159877098171
2023-01-09 20:00:00.000000Z,0.0001621873365115,42166134.43300177,0.1429136623347883,74.4952320160854,126.0643234981513,268.225230071952,0.0410771702523981,59.982009723933,35788208.13817063,-13578095.284117766,39920326.63765089,59253.56993913967,-2910.6372047171567,-990.5305036913012,6.335387789505771
2023-01-09 22:00:00.000000Z,0.0001668871923096,42166555.814179935,0.1433371397309384,74.69385389602876,122.6456053692433,301.527697194501,0.0343537196443285,59.982251569807794,35784738.21583458,-31756391.44337868,27735007.37489733,94943.29250750976,-2022.3190834150075,-2316.217704537832,3.350186641910662
2023-01-10 00:00:00.000000Z,0.0001578948145927,42165852.909872524,0.1434606463852617,74.9372515905986,127.61856658715044,326.398056351124,0.0187114171759868,59.98683387166051,35782170.31755913,-41379086.800980605,8077846.215128401,105304.13515628924,-588.9050516915012,-3018.0846152436,-0.5399803453496443
2023-01-10 02:00:00.000000Z,0.0001405830426719,42164747.452572376,0.1433426861617639,75.09001250752918,137.751673183867,346.2013164580813,-0.0017034856941039,59.99382032459153,35780853.830057524,-39851690.49519298,-13755566.801557748,87489.71661361323,1003.4153866466636,-2906.738019591688,-4.296951037313957
2023-01-10 04:00:00.000000Z,0.000134102160583,42164378.39922963,0.1432895907691554,75.11605070168521,149.79279222375305,4.224087962562433,-0.0215328030501681,60.0016089707517,35780602.42332641,-27584672.01128358,-31881703.936870143,46191.14222836227,2325.4261545757804,-2012.0542358340729,-6.9129935871496
2023-01-10 06:00:00.000000Z,0.0001434376553525,42165026.9964749,0.1435020415989937,75.10428141780275,161.47719424967084,22.64112463977501,-0.0355944579826844,60.009144767187806,35781307.92188403,-7883565.548929818,-41415795.684231,-7583.211874246433,3020.754567072935,-575.177067910424,-7.681818757085024
2023-01-10 08:00:00.000000Z,0.0001550853124549,42165971.807532944,0.1438938450977336,75.16113534537764,170.5138918971184,43.63579095986412,-0.0402301291071235,60.01523458833884,35783101.559480816,13942336.979902845,-39789166.14515799,-59438.99969725281,2902.039961128874,1016.551237897704,-6.391370644852957
2023-01-10 10:00:00.000000Z,0.0001557918673804,42166325.64492971,0.144218411591405,75.31070333266,173.92099377503263,70.16424021116946,-0.0342662276332161,60.01822487610922,35785958.66266118,32011926.09464751,-27441545.834216926,-95458.60972843257,2001.4676639454624,2334.130889913957,-3.383392482504033
2023-01-10 12:00:00.000000Z,0.0001491639965665,42165821.67298424,0.1443092519126986,75.48805476377595,169.3093098373106,104.6791436013227,-0.0193232956366076,60.016660662893614,35789277.624440886,41458034.03830247,-7701366.4041942945,-105948.53578702238,561.9564043992837,3022.68999904834,0.537495238570297
2023-01-10 14:00:00.000000Z,0.0001485117988453,42164937.94524093,0.1442151171522683,75.60674016906134,159.08357598334123,144.86208971555362,0.0006186202708206,60.0104176393254,35791921.49959295,39738247.57795912,14113035.108719837,-88052.89177071415,-1028.605897945043,2897.070578065601,4.320394342735423
2023-01-10 16:00:00.000000Z,0.0001536039338143,42164443.12237543,0.1441467872137212,75.63587907326166,148.84263488491794,185.14693350923375,0.0202826371754757,60.00131911519105,35792756.62706485,27317472.498836145,32126901.510361858,-46526.32206832197,-2342.0093435655726,1991.362674872684,6.950814097310431
2023-01-10 18:00:00.000000Z,0.0001570719955828,42164790.741403006,0.1442935405348124,75.62902032567976,138.90287752272997,225.166991881748,0.0344970533053865,59.99262735810115,35791322.65989459,7540805.974206781,41489751.93712623,7537.275663312208,-3024.795989677933,549.4103495205684,7.722707906768264
2023-01-10 20:00:00.000000Z,0.0001630701001167,42165732.66933926,0.1446496816580112,75.6816808117363,128.93582350873172,265.1584679708453,0.0395608980875322,59.98758147513849,35788174.89913202,-14266616.980651297,39679439.73083519,59673.20861142185,-2893.054770205033,-1040.729250687088,6.427187693068441
2023-01-10 22:00:00.000000Z,0.0001713467155201,42166395.15888506,0.1449959010264243,75.84191092475776,123.81641618438192,300.19999771534617,0.0342095871605057,59.98780512553361,35784622.88607851,-32231317.236793865,27181451.584387925,95914.1111381011,-1981.937689663508,-2350.867336892717,3.408085854503302
2023-01-11 00:00:00.000000Z,0.0001667437486001,42166041.79132818,0.1451025168315378,76.05002973491683,126.09295290289784,327.80231644350204,0.0199237889819486,59.99264456031154,35781954.789895,-41512445.96748348,7360626.459113265,106524.3685164406,-536.5952027866329,-3027.845523373829,-0.5297208921046602
2023-01-11 02:00:00.000000Z,0.0001477290986644,42164999.56224685,0.1449910154943196,76.19138031382394,133.42430811106456,350.41910560539105,0.0005099401590941,59.99999920862825,35780720.423975386,-39607494.701954566,-14443260.40487916,88609.29089145605,1053.5588232196646,-2888.961439415972,-4.333979102543397
2023-01-11 04:00:00.000000Z,0.0001324683802343,42164372.4738913,0.144916214378014,76.2237002929569,143.5695349498061,10.331547212001768,-0.0189134373950968,60.00784758636611,35780740.56626191,-27028746.9186241,-32354529.775273763,46909.28481382098,2359.8713668901146,-1971.525271541361,-6.98449783963194
2023-01-11 06:00:00.000000Z,0.0001320599235861,42164735.729924254,0.1450680586526099,76.21611458232304,155.50409005583452,28.493792211816803,-0.0332510682974363,60.01492763264464,35781704.789400555,-7165865.504055658,-41546390.64097814,-7442.221240610267,3030.2109771626256,-522.8418825005645,-7.766710724149329
2023-01-11 08:00:00.000000Z,0.0001385493243672,42165612.56420664,0.1453855824224037,76.26172665775124,166.43686974618564,47.60286772248272,-0.0387573698381417,60.02026610884499,35783536.0624119,14628324.176128738,-39542574.77815896,-59885.81305612701,2883.983676106538,1066.5712121760007,-6.465906292820328
2023-01-11 10:00:00.000000Z,0.000139033504783,42166135.13115498,0.1456561716216067,76.38486937208334,172.18092645547435,71.82019838361607,-0.0340186432950231,60.02266740113058,35786168.30119091,32481465.719619192,-26884451.711848885,-96341.87299809267,1960.7891596524469,2368.376802316086,-3.4273125290305138
2023-01-11 12:00:00.000000Z,0.0001333970494191,42165882.3704755,0.1457326465171377,76.53171189259457,169.55730129705577,104.3774753978416,-0.0203259607381743,60.02102748846246,35789141.359105155,41584769.48264766,-6983900.201904237,-107000.15326085404,509.604126182077,3031.967705890742,0.5356079456493894
2023-01-11 14:00:00.000000Z,0.0001332546462115,42165131.153484754,0.1456545464871216,76.62956746113436,160.06863077956896,143.8446373228705,-0.001330186288396,60.01523461947135,35791530.544382565,39487992.79245781,14797681.281059824,-88964.76692345577,-1078.561358576875,2878.883752452479,4.35994473494174
2023-01-11 16:00:00.000000Z,0.0001412959467825,42164529.077548735,0.1455966891632486,76.65384215838718,149.88065518030507,184.08204500616608,0.0179308873833215,60.00680140189773,35792334.63863163,26757417.50310971,32594279.77338745,-47038.99327740959,-2376.1223525290243,1950.5853269921288,7.019186208551938
2023-01-11 18:00:00.000000Z,0.0001499552973369,42164590.28203712,0.1457088563726291,76.64869631498648,140.7147133571309,223.32706337879597,0.0323707111425147,59.998597472347086,35791052.35791971,6821630.975434985,41613769.64696751,7558.707475870803,-3033.8586822746984,497.0101215639075,7.798764296315769
2023-01-11 20:00:00.000000Z,0.0001595334906708,42165321.927341215,0.1459814524135944,76.6885358669051,131.56594900799573,262.51321789147295,0.038199896753494,59.99369810228915,35788060.364393875,-14951213.574397383,39426460.50701844,60198.960177801855,-2874.606721019692,-1090.6319108705304,6.487526003940538
2023-01-11 22:00:00.000000Z,0.0001714838876302,42166108.23687427,0.1462453901580229,76.80964412597987,125.5563576595842,298.48405271162227,0.0339232696665432,59.99392100224776,35784521.81184302,-32696867.512403585,26619453.221351344,96760.14706398336,-1940.94349043617,-2384.8214671699684,3.43447730221123
2023-01-12 00:00:00.000000Z,0.0001730366303988,42166125.57500774,0.1463268251276482,76.9684946828392,125.68249574683765,328.2861974290258,0.0207223568059484,59.9989202847428,35781781.39302923,-41633470.93756137,6640879.365942018,107413.26682064505,-484.09626662456816,-3036.697262925627,-0.5442498470339192
2023-01-12 02:00:00.000000Z,0.0001564254192266,42165283.362668805,0.1462387530316624,77.07827495200438,130.4119356360534,353.536787866982,0.0021236056378082,60.006591297431136,35780592.547699235,-39351330.08518682,-15126907.483947849,89261.2588539163,1103.4140956279257,-2870.3104850022723,-4.383232188636202
2023-01-12 04:00:00.000000Z,0.0001355122854696,42164483.88472945,0.1461787791529667,77.10383342678242,137.74847791210945,16.26477959226852,-0.0169463119398072,60.01454382523521,35780861.70027323,-26464446.969151884,-32817860.94088513,47128.90833555146,2393.629421380668,-1930.3918401547885,-7.05203353320226
2023-01-12 06:00:00.000000Z,0.0001252137457065,42164527.965025365,0.1463009333742371,77.09789256461355,148.03158511982377,36.076415041492645,-0.0314578432024991,60.02121073731538,35782123.61612206,-6445647.257096207,-41664627.04309844,-7711.927613033534,3038.7649430035312,-470.334330998832,-7.831560038965597
2023-01-12 08:00:00.000000Z,0.0001237956927848,42165242.72565573,0.1465557616811462,77.1343829740691,159.78977928212868,54.36837814215711,-0.0375957349952592,60.02572902667752,35784064.35661081,15310281.564752324,-39284129.54597371,-60553.15217097904,2865.053625659232,1116.2810241571017,-6.508719285411251
2023-01-12 10:00:00.000000Z,0.0001213231541352,42165862.50012904,0.1467692320597834,77.23100037498065,167.86742425850272,76.2778690961112,-0.0337615314865017,60.02735353060206,35786511.410334945,32941527.67307456,-26319268.267058123,-97197.70255167095,1919.5072858078345,2401.9116460944256,-3.435540567229162
2023-01-12 12:00:00.000000Z,0.0001154092199157,42165859.37458357,0.1468272836023929,77.34182970781663,167.64116030416452,106.47351562805478,-0.0209957650592974,60.02543171020519,35789101.816137806,41699189.96457143,-6264341.060155668,-107779.9439055139,457.0850688418289,3040.3306262342344,0.5644543556435305
2023-01-12 14:00:00.000000Z,0.0001149844827761,42165307.8993359,0.1467736633761772,77.40929912841443,159.33165154935998,144.7922627692912,-0.0027009702701511,60.0200002942697,35791132.14608605,39225951.39765012,15477855.160836982,-89425.27824849231,-1128.208449298589,2859.8303590197243,4.4175746336970425
2023-01-12 16:00:00.000000Z,0.0001247397119461,42164688.60823648,0.1467531072194677,77.41978729854034,149.3915352147835,184.79636786695795,0.0162632325905336,60.01233734707597,35791792.79817153,26189263.44405472,33051826.68867272,-47030.177892345215,-2409.5440169472413,1909.218654547992,7.088572923809495
2023-01-12 18:00:00.000000Z,0.0001380667005086,42164500.65788459,0.1468695349967131,77.41359299739487,141.17978064881825,223.0889874792473,0.0308701579061635,60.00487301880588,35790614.70293854,6100176.517956684,41725189.0513916,8045.951884211726,-3042.032129475186,444.44714198514185,7.858699886401391
2023-01-12 20:00:00.000000Z,0.0001518241332412,42164946.97866709,0.147090598504242,77.44543319426198,133.46993584521647,260.844612642174,0.0372574010164301,60.00036400447144,35787827.62403192,-15631658.015327089,39161411.053468615,61023.82917171569,-2855.300853723674,-1140.227471981941,6.51863215505594
2023-01-12 22:00:00.000000Z,0.0001673824677308,42165718.95830027,0.147280847405506,77.53206782006733,127.51411789143972,296.79623440288304,0.033748254134,60.00067361866249,35784399.23409902,-33152892.25388643,26049100.893347457,97667.3853862886,-1899.349140404536,-2418.0727174908707,3.425275740445109
2023-01-13 00:00:00.000000Z,0.0001758480597778,42166068.867464975,0.1473336630271984,77.63454675549701,126.17987402652646,328.1152288383365,0.0212931985073008,60.00576958318905,35781635.49200474,-41742104.84715472,5918733.988996652,108107.47369953884,-431.4208496865091,-3044.635968679025,-0.5929415156292221
2023-01-13 02:00:00.000000Z,0.0001653367623587,42165547.59291149,0.1472853515084349,77.6953877215927,128.84577561469408,355.47855693031033,0.0032129516400838,60.01370121318575,35780460.766743705,-39083220.81836287,-15806365.985436607,89501.1170438956,1152.971798980525,-2850.785622954927,-4.457492065744865
2023-01-13 04:00:00.000000Z,0.0001430190630804,42164701.77584121,0.1472823656950118,77.70002142464035,133.3620235508109,21.04793007426755,-0.0156871634298156,60.02181615677402,35780936.65354813,-25891844.11019,-33271575.085404854,46809.19121634966,2426.696782084266,-1888.6586066672428,-7.1290446380051
2023-01-13 06:00:00.000000Z,0.0001249246675965,42164431.64797857,0.1474177885480816,77.69242883097509,140.3235267342168,44.18251169604669,-0.0303918701949163,60.02817315220605,35782516.974806994,-5722985.416014718,-41770421.45316844,-8522.334879776552,3046.418894940333,-417.6598980100879,-7.8871476981197794
2023-01-13 08:00:00.000000Z,0.0001144467473926,42164895.63676382,0.1476335664084871,77.72318934502316,150.51856737553467,64.04254776409051,-0.0370025386246016,60.03188065842164,35784646.00141222,15988163.346076176,-39013780.95275675,-61630.05427891175,2845.2547028355534,1165.6768033891026,-6.525035557841106
2023-01-13 10:00:00.000000Z,0.0001128663320153,42166881.743669495,0.1477945215345403,77.79588245458825,180.436771618535,64.1352436921313,-0.0337689640941554,60.03334516865534,35786668.11364181,33392194.95299049,-25745338.552982114,-98227.59518690432,1877.6286376269445,2434.82174047881,-3.406203361978491
2023-01-13 12:00:00.000000Z,0.0001066506069831,42167136.88438591,0.1478328016182671,77.86822480728367,184.40282589371347,90.17745567356197,-0.0215542807567638,60.031820477599,35789013.33627381,41801304.29320846,-5541458.746332313,-108450.80295985266,404.3746789154996,3047.8425452317742,0.6326415578083469
2023-01-13 14:00:00.000000Z,0.0001005998723068,42166835.98385753,0.1478109252384215,77.8984654489232,179.10523210203343,125.5221120358921,-0.003607268663242,60.02698488623701,35791163.36319206,38951967.31941608,16155064.891727109,-89517.62512324988,-1177.5566536370711,2839.9246655386823,4.50628920412759
2023-01-13 16:00:00.000000Z,0.0001034738366841,42166294.99905305,0.1478519489814917,77.88783270924559,168.5277770900537,166.18484329156473,0.0153011236248688,60.019488568999954,35792394.863425404,25613038.637091,33501102.19889058,-46483.87101589683,-2442.2075438292118,1867.2786603913096,7.172898580238598
2023-01-13 18:00:00.000000Z,0.0001144147660754,42165923.869449526,0.1480116379193185,77.87825388155495,158.81391312995868,205.9820231841262,0.0301444649618761,60.0110903269714,35792123.578620195,5377200.907982038,41826026.63665946,9107.989942143337,-3049.1945637914782,391.8507716180568,7.913910047088546
2023-01-13 20:00:00.000000Z,0.0001275767618741,42166047.137434326,0.1482205884973608,77.90787662012985,150.62252721100447,244.21902961302052,0.0369727752962685,60.00420376585514,35790249.266677946,-16306513.844058516,38887871.13961614,62322.29867389545,-2835.1010155145505,-1189.2117878130302,6.527051123618756
2023-01-13 22:00:00.000000Z,0.0001425311541083,42166662.94024113,0.1483582873949709,77.9696103156743,143.44622604571916,281.4125002987085,0.0339587924845564,60.00097829300248,35787335.90625327,-33598539.537300035,25476567.212726705,98837.19989751282,-1857.3762418151368,-2450.2349657643995,3.38137410596735
2023-01-14 00:00:00.000000Z,0.0001559469065161,42167247.08567701,0.1483856527527084,78.01786498773725,140.0323734561959,314.86150356603895,0.0218855837959286,60.00225054094824,35784470.997496046,-41840231.807329066,5202756.844310653,108795.29431606871,-379.09874267720176,-3051.427310880071,-0.6802370705222731
2023-01-14 02:00:00.000000Z,0.0001552111696355,42167128.75820472,0.1483907717974619,78.01909415334835,141.6073921260092,343.37214835299955,0.0039476894620639,60.00700450515704,35782720.5462133,-38809553.22060359,-16472658.66128319,89467.7011096801,1201.5543952989972,-2830.5352203104344,-4.565912034663141
2023-01-14 04:00:00.000000Z,0.0001382806082948,42166395.94663087,0.1484873971282763,77.99024689443469,146.01310385583926,9.083411701402712,-0.0150870111725821,60.012992474028,35782501.25389613,-25321830.452399537,-33709378.56883217,46009.71951838922,2458.5532465560223,-1846.911260271014,-7.228082882368105
2023-01-14 06:00:00.000000Z,0.0001192380634373,42165864.70756348,0.1486891782471557,77.97766722760548,152.2458231918705,32.95052499206736,-0.0301416766419598,60.018109972932855,35783508.525354244,-5011104.702574743,-41862788.779160425,-9909.548677620813,3053.076338758799,-365.6615839071356,-7.946979402963697
2023-01-14 08:00:00.000000Z,0.0001065220638573,42165995.978772834,0.1318104775301911,75.72552662298868,163.6662253628723,53.86744587074802,-0.0315424447300349,60.0211689856857,35785210.171959035,16649875.102353934,-38736623.64227194,-59093.74824243996,2824.990263879977,1213.9652149764966,-5.609721519613252
2023-01-14 10:00:00.000000Z,9.743520112093451e-05,42166520.74520348,0.1319272955225903,75.78961494100746,174.01791830601374,73.53430404380308,-0.0208714596816259,60.021675396715615,35787218.860623166,33825446.52524817,-25174358.982527275,-89731.82686188103,1835.9206005576043,2466.3572661989097,-2.7038938621967112
2023-01-14 12:00:00.000000Z,8.774472826760087e-05,42166905.091148205,0.1319446619215016,75.83060378482898,180.1536204257892,97.43751183742197,-0.0046536994495127,60.01943631921333,35789246.70802844,41889658.73142162,-4830680.608468353,-96254.82967232572,352.4853195611776,3054.2527877148127,0.9347078285346816
2023-01-14 14:00:00.000000Z,8.001962162702669e-05,42166884.41508053,0.1319611668748567,75.81994499527134,177.4560202666198,130.22304080086843,0.0127987013087678,60.01456727694321,35790926.1841543,38671770.08810275,16814225.50951138,-76866.8177075679,-1225.6890253953657,2819.5065093238672,4.327725392341407
2023-01-14 16:00:00.000000Z,8.214001533436443e-05,42166517.00795268,0.1320867094348938,75.78120412916897,167.6045894436086,170.18853569810832,0.0268518454649884,60.00775500494952,35791792.90410605,25039596.753747195,33931110.092043474,-36743.07430652077,-2473.6551476837244,1825.504179932496,6.561641690254215
2023-01-14 18:00:00.000000Z,9.568586565654832e-05,42166057.01988994,0.1323262011339371,75.76924618866703,158.73270284666802,209.14714139420232,0.0337786232281554,60.00038549140352,35791443.725064866,4664706.067169726,41910784.73296445,13352.026443721485,-3055.475330564242,339.93059460294984,7.033166923824576
2023-01-14 20:00:00.000000Z,0.0001137528697293,42165859.82408188,0.1325617162277071,75.81165851317385,153.03509679643534,244.8784299427785,0.0317409407447668,59.99435092893683,35789758.685649246,-16966195.357108414,38604093.65959017,59948.55975066552,-2814.4816983553847,-1237.2971659195157,5.611398872563563
2023-01-14 22:00:00.000000Z,0.0001326573168647,42166193.40541878,0.1326727031551907,75.87120028038984,148.05842046704396,279.8748569694916,0.0212690362273118,59.99151051994303,35787096.39444277,-34027514.39651666,24900341.031960744,90484.51191831256,-1815.3882459168185,-2481.505555601898,2.673869404056444
2023-01-15 00:00:00.000000Z,0.0001515027762603,42166860.79979242,0.1326830434297261,75.87878821670796,144.6257221986905,313.3834508919304,0.0051181003908607,59.99285645357439,35784335.24221929,-41922695.086945474,4489137.346680766,96685.52731067824,-327.056394770472,-3057.438856868087,-0.9929109438401088
2023-01-15 02:00:00.000000Z,0.0001602326294593,42167161.379286185,0.1327542056536249,75.81493155519617,144.82247876054154,343.3375883624582,-0.0124527497612208,59.997754831572855,35782551.438439846,-38523098.22721124,-17131510.523269806,76809.41330113735,1249.6227489399478,-2809.660158469278,-4.402399821752264
2023-01-15 04:00:00.000000Z,0.0001497584592817,42166713.43905023,0.1329922235201524,75.74028787730332,147.2892053292651,11.033937873043447,-0.0267909418645399,60.00405168312514,35782378.32290403,-24743512.33573101,-34135997.752878286,36147.01444836606,2489.6831781223505,-1804.7652215926903,-6.632749252106473
2023-01-15 06:00:00.000000Z,0.0001287141441602,42166037.168571286,0.1333189935619604,75.72371158441675,150.14763150472706,38.27945617263124,-0.0340741015145892,60.00928916365067,35783639.43410292,-4296747.244306498,-41942259.68944038,-14377.250145593967,3058.860443195418,-313.60696803481187,-7.077681308759792
2023-01-15 08:00:00.000000Z,0.0001089645705298,42165816.71456138,0.1335740008627445,75.76942347986832,154.52500703396348,63.941134671384354,-0.032334425848978,60.01192584910968,35785660.94434713,17307711.84646849,-38447694.70815626,-61145.62108878913,2803.8730960621783,1261.8775024497172,-5.612941146757619
2023-01-15 10:00:00.000000Z,9.183542837799248e-05,42166120.15521512,0.1336767390116868,75.82469187353033,161.2831704855787,87.20946254059436,-0.0219990712039554,60.01155291367223,35787794.27925296,34249593.24351452,-24595177.287383474,-91527.25012030816,1793.6284429910593,2497.2128866640505,-2.630510698357149
2023-01-15 12:00:00.000000Z,7.591530793870158e-05,42166578.75602422,0.1336856639243295,75.8322615399809,167.08542472674833,111.47868793959395,-0.0057864218222287,60.00846461687235,35789613.6408561,41966130.30291795,-4117479.320404486,-97290.9843171533,300.42833660808463,3059.773009574953,1.0677560527028702
2023-01-15 14:00:00.000000Z,6.405323308451021e-05,42166837.130885474,0.1337470245047377,75.7793196782436,166.14556346242648,142.54847257415844,0.0120153856095333,60.00330695556503,35790844.24378568,38380180.76739056,17469367.494057585,-76828.89843589881,-1273.520431244899,2798.2317614579792,4.48635297625178
2023-01-15 16:00:00.000000Z,6.360168415282074e-05,42166730.122700505,0.1339699222122939,75.71204297219306,157.62196267811495,181.21515331107216,0.026689148300372,59.99697442413091,35791274.399174914,24458397.185467064,34351780.118826345,-35597.02681708314,-2504.4189908243407,1783.1430552692932,6.703731367575911
2023-01-15 18:00:00.000000Z,7.734604272122672e-05,42166298.21886379,0.1343174422253302,75.69681538299302,151.234430563127,217.69367366413007,0.0343400009669611,59.990604296658105,35790741.84591689,3950200.029687748,41983449.43935793,15341.8978697528,-3060.8811375110213,287.8480006873689,7.119862655740096
2023-01-15 20:00:00.000000Z,9.813881538659622e-05,42165833.504558176,0.1346217985313802,75.75289685248877,150.12539299584043,248.82370832959847,0.0329235975315984,59.98555374601141,35789191.00235106,-17621603.061004274,38308729.77223379,62282.11892798265,-2793.0309324901086,-1285.0829794982765,5.617565015321248
2023-01-15 22:00:00.000000Z,0.0001200074929586,42165792.81365599,0.1347456407789614,75.81925176539785,149.42444783788432,279.53811954887,0.0227807657942231,59.98324227649309,35786816.73046436,-34447057.144747026,24316147.12475536,92552.04842022446,-1772.8315040259588,-2512.0925087627056,2.594914326419244
2023-01-16 00:00:00.000000Z,0.0001428488373065,42166358.36103601,0.1347536878616681,75.80401191740891,147.63512020262826,311.42624185451626,0.0065443367837468,59.98465964810151,35784235.45266434,-41993070.01598892,3773344.982520673,97923.89322676163,-274.86264929486424,-3062.561113366558,-1.1397116950285544
2023-01-16 02:00:00.000000Z,0.0001609898668013,42167006.884026125,0.1348856619368745,75.69011456837005,147.4414448647782,341.8208689677327,-0.0115455193910873,59.98957483963648,35782420.15863378,-38225134.23342208,-17786112.19562113,76848.25988650831,1297.3829602364171,-2787.932443079624,-4.581778286648743
2023-01-16 04:00:00.000000Z,0.0001609311466467,42166993.46010184,0.1352784755273406,75.57316657873884,148.99915596721772,10.46881273370497,-0.0267326628654966,59.99614574625529,35782183.40584942,-24157325.406058483,-34553075.50219177,34912.720315811224,2520.13472422432,-1762.035403920729,-6.799061644916386
2023-01-16 06:00:00.000000Z,0.0001428924898001,42166352.56328709,0.1357799715310358,75.5517976192509,149.84664208228284,39.73039489057819,-0.0349768160545873,60.00171419552973,35783581.43330808,-3580202.181159582,-42009431.99556198,-16623.22570430013,3063.7802043055867,-261.38588689551705,-7.185508987996675
2023-01-16 08:00:00.000000Z,0.0001199869590408,42165790.12877254,0.1361351935155555,75.61692271125878,149.63187389498464,69.96472726833943,-0.0340305603472982,60.00427457270511,35785919.27614037,17961513.083388902,-38146921.38909114,-63853.83958435482,2781.9286345450846,1309.500000405607,-5.629838080248986
2023-01-16 10:00:00.000000Z,9.82073560038596e-05,42165756.28524815,0.1362555136912917,75.68139867542263,150.22195480616296,99.39128775082182,-0.0240685163455198,60.00325981333976,35788294.60269553,34664526.93064153,-24007700.668171767,-93995.15790345732,1750.7584362179723,2527.3928489403147,-2.5477029985012853
2023-01-16 12:00:00.000000Z,7.702026164052297e-05,42166161.53795557,0.1362629384542561,75.6718797230282,150.99886584727255,128.70208207223806,-0.007668643127923,59.99930879176117,35790055.04665022,42030640.727904975,-3401747.8987969784,-98851.8374096565,248.2056753925911,3064.403725067035,1.2316362887089474
2023-01-16 14:00:00.000000Z,5.969545426453263e-05,42166655.54113691,0.1363656678553779,75.58673109002665,147.42527298445194,162.4372964001737,0.0108619325426303,59.99364203245833,35790918.354343235,38077129.33773854,18120582.66292501,-77037.43410450469,-1321.0495729206402,2776.095730507736,4.689809860218021
2023-01-16 16:00:00.000000Z,5.473572504031017e-05,42166874.661677934,0.13668730511245,75.49496166159165,138.44655833543823,201.5838096807096,0.0266296575377752,59.98753483186333,35790883.84535755,23869390.755018707,34763160.432226725,-34357.17022771355,-2534.4943355893,1740.188786046436,6.893486341126549
2023-01-16 18:00:00.000000Z,6.506980003819823e-05,42166602.70359557,0.1371585991802482,75.4785895731611,135.86679537867565,234.25658794500535,0.0354535843948066,59.98204706588307,35790068.38620685,3233676.569685127,42044031.27477834,17742.963780415786,-3065.4055287165897,235.5995364843272,7.24518512937924
2023-01-16 20:00:00.000000Z,8.383562775069345e-05,42165972.68853605,0.1375622582108016,75.55562961031879,142.11276839180812,258.0117063130129,0.0349719372895403,59.97804978144584,35788569.67648995,-18272704.727682214,38001778.33376403,65243.21775398756,-2770.745085884961,-1332.569399282739,5.644000186649356
2023-01-16 22:00:00.000000Z,0.0001055447303355,42165525.78418367,0.1377300493479094,75.64830645043588,148.4881737891396,281.62411509952136,0.0252626182443119,59.976408978652586,35786491.636001825,-34857126.54517557,23723986.85415978,95312.22153872832,-1729.707129565413,-2541.995256378679,2.513546634709427
2023-01-17 00:00:00.000000Z,0.0001299741623103,42165800.34373,0.1377437800511377,75.64194937265073,150.6495713442193,309.55272695763574,0.008818525303059,59.97792402977796,35784173.0264701,-42051338.15270512,3055387.7749359403,99758.89533075783,-222.52276038087425,-3066.792485282107,-1.3100663837223814
2023-01-17 02:00:00.000000Z,0.0001554878035275,42166631.94403598,0.1379128060074272,75.50787640782663,151.30359248604697,339.11969958292235,-0.0101023099931477,59.98270507077879,35782368.99600828,-37915697.45247311,-18436436.317267597,77255.39076504452,1344.8251457385272,-2765.34844587578,-4.799765694049591
2023-01-17 04:00:00.000000Z,0.0001679734261749,42167129.79265492,0.1384406869195114,75.36175052897437,152.83363878997582,7.82462319110523,-0.0265675182624203,59.98941236389575,35781975.76433835,-23563386.696846187,-34960560.30664029,33739.23135370151,2549.8964393448828,-1718.7194968118567,-7.010691134579352
2023-01-17 06:00:00.000000Z,0.0001577317616837,42166751.0550999,0.1391413027205223,75.33918763724851,153.15691064446773,37.61207101721883,-0.0362289621971588,59.99543797028237,35783344.98110293,-2861650.3831690163,-42064250.298892446,-19131.13884279582,3067.8305405834776,-208.9992517260775,-7.336050850890905
2023-01-17 08:00:00.000000Z,0.0001352155833412,42165953.369055726,0.1396489590814997,75.43538697212102,150.19517536308032,70.56260449034781,-0.0364612488455726,59.9983070426825,35785918.36793457,18611086.046226133,-37834250.87163796,-67093.24749048016,2759.158541540655,1356.8337369499766,-5.677261636722046
2023-01-17 10:00:00.000000Z,0.0001125448045778,42165497.55829467,0.1398242185212967,75.53148618472056,145.43278722465774,105.30975761168014,-0.0270938841550262,59.997039909542295,35788613.05729624,35070079.048084274,-23411854.43970168,-97145.49728283916,1707.314293813792,2556.901873871306,-2.475369520497233
2023-01-17 12:00:00.000000Z,9.032882158037215e-05,42165690.25291535,0.1398366359877743,75.52922100067704,140.45310618011698,140.36917730731545,-0.0105037589266754,59.99237622463335,35790486.52037536,42083037.74968608,-2683379.3620848907,-101086.59819961055,195.81802268857905,3068.147973170809,1.4084350799253762
2023-01-17 14:00:00.000000Z,6.980605220854307e-05,42166321.49190448,0.1399664803959875,75.42984435221342,132.17676729375947,178.82071809530711,0.0089892708736264,59.9860612677807,35791127.333329275,37762466.16810237,18767976.939569693,-77748.7532037044,-1368.275339306107,2753.0948438003197,4.926936547224877
2023-01-17 16:00:00.000000Z,6.0525615755064505e-05,42166891.97049603,0.1403705262581496,75.32239522962918,119.51764616457686,221.66325850513863,0.0262615553285224,59.979894015221966,35790661.54791494,23272454.775548343,35165313.999664046,-33325.993534662186,-2563.874324135075,1696.6340876501824,7.129549211832326
2023-01-17 18:00:00.000000Z,6.53694906549485e-05,42166910.15516782,0.1409621287067533,75.30743835316568,116.31268966150964,254.9604775167806,0.0367453476191066,59.97506820513103,35789488.24873856,2515081.428017649,42092547.70734133,20280.382336334977,-3069.0372278100945,183.18072564190868,7.41802886738621
2023-01-17 20:00:00.000000Z,7.623139719865287e-05,42166264.55412392,0.1414794942241944,75.40919622486028,127.90358255060292,273.34698290734514,0.0376410891176287,59.97209615492645,35787939.65431699,-18919477.35403068,37683241.410815686,68651.7733512554,-2747.615074895333,-1379.7565468107446,5.707570097660415
2023-01-17 22:00:00.000000Z,9.162979434662076e-05,42165454.497191966,0.1417135728995664,75.54284228139622,143.27771160556915,287.9204825323416,0.0286573477951683,59.97123996987072,35786128.36107865,-35257656.002137244,23123866.89198821,98722.77398930682,-1686.0123304534277,-2571.212999156871,2.450384150904088
2023-01-18 00:00:00.000000Z,0.0001136173389036,42165291.58025143,0.1417359407714245,75.57587964707623,152.37879437580327,308.8701722094648,0.0120836561498287,59.97291281992036,35784147.804849416,-42097437.981014445,2335275.347697484,102295.50491060484,-170.04099079251972,-3070.1327903626416,-1.4844605438808631
2023-01-18 02:00:00.000000Z,0.0001426441131177,42166067.19684754,0.14190076717998,75.45853680575074,155.68737503136254,335.7655705025928,-0.0078113449750962,59.97740848049724,35782445.36878893,-37594785.940998055,-19082469.731901728,78259.97444290553,1391.9366181724392,-2741.907348397632,-5.041913398421998
2023-01-18 04:00:00.000000Z,0.0001671619746819,42167028.396770045,0.1425003675350863,75.30542599563366,157.9839241117958,3.7108525109635138,-0.0258787824390815,59.98399085831968,35781857.45096789,-22961814.03730332,-35358438.077314146,32933.08093799841,2578.9487578568032,-1674.8189830314843,-7.260958774366424
2023-01-18 06:00:00.000000Z,0.0001689126260611,42167131.9468019,0.1433771323516159,75.28594408640421,158.88351355408977,32.91930129589373,-0.0373949129659104,59.99041535619081,35783015.660539426,-2141343.898304332,-42106733.11361948,-21580.24274578589,3070.996093779528,-156.4546813043773,-7.532306319702176
2023-01-18 08:00:00.000000Z,0.0001501744294265,42166309.860206485,0.1440679444175361,75.42035816836317,155.15306472606173,66.60094337903027,-0.0392708772942558,59.99389467590703,35785657.30479599,19256117.378627203,-37509765.50493547,-70601.68227979529,2735.5617837014543,1403.8701218361125,-5.768392446221521
2023-01-18 10:00:00.000000Z,0.0001284955960602,42165422.57247085,0.1443343163491252,75.57006256469505,146.90089543611597,104.78449006659903,-0.0308907444413301,59.99284620503134,35788667.53300636,35465973.52839256,-22807760.88478131,-100841.99498182356,1663.3058241982274,2585.738190541994,-2.434669096836439
2023-01-18 12:00:00.000000Z,0.0001087800595445,42165236.01520912,0.144355652609966,75.60430883662482,137.76104831578598,143.96716917345293,-0.0143337629741184,59.98778788631502,35790808.04652088,42123126.20409852,-1962484.0567471967,-104025.6916709607,143.27683599911353,3071.009924261933,1.573991923028649
2023-01-18 14:00:00.000000Z,8.830162074303238e-05,42165844.543481685,0.1444850427021282,75.51486122008853,126.77483026756391,185.11800505867524,0.0061298061638843,59.9808172667104,35791416.00897893,37436074.10496017,19411473.163060013,-79159.35969435681,-1415.1871896377663,2729.233404537204,5.176794844865443
2023-01-18 16:00:00.000000Z,7.609009227643023e-05,42166726.65622169,0.1449328542984162,75.40417431790625,111.30738006843887,230.77179044443247,0.0251514542415575,59.97432677050625,35790618.58489038,22667552.96249817,35558190.514105216,-32822.04376843166,-2592.5466946365923,1652.4825834864705,7.399730902380306
2023-01-18 18:00:00.000000Z,7.75451215133661e-05,42167136.44265064,0.1456160508071753,75.39221417975308,103.10321191988372,269.0655904827445,0.0377200911612067,59.969866206023525,35789052.52255204,1794470.919273532,42128983.31628007,22589.99244082661,-3071.763595422173,130.59811668936402,7.638193035340759
2023-01-18 20:00:00.000000Z,8.033387309654564e-05,42166654.31978147,0.1462395891726114,75.51652827361913,111.81726238731186,290.3072805932486,0.0404944120938287,59.96779309027769,35787341.47387575,-19561790.65093945,37353161.97688955,72186.49151102136,-2723.63401699539,-1426.6354703106758,5.820097878976761
2023-01-18 22:00:00.000000Z,8.302968025910672e-05,42165609.88113177,0.1465482460046122,75.69572782040096,132.02327818841644,300.00420466738694,0.0326912905085692,59.96780279379265,35785721.94903823,-35648497.76688307,22515885.164800357,102582.1570776802,-1641.7491104827404,-2599.7405488363847,2.426105511808853
2023-01-19 00:00:00.000000Z,9.59610734294759e-05,42164949.041924365,0.1465777497331858,75.7882398830745,150.44312885076124,311.5759297982778,0.0162909237272267,59.96975437741109,35784126.72363058,-42131261.62420144,1613116.9727526028,105497.58714271717,-117.42597352754883,-3072.584027565351,-1.6385892250044785
2023-01-19 02:00:00.000000Z,0.000123030439384,42165414.56573471,0.1466908577307417,75.71999713297042,159.2450072384991,332.9285649977982,-0.0044888633259805,59.973884144990734,35782658.16189495,-37262376.44321232,-19724136.25356024,79997.04713534488,1438.7020921238202,-2717.615770781561,-5.285823962068188
2023-01-19 04:00:00.000000Z,0.0001558847203286,42166641.97219466,0.1472644902628084,75.58485043157015,163.41790306631907,358.97908379840885,-0.0242905760344718,59.980012674112,35781932.88394803,-22352725.20717176,-35746693.47205113,32770.78046167482,2607.268080747432,-1630.3447436473962,-7.533554169470658
2023-01-19 06:00:00.000000Z,0.0001719684380861,42167353.13199689,0.1482345934659549,75.57084230340439,165.6263737257631,26.87328434010655,-0.0379823870050828,59.98654283160411,35782747.52892021,-1419576.2953453194,-42136972.2366175,-23608.11015523246,3073.254434359608,-103.77138459185215,-7.767179798235287
2023-01-19 08:00:00.000000Z,0.0001611666141882,42166797.86563086,0.1490957084718608,75.74012915405798,162.7057999806895,59.71085915529436,-0.0419538172521535,59.990702944021336,35785232.46339446,19896208.88509417,-37173715.42596679,-74006.56980488259,2711.133927124672,1450.58633203144,-5.907789525422095
2023-01-19 10:00:00.000000Z,0.000141360489368,42165595.994233705,0.1494766273374466,75.95623355573373,152.74612671332403,99.53614001303676,-0.0350576463961459,59.99028591049345,35788445.665059425,35851860.61996929,-22195805.964201987,-104788.6525857172,1618.7497655903392,2613.889013143949,-2.442086268075075
2023-01-19 12:00:00.000000Z,0.000125868044925,42164905.36790905,0.14950819806158,76.053798362892,140.46851617740134,141.79329536547965,-0.0189647451984847,59.98525995600233,35790938.44145913,42150718.2556927,-1239480.561648489,-107526.0755219648,90.60799406211068,3072.9932292599224,1.7031326376681089
2023-01-19 14:00:00.000000Z,0.0001085825111029,42165282.00414053,0.1495996097079142,76.00030979856021,128.11026716271326,184.27969078902933,0.0022130638631449,59.97777658081439,35791710.64738025,37097949.632394016,20050724.938420262,-81321.07197015078,-1461.760842926783,2704.526632635066,5.411614749589536
2023-01-19 16:00:00.000000Z,9.470041022276638e-05,42166350.527497016,0.1500320422197041,75.90048925418516,111.789565450203,230.77534921560903,0.0229738461158248,59.970772386725926,35790738.43599289,22054840.97092709,35941576.90443463,-33084.99393838714,-2620.491706721693,1607.7555710440242,7.68077616193826
2023-01-19 18:00:00.000000Z,9.47665887981318e-05,42167188.187350646,0.150752076779056,75.8914491849506,99.00593748900576,273.64571854238,0.0378725542235344,59.96633998393744,35788796.72382213,1072119.8463060297,42153294.85865044,24299.75697485383,-3073.572011890953,77.87729706955156,7.892965548599848
2023-01-19 20:00:00.000000Z,9.496932279719626e-05,42167042.58670398,0.1514490838289579,76.02947301680256,101.1004294673258,301.4939333412709,0.0429683508408195,59.96494287646134,35786813.29879735,-20199320.769846965,37011684.4129467,75432.36581405021,-2698.801710533676,-1473.1810157670504,5.9825926179565965
2023-01-19 22:00:00.000000Z,8.585194674159906e-05,42165961.59169705,0.1518237855359842,76.24612452002,117.33523848042536,315.1255101272341,0.0368771107106341,59.965851817346845,35785259.09699883,-36029376.39728326,21900334.63580621,106531.45070189628,-1596.9304471383612,-2627.5636007485323,2.454889997131944
2023-01-20 00:00:00.000000Z,8.230646192340853e-05,42164863.9150589,0.151857937119334,76.40055705594969,141.55897780215676,320.831900322185,0.0211405643449369,59.96827879225052,35784036.18427415,-42152653.273593314,889245.1153767994,109144.38551139418,-64.69639416480899,-3074.1497988616256,-1.74915078378476
2023-01-20 02:00:00.000000Z,9.979193521081448e-05,42164828.732324064,0.1518844259844259,76.39876383868075,159.3753898705009,333.1032668931823,-0.0001857695969972,59.97212286091656,35782939.112604104,-36918447.25566228,-20361183.5765412,82429.15775444498,1485.1031653439331,-2692.491052368551,-5.504914915907217
2023-01-20 04:00:00.000000Z,0.0001343031738385,42166017.30295129,0.1523330732283951,76.30109831947982,167.65833509424533,355.00554793008786,-0.0216011802365474,59.97754256988756,35782238.772040315,-21736239.0956102,-36125227.74107303,33400.86990378577,2634.8329750691555,-1585.3216198204243,-7.804185151623725
2023-01-20 06:00:00.000000Z,0.0001634007532227,42167280.34330528,0.1532688230676556,76.29221547710924,171.96175926644165,20.799318640851062,-0.0375802048290014,59.983720098837935,35782702.07794094,-696630.4357199193,-42155076.04561997,-24911.973126991117,3074.583246323851,-50.98246416888577,-8.022724349003136
2023-01-20 08:00:00.000000Z,0.0001648688875155,42167273.9757563,0.1542288409722639,76.47963790269245,170.98350942250295,51.6768674850151,-0.043969123488391,59.98831346751649,35784825.3323875,20530963.943765465,-36826471.40382242,-76909.46921456303,2685.869023369349,1496.9444272212047,-6.087423906744409
2023-01-20 10:00:00.000000Z,0.0001486371258424,42166021.70790014,0.1547199401194322,76.75603965512252,161.0870374953054,91.37946535719982,-0.0390362627010323,59.9887133250486,35788034.66831197,36227399.70149576,-21576602.02247723,-108574.20678857408,1573.6676298804084,2641.3284893753244,-2.5024166933374805
2023-01-20 12:00:00.000000Z,0.0001375576031639,42164814.522809885,0.1547621155563456,76.9307360668367,146.2835917640966,136.08576502758498,-0.0239498315623711,59.98412948625374,35790855.40524943,42165699.78113496,-515076.29932980286,-111258.854778867,37.84979382333253,3074.0984348503607,1.7780704879394826
2023-01-20 14:00:00.000000Z,0.0001265544182834,42164747.55234384,0.1547799693200603,76.93406960189324,132.7758001805222,179.66462762379203,-0.0025373694852848,59.97639290732712,35791946.59604873,36748259.295080826,20685123.19363421,-84069.85126987766,-1507.9591965525656,2678.9998899204447,5.604288319995466
2023-01-20 16:00:00.000000Z,0.0001131263675794,42165794.11114512,0.1551306282868179,76.85823795345968,116.89671281823529,225.69408365135897,0.0196680965693965,59.96878804906113,35790988.674789,21434715.35276393,36315106.6469937,-34160.32282718209,-2647.683492945101,1562.4934754286974,7.942838691144862
2023-01-20 18:00:00.000000Z,0.000112052341429,42166997.70011805,0.1558147183366741,76.85112722668784,101.2968692175851,271.37842912733487,0.0368673249565478,59.96404366208017,35788746.518280335,348556.900031433,42165435.3690763,25161.940011407823,-3074.4523214374854,25.065401196033772,8.157233534899536
2023-01-20 20:00:00.000000Z,0.0001141681521441,42167304.83389071,0.1565299939408121,76.98934540990001,97.57891472984426,305.03925310544537,0.0445313490797011,59.96300311635608,35786403.4866847,-20831535.338880543,36659098.80486508,77997.48048969371,-2673.127832367767,-1519.3487776450838,6.180945384896167
2023-01-20 22:00:00.000000Z,0.0001011539402033,42166411.83934345,0.1569454202078931,77.22426373282826,106.56007307571332,325.9070576906758,0.0406135054476045,59.96475722349625,35784742.49530508,-36399900.05516034,21277771.36577377,110127.70852097316,-1551.5844869502391,-2654.655364320607,2.536884372882774
2023-01-21 00:00:00.000000Z,8.127270279397565e-05,42165051.36286441,0.1569833423715517,77.42508615327284,126.48584553489296,335.86573830188587,0.0261006864280765,59.96789924977752,35783786.99609465,-42161452.82332995,164306.52929896873,112844.44963613612,-11.885518021908425,-3074.832504715632,-1.8024035842930703
2023-01-21 02:00:00.000000Z,8.008005756971322e-05,42164461.43517435,0.1569175272960579,77.48680606912937,151.73773175016146,340.6381234010686,0.0047502785434956,59.97174947956545,35783138.83809213,-36563047.53687126,-20993081.21421421,85300.83955101404,1531.1166036622458,-2666.561004373245,-5.676014860180159
2023-01-21 04:00:00.000000Z,0.0001069274307179,42165305.76368792,0.1571824970625021,77.43470158815693,168.0903437494382,354.4244648342969,-0.0179087144793251,59.97645601677399,35782681.46383517,-21112529.6909612,-36493759.68209466,34751.67012498364,2661.6306112153,-1539.7889588106216,-8.045902843449218
2023-01-21 06:00:00.000000Z,0.0001429682099086,42166865.97146018,0.1579575504554549,77.42938205726284,176.24270338385637,16.36497580101765,-0.0360241887515278,59.98187069928846,35782944.62731349,27237.368094574194,-42161065.187345855,-25370.617389788407,3074.9718878480094,1.8676568682589905,-8.27301256008543
2023-01-21 08:00:00.000000Z,0.0001589833997726,42167561.92587984,0.1418390415419746,75.44631266262554,180.40005506351343,44.27735550500757,-0.0372619121153187,59.986411055980206,35784624.602558315,21160091.229103588,-36468392.04713969,-73388.45727558163,2659.7684081643,1542.8964194967791,-5.413347646808504
2023-01-21 10:00:00.000000Z,0.0001497122326967,42166614.70296148,0.142365301220515,75.79957486041341,172.3151191629132,82.09223040016393,-0.0274792003430115,59.987480019158674,35787608.26483339,36592387.77059294,-20950824.487871733,-100915.06365240071,1528.0839257006662,2668.0201803704717,-2.0546056867036646
2023-01-21 12:00:00.000000Z,0.0001424022203314,42165050.9658507,0.1423930601294132,76.0721610136338,155.97176235699467,128.24122483797166,-0.0107466086141338,59.98356563595983,35790630.00265541,42168122.25190578,209893.98866990628,-101590.95830704484,-14.95418301172296,3074.32006669784,1.8751140073176744
2023-01-21 14:00:00.000000Z,0.000139682429905,42164406.93167768,0.1423138646462986,76.14675888079552,141.13221247272054,173.08059879852982,0.0086486646109833,59.97584676115631,35792116.65055845,36387378.55100645,21313923.587582845,-75075.96079093529,-1553.7392303005022,2652.682832143304,5.324609523865782
2023-01-21 16:00:00.000000Z,0.0001299816828317,42165181.162211895,0.1425354254571292,76.10196464204097,126.34279795801488,217.9887318028419,0.0257306769240622,59.96763330726652,35791363.41160569,20807809.39017368,36678345.52277144,-28331.89095223718,-2674.095196305904,1516.7504956762002,7.363957128090647
2023-01-21 18:00:00.000000Z,0.0001274825562111,42166580.78478038,0.1431125972829169,76.10391547672019,109.8601335636602,264.5461827975536,0.036104565660234,59.962238966071645,35788954.02022672,-375470.72319005546,42165411.17389087,26204.3247415902,-3074.400562348332,-27.771460732173765,7.437803095299214
2023-01-21 20:00:00.000000Z,0.000132644439913,42167355.36183644,0.143767380533569,76.25302630894078,101.84183994924705,302.496363381126,0.0371061259381606,59.96110805528693,35786212.8832436,-21457754.61833881,36295890.94646432,73942.30042474349,-2646.635587620336,-1565.0743551805765,5.517537411419236
2023-01-21 22:00:00.000000Z,0.0001230208517241,42166836.17664712,0.1441622858095023,76.51484240630586,105.13802272444777,329.0228562295212,0.0285114269676506,59.96346829417535,35784251.477713294,-36759651.9861107,20649081.623849217,102057.10128234857,-1505.759655112179,-2680.9727125447243,2.111171555400164
2023-01-22 00:00:00.000000Z,9.646556582306498e-05,42165453.94237201,0.1441821225250472,76.76104408982172,116.9497509134386,347.05107238666744,0.012599656510113,59.96747692256116,35783352.84542822,-42157636.46924446,-560638.4540903512,102945.37388996068,40.95022446861702,-3074.6290797596307,-1.8722226760653773
2023-01-22 02:00:00.000000Z,7.553792695744871e-05,42164412.1654403,0.1440390560150648,76.8767904516603,137.95088109811806,356.02062488135687,-0.006456907250694,59.97176533622042,35783097.831025034,-36196506.168701634,-21618900.178575467,76280.41645085785,1576.7049390474751,-2639.863241807177,-5.367049896618822
2023-01-22 04:00:00.000000Z,8.383497250052906e-05,42164721.44148295,0.1441250161588112,76.8655019462491,162.526870539134,1.5423966179044457,-0.0237082581856584,59.97609986836364,35783050.84740955,-20482082.52778108,-36851719.205073565,29109.31493936035,2687.65466938143,-1493.8047656031497,-7.437697483113636
2023-01-22 06:00:00.000000Z,0.0001163745303841,42166222.297577664,0.1446691275339005,76.8698034171794,178.0483387125397,16.103315317564615,-0.0347349748922108,59.98065580396325,35783370.7255227,751574.9276132686,-42154800.32852018,-26027.276785608592,3074.4329190230483,54.71923360581712,-7.528479922468442
2023-01-22 08:00:00.000000Z,0.0001427339669522,42167480.76725893,0.1454540407645888,77.04748783429874,184.4752981861011,39.58480224951974,-0.0367844055486265,59.98465754965024,35784704.89723177,21783202.252288274,-36099747.85549258,-74434.63880974834,2632.8436537355037,1588.3876328908443,-5.609994707986616
2023-01-22 10:00:00.000000Z,0.0001438229287453,42167139.103976905,0.1459750964908899,77.38537987174251,179.93129578656317,73.87438246950886,-0.029431238136743,59.98599614849832,35787316.89681834,36946570.008982,-20319099.969460748,-103164.20213309769,1482.0258028426897,2693.922666947081,-2.185765565732976
2023-01-22 12:00:00.000000Z,0.0001402730024758,42165539.65319986,0.1460085319336638,77.69435401149696,163.80198431714183,119.77361528523464,-0.0146283052586383,59.9827549281487,35790339.11095543,42157988.19925325,934610.7095383152,-104456.76719661192,-67.76146542100295,3073.6486455388945,1.8380659700359132
2023-01-22 14:00:00.000000Z,0.0001254888465071,42164343.681245975,0.1458499041511157,77.8254539050207,136.8641216616424,176.6555731493551,0.0038075727368676,59.97580981001588,35791488.8224695,36014837.807927415,21936333.800099723,-77840.08239919196,-1599.1847987502113,2625.586861100381,5.3887864008958015
2023-01-22 16:00:00.000000Z,0.0001302067043309,42164631.66833695,0.1459227453212457,77.81625792239647,121.48899357939636,222.11472383756,0.0211433213075359,59.96849790005469,35790566.93843716,20172868.601371106,37030447.53910855,-30315.800722560816,-2699.855712225305,1470.4856313842286,7.511607704691036
2023-01-22 18:00:00.000000Z,0.0001362296144987,42165986.166854605,0.1463475990322434,77.81715924462219,104.8999108193054,268.78068791369304,0.0329208201364612,59.96414728337892,35787970.62605626,-1102098.7968622188,42151694.64119975,25472.640014474327,-3073.5140780060806,-80.78365208935978,7.630187079339374
2023-01-22 20:00:00.000000Z,0.0001490691852802,42167123.26204396,0.1468998475067243,77.93765404077355,94.95766834415488,308.684816156176,0.0361116256578993,59.964398438928,35785056.83779893,-22080375.80594465,35919164.13229338,74606.93680467237,-2619.2869654746914,-1610.5706237794325,5.70436317093426
2023-01-22 22:00:00.000000Z,0.0001463688795002,42167068.868554816,0.1472592461736877,78.16606586874869,94.15054160645067,339.34967455528266,0.029920696702865,59.968411236483824,35783156.36213751,-37110164.055853,20009987.1626556,103898.87307391885,-1459.2601808936292,-2706.663860776329,2.244200846250225
2023-01-23 00:00:00.000000Z,0.000119227058166,42165896.41852621,0.1472826232662552,78.39806997719992,97.82685680621968,5.528898308311415,0.0160049880713676,59.97381843725896,35782755.487272546,-42141009.449756086,-1290371.5925971782,105446.15505412473,94.07235765959707,-3073.522175700058,-1.825798336523162
2023-01-23 02:00:00.000000Z,8.33729066305887e-05,42164614.80425952,0.1471146143998095,78.52935636393457,104.3190396960109,28.99222886738969,-0.0019659424260672,59.978478502942174,35783402.87800254,-35816923.65058069,-22242689.142154977,78770.65580577035,1622.059729877103,-2612.222566475767,-5.415521795189857
2023-01-23 04:00:00.000000Z,5.984943599123756e-05,42164376.36036521,0.1470768543818774,78.54569423723812,123.24590546048285,40.13433522272791,-0.0192905647242426,59.98164977449269,35784309.98448126,-19842137.26230844,-37201620.47705796,30955.774631794666,2712.947680700466,-1447.1389883918923,-7.563088520175492
2023-01-23 06:00:00.000000Z,6.52204009591337e-05,42165511.29567523,0.1474000932728807,78.54873177154265,158.66620265174703,34.79525906874807,-0.0314851671285709,59.98377460505751,35785115.91119488,1478941.1431886542,-42137299.28461789,-25250.81829314175,3072.8779666187475,107.74243341573194,-7.692960829846006
2023-01-23 08:00:00.000000Z,8.945110927009661e-05,42167044.80723486,0.1479796150024467,78.67599195119305,180.26055329596,43.15718044384171,-0.0354563596006238,59.985177033182445,35786156.13996273,22402039.15221165,-35720731.445012175,-74847.57889565111,2604.964687467694,1633.4777746065572,-5.768563323689965
2023-01-23 10:00:00.000000Z,0.0001002991772959,42167398.31093,0.148419169271818,78.95293829200438,181.8863496509881,71.3363825461546,-0.0302753951792115,59.98499119113364,35787907.49398796,37290793.81344224,-19681490.493805043,-104577.59028284994,1435.3817483250332,2719.024059470062,-2.299707853822412
2023-01-23 12:00:00.000000Z,0.0001036636880533,42166132.070851415,0.1484536947762963,79.24250747634865,164.54304692812815,118.4689824895391,-0.0173641358543386,59.981722241380346,35790078.34986839,42135438.47399689,1658878.5641681934,-106452.52952102556,-120.66282661301167,3072.067378724676,1.7928540258968964
2023-01-23 14:00:00.000000Z,0.0001212276679789,42164595.91586183,0.1482622847659272,79.39533769562696,144.66706847567517,168.26773811522858,-9.326711225917128e-05,59.97519030335235,35791463.61849371,35632392.173738174,22552194.168593712,-79890.43891599054,-1644.0445376311532,2597.745844414184,5.418664196375856
2023-01-23 16:00:00.000000Z,0.0001339822590463,42164309.2494436,0.1482242633841234,79.41199063128624,130.56526520345693,212.42744703706552,0.0170736809033513,59.967610058730976,35790940.41896792,19533658.351541147,37371998.38730411,-31908.490915563416,-2724.671707385364,1423.8931842203529,7.605581617591734
2023-01-23 18:00:00.000000Z,0.000140741444005,42165376.20634688,0.1484956402965456,79.4130071896924,115.51681465247806,257.55178272943664,0.0297034708354324,59.96237739229312,35788517.62154744,-1825726.895282948,42127103.77120575,24711.1993963483,-3071.611312385706,-133.54663225127834,7.761720838529696
2023-01-23 20:00:00.000000Z,0.0001545013044153,42166679.36370712,0.1489140471742975,79.50162202706856,103.93786043240245,299.1236418326982,0.0345328337391355,59.96176692680003,35785370.87366956,-22693504.67963272,35535343.56826265,74822.46123902309,-2591.207340002419,-1655.2959200555124,5.838037670934788
2023-01-23 22:00:00.000000Z,0.0001598198222,42167062.53162547,0.149204733521002,79.68070277146053,100.96522956487097,332.00314440552773,0.0303293438636344,59.96558906903993,35782974.8259135,-37447754.77480452,19370441.1935339,104977.07948101874,-1412.5622616294595,-2731.339766581096,2.3448511520948148
2023-01-24 00:00:00.000000Z,0.0001414289705709,42166255.762168966,0.1492276609082999,79.87073584473742,103.11138995934098,359.7551520127752,0.0182274993855889,59.97165554838785,35782155.28861964,-42112050.79663616,-2013445.7308864067,107049.84888194338,146.85121514817166,-3071.50985529162,-1.7834381137553863
2023-01-24 02:00:00.000000Z,0.0001081353486861,42164976.88748375,0.1490783510829614,79.98664161637632,106.69039119723284,26.14813478795577,0.0014331826449038,59.977406580975725,35782746.89967168,-35428892.35078429,-22854479.81384132,80439.01869485302,1666.7194447817426,-2584.0290064412484,-5.439654778243241
2023-01-24 04:00:00.000000Z,7.860504190902757e-05,42164328.40123163,0.1489988855818083,80.01108326170126,114.73127594246232,48.1689212581162,-0.0156298714829219,59.981380641624966,35783980.81054586,-19199306.796909858,-37537045.13261773,32239.20704204362,2737.4240678756064,-1400.336210306522,-7.642500014246158
2023-01-24 06:00:00.000000Z,6.49743974181585e-05,42164949.63838544,0.1491729811659205,80.01340189601821,138.67361256906244,54.30856391892751,-0.0284979053299993,59.983543908974376,35785214.16468223,2203378.3177298424,-42105732.35121863,-24660.65474308659,3070.5452694772234,160.5226626584279,-7.800761295733011
2023-01-24 08:00:00.000000Z,7.384102456883587e-05,42166399.4216899,0.1495506114240816,80.0947125982944,169.34555570863546,53.63830516007002,-0.033846152734622,59.98440856130163,35786416.28086829,23012837.99764072,-35330627.078643374,-75035.1367850309,2576.4649547010586,1677.991797117129,-5.87131369841531
2023-01-24 10:00:00.000000Z,8.681189188803068e-05,42167289.12002424,0.149862997745609,80.28811839803137,181.5981983140203,71.27378852095106,-0.0303479417570496,59.9838100505149,35787976.61184945,37623492.2469392,-19037932.108806863,-105398.23418247903,1388.415595414536,2743.293447944343,-2.369063975950052
2023-01-24 12:00:00.000000Z,9.302252525404468e-05,42166608.47098821,0.1498903500172126,80.50843419163012,171.0479204120656,111.6827787995002,-0.0189874587904699,59.9807039797424,35789920.3738778,42100551.06478008,2382663.2431618664,-107602.97695169596,-173.45022997175874,3069.568408958855,1.771757206225653
2023-01-24 14:00:00.000000Z,0.0001121166459666,42165062.7218162,0.1497243498574484,80.63889789056506,151.81666810321505,160.85957244784976,-0.0027687996591315,59.97457062214755,35791391.728887975,35239379.73196394,23161362.3459197,-81016.04637353701,-1688.4392670933232,2569.1390290259465,5.445468075718004
2023-01-24 16:00:00.000000Z,0.0001322941652231,42164276.81840272,0.1496501377769917,80.66257328588154,138.67791131479402,204.049154468248,0.0140699873834557,59.96693248091434,35791233.58559044,18888494.906353164,37702513.26000257,-32703.644947541623,-2748.700149746787,1376.8861793916578,7.667676723562688
2023-01-24 18:00:00.000000Z,0.0001423044430628,42164893.30367094,0.1498122483465604,80.66383965966304,125.88748965970562,246.914450181022,0.0271399065337343,59.96093788287325,35789108.31524128,-2549078.9178256416,42090119.70631483,24430.533336640976,-3068.804803243157,-186.26198631996004,7.838775516238166
2023-01-24 20:00:00.000000Z,0.0001557650738632,42166136.55413058,0.1501013836233117,80.7242623490761,114.14071711835342,288.6812773991399,0.033032347601503,59.95928447452488,35785894.886439085,-23300169.87023281,35141172.875135966,75081.96172903304,-2562.35433183223,-1699.5125349519117,5.907348448453066
2023-01-24 22:00:00.000000Z,0.0001668097145924,42166829.78969816,0.1503086414613891,80.84997939062515,109.58010483752908,323.2015111778891,0.0302158252279282,59.96249289333261,35783060.049751244,-37774475.02200429,18725501.63595852,105647.81820546508,-1365.4441597841526,-2755.180704254775,2.3871255815943275
2023-01-25 00:00:00.000000Z,0.0001582678261158,42166439.39784358,0.1503259980498461,80.98254394522205,110.81024599236528,351.927275904732,0.0194506521891033,59.96882964065312,35781694.91990868,-42070859.546467446,-2735427.5161782973,107891.76451762854,199.58122631463505,-3068.575087145869,-1.7790420532262452
2023-01-25 02:00:00.000000Z,0.000131635326979,42165363.29708583,0.1502252488444763,81.06095272106968,113.79278114891969,18.955256357899398,0.0035954832937217,59.9756160873438,35781976.75563136,-35030614.13261794,-23458999.8933382,81174.97570600775,1710.8932780451537,-2555.080328517315,-5.472313445047561
2023-01-25 04:00:00.000000Z,0.0001023216463149,42164514.63533624,0.1501769354673447,81.07613155992118,117.99865909409772,44.821499181165805,-0.0131505929499191,59.98077699290725,35783317.226834044,-18550884.62132608,-37860953.98627523,32641.110255078223,2761.123521087793,-1353.1324407264271,-7.69971216500759
2023-01-25 06:00:00.000000Z,8.146790515187851e-05,42164643.24698453,0.1502939297286236,81.07737224379632,129.7939808360473,63.10989423156557,-0.0263655071958417,59.9835992429104,35784952.41522981,2927350.078941227,-42061337.59350797,-24698.504384393607,3067.3415389933284,213.2589665814471,-7.861903664816517
2023-01-25 08:00:00.000000Z,7.374494134996412e-05,42165745.305413455,0.1505295076246645,81.12729909083527,153.7100063632119,69.22684849071376,-0.0325773352013414,59.984374927878015,35786505.265305266,23617196.229914915,-34929635.05128226,-75459.93416660136,2547.2121216484347,1722.0195960197518,-5.914254783821966
2023-01-25 10:00:00.000000Z,7.789380798387412e-05,42166865.914547496,0.1507165324386141,81.24193152145972,173.9880063942499,78.91534584152355,-0.0301775806862977,59.98337464194503,35788097.19169252,37945371.21489147,-18388280.75799937,-106016.69109918938,1341.0162508702172,2766.7459660620966,-2.3782620251792985
2023-01-25 12:00:00.000000Z,8.360591488932701e-05,42166806.25407065,0.1507323069646741,81.36924623163057,173.16281046654578,109.69216732350702,-0.0198327185243994,59.980181440768206,35789856.93533745,42053300.71022484,3106109.20810698,-108153.95444584674,-226.22182285161875,3066.142783766434,1.7988860100319592
2023-01-25 14:00:00.000000Z,0.000100622184102,42165567.87700152,0.1506397814543794,81.44164741214911,157.53768911043798,155.32119129400706,-0.0042929996987087,59.974347531307686,35791286.06895842,34835763.91438789,23763905.18099353,-81271.2032882143,-1732.3734617301698,2539.7528911181616,5.497693152512379
2023-01-25 16:00:00.000000Z,0.0001249437849846,42164500.36161714,0.150614318355873,81.45127722333251,145.40125989803806,197.522630790476,0.0123367803087257,59.96684896929512,35791387.0410824,18237288.552680265,38021954.24316827,-32550.648698777022,-2771.9512712318547,1329.4490035771314,7.725228474850672
2023-01-25 18:00:00.000000Z,0.0001398675555344,42164624.781087644,0.1507398978682226,81.45183342334336,134.95058029639165,238.0484081260913,0.025669472869989,59.96036749162735,35789608.144074626,-3272327.6004833914,42040575.39505483,24954.006346310984,-3065.1058992727526,-238.95043695586256,7.881003352509054
2023-01-25 20:00:00.000000Z,0.0001536627157088,42165615.73883473,0.1509363843649223,81.49268321899625,124.31402697348432,278.7236080833372,0.0321827482212893,59.95773278771355,35786495.07228511,-23900596.03471348,34736320.469189554,75806.8001090562,-2532.729236686197,-1743.243860873597,5.919298954411151
2023-01-25 22:00:00.000000Z,0.0001681525083302,42166442.15636743,0.1510664435570123,81.5711789053104,118.92991879953516,314.1136937326704,0.0301502864758597,59.960075940722255,35783369.035736136,-38090505.16068535,18074697.815246724,106330.59176437328,-1317.8930225680094,-2778.199252543884,2.363533351554302
2023-01-26 00:00:00.000000Z,0.0001686413681689,42166423.398195766,0.1510766751852183,81.6443127777413,119.44924844485712,343.6095572091952,0.0201079719660459,59.96626978133831,35781464.28567508,-42017505.51795621,-3456802.4960545804,108290.80015536108,252.2773245288414,-3064.7090473677044,-1.8324551933637343
2023-01-26 02:00:00.000000Z,0.0001509107795516,42165667.26894565,0.1510388413673822,81.6754394570347,122.38468424968816,10.732667890398895,0.0047205650511705,59.97380547930839,35781278.2958924,-34622091.56891324,-24056610.15516081,81125.3087472964,1754.583384470158,-2525.35326346587,-5.540405234514132
2023-01-26 04:00:00.000000Z,0.0001253217861067,42164826.99456527,0.1510689801488634,81.67072924377791,125.66962828018112,37.54098722529193,-0.0119230116198566,59.98021997468914,35782499.83683679,-17896906.004116554,-38173538.254225016,32109.855237111813,2784.0366054459982,-1305.5061613617945,-7.761760355800356
2023-01-26 06:00:00.000000Z,0.0001028855032386,42164594.66234444,0.1512077016347268,81.6705833407473,131.56630394269993,61.73048272760938,-0.0253972084818241,59.98410967686956,35784402.69859323,3650753.2295710095,-42004179.54695123,-25591.528842577874,3063.259855579331,265.96546499065505,-7.897226456737868
2023-01-26 08:00:00.000000Z,8.695395853534558e-05,42165237.60808992,0.1513799863607284,81.70621768335451,144.91007620465527,78.43436666379085,-0.0321159162924591,59.98526898281453,35786365.2241928,24214994.78780054,-34517726.28504806,-76464.28041557841,2517.2085116846592,1765.5739674206957,-5.908231745718907
2023-01-26 10:00:00.000000Z,7.872990701378249e-05,42166281.24321047,0.1514787021563076,81.76528028820827,162.88522708962373,90.48107964160866,-0.0302833943207815,59.98406550193967,35788171.861501545,38256339.9716314,-17732417.91676391,-106814.3308814648,1293.187669234694,2789.3922571922267,-2.327432784022143
2023-01-26 12:00:00.000000Z,7.78360893127912e-05,42166689.7128693,0.1514862928788041,81.80614802126745,170.07232996712975,113.33183662870042,-0.0203717637391119,59.98066011770202,35789852.39097033,41993612.150851175,3829374.060350337,-108452.19870140338,-278.9773581135679,3061.789528309664,1.883818403485208
2023-01-26 14:00:00.000000Z,8.928258463166983e-05,42165949.601197526,0.151491730162504,81.80635916832534,160.67311957143932,152.8073051803452,-0.0050023072237762,59.974992094617626,35791161.122985534,34421463.35484257,24359926.50588954,-80903.09271273264,-1775.8486710198708,2509.574583636296,5.593148482824933
2023-01-26 16:00:00.000000Z,0.0001132130275752,42164872.367918015,0.1515813339017785,81.78731139150017,150.16788245422265,193.40651037806853,0.0117414450701666,59.96777372691919,35791378.86946457,17579941.59018866,38330310.81372549,-31546.762775250536,-2794.4282620849644,1281.5635278026143,7.801447836940662
2023-01-26 18:00:00.000000Z,0.0001326949161199,42164585.00340434,0.1517472289042763,81.78644482799209,141.92649048698658,231.7242841454012,0.0253945941922569,59.96115331034749,35789913.368527375,-3995599.597695145,41978315.36260169,26357.203652947308,-3060.5186806328147,-291.63442038296284,7.912276726816295
2023-01-26 20:00:00.000000Z,0.0001483017661198,42165205.772401616,0.1519048336215045,81.8187345704855,133.27680555147367,270.420465705258,0.0323003386746103,59.957808435347054,35787021.96329623,-24494919.627820782,34320454.21930218,77229.76000499807,-2502.329014607642,-1786.5156565098018,5.8927428135431805
2023-01-26 22:00:00.000000Z,0.0001648747986116,42165987.07829592,0.1519806822433488,81.8638106503797,128.00488339731425,305.7308991874744,0.0305896235591217,59.95926601681069,35783789.443139754,-38395912.90315232,17417531.017723314,107361.37249324008,-1269.8927764828395,-2800.4134076475784,2.28327307826266
2023-01-27 00:00:00.000000Z,0.000172646988129,42166234.44106903,0.1519863571816965,81.88641985442686,128.0523479358175,335.74870668542184,0.0206885844131418,59.96501441594173,35781459.7871103,-41951913.38720711,-4178129.824386973,108606.35384761415,304.9605369160249,-3059.9090983307906,-1.9464510634262293
2023-01-27 02:00:00.000000Z,0.0001644484285022,42165832.96599971,0.1520131301696296,81.87194737904683,130.96041084238377,2.945161676243208,0.0052145877542522,59.97292250665661,35780771.016982555,-34203132.333963424,-24647774.1237812,80588.19980067557,1797.7987330426608,-2494.8256519252573,-5.657738748050722
2023-01-27 04:00:00.000000Z,0.0001450642903901,42165158.14094414,0.1521422047083485,81.84441503695291,134.20037929920565,29.82234013916074,-0.0117158522685122,59.98039829876769,35781714.28292247,-17237183.567338664,-38475077.81957474,30815.036694073096,2806.1534706720167,-1257.4315274550413,-7.849739660596579
2023-01-27 06:00:00.000000Z,0.0001234814867833,42164727.0251322,0.1348769863653039,80.12362030849371,139.30502353496172,56.52569914122421,-0.0252329499384627,59.98547648698908,35783717.83486881,4373667.8351961775,-41934380.87494465,-27075.26913847421,3058.2847868188296,318.658769356278,-6.964001169505882
2023-01-27 08:00:00.000000Z,0.0001044445366608,42164929.7998822,0.13505028618851,80.16643280184215,145.67745628503573,80.19444909143608,-0.0233320751692833,59.987339974192125,35786042.35135004,24806219.374417502,-34094932.34422475,-71336.28512967701,2486.4445753188147,1808.664896496337,-5.046542553104901
2023-01-27 10:00:00.000000Z,8.820194408748072e-05,42165684.37615062,0.1351071328282695,80.20464762819992,156.45174688221496,99.46291130095804,-0.0152277361533526,59.98617388675143,35788158.511712715,38556344.43366786,-17070309.89888378,-96441.29032043976,1244.9275699629288,2811.240532656872,-1.7650226932935449
2023-01-27 12:00:00.000000Z,7.766648761851794e-05,42166318.34727264,0.1351152210489679,80.18457738148301,165.03568534679826,120.97754557539392,-0.0030381504402873,59.98254012489506,35789866.76335689,41921424.713338986,4552532.857974462,-95582.22814978924,-331.7167992333748,3056.51064106625,1.9995709433218385
2023-01-27 14:00:00.000000Z,8.028945156282433e-05,42166106.52268532,0.1352206477392639,80.1148775585631,161.7105396104116,154.4489063945628,0.0100342420963499,59.97691857599517,35791023.868506186,33996423.47257844,24949480.305720296,-68933.63749712796,-1818.8631829137096,2478.596462800247,5.233101620430404
2023-01-27 16:00:00.000000Z,9.938883389948804e-05,42165260.24156875,0.1354602568488987,80.05989184427179,153.73455351554338,192.5551557549432,0.0205291123274089,59.97006129739388,35791213.76795527,16916415.630372487,38627560.98720302,-23629.64946311514,-2816.128858533447,1233.2171816650289,7.061325821168871
2023-01-27 18:00:00.000000Z,0.0001212141970201,42164721.97796618,0.1357257839919496,80.06170072946445,147.7521640200022,228.61146106186752,0.0256381264200316,59.96365376623729,35789963.80696888,-4718922.810047749,41903218.26337944,28142.33362155188,-3055.042484837478,-344.3290864046819,6.987615672405245
2023-01-27 20:00:00.000000Z,0.0001395356850476,42164940.89854407,0.1358967956189453,80.10376749269153,141.70508626683494,264.6949554584603,0.0239638068307394,59.96000559419383,35787347.06774916,-25083159.523981933,33893331.34034336,72424.45139798439,-2471.150559520256,-1829.3462990261155,5.028281441514545
2023-01-27 22:00:00.000000Z,0.000157766426584,42165532.45487576,0.1359461517425648,80.13742513652974,137.55294831845927,298.8963381576686,0.0159092888294764,59.96077441462195,35784180.082357764,-38690663.28967982,16753629.382375345,97253.98320966277,-1221.4308903802537,-2821.838883058572,1.7084466861138274
2023-01-28 00:00:00.000000Z,0.0001708965824281,42165914.17672742,0.1359526839525756,80.12445427758882,137.5663656855776,328.9832118832851,0.0035825149204164,59.96595837358923,35781601.18091901,-41873927.51978184,-4899849.183967776,95893.26898774155,357.65024862789414,-3054.176675967648,-2.0789956964237906
2023-01-28 02:00:00.000000Z,0.0001716084243568,42165838.36351372,0.1360398977548809,80.0690573020372,140.44055227622775,356.2545087768168,-0.0097607054806357,59.97390783549992,35780480.80139111,-33773456.31656332,-25232875.176236577,68655.99197101263,1840.551908476545,-2463.4811038496096,-5.3133845070481
2023-01-28 04:00:00.000000Z,0.0001599202396748,42165424.24965462,0.1362699812709377,80.01873690862892,143.83466543703298,23.00107125172693,-0.0205829997305643,59.9821280377189,35781080.07639373,-16571406.89469444,-38765803.697589785,22835.77940845729,2827.4693395357704,-1208.8852296377397,-7.121311607281832
2023-01-28 06:00:00.000000Z,0.000141385066821,42164974.573340975,0.136572260278278,80.02295337606847,146.43663975945125,50.48317046011692,-0.0260055383718657,59.98828572413669,35783043.74628894,5096314.974273664,-41852023.60454083,-29247.883982935586,3052.392625306294,371.3564908406237,-7.012414573560271
2023-01-28 08:00:00.000000Z,0.0001214402790988,42164833.198202506,0.136791370760427,80.07805794554433,148.93027542261393,78.01925884277361,-0.0245680570019916,59.990982778704776,35785632.67699734,25390916.88620503,-33661244.80101032,-73560.64497943396,2454.8979994252813,1851.3005008670127,-5.011741935357293
2023-01-28 10:00:00.000000Z,0.0001016744001477,42165201.50718981,0.1368487833859978,80.11552422871083,153.26922797584228,103.72403534522736,-0.0166088953258294,59.9900446038978,35788081.19871418,38845305.4104703,-16401907.676125769,-98128.39330654286,1196.2238155931595,2832.294716284778,-1.6534613201973145
2023-01-28 12:00:00.000000Z,8.376884402689411e-05,42165825.82373485,0.1368633333669157,80.06699430585782,158.19513182513825,128.9249645896835,-0.0041749126061139,59.98621154952729,35789907.92239468,41836613.75402263,5275651.180789638,-96264.13093559213,-384.4406574131618,3050.306406037347,2.1614223112324624
2023-01-28 14:00:00.000000Z,7.626510036532227e-05,42166044.858113855,0.1370442476971911,79.95280036048658,157.2847296779394,160.02598749378228,0.00950111097995,59.98050132422789,35790930.189948864,33560558.53871296,25532615.638889324,-68387.33308678001,-1861.405695246884,2446.8140275142136,5.404997190667011
2023-01-28 16:00:00.000000Z,8.709713144807303e-05,42165583.38917361,0.1374267328212532,79.869956031734,151.7803796958422,195.6887659879888,0.0208208595668575,59.9739503788955,35790982.05012888,16246738.909509985,38913719.87429701,-21944.87122261944,-2837.0340804099774,1184.406335016018,7.198358301853897
2023-01-28 18:00:00.000000Z,0.0001078953707601,42164985.55840583,0.1378233161878875,79.87549582016646,148.2933255207913,229.2464225926037,0.0267533384876612,59.96796029268322,35789818.16616672,-5442136.186114338,41815292.20015018,30568.800035975168,-3048.661273678203,-397.0327915270668,7.051396532229152
2023-01-28 20:00:00.000000Z,0.0001283640429001,42164845.48330865,0.1380531697671466,79.9330549910328,145.5153184261061,262.04541985809874,0.025655199589886,59.96437829633206,35787456.824498534,-25665074.255680915,33454979.359757625,74978.00052942769,-2439.1878953548,-1871.7331741598264,4.9983797582538045
2023-01-28 22:00:00.000000Z,0.0001479736793684,42165151.698968686,0.1381060253613027,79.96837469201662,143.54967921275474,294.0582411317493,0.0177410039913875,59.96474677887144,35784470.373379774,-38974502.91337159,16083026.153018689,99261.10145194018,-1172.5090635015354,-2842.476991115329,1.5895384633857352
2023-01-29 00:00:00.000000Z,0.000164713087846,42165536.9190543,0.1381169937379193,79.93754172209943,144.18408684644686,323.54144918907326,0.0050506606683439,59.96939322139619,35781813.56882252,-41783319.3567089,-5621946.650650541,96805.70283252864,410.34164839972857,-3047.515051706904,-2.257519304951697
2023-01-29 02:00:00.000000Z,0.0001729677396463,42165717.29978909,0.1382486187293223,79.85769667830328,147.1533580401779,350.7419164531688,-0.0090837089314825,59.97714924234162,35780381.96385303,-33332881.913324896,-25811916.872997,68204.64929791342,1882.834060783084,-2431.320935705436,-5.505152400554664
2023-01-29 04:00:00.000000Z,0.0001694984167968,42165603.2593723,0.1385621219793741,79.79326657019415,150.74996967962434,17.300497971049452,-0.0209236330030438,59.98577685887086,35780642.495278895,-15899482.088449204,-39045725.91188126,21109.83315685749,2847.968620133349,-1159.8686488783192,-7.275492173264736
2023-01-29 06:00:00.000000Z,0.0001555290858583,42165253.08507084,0.1389556525447868,79.8020096173599,153.19527025042763,44.93558854218952,-0.0273197165146963,59.99277867511379,35782473.2190177,5818663.403656686,-41757145.4650834,-31818.76628094638,3045.571338468202,424.0505410409892,-7.087464837403587
2023-01-29 08:00:00.000000Z,0.0001360169902244,42164893.02932667,0.1392394690501279,79.87581463907021,153.67543612790814,74.4672482546454,-0.026546363005359,59.99627804593763,35785219.500929855,25968988.99869573,-33216779.15139629,-76316.65230392686,2422.5635970958447,1893.468324063137,-4.98676324397185
2023-01-29 10:00:00.000000Z,0.0001152333460587,42164869.92244102,0.1393207608499093,79.93264786869801,153.4208463990754,104.74652772389672,-0.0187537073683458,59.99566786116437,35787969.17604034,39123127.89996621,-15727406.09718216,-100352.54665869304,1147.082472781742,2852.5467298965277,-1.533809776800353
2023-01-29 12:00:00.000000Z,9.407010262425764e-05,42165309.632822335,0.1393396425075571,79.88876756441722,153.49377777506703,134.79562447160797,-0.0059259275245742,59.99167944652535,35789967.158271685,41739159.144564815,5998509.928283071,-97369.54652243608,-437.1350994189167,3043.178203729649,2.345862768190976
2023-01-29 14:00:00.000000Z,7.847578716784382e-05,42165796.27883392,0.1395587601568651,79.76003546715131,150.9320286391266,167.56234094439847,0.008626827440076,59.98577723310962,35790890.60230339,33113962.51528542,26109150.54576204,-68067.59914981828,-1903.4589699852093,2414.2356515459,5.607914430462657
2023-01-29 16:00:00.000000Z,7.97368697978984e-05,42165772.3039116,0.1400480127192782,79.66195595845686,145.74908904481725,202.9191478675565,0.0211036294662243,59.97942945090114,35790732.00763803,15571129.32184236,39188685.03285947,-20252.829760634628,-2857.127779997933,1135.1447328194613,7.368239846073152
2023-01-29 18:00:00.000000Z,9.607975556896766e-05,42165293.96193348,0.1405767201729622,79.67415479006468,144.41588472227303,234.31681899509965,0.0281831462727111,59.97396266968347,35789519.80474691,-6164932.336312716,41714551.241338976,33226.34679205559,-3041.367680548794,-449.7275113774291,7.143453864251416
2023-01-29 20:00:00.000000Z,0.0001165322969472,42164891.17849543,0.1408919361700615,79.75553866724287,145.61932259613482,263.1109322601256,0.0279101482825004,59.97076670927027,35787342.98940898,-26240351.2464958,33005538.8597369,77931.69699846618,-2406.446966678045,-1913.6606461905976,4.986283812235183
2023-01-29 22:00:00.000000Z,0.0001366164167243,42164867.37650208,0.1409689216021833,79.8097418371057,147.00252219968203,291.7559695425381,0.0202553521263617,59.971073957613605,35784594.57900822,-39247197.78005812,15405941.9776141,101745.6344072448,-1123.141738137137,-2862.3218713668425,1.4738405651461337
2023-01-30 00:00:00.000000Z,0.0001553183153173,42165141.59988204,0.1409831029553786,79.78121091003784,149.14217973660192,319.73124022748345,0.0071617551006005,59.97533503230775,35782007.13726355,-41679962.5344987,-6344197.420127542,98162.43667510302,463.02053306799735,-3039.9282725698454,-2.4482765818022667
2023-01-30 02:00:00.000000Z,0.0001693498923194,42165488.27396175,0.1411391402594448,79.69270196721078,152.5331744670713,346.5183489624224,-0.007953436642105,59.98279163976409,35780407.25295526,-32881371.387390923,-26384723.54931068,68061.77091033972,1924.6348143226453,-2398.353874001649,-5.721635147162607
2023-01-30 04:00:00.000000Z,0.0001737763851486,42165669.87883523,0.1415108129124991,79.62176544055221,156.41202625519995,12.801330559770385,-0.0211043370146731,59.9915524177285,35780387.54980275,-15221437.61211687,-39314738.32096299,19487.09786385896,2867.642926979079,-1110.3923378057427,-7.460778644618366
2023-01-30 06:00:00.000000Z,0.0001655650611458,42165508.18275385,0.1419803793349622,79.63605783194326,159.04642799792913,40.24234834929794,-0.0287987433411949,59.99913176965548,35782041.87462244,6540628.696699344,-41649725.89996489,-34510.80320968157,3037.812257969708,476.7278817441114,-7.192449319055581
2023-01-30 08:00:00.000000Z,0.0001477385846042,42165055.54104653,0.1423305306604304,79.72987438331697,158.63126862345567,70.65000447282266,-0.0289670601403218,60.00331420276919,35784853.68960438,26540307.37838586,-32761617.26696773,-79383.53418283515,2389.438735394261,1935.1536675029224,-4.983531872959564
2023-01-30 10:00:00.000000Z,0.0001272546141975,42164694.14461629,0.1424456038783755,79.8162621740209,155.32348336523762,103.95328248059953,-0.0215078504586668,60.00306207524106,35787850.32768399,39389697.31539009,-15046980.54298451,-103000.02894366636,1097.5100976541512,2871.986566429003,-1.4231642753689124
2023-01-30 12:00:00.000000Z,0.0001062339210332,42164845.708453,0.1424630839238994,79.79929672458015,151.2063049915663,138.16545995431895,-0.008311183976062,59.99895951140172,35790045.93488583,41629021.39505972,6720896.211545942,-98913.07009932156,-489.7864185927411,3035.125975397346,2.535079464448618
2023-01-30 14:00:00.000000Z,8.661498111912521e-05,42165424.57997222,0.1426811066381489,79.68109923117942,145.43314979044314,174.1327752618204,0.0072304020399379,59.99278409252307,35790920.60247027,32656710.22415718,26678906.60679905,-68107.65693601684,-1945.005404458564,2380.8705379104663,5.827270065764865
2023-01-30 16:00:00.000000Z,7.984166808951405e-05,42165804.19924567,0.1432245944927804,79.58078749948002,137.79735563613195,211.9447237810432,0.0210815641006604,59.98649038105481,35790523.87535324,14889793.367623808,39452372.05641961,-18771.476908890185,-2876.3918900405133,1085.44920276829,7.562394121200635
2023-01-30 18:00:00.000000Z,8.974358039938094e-05,42165584.05920227,0.1438614382467277,79.60088399916937,136.52467631720936,243.2744780069573,0.0295853344402202,59.98152907100447,35789148.56340298,-6886996.031072015,41601057.32840043,35862.6985477649,-3033.1512168591257,-502.3899466014782,7.263032324320326
2023-01-30 20:00:00.000000Z,0.0001069447165837,42165046.799399264,0.1442710558802373,79.7094835927547,141.61716223035387,268.1529173581732,0.0304201750527932,59.97892330150288,35787054.66875921,-26808652.80297699,32545244.697923128,81057.991310697,-2372.932756009315,-1955.1056867404104,4.999520458734587
2023-01-30 22:00:00.000000Z,0.0001253838912989,42164695.329879895,0.144385400680316,79.79477177752293,147.39386450427963,292.3736111626351,0.0232523259237183,59.97947534949826,35784545.385219395,-39508500.814709336,14722744.859882642,104559.9617652842,-1073.347985896582,-2881.3610895740558,1.3755784683587515
2023-01-31 00:00:00.000000Z,0.0001441500992753,42164767.54717203,0.1443988889681656,79.78520589699619,152.1024584813634,317.7608030971924,0.0098736601390729,59.983559308697295,35782130.29465365,-41563770.01543665,-7066199.399085959,99932.27447397712,515.6633152491389,-3031.419340881024,-2.63384989220111
2023-01-31 02:00:00.000000Z,0.0001619487230535,42165182.33430923,0.1445571132041376,79.70187015887386,156.45608422118664,343.5798016232934,-0.006244455240766,59.9907093592486,35780495.157340474,-32418995.293478493,-26950961.799820475,68319.70885506854,1965.9349844440428,-2364.5949898545823,-5.946678494339251
2023-01-31 04:00:00.000000Z,0.000173327077758,42165624.04635719,0.1449574994399559,79.63097394989752,160.8014777187729,9.396141499664171,-0.0208653355677318,59.99940959836831,35780276.627271384,-14537454.988632118,-39572640.95352496,18158.92394155161,2886.480757117877,-1060.4773953950323,-7.666414182681426
2023-01-31 06:00:00.000000Z,0.0001715346477374,42165704.01446065,0.1454799656288055,79.65043136237986,163.85058548620506,36.41762282045048,-0.0301156522576103,60.00732314213892,35781746.203983665,7261975.45946593,-41529725.36080726,-37083.13305880197,3029.1119881554987,529.3656068526901,-7.32463615644063
2023-01-31 08:00:00.000000Z,0.0001565974535537,42165270.27818517,0.1458872690055191,79.76170428910244,163.24210963359386,67.00167316619796,-0.0315184256582877,60.01204006626697,35784552.59855501,27104644.092677623,-32295879.78023984,-82531.62695766699,2355.529032564448,1976.3357731139556,-5.007758026887068
2023-01-31 10:00:00.000000Z,0.0001372269016774,42164654.91083884,0.1460368151913605,79.87958502328237,158.0547123936688,102.15342087425104,-0.0246497410915385,60.0121392652444,35787735.30956985,39644858.78645872,-14360875.41486996,-105907.57474071263,1047.5209811481998,2890.6016793036315,-1.3337840301616704
2023-01-31 12:00:00.000000Z,0.0001184461360011,42164478.20641919,0.1460465459214991,79.9005147925309,150.7953540549714,139.4698129364009,-0.0112469767403367,60.00796673570775,35790136.88232134,41506168.6772297,7442520.848076826,-100833.07222886608,-542.3755891979683,3026.150200457217,2.713741999325762
2023-01-31 14:00:00.000000Z,9.877366663794114e-05,42164994.61954226,0.1462300117383481,79.80944241820225,142.27852368083074,178.15335662314018,0.0052464050281055,60.00146904895084,35791020.24746643,32188909.964589223,27241644.56002205,-68555.84190329618,-1986.0256242440605,2346.731571243835,6.048423058663365
2023-01-31 16:00:00.000000Z,8.71729758488626e-05,42165684.03514031,0.146771950611746,79.71716254663914,131.5077167004659,219.09217857010933,0.020562176409679,59.99506687462273,35790399.74700809,14202971.508826973,39704669.50122793,-17642.840607472535,-2894.809646430016,1035.3419322534137,7.769848779021142
2023-01-31 18:00:00.000000Z,9.127130511559491e-05,42165806.04378919,0.1474760302012056,79.74421463819994,127.45975501775598,253.1906490664168,0.0306870261385246,59.99049454972516,35788781.67629568,-7607992.312059101,41474884.18337658,38276.527289312784,-3024.003734068785,-554.9914954697009,7.404929412923996
2023-01-31 20:00:00.000000Z,0.0001027393038566,42165274.40652748,0.1479730380092438,79.8782436172295,134.28171647873768,276.31485052147985,0.0328953478381959,59.98855609843668,35786660.48542195,-27369639.99845452,32074380.3168099,84142.98212041093,-2338.653132489173,-1996.040333168465,5.039911085369475
2023-01-31 22:00:00.000000Z,0.000116379773191,42164639.38895105,0.1481309224602583,80.00080708420649,144.52026205531942,296.0369005403614,0.0264938689852702,59.98958366330482,35784347.956468694,-39758190.11266193,14033883.778068945,107528.54969137034,-1023.1514638768203,-2899.578400013154,1.3034021114940182
2023-02-01 00:00:00.000000Z,0.0001327114018222,42164446.07294518,0.1481386654874176,80.0220699813935,152.8018570112439,317.8202992322101,0.0130582366170881,59.99370449002086,35782162.08553982,-41434719.68786392,-7787452.407911239,102020.93620072512,568.240216117444,-3021.990683477813,-2.800788499705788
2023-02-01 02:00:00.000000Z,0.0001520031533958,42164830.90660277,0.148277353702701,79.95472528910301,158.8476663680701,341.9308724713735,-0.003943807821758,60.00060344155765,35780600.707660615,-31945932.55586789,-27510212.62795221,68988.37296421971,2006.7101166698656,-2330.0634229224825,-6.165421244234774
2023-02-01 04:00:00.000000Z,0.0001689038767107,42165475.092832185,0.1486763103209077,79.88886985214232,163.97339901922993,6.961651310329748,-0.0200572219632532,60.00912159623423,35780268.67188395,-13847848.746122248,-39819190.80801857,17235.83188088092,2904.469461749056,-1010.1522002402344,-7.879925392268319
2023-02-01 06:00:00.000000Z,0.0001736490833195,42165818.89709854,0.1492249153107459,79.91200917626158,167.6476680802968,33.354423501379664,-0.03102393283692,60.0171686074701,35781565.51211934,7982345.432655071,-41397114.97264782,-39353.75846498659,3019.47098389722,581.9337602375671,-7.477069169990401
2023-02-01 08:00:00.000000Z,0.0001626386840539,42165495.64636108,0.1496737796955524,80.03563115286255,167.3304410070734,63.63526553637071,-0.0339199381563962,60.02227533178338,35784312.34706695,27661688.42277821,-31819739.28908121,-85554.01636297289,2320.84691057832,2016.989706163893,-5.059585095286245
2023-02-01 10:00:00.000000Z,0.0001449895468564,42164723.43915976,0.1498532559690227,80.18113186089751,161.1721804270778,99.73059064332224,-0.0279340590404792,60.022709378291495,35787618.85075658,39888425.12339167,-13669405.591523504,-108894.38968285064,997.1362130232026,2908.378481077357,-1.272548362060638
2023-02-01 12:00:00.000000Z,0.0001294267592767,42164226.85583951,0.1498508477312967,80.24184308899254,151.71783737776468,139.20217478066567,-0.0145796259286303,60.01852611706704,35790220.74870217,41370578.85906386,8163025.638489646,-103016.49093290063,-594.878992684401,3016.2527200493573,2.8703882703999604
2023-02-01 14:00:00.000000Z,0.0001125553968827,42164562.75632974,0.1499768200736013,80.18604821647303,141.41498485508325,179.6361377166613,0.0027067988691083,60.01170257690315,35791171.50975136,31710700.1936681,27797072.842065413,-69388.952871291,-2026.4993371008195,2311.834782986442,6.25839643052129
2023-02-01 16:00:00.000000Z,9.914835758850466e-05,42165436.12554653,0.1504683005079088,80.10842291319469,128.6155499293233,222.58868363401905,0.0194552957031381,60.00504997081659,35790376.849323496,13510927.923536075,39945439.03808176,-16933.78595330945,-2912.366777331933,984.8486951027962,7.978983575059276
2023-02-01 18:00:00.000000Z,9.960587981983068e-05,42165924.94252704,0.1511903931271205,80.13980036055938,120.73965541418036,260.5109745176284,0.0313001468299911,60.0006898226054,35788479.94412578,-8327584.972269887,41336101.48634163,40328.85276111678,-3013.920431215675,-607.5009316476137,7.561067791461478
2023-02-01 20:00:00.000000Z,0.0001055459408542,42165532.75602041,0.1517542949891836,80.29299532911085,126.02413057529358,285.1541254595126,0.0350928999507042,59.99938068872984,35786231.918458186,-27922993.919087663,31593240.509729262,87007.50628455404,-2303.618470388223,-2036.434841967268,5.1046137185010325
2023-02-01 22:00:00.000000Z,0.0001117017175186,42164694.35622637,0.1519555242171431,80.45280079868076,138.88983110083282,302.2123894484135,0.0297386750265173,60.00101997494082,35784046.34630754,-39996080.10269958,13339830.43566566,110473.56828019436,-972.5780663007046,-2916.956189840409,1.260559534139457
2023-02-02 00:00:00.000000Z,0.0001225071303297,42164202.447927736,0.1519531077854287,80.51148486980655,151.0977599940121,320.032253525461,0.0165333596074136,60.00536189539429,35782106.38237291,-41292843.58460001,-8507426.946538225,104294.5744140047,620.7186871281663,-3011.6444852037403,-2.9403589202629674
2023-02-02 02:00:00.000000Z,0.0001406563758366,42164464.90108933,0.1520535631997745,80.46770132112368,159.64738108771616,341.6152862525045,-0.0011300326746442,60.01209293012436,35780699.81913953,-31462436.29516129,-28062033.47646392,70010.5768490045,2046.93320291272,-2294.7802695825712,-6.365753199493186
2023-02-02 04:00:00.000000Z,0.0001612223410082,42165238.14248501,0.1524229689893268,80.41045408290755,166.00343734972913,5.406880777229252,-0.0186361876361268,60.02035755927854,35780333.403155416,-13153019.946009563,-40054143.5091331,16750.91423432191,2921.595831989285,-959.4491241606556,-8.088885940600052
2023-02-02 06:00:00.000000Z,0.0001720953301863,42165841.13327327,0.152970043557184,80.43523701988441,170.54846911003958,30.92721842247867,-0.031369630074246,60.028375496488906,35781478.99479951,8701300.660706174,-41251895.58018376,-41208.53680364016,3008.89219776309,634.3981322049829,-7.640141810189555
2023-02-02 08:00:00.000000Z,0.0001657761457786,42165697.71351289,0.153441561911364,80.56489119978579,170.89143728549274,60.542090965378286,-0.0359472793874576,60.033740279379245,35784122.24012162,28211077.12101237,-31333423.63925504,-88284.98503584512,2285.4095740255243,2057.0879242576334,-5.1345851104887
2023-02-02 10:00:00.000000Z,0.0001459786551869,42166426.57289747,0.1536434547869649,80.73050680683153,182.5161335522421,78.83555828178754,-0.0311220271115819,60.03538914605252,35787096.87213369,40120024.22746152,-12972205.183108984,-111783.88210599127,946.3448771508888,2925.4048179633646,-1.2409536664601968
2023-02-02 12:00:00.000000Z,0.0001256882883656,42165653.5136883,0.1536276326402373,80.82650465602696,173.2264492500551,118.10834882409928,-0.0181123511900121,60.03235836834086,35790012.91396849,41221689.72869305,8883359.22723705,-105317.32241783488,-647.3351300285156,3005.500124909144,2.998262506131571
2023-02-02 14:00:00.000000Z,0.0001049607481896,42165732.42055038,0.1536854227795769,80.80732470056186,163.16215363119068,158.26739546206443,-0.0002767184088627,60.02579012212584,35791706.53050928,31221284.1107564,28346466.24098449,-70523.12918649074,-2066.441135988628,2276.2075140503403,6.447061987222237
2023-02-02 16:00:00.000000Z,8.266348859600867e-05,42166654.23523351,0.1540907127819158,80.74767605573307,149.9075756592467,201.65615205223529,0.0177664415301351,60.01818077776102,35791756.80760716,12813023.665925298,40176188.11273236,-16638.47036419779,-2929.0025451040965,934.024893042463,8.178645768417473
2023-02-02 18:00:00.000000Z,7.415777159291658e-05,42167479.338435255,0.1547814369793624,80.78002828818965,135.36393918612254,246.24318618061963,0.0313261860223563,60.0117957684693,35790601.89846848,-9045827.646422096,41187058.43169053,41948.60263103416,-3002.820618313019,-659.7247418708494,7.721617828229807
2023-02-02 20:00:00.000000Z,7.793856655769527e-05,42167338.08351497,0.1553816801765687,80.94304272635434,137.3089545976086,274.2131097942786,0.036833682086609,60.00761896033677,35788959.3930809,-28468619.27300171,31106168.521006014,89521.57111301913,-2267.901288786434,-2075.94065138471,5.187482991802053
2023-02-02 22:00:00.000000Z,8.506322726989994e-05,42166405.3272546,0.1556200784130369,81.13414289379939,154.13850296738514,287.2726422759788,0.0327690118115198,60.00567005891847,35787203.063985765,-40223657.14739391,12647548.55686277,113240.07225953945,-922.0089555986586,-2933.1568436256493,1.2464943181854695
2023-02-03 00:00:00.000000Z,9.914332269886476e-05,42165615.28036526,0.1556051344813405,81.2314992677968,170.8320323424568,300.5641712305248,0.0200956969174361,60.00595045345374,35785352.209549606,-41143460.83404948,-9217596.521230685,106616.46869163572,672.4414582849629,-3000.329508411979,-3.0470510036354628
2023-02-03 02:00:00.000000Z,0.0001215159724939,42165673.69031362,0.1556539401008303,81.21563006535365,179.9724622099311,321.52454469957,0.0020580436808607,60.008745352549326,35783525.15341234,-30978818.160382144,-28599186.98529543,71307.098144153,2085.9320457019194,-2259.168244015377,-6.537626040125863
2023-02-03 04:00:00.000000Z,0.0001487948161727,42166491.07294183,0.1559698613727905,81.16940043316237,184.8251759583528,346.8054672371505,-0.0166431478242538,60.01401216514658,35782245.504203506,-12467111.363472538,-40274914.12707693,16704.980280196414,2937.52136098702,-909.20471309085,-8.28166878810618
2023-02-03 06:00:00.000000Z,0.0001688172435476,42167325.21489172,0.1564888585584075,81.19372357262154,188.62242596632672,13.07261076644854,-0.0310874385236163,60.02059344304968,35782254.07154833,9404192.719354624,-41098149.862376496,-42567.16293428,2997.590342243884,685.8045918603235,-7.80390149488095
2023-02-03 08:00:00.000000Z,0.0001688255075865,42167409.0139425,0.1569625143199434,81.3227638934291,189.98517005753203,41.66850991873555,-0.037446781723534,60.02614676898944,35783953.62182081,28741674.142554067,-30847201.59771322,-90586.4653982185,2249.9514349562323,2095.920917928032,-5.226977852630962
2023-02-03 10:00:00.000000Z,0.0001518615460183,42166614.35697292,0.1571778192866447,81.49917653466844,185.52119910991507,76.04017482206137,-0.0340110142694375,60.02812389377929,35786931.66192228,40335506.11294904,-12285229.742275031,-114417.75496749987,896.2744144824546,2941.1511916425848,-1.2390178830032883
2023-02-03 12:00:00.000000Z,0.0001337860935851,42165632.14919548,0.157150359010231,81.62202539809685,175.0878781523146,116.42992279107784,-0.0216441512958355,60.02526585460738,35790005.45048643,41063958.02209485,9586032.122163534,-107597.3062857526,-698.5405089717526,2994.0128447464217,3.0920160733654023
2023-02-03 14:00:00.000000Z,0.0001172912974863,42165418.26645985,0.1571408720575648,81.63590579893763,163.48452622263218,158.09478196707525,-0.0035509473606443,60.018514289944505,35791869.75873227,30732848.08009962,28875532.08621808,-71872.44202794398,-2104.977470660192,2240.5855904772816,6.605659621129048
2023-02-03 16:00:00.000000Z,9.693663735107642e-05,42166260.67956994,0.157440186038513,81.59494190224206,149.76189883218254,201.93250911076268,0.0155703341771827,60.01050994745664,35791915.249640934,12125493.14474289,40389174.81722532,-16738.72799830236,-2944.4971741300164,883.8736103017623,8.359165697712966
2023-02-03 18:00:00.000000Z,8.64103758206141e-05,42167345.21068517,0.158056735480355,81.62508490386377,133.1987357290011,248.5410889899099,0.0307482501180462,60.00393378716589,35790540.931656055,-9747319.267186224,41026641.44962764,43086.57502931446,-2991.115917084974,-710.9070269319183,7.877716796094568
2023-02-03 20:00:00.000000Z,8.735734294035527e-05,42167530.28399408,0.1586563306869803,81.78695710930265,130.0404691550515,281.6157275817643,0.0380106943784144,60.00004747163942,35788651.29480781,-28995215.20563973,30615472.282307703,91577.3849601804,-2232.1405563266703,-2114.387529262105,5.281188200199306
2023-02-03 22:00:00.000000Z,8.671454830840935e-05,42166629.97061796,0.158920095411127,81.99838609160888,144.79239516820994,296.7331434538619,0.0354046230340348,59.9986891259344,35786847.919477776,-40433457.81881094,11958597.771843288,115675.05673331024,-871.7980880018288,-2948.5059368547954,1.2561342553096528
2023-02-04 00:00:00.000000Z,9.177575827361826e-05,42165579.88096796,0.1588928129868839,82.13013123994253,165.63986536652388,305.8367791463619,0.0235266281282413,59.99940683854229,35785176.98050606,-40979774.63535083,-9919237.724258631,108808.644008909,723.5802985421211,-2988.420385823093,-3.122497570692635
2023-02-04 02:00:00.000000Z,0.0001097623290056,42165371.22087666,0.158883990163835,82.14311282690107,179.40439756255736,322.1442137718634,0.0054129687702877,60.0022163242928,35783579.82219795,-30485643.279871214,-29124399.27707005,72704.47994402562,2124.2018756368543,-2223.201714142911,-6.677992773390739
2023-02-04 04:00:00.000000Z,0.0001375163001332,42166140.95009634,0.1591291926804622,82.10935397629896,186.1695422082464,345.49994496984704,-0.014222113473141,60.007192759614576,35782390.06804493,-11777339.256406164,-40482144.64152288,16964.87191171139,2952.601706376025,-858.8841433200936,-8.450199302522586
2023-02-04 06:00:00.000000Z,0.0001626660585409,42167173.678158805,0.1420920542754616,80.54549272199328,192.315859441537,11.005948061959367,-0.0273670115139688,60.013521602357656,35782303.63256355,10104710.703237915,-40931599.79899932,-41393.47853280147,2985.4289355980777,736.9162284656786,-7.003031790156569
2023-02-04 08:00:00.000000Z,0.0001685846073353,42167507.56836313,0.14253762782471,80.68795924810665,194.34619023674207,38.92087423143183,-0.0269620934322032,60.01911356921241,35783839.35764774,29264249.96375804,-30351752.137350325,-84060.90734052862,2213.824427912978,2134.063512112409,-4.575815942579621
2023-02-04 10:00:00.000000Z,0.0001551889704016,42166830.17806696,0.1427426278980368,80.88964028892035,190.4213152437548,72.72846790097184,-0.0195851536516593,60.02137977927329,35786749.38938031,40539349.20687103,-11594306.021579362,-104296.59887093023,845.9065814344866,2956.053284931701,-0.91477849780045
2023-02-04 12:00:00.000000Z,0.0001392127742769,42165721.272534885,0.1426966453147215,81.04552843838198,179.54774967832245,113.52568785856042,-0.0071802918735562,60.01878564489511,35789926.65892633,40894103.31033821,10286329.368460191,-96619.26284781996,-749.580670569278,2981.653306587836,2.99994003652888
2023-02-04 14:00:00.000000Z,0.000127009252333,42165218.91414373,0.1426274173367923,81.08977616595584,166.96398091197133,156.14055579129445,0.007017665963561,60.011994595634185,35791979.50858965,30235044.37994123,29396544.79447799,-63022.29982402855,-2142.930537115167,2204.2946582758736,6.119966291270228
2023-02-04 16:00:00.000000Z,0.0001101134703056,42165876.60783944,0.1428195367909451,81.06536246447102,153.42422799640957,199.778507144338,0.0193420598863938,60.00364322397999,35792108.679973625,11433874.653955605,40590589.74833921,-12441.221667328757,-2959.141338426232,833.4373786363607,7.609330063324431
2023-02-04 18:00:00.000000Z,9.854250155778088e-05,42167109.89837088,0.143329893592048,81.0997276325764,136.29231448253495,246.95128997804383,0.0266474169785795,59.99674467382789,35790599.39394015,-10446485.386444457,40854271.97593024,41630.03811592119,-2978.52223909046,-761.906597993887,7.066423320332527
2023-02-04 20:00:00.000000Z,9.854091228495868e-05,42167647.16984287,0.1438797124297941,81.27418057049691,128.58441513459448,284.5630513667569,0.0271005447908921,59.99292794332104,35788464.976070106,-29513700.652755424,30115720.421849117,84729.32489188487,-2195.700600271332,-2152.231668093097,4.630062759466166
2023-02-04 22:00:00.000000Z,9.336867338108652e-05,42166907.789403625,0.1441361391930343,81.52076631545584,138.6008371811183,304.38126992915704,0.0206189288167501,59.99202096356011,35786547.290221915,-40631607.90542372,11265964.533766694,105276.80176049014,-821.3057476747103,-2963.000810369078,0.9444553100753352
2023-02-05 00:00:00.000000Z,8.822139222212199e-05,42165673.99595244,0.1440876729724991,81.69619578320162,159.92888875126326,312.9610793758638,0.0088770934630035,59.99317513660694,35785001.693806045,-40804099.75632172,-10618199.73989647,97682.28990613508,774.5301706494784,-2975.6391364105198,-3.008108660243398
2023-02-05 02:00:00.000000Z,9.863146406164786e-05,42165163.70746312,0.1440209771294237,81.73950917978176,178.49466308952478,324.4369984719778,-0.0051078259814279,59.99604420024545,35783643.47322643,-29983410.19300288,-29641301.676614,63880.92311112659,2161.8654205467064,-2186.57926054358,-6.167456760018165
2023-02-05 04:00:00.000000Z,0.000124370318923,42165793.85636099,0.1441882386224474,81.71773424409407,188.18880946622323,344.85142458384905,-0.0177316118144802,60.000705372729215,35782594.86817077,-11083915.438267237,-40677683.8666935,12856.369606600294,2966.8212445008458,-808.302696367612,-7.681347258743483
2023-02-05 06:00:00.000000Z,0.0001521787947707,42166920.388582304,0.1445847147825565,81.74312701569386,193.9385476955523,9.164372986795502,-0.025730409878189,60.006651388384086,35782448.36572066,10802446.710428456,-40753163.80771608,-41746.22566009421,2972.380880412112,787.819626403686,-7.137499381008988
2023-02-05 08:00:00.000000Z,0.0001637463720734,42167502.8991878,0.1449932279845152,81.8711548922052,196.9135686681836,36.14892566989511,-0.0270382279097636,60.01212126138318,35783789.99770266,29778333.06967786,-29847473.83900044,-85280.59937057814,2177.034934805285,2171.585761318979,-4.676828773197625
2023-02-05 10:00:00.000000Z,0.0001544770999051,42167008.80340679,0.1451916391270034,82.06252051009024,193.9097963684204,69.04596593025506,-0.0213356644486881,60.014621958057326,35786541.45779832,40731299.02463014,-10900006.611128723,-106041.70710029804,795.2772921565593,2970.097001670283,-0.956639738420252
2023-02-05 12:00:00.000000Z,0.0001404116107299,42165862.207974,0.1451425695098674,82.22311853173768,183.1109258958018,109.764159215337,-0.010132961984966,60.012406919302734,35789726.51116332,40712138.99287412,10983659.013033088,-98419.25704766026,-800.41960571625,2968.4300980009,3.026523543489993
2023-02-05 14:00:00.000000Z,0.0001320068268806,42165107.04014028,0.1450334330693957,82.28590675485961,169.74735939163247,153.14047816643594,0.0036369198065837,60.0058098822841,35791935.48626282,29728103.80947168,29909040.59010461,-64407.780294479024,-2180.2777185124155,2167.359890916729,6.205449230998377
2023-02-05 16:00:00.000000Z,0.0001196406791747,42165508.227343656,0.1451287747595167,82.27644237700216,156.41226258806265,196.5586818828795,0.016399529247416,59.99731579683632,35792206.677634194,10738495.16930183,40780172.09845858,-13071.396282047865,-2972.930709011029,782.7451546855615,7.728519080248776
2023-02-05 18:00:00.000000Z,0.00010831773597,42166763.23041963,0.1455217751307095,82.3030521957115,139.4858880853355,243.5334030400296,0.0248760555320551,59.99013852899044,35790661.42221516,-11143017.404491348,40669877.90893997,41881.13509329544,-2965.0474439716127,-812.7009370938343,7.186439407701874
2023-02-05 20:00:00.000000Z,0.000108370981818,42167624.92182401,0.1460012634472083,82.45317881000226,128.30567018858778,284.6417800337822,0.0269215274693605,59.98629234213684,35788332.34544038,-30023841.174117822,29606971.210353557,85752.92134562814,-2158.593137086066,-2189.459199201808,4.72014697972316
2023-02-05 22:00:00.000000Z,0.0001022357335098,42167158.70591992,0.1462473738245525,82.68704996147774,133.20796360328848,309.5872006030709,0.0220499475576978,59.98574465753412,35786274.26073952,-40817960.98057619,10569779.432653828,106774.676869137,-770.5445584917386,-2976.635116968738,0.983695177410488
2023-02-06 00:00:00.000000Z,8.840476353374585e-05,42165851.171547696,0.1461934031432847,82.87379348362087,151.64270279348963,321.0494521895453,0.0115360991509666,59.98734339535636,35784815.080967635,-40616382.90182545,-11314332.365109963,99253.27798769194,825.2779530485388,-2961.986638579924,-3.0270534854787146
2023-02-06 02:00:00.000000Z,8.833829597091777e-05,42165038.73365119,0.1460828448105016,82.93842149187239,173.6902989702864,329.022341090019,-0.0019081194117166,59.99031901106138,35783708.13252456,-29472157.49039904,-30149774.076037984,65122.975749124525,2198.910626403358,-2149.308058454661,-6.23756889419494
2023-02-06 04:00:00.000000Z,0.0001091364963065,42165447.31380304,0.146172988115608,82.9289561899675,187.499618989498,345.30894021000523,-0.0148123410279537,59.994636073482944,35782858.93849134,-10386954.80482911,-40861480.23482204,13465.0279574083,2980.171181369857,-757.4718330450742,-7.783088954336351
2023-02-06 06:00:00.000000Z,0.0001379317743838,42166600.917024285,0.1464895549971265,82.94919478962727,195.17703874357815,7.698838430622474,-0.023835285701893,60.00005857072459,35782700.21917723,11497260.956599051,-40562882.40898199,-41903.24214866989,2958.4520312988243,838.5006508459546,-7.243611259485036
2023-02-06 08:00:00.000000Z,0.0001543631218505,42167405.102803245,0.1468441307039603,83.05856707366321,199.4226526106201,33.4311482853856,-0.0266387667884759,60.00522263484028,35783835.6494223,30283844.6635712,-29334506.488637988,-86132.23921965022,2139.593915975611,2208.4747056812407,-4.759357735167768
2023-02-06 10:00:00.000000Z,0.0001495379030888,42167140.486089945,0.1470249494082923,83.23001973267876,197.6633760906384,65.10372779772217,-0.0225084488921055,60.007845833679966,35786348.20830615,40911370.89895074,-10202549.817311758,-107335.91041730752,744.4013785755717,2983.2741844039338,-0.9944351546878808
2023-02-06 12:00:00.000000Z,0.0001372193844172,42166044.704937056,0.1469777173875047,83.38232306726724,187.37895340292044,105.31620040102352,-0.0125444604442285,60.00606397016689,35789435.314449474,40518191.00389473,11677773.487930143,-99794.51190471668,-851.0423242379113,2954.3437730883184,3.0419803102004237
2023-02-06 14:00:00.000000Z,0.0001316798213035,42165099.405758604,0.1468508184136446,83.45233866140029,173.33700403077628,149.36407918521627,0.0006339138837138,59.99987165840153,35791739.53472781,29212242.2827322,30412811.414838854,-65495.147668342535,-2217.010055586521,2129.7914442056926,6.267670262512149
2023-02-06 16:00:00.000000Z,0.0001243035081836,42165209.49212145,0.1468745935800121,83.45338858747165,160.0058678142949,192.76790606411564,0.0135865735102547,59.991475321910194,35792184.145318136,10039599.27258823,40957810.57313544,-13597.761596911,-2985.866510863602,731.8127425330354,7.818094505643154
2023-02-06 18:00:00.000000Z,0.0001146678289525,42166361.76652369,0.147154111694794,83.47266570515646,143.66270217301746,239.16658138136611,0.0229598146004612,59.98412775105187,35790702.5744617,-11836712.76526353,40473466.567444704,42020.16702319865,-2950.7012886437674,-863.2735950541417,7.27720606798864
2023-02-06 20:00:00.000000Z,0.0001153063091664,42167468.03963018,0.1475403273021707,83.5925354174187,130.0494250134097,282.7381727224875,0.0263555873942098,59.98017946389582,35788258.420148544,-30525521.75265483,29089344.20622225,86473.85661168853,-2120.832143819052,-2226.055765511058,4.787467134160942
2023-02-06 22:00:00.000000Z,0.000111138553012,42167350.097402304,0.1477558846625349,83.79594342745645,130.35567518128792,312.3103275536266,0.0229340230846205,59.979860012520696,35786058.17312899,-40992510.41926208,9870248.903035857,107844.46379785908,-719.5303835057684,-2989.3998243038054,1.0115538489304403
2023-02-07 00:00:00.000000Z,9.244922920910404e-05,42166102.09187558,0.1477025883871705,83.97407853318887,144.05684992325044,328.51514991940587,0.0136069751409951,59.98185734425778,35784640.67429029,-40416731.15965585,-12007397.316143077,100365.18611538407,875.808614953592,-2947.4636869100677,-3.042928233620147
2023-02-07 02:00:00.000000Z,8.079616151293637e-05,42165030.13402286,0.1475698037308614,84.04836619162991,166.3589161795936,336.2240496023626,0.0007970318018548,59.98497388633597,35783775.452993035,-28952082.67358083,-30649623.44010909,65981.32429591163,2235.328239495408,-2111.39952582198,-6.290113486313222
2023-02-07 04:00:00.000000Z,9.3315024257121e-05,42165153.84846713,0.1475980212383373,84.04838607203172,185.012503910752,347.65655196344784,-0.0121744937952277,59.98894689302975,35783173.14447444,-9686689.635815686,-41033448.85398463,13858.721881736616,2992.651328031287,-706.409244673838,-7.856434884434292
2023-02-07 06:00:00.000000Z,0.0001204762352022,42166240.8529182,0.1478338445735307,84.06376257965782,195.73542354408693,7.005174905227948,-0.0219364649362088,59.99373134822586,35783061.738701776,12188945.14320288,-40360804.33785333,-42051.37578958072,2943.647763650376,888.9407620382772,-7.31723932476228
2023-02-07 08:00:00.000000Z,0.0001404078775204,42167215.03480997,0.148122691388224,84.15208374593324,201.7636840823499,30.97538539090148,-0.0259474122614488,59.9983912695728,35784001.55688998,30780642.99814017,-28813025.14981789,-86750.55366334785,2101.514320616757,2244.714387786581,-4.813364308730643
2023-02-07 10:00:00.000000Z,0.0001400307777863,42167202.63088907,0.1482757015738514,84.2957496713372,201.5968669215013,61.08324972275597,-0.0231695171934993,60.00097219157061,35786209.849298455,41079539.21344087,-9502204.465980165,-108227.68556839018,693.2977164407588,2995.575483995772,-1.0147789191504275
2023-02-07 12:00:00.000000Z,0.0001294194560355,42166238.4930064,0.1482342610653615,84.4277314313121,192.23359403969476,100.39531549625308,-0.0143469982746456,59.99961239199515,35789085.488955475,40312378.460716605,12368373.19897426,-100695.43754912214,-901.428602216004,2939.3956560939664,3.05956935154049
2023-02-07 14:00:00.000000Z,0.0001256473401124,42165184.49046834,0.1481126483101361,84.49338433524848,177.55491357328435,145.08486924775133,-0.001808016091024,59.99400172312441,35791391.58987597,28687706.1758983,30907608.77224771,-66150.11396781557,-2253.1137912391578,2091.6017478384606,6.316404553578386
2023-02-07 16:00:00.000000Z,0.0001231187381475,42165008.261932254,0.1480980820360875,84.4994924448126,163.869098897349,188.83868676012577,0.0111554345520257,59.98597563130761,35792000.90280676,9337489.201275142,41123370.90595109,-13835.504996099064,-2997.947495240896,680.6581754509557,7.882070965396978
2023-02-07 18:00:00.000000Z,0.0001166934326947,42165951.694569856,0.1482841373263782,84.51275541788554,148.16741576545232,234.60192130300305,0.0211585100897403,59.9786551751736,35790664.52843786,-12527303.611130632,40265030.76273087,42237.5470757286,-2935.493761171068,-913.608249252196,7.336296922679646
2023-02-07 20:00:00.000000Z,0.0001184769235021,42167183.30422988,0.1485691292391875,84.60097634287358,133.0544963054049,279.70471413694816,0.0256097932933459,59.97461702007819,35788203.58259524,-31018568.03096939,28562932.945100296,87043.95391234773,-2082.432528514569,-2262.009819579453,4.823958238878581
2023-02-07 22:00:00.000000Z,0.0001181769264142,42167434.93384566,0.1487373774597893,84.75984285592166,129.54194015909093,313.1403390572168,0.0233777444969146,59.974420105424976,35785890.160921,-41155191.34212259,9167531.047043966,108564.3690908552,-668.2782290522166,-3001.288696466902,1.015997293101892
2023-02-08 00:00:00.000000Z,9.923015486319376e-05,42166384.20549117,0.1486911929212536,84.90828619243896,138.3178658931846,334.3004399410027,0.0150686332854532,59.97675577149132,35784476.84936247,-40205180.2974272,-12697215.53003376,101002.58067253072,926.1096570931496,-2932.0710036921573,-3.06923260052809
2023-02-08 02:00:00.000000Z,7.776113298533018e-05,42165139.98878606,0.1485650345289345,84.97704731082933,157.13587532697866,345.49910226265035,0.0028598352908306,59.9800520275503,35783828.61446536,-28423293.391936675,-31140702.227630496,66347.54567564809,2271.1112558791438,-2072.861345408206,-6.336866527351035
2023-02-08 04:00:00.000000Z,7.881192571636293e-05,42164946.726221,0.1485591373518047,84.98170243918057,179.52295635802977,353.19317287897314,-0.010059873064028,59.98372179933775,35783510.04578251,-8983253.006202752,-41193512.29119539,13859.9921625935,3004.2615704817017,-655.1259897154598,-7.908333319678471
2023-02-08 06:00:00.000000Z,0.0001009936597143,42165871.810090885,0.1487249917442562,84.99295019383258,194.8828617342654,7.908232928907744,-0.0203113178168933,59.98779997094966,35783516.81838354,12877385.59928804,-40146932.57684082,-42394.25740455087,2927.973195645378,939.1290477377428,-7.358511671774677
2023-02-08 08:00:00.000000Z,0.0001223820099905,42166942.37194444,0.148943622428965,85.05976758050859,203.60572777955988,29.204650699781297,-0.0252077841921761,59.99176863674867,35784300.73740065,31268664.466646083,-28283107.22436795,-87314.48498324539,2062.804802843245,2280.295155068595,-4.831990127448771
2023-02-08 10:00:00.000000Z,0.0001260134363458,42167178.412411846,0.1490612199202104,85.17014651683795,205.51484974402047,57.26961396637289,-0.0234673258829151,59.9941008086424,35786167.933455735,41235814.91197063,-8799109.933535647,-108826.2054091861,641.9783697745498,3006.9937415470536,-1.005573069540027
2023-02-08 12:00:00.000000Z,0.0001171869138817,42166412.93585959,0.1490286886224164,85.27164079034269,197.5226150705768,95.24146192713155,-0.0155570583876958,59.99307444559976,35788726.77162094,40094808.704688266,13055285.786635106,-101134.39363224302,-951.5642682114384,2923.5843621842096,3.093482942176886
2023-02-08 14:00:00.000000Z,0.0001141350388092,42165342.03218277,0.1489342941659458,85.32202069946625,182.2538021801849,140.53710999169,-0.003570793389485,59.9881531095889,35790920.2687117,28154698.003061507,31393279.17578516,-66286.29208906932,-2288.5777815858364,2052.797451003857,6.364294543858865
2023-02-08 16:00:00.000000Z,0.0001157987432275,42164919.01961397,0.14891796200395,85.32733388677033,167.748900540989,185.11143778048964,0.0093273907955807,59.980755423705496,35791645.24350794,8632417.663545705,41276769.66681955,-13622.468090413033,-3009.171536771202,629.2933311037694,7.928428315921373
2023-02-08 18:00:00.000000Z,0.0001138531823572,42165580.70875325,0.1490435236278844,85.33642805067197,152.5340745813539,230.39226321318128,0.0197413473776849,59.97371391119098,35790503.958431035,-13214559.223719385,40044573.64835943,42730.68529130432,-2919.432575700289,-963.6936640813916,7.365374970800423
2023-02-08 20:00:00.000000Z,0.0001176248050259,42166798.585577145,0.1492359596332851,85.39604328368671,136.7581423315168,276.1866773521148,0.0249377972808224,59.96967837645379,35788126.497711286,-31502825.81133642,28027808.699814197,87649.32922212624,-2043.4067900806924,-2297.31379175797,4.824915297923411
2023-02-08 22:00:00.000000Z,0.0001221224749207,42167377.63386713,0.1493484323113523,85.50290719824984,130.3074789784936,312.61246906640827,0.0235619181062938,59.96953866363685,35785753.84202263,-41305940.85364615,8461740.08013692,109067.15887002344,-616.8003428710833,-3012.2973473390334,0.9871603223465544
2023-02-09 00:00:00.000000Z,0.0001071374704108,42166642.68235716,0.1493158668382304,85.60308771726356,134.8946153568335,338.0098944466092,0.015987299476692,59.97214715146795,35784316.65275742,-39981746.31894461,-13383654.764680495,101214.1704687198,976.171845880654,-2915.808202394509,-3.1190365485918274
2023-02-09 02:00:00.000000Z,8.036667054766368e-05,42165354.40214923,0.1492296906883753,85.64938775468516,148.13354554431206,354.81032240932035,0.0042138237015569,59.9756691232917,35783842.602107555,-27885853.97543853,-31622891.91655869,66172.90209239723,2306.2558819629617,-2033.697471592821,-6.391281430172245
2023-02-09 04:00:00.000000Z,0.0045783941781286,41970122.46421094,0.1492286765805303,85.65213219465026,322.5520310390924,210.41745651762707,-0.0086316492442349,59.92189620983668,35757466.39525351,-8312807.668050617,-41307458.42686272,13432.360699665718,3010.692083280011,-598.5942708758994,-7.93708948772156
2023-02-09 06:00:00.000000Z,0.0045855078523843,41970797.68309624,0.1493480450451598,85.66033350935214,322.1738030382209,240.88765171346375,-0.0192110209818431,59.93992949668653,35685620.65421371,13501281.801837496,-39838087.96663376,-42949.51492764745,2908.221834022884,998.6515023765436,-7.361923775037018
2023-02-09 08:00:00.000000Z,0.0045919691488201,41971864.70310973,0.1495005096581542,85.70717789611024,321.7777126770441,271.4619571429334,-0.0247018735575759,60.08285628001771,35587926.11248841,31646520.967700347,-27561575.927008968,-87726.21765889993,2013.5153016139304,2333.4968537594677,-4.783323622806448
2023-02-09 10:00:00.000000Z,0.0045977314314445,41972306.54978942,0.1495779680686421,85.78119106753705,321.5876286598216,301.94699781268,-0.0235614577552773,60.36969429460168,35491421.25901449,41143566.86564964,-7762410.567900205,-108610.54354241,560.9094632863416,3037.8838996884456,-0.8769273318296971
2023-02-09 12:00:00.000000Z,0.0045912064281483,41971778.81426154,0.1495561555792949,85.84336445656159,321.67076828362553,332.2934905210121,-0.0160127141208259,60.77936645821102,35422845.188240826,39327726.182982095,14164819.93841892,-99705.32041125633,-1054.7147526745418,2908.958801003348,3.2962057631164035
2023-02-09 14:00:00.000000Z,0.0045714169367516,41970797.74045295,0.1495098399499197,85.86778604042384,321.8896437827092,2.609269838801917,-0.0040708581066873,61.25630668970219,35400991.83873651,26649641.74946946,32175894.595124,-63309.897751756645,-2383.8211469357616,1975.2423925066971,6.575688161914208
2023-02-09 16:00:00.000000Z,0.0045511240868939,41970242.42339045,0.1495323315151032,85.8664416495824,322.1414367280464,32.91106195431059,0.0089835658454822,61.72641038438377,35431492.513652526,6598870.484458653,41285589.97758495,-9410.479253977746,-3053.5740588989684,495.7863183687767,8.041869584770051
2023-02-09 18:00:00.000000Z,0.0045381080472819,41970643.46415229,0.1496405832567191,85.87523567350738,322.446704579632,63.071051858673535,0.0195573502849801,62.118327019723054,35505560.96694314,-15277557.901418818,38997925.06173713,47123.51742932045,-2879.875637449485,-1114.81737042714,7.2925392081830465
2023-02-09 20:00:00.000000Z,0.0045280019651518,41971713.02882336,0.1497612133171445,85.91544607036747,322.7682288214067,93.05630910779574,0.0247915302403863,62.38318635776834,35602850.592384115,-32963718.081376284,25995929.82856638,90782.68806010176,-1918.7798707445468,-2410.591165456085,4.553827126646862
2023-02-09 22:00:00.000000Z,0.0045209732434338,41972434.81103615,0.1498132837804194,85.97127000571645,322.9164186639028,123.05819517610932,0.023338162666353,62.50695441027835,35697203.96471351,-41660174.13858272,5895096.59987825,109744.34016298986,-442.2689255547443,-3042.147926403882,0.594709387244458
2023-02-10 00:00:00.000000Z,0.0045299272381003,41971988.45589102,0.1497973586161443,86.00913829875387,322.80026000909965,153.22465973398346,0.015654861639385,62.51299500375424,35763420.226411425,-39063451.56069049,-15809737.36011842,99005.56741516777,1145.6221629320564,-2847.443007578,-3.506044018674727
2023-02-10 02:00:00.000000Z,0.0045556700964427,41970808.065645166,0.1497878841831533,86.01548750902029,322.5823611238157,183.46095834334545,0.003811351748651,62.455607826996,35783524.30543935,-25923116.51972597,-33250472.530108437,61566.67800332324,2419.8717059355445,-1885.545896045589,-6.653500494599717
2023-02-10 04:00:00.000000Z,0.0045788427360231,41970151.76293573,0.1498453995677557,86.00918646733984,322.35239956267554,213.73017571532705,-0.009069053825474,62.40642570476537,35751566.78272268,-5796488.247304044,-41729037.948545925,7527.457270520948,3041.9257581550933,-414.6377696158153,-8.011733382243909
2023-02-10 06:00:00.000000Z,0.0045913581284437,41970604.04953869,0.1499572716700455,86.01824051814157,322.028311194048,244.15688922198865,-0.0195811510434396,62.43596978077338,35675749.42258125,15891948.4533837,-38935497.66528435,-48568.97660860766,2842.7221624996555,1174.0514459470326,-7.208796133426526
2023-02-10 08:00:00.000000Z,0.0046019804685415,41971580.45999231,0.1500567435862879,86.05152827732658,321.673496958906,274.7189348341777,-0.0248813004802432,62.59435641794016,35576670.694929965,33259870.70112207,-25573003.6328648,-91512.39917672893,1867.934642336074,2452.612221785056,-4.438182015407742
2023-02-10 10:00:00.000000Z,0.004611028548146,41972115.6776256,0.150093078327351,86.0908220007492,321.5057727755285,305.23176984758254,-0.0234500764038455,62.89662931275031,35481737.5685476,41532246.07754785,-5225863.439302364,-109479.05380445636,374.2348340644698,3067.192259904188,-0.4302941944267678
2023-02-10 12:00:00.000000Z,0.0046076739800647,41971784.88717487,0.15008568124643,86.11002449974742,321.5920082470254,335.62944209125703,-0.0155785771548715,63.31760602366798,35417336.55977207,38377686.74749254,16553105.191833196,-97356.93735361753,-1231.0176033969642,2839.29078454138,3.721781819286947
2023-02-10 14:00:00.000000Z,0.0045898552219073,41970946.43998463,0.1501060191420448,86.10354132301498,321.79525208847593,5.995757230446601,-0.0033754978346259,63.79854564531145,35401213.08355961,24619375.15575839,33754956.03177941,-58340.6471700262,-2500.345694823864,1825.482388910047,6.860377197697897
2023-02-10 16:00:00.000000Z,0.0045683244184996,41970341.29328459,0.1501988206655955,86.09378877720795,322.0008241931152,36.347600381649215,0.0097918048697906,64.26407141869514,35437468.13367018,4049821.6548432223,41619031.31051246,-3159.3476234245945,-3077.763795566814,307.8720155166702,8.104502821197975
2023-02-10 18:00:00.000000Z,0.0045511581694645,41970509.15317369,0.1503251625841724,86.10557267640314,322.2283878948707,66.5702935140177,0.020278876110706,64.64397716793808,35515689.73007778,-17641553.443840355,37998230.3042964,52949.93585435791,-2805.679709773333,-1288.422748785346,7.1146030186017
2023-02-10 20:00:00.000000Z,0.004536229558657,41971369.50952677,0.1504036894184119,86.13314447949088,322.4948392211703,96.60717867042746,0.0252243175515265,64.89275315258436,35614286.62537756,-34496622.78238303,23944471.41460343,94587.902090095,-1767.7259082588869,-2522.412544720859,4.183259040127028
2023-02-10 22:00:00.000000Z,0.0045240199286683,41972160.45634348,0.1504155077946335,86.14295100999342,322.68493701402264,126.59765251835832,0.0233251461326081,65.00099974245201,35706674.92442007,-41950607.3080419,3356446.9839365543,110474.190607138,-256.2752906055451,-3062.7215230506404,0.1304057075489512
2023-02-11 00:00:00.000000Z,0.0045269093005979,41972020.8972409,0.1504373309581577,86.11680115094832,322.68890064314434,156.69750023969004,0.0151261092205127,64.99652770709203,35768253.514073454,-38039571.48881172,-18146623.29481534,96421.90172935431,1316.368005711107,-2772.2539196102134,-3.941312338503753
2023-02-11 02:00:00.000000Z,0.0045493237626623,41971038.17625857,0.150539330539368,86.0783006408581,322.58240984724114,186.8645617822521,0.0028201256761088,64.93646173246499,35782459.79188191,-23864623.08912994,-34756186.72785392,56309.81800711834,2529.9917058637307,-1735.1454998111208,-6.943568526635463
2023-02-11 04:00:00.000000Z,0.0045746199853719,41970278.50225552,0.1506975991135634,86.06151064828995,322.4318705910288,217.07048984117236,-0.0103306983745875,64.89292360151121,35745015.39309139,-3258128.6603134214,-41996958.98728973,962.2565519779018,3061.985424613612,-229.0255785233078,-8.075913576053258
2023-02-11 06:00:00.000000Z,0.0045918760615206,41970478.406226784,0.1508355430324197,86.07445848191637,322.1778748836253,247.4354989896765,-0.0208090039568755,64.93474992959518,35665537.80702361,18224503.915330324,-37888455.454225846,-54693.46811129097,2766.636915204422,1345.274947753045,-7.023858761279944
2023-02-11 08:00:00.000000Z,0.004606674962326,41971293.21984255,0.1509024721126804,86.09815702635565,321.885674544964,277.9601884663296,-0.025733376038155,65.10880542806457,35565507.3610695,34749799.06673549,-23488542.796808258,-95519.79377442088,1715.2350061939278,2562.703840415356,-4.047743446376812
2023-02-11 10:00:00.000000Z,0.0046193802816896,41971876.55375192,0.1509111528901741,86.10526853472,321.7580602643109,308.4800929775018,-0.0236493829582779,65.42607569811568,35472549.34153266,41765343.45718575,-2669060.2014081795,-110229.29642349444,185.9840137037048,3085.0052307401925,0.0631873709131393
2023-02-11 12:00:00.000000Z,0.0046202736920687,41971752.83317367,0.150931704515528,86.0825880967398,321.8593474185463,338.91496669907394,-0.0150089431360978,65.85742253584496,35412562.875606954,37282930.30904987,18879532.75561538,-94585.78599274022,-1402.781274020742,2758.8673531188188,4.183168417693964
2023-02-11 14:00:00.000000Z,0.0046061666634723,41971112.77268883,0.1510362289330983,86.04604633375766,322.0553749847992,9.321441641104103,-0.0021328388970652,66.3412468529083,35402179.41167429,22495897.53723003,35206911.960493006,-52760.37995593882,-2607.451463652312,1668.8030186266767,7.160444290484844
2023-02-11 16:00:00.000000Z,0.0045852865055971,41970520.13089088,0.1512227130850031,86.02972660377245,322.21828334310413,39.7169915392415,0.0114153877282447,66.80124835108657,35443992.024350025,1485106.9252819638,41795752.41078361,3727.670108210768,-3090.3652201773752,118.84287010161154,8.158668860499576
2023-02-11 18:00:00.000000Z,0.0045654452377859,41970465.64270526,0.1513970599923474,86.04928060182851,322.35617764888696,70.00903765821573,0.0218724396436822,67.1686080065143,35526049.89284092,-19939892.85456871,36855909.1394164,59273.476930101766,-2721.0248262207733,-1457.114998851917,6.9076282672243
2023-02-11 20:00:00.000000Z,0.0045467483186867,41971048.35163178,0.1514642086013363,86.07383490475321,322.5311991675646,100.12423414979972,0.0263662545648366,67.40124839065084,35625614.83833829,-35901489.043929964,21803406.256681085,98631.39459129056,-1610.1929875881965,-2624.787434931656,3.771540539630165
2023-02-11 22:00:00.000000Z,0.0045297163878992,41971807.88718147,0.1514583541386742,86.04972979222293,322.71180398685146,130.14296892484393,0.0236869109726962,67.49435152087891,35715736.227857664,-42086032.66895872,804777.1628609053,111134.70007062568,-69.41673530146142,-3071.96417307464,-0.3763687202944396
2023-02-12 00:00:00.000000Z,0.0045252321056533,41971964.09465796,0.1515349625392707,85.96793726831912,322.7968378972496,160.20761088927367,0.0145511787267975,67.48010125043703,35772440.864936225,-36875447.19908194,-20417244.373740453,93489.47948679102,1482.2570783337385,-2686.863345102566,-4.410225395781186
2023-02-12 02:00:00.000000Z,0.0045412559165677,41971280.16305509,0.1517759157028643,85.88699795692494,322.78321141715304,190.3225754977748,0.0013737054261448,67.41836354222596,35780632.57806289,-21717855.2805026,-36134388.91677042,50516.946571942906,2630.855817822015,-1578.307802508628,-7.251049043513
2023-02-12 04:00:00.000000Z,0.0045659849615997,41970503.89197542,0.152074333540494,85.86227451182019,322.70659557143506,220.46923706507533,-0.0123492646725595,67.38154870959056,35737785.49221418,-707025.4014651752,-42109986.98666196,-6192.865755735184,3070.782738228236,-42.42299956223115,-8.137364208370654
2023-02-12 06:00:00.000000Z,0.0045867231511475,41970439.08050888,0.1522758677471423,85.88520417933418,322.53204377121443,250.75792168422365,-0.0229122781941013,67.43647648280876,35654956.37453982,20490266.3041795,-36700492.71436317,-61316.00814766921,2680.223338623809,1511.6926429137573,-6.8166383319502
2023-02-12 08:00:00.000000Z,0.004605127934946,41971020.67583192,0.1523357570295126,85.90729072963269,322.3206367805329,281.2193485367748,-0.0273601804259033,67.62645119160712,35554422.0407876,36110583.80803211,-21315611.236638308,-99809.58305731125,1555.9647787422264,2663.3478698190784,-3.621007311556817
2023-02-12 10:00:00.000000Z,0.0046213686358194,41971590.67884392,0.1523322007707762,85.88964959156556,322.25027076108387,311.72132108823735,-0.0243235576157624,67.95828537846063,35463869.75425957,41841736.89788392,-101322.03570295684,-110977.99419692231,-3.1428777768907707,3091.233381513712,0.5974297620048195
2023-02-12 12:00:00.000000Z,0.0046271770980269,41971669.06124358,0.1523917309335738,85.83116315793875,322.378389686242,342.1745635270854,-0.0144908721833246,68.39902647876693,35408561.2179832,36047337.592704125,21135496.715460856,-91536.41436282702,-1569.351161340633,2667.9739044704197,4.678886245704089
2023-02-12 14:00:00.000000Z,0.0046183201206565,41971279.15646994,0.1525921140365062,85.76928114219201,322.57704686482793,12.60545133933781,-0.000506708995564,68.88455253691052,35403935.15085523,20287036.61125435,36526367.426102415,-46705.52561234554,-2704.7252401294336,1505.7885649026528,7.479556624249076
2023-02-12 16:00:00.000000Z,0.0045999876657333,41970769.54029948,0.1528890671267611,85.75069271090554,322.7045717612706,43.03212146544647,0.0137545315332699,69.3380218764324,35451095.37876613,-1085740.9431298529,41815137.49134879,11156.971045519149,-3091.32918022126,-70.59221222770995,8.212343496339514
2023-02-12 18:00:00.000000Z,0.0045792936807491,41970527.06568826,0.1531356707217626,85.78450194866267,322.7477787072224,73.39149251711669,0.024327209779242,69.69227463212616,35536647.58280856,-22164053.7162553,35575265.6242832,66067.58345944756,-2626.231504452716,-1620.2700930300043,6.681883737771418
2023-02-12 20:00:00.000000Z,0.0045585169030895,41970780.51581273,0.1532196323097902,85.81866165755171,322.79916350857474,103.60454812704565,0.0282989634333709,69.90874335664746,35636821.94681255,-37173144.9069451,19580691.29319037,102961.51319914583,-1446.766833180746,-2717.347282759757,3.3287959327981183
2023-02-12 22:00:00.000000Z,0.004538135730174,41971398.00746285,0.1532154431092082,85.77979348494374,322.9136371497939,133.68944245236125,0.0245807012439216,69.98711206128709,35724375.94167291,-42065957.88901223,-1750506.8920297923,111839.94817629052,117.62279719976718,-3069.848149745648,-0.9177948356647944
2023-02-13 00:00:00.000000Z,0.0045262337433684,41971798.894697815,0.1533525483796731,85.66060864771524,323.0229588929635,163.75815053258438,0.0141313644798444,69.96382316967573,35775986.57378816,-35575327.4687925,-22613227.18588063,90365.3293716221,1642.6844551470228,-2591.577819225441,-4.908900203949279
2023-02-13 02:00:00.000000Z,0.0045334312971878,41971497.285028905,0.1537418522576717,85.54788172578127,323.0626601151196,193.85088608120617,-0.0003235050103403,69.90139588961432,35778052.72569112,-19490671.732411835,-37379888.71284325,44355.64479314668,2722.087424341105,-1415.5915428339997,-7.577018518049974
2023-02-13 04:00:00.000000Z,0.0045545254570481,41970818.76776822,0.154209714831274,85.52160853549424,323.0381132125656,223.95481756420372,-0.0149630053969973,69.8723698115278,35729872.580147184,1847382.121115128,-42067463.19422456,-13797.840936961862,3068.265694655809,144.49644807761263,-8.202576064934672
2023-02-13 06:00:00.000000Z,0.0045767534157255,41970508.454636894,0.1545111745638314,85.56353643909497,322.9408815384029,254.1611278110304,-0.025813337961591,69.94124181970321,35643984.12449886,22680683.57385724,-35375706.11272563,-68359.97999603179,2583.7766765101683,1672.6866602959385,-6.597958511065063
2023-02-13 08:00:00.000000Z,0.0045975345869724,41970785.37661024,0.1545912956970565,85.59630501966511,322.8238370764832,284.5337206464211,-0.0297925318598507,70.14742768062732,35543394.25895167,37336879.883648165,-19062037.81234221,-104391.60242652052,1390.7012374455137,2754.151280267313,-3.17063813788867
2023-02-13 10:00:00.000000Z,0.004616497694235,41971264.1271424,0.1545892429840644,85.56672844864775,322.8254310709325,314.9898216324498,-0.0256094119881753,70.49341519438516,35455696.33991648,41760826.37157812,2467891.3954791715,-111822.9781755242,-192.43596573295804,3085.830469136871,1.1612309045167866
2023-02-13 12:00:00.000000Z,0.0046272853306771,41971520.14240205,0.1546922301968309,85.48353230099953,322.9912925109456,345.43843435497257,-0.0142363244688172,70.94255897114411,35405350.93009588,34675295.39345658,23312570.49655675,-88372.58646890988,-1730.0870906244763,2566.938525628604,5.202292984131644
2023-02-13 14:00:00.000000Z,0.0046248062219351,41971422.0837972,0.1549899877500075,85.40458710985268,323.2036556235372,15.873153562024225,0.0012677986489144,71.42855839408072,35406510.01767851,18000944.497208737,37708369.02139424,-40365.156781811886,-2791.7884499188885,1337.051418486582,7.817546181475696
2023-02-13 16:00:00.000000Z,0.0046108104822864,41971073.95162658,0.1554027710253983,85.38961509325537,323.3082711588636,46.311530549494194,0.0166103411213427,71.87444121695384,35458800.00662776,-3653153.5473789047,41677132.90915929,18962.54478836536,-3080.64979371404,-259.71971401457023,8.271977717965502
2023-02-13 18:00:00.000000Z,0.0045912569832736,41970700.75061897,0.1557365714412598,85.44454953646488,323.2606570761375,76.72691110538138,0.0275310368169478,72.21500796561631,35547484.44546744,-24305777.099445928,34161111.95221352,73232.2069020218,-2521.657937793663,-1777.2829128238088,6.448836106234857
2023-02-13 20:00:00.000000Z,0.0045706141188882,41970603.831357405,0.1558575066888257,85.5018071809586,323.1677652170848,107.04495599829924,0.0310256608134555,72.41528791103855,35647894.31506479,-38306900.84125378,17284590.945290323,107570.26316283215,-1278.0552650638292,-2799.758758173431,2.86859517794707
2023-02-13 22:00:00.000000Z,0.0045493906997536,41970966.47662695,0.1558647919077623,85.47120805496445,323.1628157284847,137.22670940741403,0.0261261257200057,72.47936189899012,35732588.07714649,-41890460.82856058,-4299972.261659786,112677.72329285467,304.15689439360847,-3056.38673108132,-1.4813443053969158
2023-02-14 00:00:00.000000Z,0.0045316646097039,41971515.63174695,0.156049489218502,85.34009009486718,323.23093097585297,167.34025211387703,0.0140785235129105,72.4477675475343,35778913.86203207,-34143983.88785011,-24726457.388875235,87215.4674298734,1797.06007709288,-2486.74088929354,-5.428499452173126
2023-02-14 02:00:00.000000Z,0.0045287972000088,41971646.059375584,0.1565704488267221,85.21217590336137,323.268869020538,197.4501692418862,-0.0020107040524774,72.38557054159794,35774764.496206,-17191296.572640423,-38487984.87812266,38035.76681441431,2803.337921476548,-1247.58141987185,-7.918440865660336
2023-02-14 04:00:00.000000Z,0.0045432450733973,41971200.21578771,0.1572151318453356,85.19324700211709,323.25690823611944,227.54295322871928,-0.0179191685479631,72.36532684514462,35721309.99226694,4395524.89461462,-41869348.32608057,-21645.535506315224,3054.4190047814413,331.04966403527624,-8.275513450656184
2023-02-14 06:00:00.000000Z,0.0045643313159153,41970702.8821258,0.1576446167786043,85.26466066547103,323.2202669782173,257.67394756996697,-0.0293293115616761,72.44895940838943,35632625.48859653,24787351.393007867,-33918809.664684,-75672.01735838529,2477.63096487988,1827.649717485929,-6.378615490692968
2023-02-14 08:00:00.000000Z,0.0045854232949898,41970619.52580039,0.1577689840279933,85.32361993876795,323.2015093830705,287.93858527541545,-0.0329679812815439,72.67166850046706,35532409.855608724,38423748.07330891,-16736116.475136438,-109208.39649089312,1220.0525167648857,2834.752246465001,-2.7119619133988544
2023-02-14 10:00:00.000000Z,0.0046054021608898,41970911.83936092,0.1577760305984727,85.29962930018935,323.28576345556604,318.32021189333204,-0.0275873372232351,73.03142809399066,35448017.33632495,41522575.25115892,5028936.451371363,-112822.1272010288,-381.17395031305057,3068.79535631266,1.7385993771906254
2023-02-14 12:00:00.000000Z,0.0046203615997751,41971293.73475878,0.1579154183907058,85.20695418673236,323.4991349063708,348.7382119494119,-0.014453516993579,73.48798975882116,35402934.11931708,33171745.431348905,25402479.015305888,-85256.54667483496,-1884.362827343553,2456.134764535906,5.741063076884523
2023-02-14 14:00:00.000000Z,0.0046247259839119,41971511.10820243,0.1582971195565329,85.12132950608478,323.7379649296683,19.15237053898817,0.0029048355188997,73.97321494113574,35409915.084448576,15646144.538798334,38748397.44268952,-33966.195089843946,-2868.2981296334974,1163.2347078196308,8.16918158462472
2023-02-14 16:00:00.000000Z,0.0046165383025777,41971405.78861147,0.1588165074285242,85.11561518727524,323.8385959748454,49.57681058972922,0.019691455162398,74.41043341784147,35467110.82198392,-6207490.853759853,41382255.837368615,26910.65748792643,-3058.366293145694,-447.8197921236084,8.340941890808715
2023-02-14 18:00:00.000000Z,0.0046000957212678,41970985.49963316,0.1592387889098258,85.19662918866653,323.7169551926118,80.02587356613053,0.0312609360299217,74.7367357976723,35558547.20874419,-26357046.71643733,32618784.098478723,80586.6974907287,-2407.702179748452,-1927.5670821826263,6.219508922446023
2023-02-14 20:00:00.000000Z,0.0045820328732295,41970550.77936245,0.1594052273271616,85.28813819181383,323.47551192307265,110.44204864569146,0.0344472920907236,74.92084674407913,35658805.17119884,-39298541.63466055,14923689.340944622,112375.710971444,-1104.6891378619764,-2871.724772656806,2.406724934133635
2023-02-14 22:00:00.000000Z,0.0045632316680983,41970562.931452245,0.1594210317407218,85.28738878767255,323.31426167802306,140.73644669642337,0.028371912002291,74.9711147459911,35740358.73047324,-41560185.66885414,-6834158.692610933,113685.05596774688,489.4969905187176,-3031.6361839554515,-2.0504135709216884
2023-02-15 00:00:00.000000Z,0.0045429147298186,41971125.924533896,0.1596205318832199,85.17105780643807,323.2820280128422,170.9279820361405,0.0145787829442007,74.93195052607136,35781253.4198452,-32586699.99309626,-26749095.2439103,84188.17412984313,1944.8105700916817,-2372.7354362328188,-5.955294673237857
2023-02-15 02:00:00.000000Z,0.0045306819872267,41971678.46011254,0.160223631586786,85.04688256120166,323.2585118377123,201.0966791267531,-0.0034032403441005,74.87081708443093,35770844.08150469,-14828294.862909935,-39454496.16138285,31785.416769489228,2874.288694056409,-1074.8898399548675,-8.267280072153335
2023-02-15 04:00:00.000000Z,0.0045361735907568,41971605.65408263,0.1610206728997584,85.04333141451303,323.2061196960472,231.2241573361508,-0.0208952875364778,74.86021326416297,35712179.09166438,6927742.167180987,-41516264.619974144,-29477.56421706099,3029.265772268911,516.5428793817314,-8.35602774043511
2023-02-15 06:00:00.000000Z,0.0045531144718398,41971033.685105,0.1615883134104862,85.1526520414453,323.1948104308627,261.30738928497794,-0.0331748744279859,74.95932264835268,35620927.30295458,26802062.6443686,-32335181.25354006,-83024.28065980645,2362.160883938616,1975.9852361662809,-6.1671628574232376
2023-02-15 08:00:00.000000Z,0.0045716792971621,41970564.04341584,0.1617728120599878,85.25356523224512,323.2649510639462,291.45798184662124,-0.0367118845294746,75.19883970297481,35521476.68136176,39366715.75485436,-14346647.44269117,-114121.62479950392,1044.658981942266,2904.821708793636,-2.260795226917009
2023-02-15 10:00:00.000000Z,0.0045899373754601,41970563.68609896,0.1617870976260376,85.25474350563039,323.43596246055705,321.7410902145074,-0.0302436861179605,75.57200789528409,35440822.19635516,41127579.141780734,7571961.002553266,-113966.14317692583,-568.6235888236124,3040.174990853368,2.310301686917939
2023-02-15 12:00:00.000000Z,0.004607106871266,41970985.88430754,0.1619415334495864,85.16974610299988,323.7042672307184,352.10293294558073,-0.0152994903272151,76.03502274646834,35401301.103776604,31542252.414270014,27397098.114086937,-82314.65121994268,-2031.566953151768,2335.985154686003,6.277624694239051
2023-02-15 14:00:00.000000Z,0.0046178187180831,41971513.36456284,0.1623766357303084,85.08788605216502,323.9838689458863,22.47053812713736,0.0041128337719989,76.51822957449261,35414144.64729154,13231587.81353542,39642390.43825869,-27740.77708432008,-2933.949218547305,985.0152417280832,8.523349422208147
2023-02-15 16:00:00.000000Z,0.0046162595804212,41971724.07164855,0.1629754375469377,85.09496905187277,324.10612079373584,52.85081756020026,0.0226445396566466,76.94570470374848,35476014.83541937,-8739004.082235776,40931633.58115807,34721.9233645521,-3024.566061908589,-634.1647209382138,8.41752934805809
2023-02-15 18:00:00.000000Z,0.004604550658488,41971361.88066178,0.1634715900358025,85.20273232029157,323.94187627420666,83.30091383959886,0.0351905951885959,77.25718623786999,35569802.95837539,-28310073.691646334,30954186.65722288,87875.13790347456,-2284.804979516506,-2070.554969824321,6.0019477179212455
2023-02-15 20:00:00.000000Z,0.0045913405007411,41970646.80950471,0.1636787511494968,85.33333784888438,323.57119169553266,113.79114607183982,0.038344456814546,77.42521059928131,35669504.21648142,-40144328.830159314,12506928.319138233,117208.6287310073,-927.3243730168922,-2932.9863586967454,1.9586573815434185
2023-02-15 22:00:00.000000Z,0.0045784175821321,41970247.22835874,0.1636896658571555,85.37676905917824,323.243897531771,144.1941743898189,0.0312560199079638,77.4622461613632,35747648.40808282,-41076350.12920617,-9343557.80217604,114818.87203519786,672.9528413694923,-2995.6986450669256,-2.6061663623487905
2023-02-16 00:00:00.000000Z,0.0045599968312014,41970666.90684907,0.1638581765334069,85.2964716758783,323.0747521540292,174.47979560484427,0.0157390748429156,77.41628912254914,35783020.31967858,-30909263.953960214,-28673576.10048567,81374.64626021359,2085.3824255965765,-2249.98644690701,-6.4714858675606175
2023-02-16 02:00:00.000000Z,0.0045413150150845,41971557.37358327,0.1644675144414246,85.19204211734514,322.9423628365402,204.7394436912548,-0.004249502937518,77.35697790480593,35766380.44290479,-12410534.956739588,-40275778.16091647,25809.021777220925,2934.655828830417,-898.1585949883043,-8.610402283722662
2023-02-16 04:00:00.000000Z,0.0045370273747525,41971977.12712196,0.1475799001613418,84.05915783087053,323.9408052809586,234.9557345883446,-0.0209348286909535,77.35669259057804,35702605.00762177,9434355.715408357,-41009517.76943448,-35103.076419559016,2992.873947791842,700.271617425906,-7.480836068572579
2023-02-16 06:00:00.000000Z,0.0045471608705991,41971495.49796847,0.1482592271688466,84.2315583864376,323.8791527130713,265.0422427183159,-0.0257388150318261,77.47181579746545,35608990.408604994,28716919.457283773,-30630878.165394586,-81898.50816639546,2237.7854399892044,2117.108827667388,-5.210599240043007
2023-02-16 08:00:00.000000Z,0.0045599614975609,41970670.12930821,0.1484971514816618,84.4054908482672,323.98968312265697,295.0964184684683,-0.0238820017632588,77.72832216591455,35510644.38546956,40161906.57070828,-11902936.707071172,-106602.07500108473,865.1942614177166,2964.06604662421,-1.4827870474736575
2023-02-16 10:00:00.000000Z,0.0045728562628129,41970276.601668224,0.148504534759512,84.45446777200647,324.235173760032,325.27027167607,-0.0156033680363412,78.11450900280788,35434123.32135964,40577192.93353039,10086926.756850058,-102153.2469901584,-754.0413539884277,3000.067610142438,2.696686803862677
2023-02-16 12:00:00.000000Z,0.004589014269746,41970619.80321214,0.1486434741403326,84.38675839778557,324.56706940730004,355.5567319346647,-0.0029494685215546,78.58301909381191,35400452.61386653,29793110.67123925,29288500.77710608,-69490.14247465211,-2171.1068272176717,2206.964465877289,6.165580789982861
2023-02-16 14:00:00.000000Z,0.0046042758022928,41971408.57633811,0.1490891174797045,84.31234223972544,324.90496524193986,25.855337757702674,0.0107190606961251,79.0629674151472,35419199.621914744,10766726.430386744,40386812.76895882,-17463.147834752846,-2988.479788630527,803.1067410680229,7.945152520474888
2023-02-16 16:00:00.000000Z,0.004609166093627,41971985.06251148,0.1497217661102534,84.33940657547585,325.07148931255574,56.16053396365547,0.0216920959169448,79.47961673663897,35485505.13036884,-11237804.185863797,40327096.594397575,39617.04119457059,-2979.390894712252,-818.0158094867813,7.5367691620115105
2023-02-16 18:00:00.000000Z,0.0046030537278831,41971796.40746219,0.1502539599522578,84.4880812488752,324.8900467728808,86.57155161593387,0.0270014577931156,79.77573383919754,35581219.878953926,-30157312.531268008,29173904.819214314,86068.5121416542,-2153.4566635235096,-2205.6957462843498,5.065585504698613
2023-02-16 20:00:00.000000Z,0.0045961998698638,41970905.9201407,0.15047648855029,84.67474167415243,324.4138168022495,117.09533325006556,0.0252416437779163,79.92781392030336,35679928.4145989,-40841064.12128357,10043725.039288033,109246.7248191075,-746.6478299312791,-2983.3233654567966,1.2252930036487844
2023-02-16 22:00:00.000000Z,0.004591950943275,41970089.47762039,0.1504614465309096,84.77575119377177,323.93375356330614,147.5810076332676,0.0168772449175216,79.95230065859326,35754385.651865184,-40440841.19218243,-11818512.316760298,102932.70259783728,853.8301305617964,-2948.7262266468238,-2.9379677954469754
2023-02-17 00:00:00.000000Z,0.0045802400891106,41970214.49850712,0.1505574203989009,84.73888504962946,323.6282044786777,177.95369127742117,0.0040326330404075,79.9004325107049,35784187.44116636,-29118060.765399422,-30492546.62896053,68844.87227036881,2218.245720372529,-2118.9669674976635,-6.31495469087284
2023-02-17 02:00:00.000000Z,0.0045599452397381,41971283.59902041,0.1510925936415597,84.6584983623448,323.3728466393358,208.3148400231829,-0.0100776086499633,79.84369930530336,35761437.66584552,-9947232.927146295,-40948700.24758597,16065.155350391036,2984.199206649918,-718.0637448698487,-8.011644150880329
2023-02-17 04:00:00.000000Z,0.0045478069329916,41972218.32671469,0.151975732876181,84.70100669725599,323.0783595262091,238.659498813464,-0.0218921624739968,79.85424359268205,35692728.45767192,11905668.677017093,-40351097.44905627,-41329.23187450487,2945.35200082694,881.5197977249481,-7.563166912962882
2023-02-17 06:00:00.000000Z,0.0045498709371947,41972023.43713349,0.1527215196105124,84.90775538207814,322.9262190210111,268.81845196635976,-0.0283004825373673,79.9856719791061,35596955.683666974,30524299.23264361,-28812633.386654437,-87858.11230620969,2104.963425112798,2250.450445603526,-5.056203703699017
2023-02-17 08:00:00.000000Z,0.0045542401017948,41970954.67287596,0.1530028491420917,85.1388077096519,323.0437827975299,298.82548033524324,-0.0274242359416403,80.25918477456065,35499991.30608173,40805973.89808001,-9414768.619031942,-110707.22973014452,682.3609399186281,3012.231521749498,-1.1339728183198945
2023-02-17 10:00:00.000000Z,0.0045578751414935,41970102.85551183,0.152986686262651,85.24437325330041,323.3416133796763,328.90299351203225,-0.0192349075403033,80.65796070039896,35427929.83843423,39873434.26313941,12563669.426550036,-103319.41797464978,-936.6774613751757,2948.6271457665084,3.145175302211141
2023-02-17 12:00:00.000000Z,0.0045687573443743,41970222.4749069,0.1530680606108294,85.21463821336184,323.720264659659,359.109297854968,-0.0057343297276639,81.1310447113606,35400356.671902254,27931219.20615173,31069035.704917967,-67435.1522564113,-2302.4120665810296,2069.600002755361,6.590813335619284
2023-02-17 14:00:00.000000Z,0.0045853922579075,41971172.080721125,0.153465370302009,85.15964944858564,324.1159296990223,29.32626149860652,0.0095054066005041,81.60654662912022,35425033.945795424,8261370.0735061085,40978710.3514009,-12787.450273861468,-3031.672059846131,618.252630529368,8.23105160069264
2023-02-17 16:00:00.000000Z,0.0045952444803945,41972119.98445965,0.1540763385633491,85.19659535558459,324.3604051578136,59.53176371934773,0.0223602861128462,82.01133413496744,35495528.22713373,-13693991.96529312,39571155.44667461,45606.486870302506,-2923.031854412713,-998.6370779318154,7.607978002839243
2023-02-17 18:00:00.000000Z,0.0045944544524055,41972210.80513406,0.1546078216869745,85.35631598213422,324.23229611658786,89.86255547891452,0.0293667594398506,82.29160475859531,35592725.239514604,-31891527.53508516,27285075.276021,91735.0466476878,-2014.184674359178,-2332.470046859075,4.90772507499084
2023-02-17 20:00:00.000000Z,0.0045942205799069,41971282.54706749,0.1548306316357821,85.56566681600809,323.7341599538018,120.36986182274708,0.0286840503607654,82.42799445206222,35689973.20729936,-41386046.75522392,7543755.232205048,113079.3294678942,-563.3602821609201,-3022.562902471278,0.8863039502904819
2023-02-17 22:00:00.000000Z,0.004599958348991,41970110.55555201,0.1547827411623583,85.70689327477518,323.16324956622685,150.8944732368821,0.020517070756568,82.4407886622965,35760444.66123553,-39656048.637185015,-14249458.430970006,103947.58012194218,1031.446890336779,-2890.918713561988,-3.3632374753806342
2023-02-18 00:00:00.000000Z,0.0045986707558644,41969839.558343306,0.1547807104146857,85.71847301194063,322.7476088879893,181.32396076362,0.0069650896888969,82.3840785900668,35784656.03057506,-27219805.10438933,-32199050.5990076,66833.48066261537,2342.90507635776,-1980.1845237014456,-6.710920789332962
2023-02-18 02:00:00.000000Z,0.0045823967452712,41970879.3783303,0.1551708610615549,85.67104277228889,322.37905897095135,211.76877342626773,-0.0085561313470483,82.33077294556907,35756009.83734628,-7447637.293637211,-41470699.21093929,11634.827328591786,3022.724440719038,-535.2931625567795,-8.272363828958955
2023-02-18 04:00:00.000000Z,0.00456629034977,41972267.23137957,0.1559495677015387,85.72216829223838,321.941805020387,242.25883410567155,-0.0221248136069675,82.35256870946041,35682655.621277705,14332312.007858124,-39543557.06985536,-46930.108762180906,2886.867963876972,1059.5834442156538,-7.620575228750027
2023-02-18 06:00:00.000000Z,0.0045614055323043,41972533.51574221,0.1566810040518365,85.9407354349638,321.6539908304704,272.55801004333495,-0.030204833833811,82.50036453456384,35584980.3936348,32217275.938207604,-26887574.95806504,-93085.39286320732,1964.1943262653945,2375.473806187565,-4.897983746502047
2023-02-18 08:00:00.000000Z,0.0045565545393724,41971415.29920508,0.1569732815500073,86.20951085453575,321.7217077213924,302.593952858413,-0.0305147275492931,82.79066859177982,35489641.03107496,41296462.44445704,-6892024.2425849065,-114140.99172543302,496.8739825970175,3049.1117245938253,-0.8060645400887779
2023-02-18 10:00:00.000000Z,0.0045480996933203,41970115.96459816,0.1569205316314548,86.36539531529132,322.0343062196104,332.61841676563233,-0.0227281610560335,83.20148285160319,35422297.851584226,39019186.63213369,14992284.756625924,-104047.31587342871,-1115.8016191598394,2886.056648032219,3.5508752073509147
2023-02-18 12:00:00.000000Z,0.0045493470421643,41969875.67437902,0.1569185540497074,86.37602064136463,322.4385481796097,2.762408070600434,-0.008738204672967,83.67820504095248,35401023.00893908,25964097.87173819,32731629.481612824,-65300.81392756357,-2424.959426512381,1924.45562336797,6.9612284510729845
2023-02-18 14:00:00.000000Z,0.004563207508141,41970839.88344087,0.1572210419247783,86.34188940354426,322.88365623636327,32.903461701466206,0.0077563751522828,84.14809686455413,35431646.87250828,5725548.186331791,41415891.32646994,-8428.119422342781,-3063.3698041509588,431.2097801908945,8.464351757915697
2023-02-18 16:00:00.000000Z,0.0045752198486549,41972104.39213903,0.1577528763447449,86.38226181902697,323.22141950452414,62.99935783784092,0.0222972628110515,84.53999180490136,35506088.90350612,-16097893.158819877,38667087.025135,50951.96979642172,-2855.739237978979,-1175.3043364925925,7.642889593652342
2023-02-18 18:00:00.000000Z,0.0045781154074976,41972540.95807836,0.1582352338763872,86.53682416885357,323.1938376406095,93.2184332081146,0.0309746456590848,84.80391479381409,35604314.91545537,-33506083.009047087,25295441.108501557,96585.85477641596,-1867.5595587102684,-2450.3898700865298,4.739487941691031
2023-02-18 20:00:00.000000Z,0.0045832358087823,41971723.2613053,0.1584342441172944,86.74609324534298,322.7464898163915,123.6595996364764,0.0315162727139187,84.92487184032818,35699594.39796911,-41777403.1195714,5017029.278259985,116124.34066336196,-378.1813927816115,-3050.574913457331,0.5652591033448919
2023-02-18 22:00:00.000000Z,0.0045981663519047,41970321.9724991,0.1583563721464446,86.90480313947327,322.1601401644826,154.1714193412948,0.0238268971536118,84.9269193884288,35765723.304085545,-38725222.90987456,-16626820.912795166,104393.16915138064,1205.1313304904263,-2822.5215108240063,-3.747156574954321
2023-02-19 00:00:00.000000Z,0.0046088485257898,41969630.65154187,0.1582666356193805,86.95009614296316,321.6943085047265,184.6138036948759,0.0099116530610604,84.86662867844083,35784292.717622295,-25221889.744673867,-33786426.02363812,64605.69917726035,2458.90525346794,-1834.18397575028,-7.052134902559521
2023-02-19 02:00:00.000000Z,0.004601243045458,41970443.03930091,0.1584905158627528,86.92951445381127,321.261409934481,215.10060593049903,-0.0066864536134463,84.81781196130927,35750007.92782666,-4921296.468637729,-41839710.5801077,7394.328514987343,3050.099720290132,-350.55230568009955,-8.476979118164843
2023-02-19 04:00:00.000000Z,0.0045864859791631,41972103.255731314,0.1590876110218321,86.97831463979047,320.71632996190084,245.7125646612806,-0.0217443219380405,84.85135368521296,35672411.19890394,16705070.201483332,-38589979.690852016,-51967.23152222546,2817.644364105556,1233.7682799916156,-7.632039752442254
2023-02-19 06:00:00.000000Z,0.0045782978404097,41972909.36777065,0.1597153279316324,87.17966179088077,320.2842379060599,276.189528039522,-0.0313427493285942,85.01543889909371,35573184.52094413,33789422.146745734,-24863202.21154779,-97486.38291667326,1816.016357762644,2491.675803388068,-4.714374042704699
2023-02-19 08:00:00.000000Z,0.0045664344325185,41971983.08885237,0.1599759566431228,87.44991964475935,320.2560941246249,306.3361989830471,-0.0328321211874665,85.32209338705613,35479715.50684887,41631600.332876496,-4344658.6683418,-116664.81087072931,309.4595935572316,3074.547899125212,-0.4812446325200278
2023-02-19 10:00:00.000000Z,0.0045457354499973,41970352.92730017,0.1598865987891611,87.6318479971491,320.5394412759581,336.3752174201469,-0.0256083712804041,85.74425553079065,35417280.992770895,38017985.63823597,17363148.249672886,-103998.58207118444,-1290.70363209498,2812.6074089899626,3.923015107804354
2023-02-19 12:00:00.000000Z,0.0045343976503446,41969670.52438286,0.1598027129812263,87.67383239712798,320.9361944275339,6.498039151792043,-0.011438555114098,86.22367876975966,35402437.93244717,23899671.9489142,34269785.351755515,-62723.94830852371,-2538.2724211334385,1772.1268871052573,7.274250138482185
2023-02-19 14:00:00.000000Z,0.004541271331629,41970481.14132985,0.1599873685175092,87.65808172846049,321.40504791804057,36.59026725887589,0.0059150886321541,86.68687068354588,35439001.92086023,3169306.472027273,41696865.43746136,-4084.6201077958376,-3083.474915238957,242.73686532599763,8.63053426188514
2023-02-19 16:00:00.000000Z,0.004551821596602,41971943.96779376,0.1603971946891615,87.6953873559943,321.82903542106743,66.58914275434336,0.0217544151229061,87.06490174754131,35517168.10291907,-18440214.94022237,37618771.2047763,55815.85931989343,-2777.8125148959903,-1347.321490513449,7.618431398196792
2023-02-19 18:00:00.000000Z,0.0045556991457664,41972730.85567538,0.1607874954591344,87.8289367108569,321.92912803078843,96.68470856545429,0.031819920723189,87.31197644411893,35615992.61733395,-34995000.60552223,23213072.468255326,100603.02185126176,-1714.1779352038152,-2559.013025867049,4.5349574326729325
2023-02-19 20:00:00.000000Z,0.0045635614036983,41972146.648967445,0.1609425582546998,88.01372692986642,321.5932054731724,127.02372128111791,0.0334769229996974,87.41772674098341,35708787.399559684,-42014007.64971257,2473539.5554171847,118186.6281773161,-191.8303619281691,-3067.276855258798,0.2398960156859935
2023-02-19 22:00:00.000000Z,0.0045849363916742,41970678.82788081,0.160848939856217,88.16281884135643,321.06555627911405,157.47666904023615,0.026352977162238,87.40998568542868,35770166.62838339,-37652275.29807973,-18941353.14279988,103944.0591395451,1374.234467701937,-2743.817162586932,-4.1029240868236485
2023-02-20 00:00:00.000000Z,0.004606334843611,41969636.25350536,0.1607111183762718,88.22049548317581,320.6166893403398,187.88750930393525,0.0123340971907996,87.34749966677035,35782979.62415581,-23132138.695219804,-35248547.447745815,61782.85730747357,2565.831149437305,-1681.5297850920842,-7.34001129043102
2023-02-20 02:00:00.000000Z,0.004609683677065,41970089.033005774,0.1607967383315695,88.2167324645642,320.18121887698504,218.3658362137027,-0.0049690547763058,87.30445410816728,35743299.102747805,-2377857.6299278624,-42054264.50970289,2997.348010922673,3066.244034885943,-164.54250919542932,-8.615431972320122
2023-02-20 04:00:00.000000Z,0.0046010966571226,41971777.30971575,0.1611866761157374,88.25508628018247,319.5934742675509,249.04333157753712,-0.0211054582677228,87.35042090633672,35661934.442858085,19015002.268618945,-37493920.60958053,-56680.89791350416,2737.955013786171,1403.4093748263829,-7.578748434508777
2023-02-20 06:00:00.000000Z,0.0045945532202593,41973058.79687407,0.1616444947297144,88.41347572486306,319.0552112016655,279.6856351097657,-0.0318460505641787,87.53071742694144,35561616.41242821,35234889.874538794,-22747202.488132536,-101144.62739848271,1660.9981620021267,2598.600838061393,-4.4812942920219445
2023-02-20 08:00:00.000000Z,0.0045805409923246,41972531.55165048,0.1618359486049282,88.64240134744577,318.9192768909553,309.9971790650115,-0.0342479102903378,87.85312264949881,35470306.149822704,41810298.92935756,-1782450.4885669611,-118182.5695561808,120.84151242759872,3088.4322735039264,-0.1345498177846321
2023-02-20 10:00:00.000000Z,0.0045510360859884,41970784.76414926,0.1617273695211847,88.81269361109027,319.1404900906821,340.1204882689829,-0.0275029774787572,88.28580623731953,35412919.485789105,36873909.62722533,19667145.19141857,-102910.69217830048,-1460.7087355565222,2728.569534358487,4.281822049206274
2023-02-20 12:00:00.000000Z,0.0045269800589033,41969673.2727236,0.1615959677188882,88.86692221201008,319.494318109403,10.275764434855136,-0.0132974314014552,88.76700336589181,35404560.574617445,21746066.146357637,35677708.7767665,-59330.552206010514,-2641.931779955362,1613.2217490976686,7.539791720111562
2023-02-20 14:00:00.000000Z,0.0045240308043174,41970188.66744576,0.1616758244305813,88.86344634316112,319.947752461742,40.36347652234771,0.004557410312335,89.22253474711573,35447017.5496205,602456.0684018587,41820815.38376567,641.0836439993727,-3091.948808022437,53.571725647197496,8.72609036712699
2023-02-20 16:00:00.000000Z,0.0045296494910061,41971690.09887352,0.1619483447473998,88.89285179575128,320.4265165870784,70.30077959075564,0.021203158341745,89.58586942505859,35528705.832370736,-20712270.663313147,36430504.48314654,60522.76699810207,-2689.5918071793794,-1514.0405149567073,7.518128671394912
2023-02-20 18:00:00.000000Z,0.004531425795465,41972761.08678551,0.1622214370119554,88.99366262746355,320.65100758571816,100.28739036787256,0.0321527345698761,89.81564884910851,35627755.406173244,-36353092.622095145,21046064.856547687,103957.38609755458,-1554.64623796066,-2657.95447434111,4.268829907185465
2023-02-20 20:00:00.000000Z,0.0045387955528266,41972478.71871449,0.1623221797887047,89.1339694201713,320.45921509465467,130.5117247753464,0.0345357550342705,89.9063679174118,35717592.878101654,-42095490.41425537,-77080.3187541787,119242.29755474674,-5.008261056065948,-3072.633088873152,-0.1173841935919409
2023-02-20 22:00:00.000000Z,0.0045626719779345,41971105.553206585,0.1622340103711448,89.24926500742748,320.044167945415,160.8769452804285,0.0277975936281287,89.88970600126144,35773807.23434416,-36441675.46726734,-21184433.14298565,102390.72610792395,1538.141941573461,-2655.114372037451,-4.453418137040895
2023-02-21 00:00:00.000000Z,0.0045913016684789,41969850.03452797,0.1621015453910483,89.29845502054505,319.6661933637331,191.2245437079806,0.0137457258658436,89.82638426036016,35780689.68353618,-20958657.60537288,-36580021.4833175,58024.90604126128,2663.308750185241,-1522.7902489129842,-7.587254192954413
2023-02-21 02:00:00.000000Z,0.0046050441673935,41969911.13959544,0.1621115001899926,89.30104489093046,319.28273129069817,221.65166749999,-0.0039601499590508,89.79049673092409,35735793.28860368,173054.16701202327,-42113574.6858923,-1943.151986893872,3071.1190244856607,22.05229189857164,-8.687976500893246
2023-02-21 04:00:00.000000Z,0.0046053301023891,41971401.29819995,0.1623250434597788,89.32601022037176,318.7240787137962,252.3267457260608,-0.0207075589235403,89.84974965515626,35651136.28136102,21253486.00418015,-36259417.71254592,-61417.76934088338,2648.111940724252,1567.8799329744918,-7.449632715097786
2023-02-21 06:00:00.000000Z,0.0046046865876662,41972964.43912322,0.162596017401693,89.42819146150505,318.1524475741829,283.07485956533134,-0.0320525779437102,90.04628025813402,35550261.08350329,36548371.55745491,-20547414.05321253,-104295.31672744102,1499.7293823095688,2695.8453578660287,-4.17943614227994
2023-02-21 08:00:00.000000Z,0.0045942150653628,41972928.911297016,0.1627030180773173,89.58177615245154,317.93950119865593,313.55384477878505,-0.0348694130992465,90.38377420727952,35461459.44122067,41832062.08177445,785050.9623616361,-118771.52976982038,-68.26423535935012,3090.707745484718,0.257909585625236
2023-02-21 10:00:00.000000Z,0.0045620696547868,41971316.37574435,0.1626078429363767,89.702126290491,318.09234514313255,343.8050534562294,-0.0282642123063534,90.82604638675912,35409233.75596827,35591467.8673568,21895698.93044673,-100685.93322912267,-1625.1782827920936,2634.265891126108,4.651142234501242
2023-02-21 12:00:00.000000Z,0.0045285274831458,41969898.95886426,0.1624894030011807,89.74516278141571,318.3799538138896,14.038602421736988,-0.0139428714452711,91.308105055957,35407326.36406804,19511505.73362176,36950278.5103232,-54867.66550777684,-2735.5711966547483,1448.3517286670265,7.776224879648693
2023-02-21 14:00:00.000000Z,0.0045152244807959,41970043.93889703,0.1625106900493467,89.74628645528206,318.7772618108428,44.16938852838865,0.0041928374178967,91.7551835580432,35455564.7400134,-1965477.1694777608,41787503.67698818,6099.574281019386,-3088.8037593507443,-135.57687183829168,8.75915286672363
2023-02-21 16:00:00.000000Z,0.0045136387360819,41971421.1214734,0.1626632155352868,89.76571969983982,319.26206937641274,74.09531622118267,0.021167515148208,92.1032139974637,35540579.45606399,-22905959.54782293,35106858.6492905,65437.39057275116,-2591.447172031536,-1674.8664917582091,7.337656430866149
2023-02-21 18:00:00.000000Z,0.0045108067274073,41972656.11287637,0.1628191732923811,89.82868202092669,319.5776373698127,104.01110682400966,0.0323850682760017,92.3154018807148,35639553.08213042,-37575864.03907735,18802374.44596108,106940.05807587093,-1389.570165055036,-2746.887697909435,3.9254369146022734
2023-02-21 20:00:00.000000Z,0.0045147848643763,41972676.49958948,0.1628687569021148,89.91357916295156,319.5272871459168,134.13455246242754,0.0348966747713431,92.39126516460335,35726053.27582535,-42022067.86617223,-2625715.9573213942,119440.69230309832,181.610745640275,-3066.652221374715,-0.5293953019115937
2023-02-21 22:00:00.000000Z,0.0045371473607584,41971522.277557366,0.1628087105588894,89.97973816621159,319.24672440961524,164.40623820938924,0.028115605125614,92.36641667256436,35776744.1413165,-35098234.28788775,-23348190.75153761,99710.11937277076,1696.27798727329,-2556.7415185222017,-4.822637286000567
2023-02-22 00:00:00.000000Z,0.0045685638094316,41970216.872762345,0.1627317083733659,90.00578484153202,318.9677404898788,194.67834521622083,0.0138747282770015,92.30345095769832,35777509.169695385,-18709616.18399461,-37776261.60954978,53150.10411614753,2751.000843287219,-1358.5301600632313,-7.813035294491359
2023-02-22 02:00:00.000000Z,0.0045898980366486,41969948.56838841,0.1627376441478795,90.00716333326032,318.6686629895161,225.03075882102544,-0.0040826586294354,92.27602629243748,35727509.89749651,2721992.826157668,-42017570.08870336,-7716.397205307288,3064.716851283157,208.5693297582253,-8.704836297950456
2023-02-22 04:00:00.000000Z,0.0045991484294894,41971095.18256164,0.1628412794151963,90.0210823045189,318.194949727005,255.64614296676655,-0.0210214862349363,92.3494780576846,35639978.35966562,23412274.89563855,-34891015.74263485,-66504.09889563065,2548.451068263455,1726.5897379386795,-7.244819426803179
2023-02-22 06:00:00.000000Z,0.0046064117868267,41972694.36053544,0.1629586067991201,90.06946751726228,317.66866156684176,286.41906348530443,-0.0323809257560287,92.56236257837836,35539088.37251875,37725071.40348858,-18271871.03001307,-107233.50091103124,1332.812094329194,2783.0544593731343,-3.800340947501149
2023-02-22 08:00:00.000000Z,0.0046036003861529,41973099.602340885,0.162995257596835,90.13525692923297,317.43740509858907,317.0185878601273,-0.0349849904686633,92.91429075922083,35453190.23818938,41696926.54174015,3348459.179748245,-118642.05632067707,-257.14931818570574,3081.36549606839,0.7108458562463857
2023-02-22 10:00:00.000000Z,0.0045754013663078,41971826.1183492,0.1629517428880445,90.18154044540044,317.54353007434014,347.3991677422179,-0.0279993266400666,93.36514874670816,35406235.045648485,34175566.59878081,24040692.692518298,-97413.24213962271,-1783.502920819887,2530.0512184381737,5.049550714161684
2023-02-22 12:00:00.000000Z,0.0045378716074533,41970299.5303404,0.1629129507874597,90.194722437212,317.76271447139226,17.73094282415009,-0.0132824053329405,93.84715460134694,35410674.081216305,17204349.753884114,38082970.6287178,-49286.144499636444,-2818.8659654133407,1278.133741572546,8.00269583787895
2023-02-22 14:00:00.000000Z,0.0045161316683608,41970087.73375572,0.1629400888102304,90.19429498290468,318.0754220489102,47.93878799833291,0.0050915943849301,94.28514044976214,35464501.26709662,-4525135.020808479,41597227.9694221,12467.573318483055,-3074.0916503319568,-324.0223135937817,8.745326057584336
2023-02-22 16:00:00.000000Z,0.004506827438359,41971212.06153825,0.1630153416123105,90.20518374645484,318.51378979660336,77.9040447761587,0.0220328442619155,94.61751583131044,35552623.00603247,-25013583.225199565,33652700.821257785,70824.35981780566,-2483.7723714830054,-1829.2471064032504,7.08532772893993
2023-02-22 18:00:00.000000Z,0.0044981821609603,41972468.61378633,0.1630777498449374,90.2327913033886,318.86707877319174,107.7998141460938,0.0329275036958805,94.81204913196166,35651275.29808467,-38659309.74585307,16489912.13218268,109842.5117384437,-1219.555457152621,-2825.535489724776,3.503807826157247
2023-02-22 20:00:00.000000Z,0.0044969750269188,41972736.97827233,0.1630912442991275,90.26187111434874,318.9256113075042,137.85560615700695,0.0349009334637815,94.8733245624625,35734166.64863222,-41794364.07874417,-5163630.536334566,119033.04462082028,367.37417719505584,-3049.3834857513657,-1.0060428001641726
2023-02-22 22:00:00.000000Z,0.0045147625749799,41971868.929214455,0.1630785810514707,90.27520601317092,318.76852666517027,168.04909574179104,0.0275040795588045,94.84093387337433,35779080.92443927,-33626965.49244928,-25425361.10633208,96057.7770874852,1848.0997824859403,-2449.048696827138,-5.226641023495265
2023-02-23 00:00:00.000000Z,0.0045448089387131,41970661.68423342,0.1630922006377832,90.27251445161178,318.58791033746786,198.2529036019569,0.0127371114802944,94.77929806444152,35773590.05839112,-16393146.23549722,-38833369.97577111,47188.374920214126,2828.6024821840983,-1189.3162851958064,-8.035434203214036
2023-02-23 02:00:00.000000Z,0.0045698702754079,41970189.15816905,0.1451423455496138,89.73897622289469,318.90811514310906,228.53049486699183,-0.0046616151755259,94.76141872860347,35718571.48507628,5259760.580782417,-41766824.074773,-13805.992062337691,3047.057932514748,394.3593956276517,-7.714228418661829
2023-02-23 04:00:00.000000Z,0.0045861496944202,41970945.74821919,0.1452088140693387,89.74964141687498,318.5458442813507,259.0526913921854,-0.0125338268247087,94.8498747517962,35628511.175923966,25483547.32887562,-33393758.21003076,-64954.11511734006,2439.329061385817,1878.975438568437,-6.161313241418594
2023-02-23 06:00:00.000000Z,0.0046007866932914,41972367.437589824,0.1452335363759548,89.76082390237333,318.1214765212742,289.7773749963312,-0.0170500951675245,95.07923959772796,35528104.39883392,38760735.98446936,-15928864.608358992,-98418.74763339004,1160.8594896785812,2859.912993849221,-2.91226963680837
2023-02-23 08:00:00.000000Z,0.0046068793893798,41973060.03862484,0.1452331852727391,89.74888474536424,317.9324758558857,320.4261653259542,-0.0168947360778409,95.44495735701112,35445516.345425434,41405498.91194494,5898443.634940936,-104888.23363744444,-445.10981580630886,3060.4416767036773,1.1622546009761694
2023-02-23 10:00:00.000000Z,0.0045872780643639,41972227.56576259,0.1452716819530549,89.71622953729961,318.0305290940933,350.9012831220418,-0.0120251823316581,95.90333975461304,35403952.942719914,32631585.894456677,26094364.35056095,-82407.86311085615,-1935.0951914484472,2416.315887973703,4.936667324665361
2023-02-23 12:00:00.000000Z,0.0045515763464861,41970801.16536606,0.1453628169936519,89.69034354985126,318.2005974817375,21.320224430982723,-0.0037568779451923,96.3843286039143,35414590.16122812,14833227.534805784,39071806.05384907,-37096.58033107896,-2891.524644935901,1103.200971864081,7.351006053991997
2023-02-23 14:00:00.000000Z,0.0045248436422157,41970319.122937866,0.1454570825954559,89.6863982195351,318.419074198392,51.6161487504543,0.0055949142326465,96.81264877750776,35473735.91695001,-7067139.556282736,41250872.26169394,18514.34428932757,-3047.899231009197,-511.0825506786268,7.730516144641974
2023-02-23 16:00:00.000000Z,0.0045089699299312,41971120.64810363,0.1455083616910591,89.6950449085088,318.7673105839929,81.65796184612421,0.0134133003817179,97.12921021722914,35564692.55156085,-27027654.97037352,32073385.330130275,69072.14101296477,-2366.9893106107397,-1976.652335948771,5.984415599412102
2023-02-23 18:00:00.000000Z,0.0044947492812864,41972266.71114396,0.1455139476945608,89.6966180596233,319.0998741382483,111.58300329633036,0.017550715875153,97.30625507023106,35662791.71436597,-39599792.78344594,14116867.425190926,100760.1402772957,-1045.2222598454632,-2893.655233395334,2.615603843972007
2023-02-23 20:00:00.000000Z,0.0044879723061531,41972695.13518266,0.1455128577149937,89.67737014215155,319.21887425410586,141.61248961285412,0.0169071909797694,97.35336087880128,35741882.62190868,-41413412.03066381,-7682077.715254681,105065.4500310286,551.6329850347967,-3020.9147754650544,-1.4441526127231166
2023-02-23 22:00:00.000000Z,0.0044995637865259,41972126.456925,0.1455601458508551,89.641040148358,319.15490160893177,171.7556308199863,0.0116754368123166,97.3140659235625,35780876.42867152,-32033204.388278875,-27408934.274883155,80942.80770626504,1993.084657916695,-2332.419361810016,-5.100474085577971
2023-02-24 00:00:00.000000Z,0.0045252496308648,41971124.348052,0.1456795755911007,89.60983233330276,319.0519785212786,201.9124005505784,0.0032479276434096,97.25456980516158,35769075.575584054,-14017513.187774938,-39747900.95447932,34951.81188279895,2895.83944505531,-1015.7360395050476,-7.380359137547616
2023-02-24 02:00:00.000000Z,0.0045508445848221,41970559.6174908,0.1458262814918264,89.60541828204904,318.9169181470041,232.1265140679348,-0.0061432162561823,97.24707329823651,35709139.12180331,7777253.71043764,-41362455.37964823,-20518.82971652273,3018.1844370481563,578.7682651509522,-7.671418288255906
2023-02-24 04:00:00.000000Z,0.0045712811099649,41970960.23905243,0.1459114294493454,89.62012328684504,318.6667632316278,262.54814489648226,-0.0139672481593916,97.35111946602964,35616843.47558448,27459727.485195678,-31773208.62240942,-70464.98357938882,2321.122630547325,2024.4861477511688,-5.876752521789991
2023-02-24 06:00:00.000000Z,0.0045910580258911,41972067.59416394,0.1459027924867064,89.61048494273845,318.3758176487349,293.17675007932763,-0.0180299815391193,97.59700750240545,35517345.06781276,39651483.53844655,-13527048.032790484,-101203.93442617374,984.4987649974428,2926.137275010221,-2.456301488656337
2023-02-24 08:00:00.000000Z,0.0046046308672595,41972861.996993646,0.1458994572458787,89.54181014821998,318.27481572573305,323.8074355489992,-0.0170894670649318,97.9758837307506,35438440.17815443,40958816.73272763,8425592.964552525,-104123.90877967454,-631.4405458045409,3028.017187072029,1.669529335929267
2023-02-24 10:00:00.000000Z,0.004595269089782,41972464.112529226,0.1460317933690611,89.44395548459775,318.4014823805698,354.3256049147697,-0.0112855606455288,98.44073163363063,35402388.8352212,30965285.874197345,28049194.11637361,-78224.99390924256,-2079.382930532576,2293.492093720349,5.356287949819539
2023-02-24 12:00:00.000000Z,0.0045657918870128,41971302.7455157,0.1462749649128597,89.38350249767498,318.5487035393003,24.79995657587611,-0.0021897911873865,98.9197163660287,35419052.95548679,12406991.96204097,39913289.81298424,-30576.64176065412,-2953.2823170109564,924.210107406498,7.564637347655525
2023-02-24 14:00:00.000000Z,0.0045378628012115,41970677.164823525,0.1464777292972647,89.37961967767788,318.6803895864934,55.17240532244968,0.0076273681455832,99.33783265299232,35483187.49353953,-9582092.545772113,40749887.53613161,25623.400497157145,-3010.341279432246,-696.075844653755,7.676291425989847
2023-02-24 16:00:00.000000Z,0.0045175917622216,41971144.45163741,0.1465517507339911,89.39322788436681,318.9136227199068,85.3084345347912,0.0153850439955097,99.63856863247412,35576648.50528872,-28940848.609188933,30374754.432315707,74843.98624629364,-2241.540832515981,-2116.572727169645,5.6757958050579695
2023-02-24 18:00:00.000000Z,0.004499188772029,41972081.02745027,0.1465369456171014,89.37966887287389,319.1781084636016,115.299589709989,0.0189221205396198,99.79851757177852,35673949.40191638,-40393947.0380055,11691718.204904849,103627.53740983972,-867.1996935532899,-2951.037752543021,2.136070023883025
2023-02-24 20:00:00.000000Z,0.0044876799239479,41972573.21153648,0.1465399264893812,89.32526222163729,319.30680120175407,145.3409996081118,0.0172785243428706,99.83208103078776,35749097.13395321,-40880528.843423255,-10172283.447252676,104242.814074729,733.7435812454813,-2981.371276943953,-1.966294745202371
2023-02-24 22:00:00.000000Z,0.0044928638577133,41972277.00237832,0.1466495709281488,89.25230792200853,319.29245768723706,175.46496139464597,0.0108978746200571,99.786611314929,35782120.00963086,-30322480.36888364,-29292124.944555365,76626.13322738293,2130.729070941112,-2207.2679785635933,-5.526909492851833
2023-02-25 00:00:00.000000Z,0.0045125928226038,41971541.6277239,0.1468724700706853,89.20199137164717,319.2319628256615,205.601289194852,0.0014694282385449,99.7299924075127,35764050.0618746,-11591004.558431135,-40516808.17732712,28263.13778171698,2952.4650036306343,-838.3930834166947,-7.597587569444493
2023-02-25 02:00:00.000000Z,0.004536030267587,41971004.65849546,0.1471150732380944,89.20093126165175,319.1421038489812,235.77787173887543,-0.008503530369183,99.73352002860764,35699346.93924751,10265561.569955146,-40806030.51617866,-27816.97777789458,2978.183685509102,761.1448574005881,-7.6189286206088305
2023-02-25 04:00:00.000000Z,0.0045578334065807,41971123.08973526,0.1472495703418641,89.22852324730773,318.9845343031832,266.1100060716121,-0.0163127742699161,99.85354216684708,35605095.75082624,29333725.95894384,-30035287.80299704,-76420.03408205835,2194.24272491412,2162.592333763462,-5.5638495389088805
2023-02-25 06:00:00.000000Z,0.004579873306512,41971862.09544177,0.1472476271610006,89.22006090088328,318.823463761738,296.6239958190829,-0.0197332254184426,100.11586611424434,35506880.13790131,40394098.35799783,-11075225.636790568,-104189.10182452507,804.37152646165,2981.478410153204,-1.9627127127255533
2023-02-25 08:00:00.000000Z,0.0045980255070258,41972598.41344244,0.1472600425758209,89.12851421608306,318.82237288660053,327.1901238791957,-0.0176594615242226,100.5072242225366,35431998.047928736,40358601.9738616,10920621.340800676,-103289.89731787344,-815.4457395044682,2984.2133263967366,2.212256345239376
2023-02-25 10:00:00.000000Z,0.0045979616662975,41972556.66539713,0.1474746348127087,88.99530730352275,318.99493445283167,357.7031213526891,-0.0105107024670977,100.97744263559387,35401585.09138734,29182965.081443936,29898064.944126423,-73753.81760229239,-2215.823992906144,2162.046818598278,5.800062272140612
2023-02-25 12:00:00.000000Z,0.0045769480548825,41971755.51433513,0.1478585112941542,88.9152503787193,319.1430958880075,28.19307008936942,-0.0002134322557964,101.4533603077101,35424111.438414425,9934770.467462856,40604528.70016636,-23649.58965283809,-3003.9156204019405,741.8373946096842,7.786828396859021
2023-02-25 14:00:00.000000Z,0.0045510207860107,41971117.741029486,0.1481849028591293,88.9182061786616,319.2065253647566,58.616126258716,0.0103265186691067,101.86066580320583,35492875.794262394,-12060629.088544896,40096406.81856053,33144.95901534307,-2961.5753273751197,-878.3176840959212,7.615329505577111
2023-02-25 16:00:00.000000Z,0.0045288283457556,41971284.58537704,0.1483130027417721,88.94651299676511,319.3160216991267,88.84536090846584,0.0181129212761745,102.14556920893854,35588456.87640601,-30746162.03274696,28563297.62709409,80934.11155758816,-2107.907105478267,-2248.5110247619514,5.348500737011286
2023-02-25 18:00:00.000000Z,0.0045082300213261,41971948.894613735,0.1483048764547329,88.93389933404698,319.4755568732447,118.92390599889856,0.0209573911013547,102.2889032302308,35684672.38100727,-41038963.15160127,9223451.721079174,106651.64482383196,-686.1433328939908,-2997.499903675694,1.6313568205841509
2023-02-25 20:00:00.000000Z,0.004493601868152,41972417.07902698,0.1483217126711919,88.8636681238888,319.56681853604107,149.00578293795274,0.0180678068554252,102.30967821717536,35755732.31035307,-40197719.49638442,-12625197.042490952,103391.544490848,913.0536891640838,-2930.9161451147397,-2.5136313249661724
2023-02-25 22:00:00.000000Z,0.0044931752283328,41972345.35378037,0.1484853998548506,88.771240601784,319.5587971858632,179.13754615721467,0.0102025638764825,102.2588585184918,35782775.898929104,-28500988.369892024,-31068167.58778142,72118.58895229647,2260.545057974455,-2074.051717508623,-5.972265832262592
2023-02-26 00:00:00.000000Z,0.0045065785078333,41971899.03249611,0.1487949255232638,88.71281739733517,319.5047503429596,209.27915663851988,-0.0005679257233883,102.20586308544324,35758542.61071806,-9122370.889456732,-41137351.21436568,21284.67162907548,2998.2722212883136,-657.9256570120684,-7.822831491584487
2023-02-26 02:00:00.000000Z,0.0045263615779524,41971472.67700566,0.1491241419654197,88.72034378294133,319.4292667490414,239.44435352384556,-0.0113853092872646,102.22096662328144,35689276.624496214,12715648.87544782,-40099604.83902146,-35417.71096848976,2927.185203961495,940.8233100426704,-7.562038255484879
2023-02-26 04:00:00.000000Z,0.0045473388496912,41971395.94129047,0.1493161757521287,88.76691972783786,319.3364075506927,269.7090067729553,-0.0193025465006178,102.35720217174271,35593360.3736581,31098638.95794744,-28186422.66453838,-82607.03983313378,2059.1419757045146,2292.7746516765174,-5.236432246226532
2023-02-26 06:00:00.000000Z,0.0045689690273603,41971770.26126263,0.1493389450772438,88.77570284385878,319.2855550502859,300.1117610415693,-0.0220423485145745,102.63575453615404,35496771.48652214,40985805.48851125,-8582552.045911562,-107281.53331887952,621.146686073667,3025.719655768682,-1.4501213474038002
2023-02-26 08:00:00.000000Z,0.0045884368541299,41972336.137353845,0.1493691529774281,88.68931988758362,319.3781887226477,330.59075925629884,-0.0186597232353843,103.03887115439534,35426217.34733138,39607132.36789053,13374177.198015736,-102430.83810152518,-996.4259318310956,2929.196266683636,2.7716644818693696
2023-02-26 10:00:00.000000Z,0.0045951793481105,41972540.60241121,0.149637774335381,88.5491107672384,319.6019675813048,1.0638050150822662,-0.009909969325902,103.51335249243242,35401565.19048525,27291411.479847755,31634120.679731764,-69161.62322414573,-2343.8977111483714,2022.4900307744451,6.253286040485927
2023-02-26 12:00:00.000000Z,0.0045829708748525,41972131.434289664,0.1501289003569431,88.46529011696407,319.7699257122393,31.53354920222513,0.0018600812465194,103.98509792839909,35429801.76776768,7425956.701896802,41143148.11383414,-16563.580318772732,-3043.2396249276712,556.7856269225354,8.010260526708866
2023-02-26 14:00:00.000000Z,0.0045611998826684,41971594.109279945,0.1505699330425468,88.48169173991302,319.78960759643275,61.97542464824716,0.0133528751918051,104.38092059864496,35502829.61373095,-14493416.653400268,39293187.35621117,40810.5874483453,-2901.8010662990987,-1057.1209210090844,7.549493991713684
2023-02-26 16:00:00.000000Z,0.0045393600216858,41971519.59266978,0.1507656879462102,88.53278933979449,319.7810223884776,92.28407861147832,0.0213139325135027,104.64995279172408,35600112.11939166,-32436906.76358094,26646067.03608256,87120.61338788114,-1966.6026515157369,-2371.9887435392325,5.013335876367429
2023-02-26 18:00:00.000000Z,0.0045186990149086,41971882.96480706,0.1507786463073588,88.53516326892307,319.8155744280229,122.45652022333286,0.0235009094574377,104.7771882568434,35694916.21681048,-41532544.06418379,6721424.944239528,109713.07230091435,-502.72869601526486,-3032.8920456406704,1.1185132179806965
2023-02-26 20:00:00.000000Z,0.0045029006103402,41972255.919065416,0.150809531841554,88.46641240040101,319.8358304262793,152.59597478788993,0.0192851657109395,104.78601565433932,35761726.15566399,-39367581.45622333,-15031669.4208787,102524.55066155802,1088.9091986765122,-2869.7530336601067,-3.0672783999450663
2023-02-26 22:00:00.000000Z,0.0044982603204058,41972352.22598931,0.1510109393917452,88.36978081957874,319.80001668456026,182.7553003163754,0.0097609836148778,104.7307613229356,35782797.55545234,-26575457.74630206,-32730488.59445269,67560.93441509006,2382.062707488774,-1933.26615566454,-6.420686967124578
2023-02-27 00:00:00.000000Z,0.0045058045622297,41972190.78252975,0.15138250705227,88.3124638021674,319.7230721040682,212.92311584362596,-0.0025767208465516,104.68217864997634,35752547.28490355,-6620700.359754408,-41607219.10987341,14247.803990975392,3033.089910688245,-474.9977017889136,-8.047298536466556
2023-02-27 02:00:00.000000Z,0.0045213344565793,41971930.05839339,0.1517784330546076,88.33187163157703,319.6353015197702,243.10081651546452,-0.0144590657963847,104.7093800776672,35678965.00462384,15118441.779228924,-39245772.93190298,-43058.78154791722,2865.3662285077435,1117.134203645957,-7.501104963051003
2023-02-27 04:00:00.000000Z,0.004540027635611,41971738.869095765,0.1520214518469904,88.39987165288585,319.5796397800343,273.3232139604395,-0.0226473806141568,104.8619816315426,35581693.82601865,32747857.991663706,-26233515.09727208,-88799.02868602272,1916.3153575941053,2414.5348970605987,-4.903647969689266
2023-02-27 06:00:00.000000Z,0.0045591486189349,41971784.284543045,0.1520703821795238,88.43465095110007,319.6135451322494,303.631148437856,-0.0247772487780259,105.1564687481005,35487062.79633253,41424367.06880464,-6058431.379740663,-110344.09275472104,435.5158754592768,3058.6840099435967,-0.9337220287573392
2023-02-27 08:00:00.000000Z,0.0045770496788931,41972116.00420658,0.1521088249913712,88.37123291805334,319.7843775011056,334.0199792044384,-0.0200568770506056,105.57058162746996,35421115.67165366,38707288.95600374,15776976.813330136,-101528.31299900833,-1173.6866967197748,2863.1781694086194,3.3307039950892894
2023-02-27 10:00:00.000000Z,0.0045876187575696,41972458.46676033,0.1523966880108703,88.24427632211402,320.05705023633584,4.434034008046294,-0.0095966354312681,106.04821785019338,35402338.88586038,25297881.705088247,33250882.396539237,-64546.77253314175,-2463.1147963930543,1875.3693430360595,6.701220739570528
2023-02-27 12:00:00.000000Z,0.0045831682323078,41972424.23228953,0.1529503087745402,88.16875566977403,320.25866650686123,34.85652803295028,0.0038041482909074,106.514670461035,35436146.97420965,4890123.555761662,41527351.77606579,-9504.959477071528,-3071.1160537254764,369.7743112384785,8.225679122627414
2023-02-27 14:00:00.000000Z,0.0045666693471179,41972071.901404686,0.1534813074229284,88.20256704355567,320.26077109836945,65.2863682834719,0.0164239488427459,106.89829001800528,35513078.88645159,-16871287.279921856,38343595.18714664,48393.60539461104,-2831.2645039077524,-1231.8065662077358,7.477049192985499
2023-02-27 16:00:00.000000Z,0.0045469964415218,41971827.35559429,0.1537430436648587,88.28115253667185,320.1509910466872,95.65277364428782,0.024719533882223,107.1513669566476,35611628.83667025,-34006851.142059274,24630587.18674511,93192.93422004556,-1818.17529960462,-2486.5557259445272,4.676432496241183
2023-02-27 18:00:00.000000Z,0.0045282454777582,41971887.03822367,0.153780180817785,88.30846746131954,320.0558451866599,125.91438354001724,0.026364260498562,107.26301436377156,35704668.018444,-41873021.41317,4195218.841537049,112669.6238271064,-317.6452628934239,-3057.103659951525,0.6099757785167733
2023-02-27 20:00:00.000000Z,0.0045132720333412,41972109.62502962,0.1538178522673156,88.25423490694595,319.9857322246424,156.11862012961606,0.0208678720818555,107.26077327617617,35767045.39537275,-38393366.652119786,-17382619.851971313,101602.65017731689,1260.6627278184728,-2798.126299156177,-3.611696352156912
2023-02-27 22:00:00.000000Z,0.0045060736219014,41972317.01924975,0.1540363932012916,88.16469357575447,319.89954348878234,186.3177692762493,0.0096492995128146,107.2020572476279,35782151.39180058,-24553152.176917914,-34272856.07076012,63025.06532576012,2494.838328943807,-1785.440706300128,-6.857534246528028
2023-02-28 00:00:00.000000Z,0.0045087011787071,41972420.71458226,0.1544427877276552,88.11456725104084,319.77935600415105,216.52688082584348,-0.0043639740225103,107.15871754025292,35746050.27848768,-4095367.938218285,-41924635.49993355,7315.121569406769,3056.7883530568174,-290.2915249406218,-8.2609844031067
2023-02-28 02:00:00.000000Z,0.0045200117934392,41972357.46940744,0.1548814893474694,88.14671566009177,319.65956638880283,246.73647848241723,-0.0174660831954819,107.19853714692786,35668425.60995828,17464906.72568242,-38247717.66938929,-50530.113586095234,2792.9513991606736,1289.4122570252073,-7.43322964004256
2023-02-28 04:00:00.000000Z,0.0045356287937657,41972119.57871844,0.155161042860828,88.23515415791118,319.61773096461656,276.9410862978457,-0.0260890498735184,107.3676142431842,35570126.249442466,34275136.603011034,-24183937.116688456,-94792.69244319272,1766.2973700270782,2527.402894298494,-4.570211014360967
2023-02-28 06:00:00.000000Z,0.004550831857033,41971888.1165282,0.155228304207969,88.29793916807571,319.710964184612,307.17727480150825,-0.0277434813281886,107.6776896231689,35477778.491373725,41708121.458215214,-3512469.852160005,-113230.59152847172,248.18885321120592,3080.238995070508,-0.4242403211614577
2023-02-28 08:00:00.000000Z,0.0045649047357469,41971956.27266803,0.155260976135356,88.26568450527478,319.94180570775234,337.4851443889493,-0.0217636434894579,108.10201402423672,35416697.13046581,37662558.129319176,18119872.223932423,-100526.01627699177,-1346.5440023486876,2786.417982676883,3.8757438926909646
2023-02-28 10:00:00.000000Z,0.0045764168833636,41972342.61032744,0.1555350543166019,88.16303938664706,320.25696555871286,7.83446278193124,-0.0096042813526156,108.58171183645412,35403899.3101978,23210065.3049903,34742306.09275167,-59950.58169893928,-2573.0220245937458,1721.2662703832311,7.130931425072516
2023-02-28 12:00:00.000000Z,0.0045779527088518,41972638.8892668,0.1561055636688258,88.10249798088495,320.50164478955844,38.19251565189783,0.0054796087014312,109.0417646387027,35443149.85902032,2336958.912177329,41755941.50331281,-2596.7024857388187,-3087.4561397441184,181.5331182477273,8.423732502267763
2023-02-28 14:00:00.000000Z,0.0045669517593527,41972528.98439755,0.1566931213165291,88.15419518910512,320.51217712370266,68.58310179191653,0.0193323708025679,109.41244328024362,35523639.959389575,-19185312.593209505,37251571.61587051,55722.522010170105,-2750.257891335444,-1401.7117529209738,7.394077417764846
2023-02-28 16:00:00.000000Z,0.004550734220042,41972188.79785288,0.1570088666589709,88.26101765814609,320.3257176947633,98.98187635098884,0.0281053931603885,109.64944739357404,35623023.1526608,-35450282.463188395,22524767.06211957,98973.81366520376,-1663.2025759933067,-2591.7971143689024,4.340091523064681
2023-02-28 18:00:00.000000Z,0.004535593139461,41971958.46200951,0.1570655399219596,88.31861691555589,320.1081296800586,129.32054593979774,0.0293605934536869,109.7459973524654,35713931.32999491,-42059380.649049565,1654509.6975298924,115381.56105409436,-131.58991034122394,-3070.06725391232,0.1136358451122804
2023-02-28 20:00:00.000000Z,0.0045233053491741,41971990.51485767,0.1570986984573174,88.28701149092592,319.94129525249537,159.58869322944483,0.0227112625674193,109.73357285467864,35771680.5398895,-37278954.59379176,-19669177.69012358,100557.20684470003,1427.681157819211,-2716.320431734226,-4.135442395609849
2023-02-28 22:00:00.000000Z,0.0045152548650245,41972255.259205416,0.1573131053338934,88.21159957589025,319.79316706915563,189.8331867904558,0.0098688709500907,109.672390659285,35780824.476741776,-22441793.84252043,-35689501.20469732,58528.91391471176,2598.4601321579407,-1631.133676583332,-7.270724066937138
