Timestamp,Eccentricity,Semimajor Axis (m),Inclination (deg),RAAN (deg),Argument of Periapsis (deg),True Anomaly (deg),Latitude (deg),Longitude (deg),Altitude (m),X (m),Y (m),Z (m),Vx (m/s),Vy (m/s),Vz (m/s)
2022-09-01 00:00:00.000000Z,0.000112095587453,42165583.1082413,0.111723679742925,93.93248194580931,51.696853769514,146.72302144732907,0.0107062796575463,-47.49954436812823,35791397.4986688,16037110.354584198,-39001026.347580425,-25982.33705314737,2843.3903345694625,1168.9932844802397,-5.687739235462447
2022-09-01 02:00:00.000000Z,9.04497351170304e-05,42166280.21782376,0.1117569198660819,93.94061656343102,40.7766441129026,187.70961630331928,0.0143335718713115,-47.50715856290095,35791922.66657135,33422907.595303707,-25714186.48433584,-61591.34845912328,1874.597673673571,2436.644180833071,-3.9744325836030407
2022-09-01 04:00:00.000000Z,7.68377457056254e-05,42167215.006653495,0.1117287920046021,93.90657410771612,26.126587261960847,232.46886980125663,0.0141123950403775,-47.51413787225642,35791051.65526655,41808542.08836119,-5502706.840530709,-80607.73688705343,400.99544602815286,3048.141791535515,-1.1851021083685775
2022-09-01 06:00:00.000000Z,7.789409240615549e-05,42167541.81231525,0.1117425150506763,93.8243502959322,19.817198510879027,268.93771600291,0.0101529620048661,-47.51903815867808,35789465.45142163,38935347.57623069,16190717.75922846,-77871.71355024213,-1180.7204611892555,2838.7756171294845,1.9283380693403576
2022-09-01 08:00:00.000000Z,8.167196827692957e-05,42167073.39342105,0.1118686627288272,93.72981453199452,28.57175088850852,290.3573134010376,0.0035599991007529,-47.52155896573433,35787738.115373105,25576044.90601876,33523484.68768547,-54088.79853040742,-2444.596393335851,1864.76512755844,4.526066093894295
2022-09-01 10:00:00.000000Z,8.575316854949342e-05,42166273.3223041,0.1120898278086314,93.67457034550118,44.86514681576956,304.20093883124747,-0.00386881936788,-47.52191709535334,35786103.628770284,5327889.681799811,41826266.08407716,-15645.932124402692,-3050.107445071092,388.30944057119257,5.9060905529580925
2022-09-01 12:00:00.000000Z,9.54013524688775e-05,42165814.78043904,0.1122999994643031,93.68066726404574,59.65186558568255,319.49189116909747,-0.0101351875030134,-47.52028400505986,35784619.12232294,-16355265.933544604,38861324.54732672,27100.63792323118,-2833.9784948626216,-1192.925356085776,5.6932595088476265
2022-09-01 14:00:00.000000Z,0.0001137248267108,42166108.87020224,0.112384751813266,93.70586260540377,69.16367996115578,340.0405357197542,-0.0135886627375982,-47.51676383578862,35783464.509216234,-33631827.49147328,25426303.342810333,62606.9003028654,-1854.2846525470927,-2452.903188984802,3.940526913151941
2022-09-01 16:00:00.000000Z,0.0001369961022569,42166989.4951154,0.1123543873789985,93.66263050557966,75.43769443422639,3.896790379098539,-0.0133768553576545,-47.51186038508279,35783089.134674825,-41846624.503329255,5140272.905125521,81247.88832497247,-374.92647586869214,-3052.0347005810163,1.1160372878239913
2022-09-01 18:00:00.000000Z,0.0001514130710111,42167682.45496153,0.1123866212122448,93.5088102741911,79.4961549671459,30.079149211444115,-0.0096637995629311,-47.50699507256318,35784020.2824558,-38786167.16421872,-16531021.492160885,77921.71956170446,1205.4102440314412,-2828.817197366453,-2.0204063531119933
2022-09-01 20:00:00.000000Z,0.0001462469996031,42167432.98659226,0.1126429480937931,93.32332058424085,78.39994248385534,61.44557928791826,-0.0035469658872128,-47.50440173208079,35786347.57309587,-25275825.20977592,-33748682.3721006,53454.83952870024,2460.8103935603303,-1843.5064362766493,-4.619696525094272
2022-09-01 22:00:00.000000Z,0.0001316528619678,42166483.087190405,0.1130369536368105,93.227634931965,69.92312261155803,100.09865658013952,0.0032891177948375,-47.50596504919869,35789318.77072072,-4956667.00507707,-41875118.753082834,14414.775470786097,3053.137320011255,-361.7965881543129,-5.973699031735143
2022-09-02 00:00:00.000000Z,0.0001190813387096,42165882.31421718,0.1133320097083191,93.23676754286636,58.84822867168753,141.24074340110266,0.0090452124435619,-47.51177445217588,35791660.50491627,16697443.191889066,-38723202.238021605,-28650.44030776646,2823.129438613908,1217.087906805348,-5.71122467116641
2022-09-02 02:00:00.000000Z,0.000104457129572,42166181.58050354,0.1134192695002829,93.26244401164593,48.04313305793123,182.09414214118664,0.0122631294977199,-47.5199291080102,35792446.19750858,33855094.591656044,-25143320.2169741,-64076.45679292389,1832.952569649152,2468.072113423001,-3.9005673502316336
2022-09-02 04:00:00.000000Z,9.406777022959368e-05,42166946.75095639,0.1133911228296276,93.2228355775298,35.223336814772914,225.02781475280565,0.0121769493324954,-47.52779495807237,35791612.97809853,41896423.82903139,-4792777.720935862,-82250.77487248224,349.2092856717616,3054.45693507537,-1.0298523012332992
2022-09-02 06:00:00.000000Z,9.635839226793365e-05,42167433.5185509,0.1134177855567354,93.10816841380505,26.901593572525144,263.5407446476086,0.0088951742856968,-47.53340946364378,35789753.227229506,38655574.20682496,16848484.54023535,-78215.15470324998,-1228.709814926374,2818.3090502323607,2.126179353730949
2022-09-02 08:00:00.000000Z,0.000102709713206,42167304.41766191,0.1136097396598395,92.97527333992208,29.326776284939932,291.3279869977159,0.0033636450851482,-47.53601410034513,35787591.82283734,25004091.853676066,33952043.649131194,-53007.31345096989,-2475.901240634321,1823.0274796147908,4.715137028770422
2022-09-02 10:00:00.000000Z,0.0001058585350519,42166758.04874777,0.1139422168785635,92.89991711972364,38.91775723356355,311.8947385641284,-0.0028928314486051,-47.535772852899,35785640.0804254,4617720.166443134,41910148.87722285,-13387.92956434893,-3056.307895653829,336.50656857999127,6.036347051759581
2022-09-02 12:00:00.000000Z,0.0001079557635539,42166246.43036998,0.11426881467815,92.91494866966435,50.73688841967195,330.1452184051062,-0.0081877972711112,-47.53326518075293,35784161.3279819,-17012384.788864627,38577678.33482578,29972.50976887683,-2813.375498734815,-1240.8565478792566,5.729499535104974
2022-09-02 14:00:00.000000Z,0.000114087686864,42166170.93922619,0.1144332167270136,92.96966826334906,61.86816154197891,349.0454348848638,-0.0111372181558397,-47.52919036241307,35783310.93792151,-34058700.96469733,24851324.084271204,65360.61477378175,-1812.4063652939255,-2484.0233728968005,3.871973460298472
2022-09-02 16:00:00.000000Z,0.0001260486343365,42166658.26935268,0.1144314412825413,92.95309569116203,71.55674693699899,9.460364255500789,-0.0110396039081114,-47.52438212518167,35783278.489472106,-41928070.60653447,4428874.982569498,83172.17902040893,-323.0724975304435,-3057.9324694448983,0.9590260423380572
2022-09-02 18:00:00.000000Z,0.0001374791480413,42167361.31645922,0.1144776431937819,92.7966132322692,79.35284455041894,31.90723938768406,-0.0080572585280444,-47.52002580811234,35784302.879658654,-38500238.401238926,-17187111.919348955,78507.89645242797,1253.2484307383768,-2807.915483407045,-2.227297788738454
2022-09-02 20:00:00.000000Z,0.0001375314886834,42167581.47361955,0.1148103299764211,92.57735530168765,82.65115073703593,58.9125858900596,-0.0031343018433128,-47.51776542229464,35786449.41164308,-24699593.32217434,-34172791.491772845,52522.74320490704,2491.754294649652,-1801.457738857141,-4.825652590677754
2022-09-02 22:00:00.000000Z,0.0001269701894055,42167041.55490866,0.1153728343941235,92.45551202497391,78.09598725050593,93.6703015038074,0.0023216619278127,-47.51919137043567,35789246.61173729,-4245304.751890251,-41953134.33289366,12160.025191055298,3058.863624846545,-309.92464335885484,-6.127052338202762
2022-09-03 00:00:00.000000Z,0.0001174714036571,42166356.28994318,0.1158477916415233,92.47887937951408,67.64984854175466,134.16967600058103,0.0068622018417934,-47.52472307958454,35791670.407467656,17352378.59140424,-38434185.42959957,-31691.337057016564,2802.089297044849,1264.8159967912766,-5.770930493054497
2022-09-03 02:00:00.000000Z,0.0001383747665863,42164295.37119063,0.1160378989921519,92.54193254388728,12.728551456699746,219.10252891274908,0.0093701636829097,-47.532248633633024,35790685.711148515,34275867.9361749,-24563590.49304669,-67142.4453798009,1790.5906297089152,2499.049225211681,-3.84728505298022
2022-09-03 04:00:00.000000Z,0.0001495931382466,42164744.10687312,0.1160358556068789,92.52622943168517,4.908484683232575,257.0156560336039,0.0093056145960337,-47.537025579708704,35788023.423519574,41968433.78923901,-4077805.9881150895,-84548.30630511724,296.8850382910155,3060.1681941902766,-0.8738352720842352
2022-09-03 06:00:00.000000Z,0.0001637921263189,42165253.440521,0.1160734777451528,92.40772573849144,0.9341906901845984,291.1904621368118,0.0068084865492707,-47.53715133995139,35784619.02841263,38356508.0812984,17506285.23392972,-79126.50398481025,-1277.1056241758777,2797.035455219372,2.346913702232428
2022-09-03 08:00:00.000000Z,0.0001741781784482,42165432.24354301,0.1163133983854565,92.25609932530168,1.855269561320423,320.50784062928284,0.0026439035968093,-47.53245487863148,35781627.04601586,24410781.432730783,34373779.58197504,-52263.80338023912,-2507.329557542412,1780.1875162547556,4.943805681523085
2022-09-03 10:00:00.000000Z,0.0001745443330119,42165231.246615656,0.1167405652988599,92.1696161084534,5.753584932558675,346.7862559624341,-0.0020094272671021,-47.52434218611954,35779929.33211862,3887225.26008966,41978469.62738545,-11152.627421346391,-3062.048550075257,283.42553377990254,6.21261993983401
2022-09-03 12:00:00.000000Z,0.0001649737238437,42164824.9469774,0.1171823857145851,92.1969707164269,10.56478634891353,12.039084678238371,-0.0058824061248976,-47.5150922974232,35779884.804467626,-17683798.404717557,38269844.24001564,33140.20615735504,-2791.555364594371,-1289.8154004966557,5.806277883042672
2022-09-03 14:00:00.000000Z,0.0001497931629197,42164487.57008068,0.1174430992496621,92.29020212511224,15.471068241745082,37.12977716295394,-0.0079663957838768,-47.50702117727551,35781314.704729274,-34488884.97394451,24247298.16286949,68651.75575562852,-1768.766776853465,-2515.3869023319653,3.82870930089068
2022-09-03 16:00:00.000000Z,0.0001339099064735,42164516.27175904,0.1174877203610763,92.32671088468716,21.310664739592305,61.34103614216899,-0.0077932195691308,-47.50179134881774,35783670.77761702,-41999893.99553196,3690472.497932409,85744.67643686444,-269.5035971237092,-3063.0113868294443,0.8071629622736577
2022-09-03 18:00:00.000000Z,0.0001192876826359,42164999.3056872,0.1175351364585496,92.212061917764,28.986643193703305,83.86352259019453,-0.0055582618319343,-47.50010966993023,35786324.04548499,-38194521.81290548,-17860960.933815937,79707.23608066303,1302.104156090053,-2785.3381911791203,-2.4485758111690723
2022-09-03 20:00:00.000000Z,0.000106478399791,42165535.9720904,0.1178897564695404,92.00058894530162,35.10510303381147,108.03685272632408,-0.0020373000097909,-47.50192698080395,35788788.68545219,-24099892.719848804,-34601186.16826242,52042.301987773375,2522.686643558174,-1757.4503595208907,-5.061197478895688
2022-09-03 22:00:00.000000Z,0.000100481097992,42165535.439713225,0.11857046925343,91.87023441232252,32.96564430470118,140.383944628951,0.0016876106272726,-47.50678291065909,35790662.050507665,-3514044.992778872,-42022125.11297597,10106.367077231507,3063.65594571444,-256.3934026235289,-6.319383060527075
2022-09-04 00:00:00.000000Z,0.000108303449656,42165006.98543694,0.1192274409949153,91.91287321962636,24.38310084606904,178.99906636055292,0.0045864178054514,-47.513700638043645,35791435.90431694,18018162.18043018,-38126336.01296885,-34825.08989543887,2779.5280441286973,1313.578788709908,-5.871978460337763
2022-09-04 02:00:00.000000Z,0.0001244951451095,42164557.52047764,0.1195547505751046,92.02891399029129,16.817510507545503,216.5236193988954,0.005968272016454,-47.52083199572406,35790638.67360224,34698055.16098035,-23963422.69839005,-70586.22330421131,1746.8752121406303,2529.815966501012,-3.8296810616302577
2022-09-04 04:00:00.000000Z,0.0001418235874935,42164576.447936624,0.1196004152580386,92.06639701569205,11.184925604309496,252.19594462292724,0.0056150231657338,-47.52574325117661,35788267.11927601,42033265.30683978,-3347028.469525556,-87432.2699493214,243.62962768587295,3064.843889836273,-0.7389108693244112
2022-09-04 06:00:00.000000Z,0.0001602873036554,42164938.33711039,0.1196395438255924,91.97595841633468,7.860880101849268,285.691880764812,0.003779199658211,-47.526425640871054,35784972.400934905,38046614.63458094,18170756.60692425,-80706.42471302461,-1325.536994292586,2774.3697659845075,2.566467530804205
2022-09-04 08:00:00.000000Z,0.0001773346136702,42165331.93402049,0.1198951689496154,91.82868827771313,7.753320613769473,316.03304493358024,0.0010823475350451,-47.52222554625431,35781812.52828713,23809785.19362987,34792998.672158934,-52121.583106843,-2537.8971287559643,1736.300397836586,5.192075012444954
2022-09-04 10:00:00.000000Z,0.0001867798818817,42165517.48479928,0.1203806049893861,91.7408627636666,10.188875555373889,343.775542361668,-0.0016643008047957,-47.514133292440114,35779818.3520888,3157065.463167021,42039577.19090311,-9313.35453418185,-3066.5327504098864,230.12933879572543,6.425248672082371
2022-09-04 12:00:00.000000Z,0.0001837303588922,42165366.64754201,0.1209140692314951,91.78026023873606,13.52326956357617,10.493595660121038,-0.0036837875136792,-47.504423307737085,35779612.10992262,-18346421.05079693,37956334.56291461,36210.25709238583,-2768.740707504919,-1338.178744823078,5.927928903237159
2022-09-04 14:00:00.000000Z,0.0001684293498297,42164927.25797456,0.1212669537759068,91.9114121378638,16.133306517400957,37.84312642531103,-0.0044494564404153,-47.49583859332737,35781181.5540632,-34905368.06067775,23643566.00327089,72167.37297345808,-1724.7872972875202,-2545.775768088799,3.828217804781384
2022-09-04 16:00:00.000000Z,0.0001468560703932,42164525.55333287,0.12136202515552,92.01222650963769,17.69827340685563,66.26474127781914,-0.003834367158328,-47.49057730564731,35783895.39530932,-42057958.971270666,2959252.522691187,88810.88288568344,-216.22626074323583,-3067.2167641071637,0.6858451936302001
2022-09-04 18:00:00.000000Z,0.000124292705245,42164606.72617212,0.1213929451114855,91.96926351362004,20.231296666809254,93.85787430839586,-0.0021468113817396,-47.48951859528393,35786821.68475645,-37878656.52295059,-18522539.504008528,81555.03337766607,1350.296350616993,-2762.240324059901,-2.658088757438863
2022-09-04 20:00:00.000000Z,0.0001019059141229,42165218.68734981,0.1217027045055477,91.80207345908056,24.763602717472267,119.57223276873452,-2.8477611105732365e-05,-47.49217850941233,35789201.95669602,-23495409.61511989,-35014960.72615639,52221.18679978943,2552.82209847573,-1713.3067574914598,-5.30536504096594
2022-09-04 22:00:00.000000Z,8.564822324160641e-05,42165754.38586493,0.1224116910624706,91.68129062764338,26.235462568268915,148.2980784469392,0.0017724341304109,-47.497390261486,35790689.87472824,-2783791.508481168,-42076839.12993458,8582.540175451879,3067.6556932641856,-203.0952319039809,-6.538464215746474
2022-09-05 00:00:00.000000Z,8.680976642050459e-05,42165629.62227051,0.1232048004773732,91.74163311278024,21.01029922100209,183.5384989451544,0.0026807221820579,-47.50392543479794,35791146.03122689,18677640.18682092,-37807311.05362965,-37673.7246561957,2756.318215469082,1361.705967439566,-6.013256318006365
2022-09-05 02:00:00.000000Z,0.0001049298504601,42165031.86850127,0.1236767827727802,91.9143615017408,16.490150172316444,217.9615689750543,0.0024946324700849,-47.51041112014588,35790382.97065944,35109155.095158115,-23356494.17761279,-74059.0829487383,1702.6790275536612,2559.813807596153,-3.857885723763321
2022-09-05 04:00:00.000000Z,0.0001278779732633,42164578.87545589,0.1237839802567814,92.02597101842072,14.732323605207954,249.685261061492,0.0014106516760368,-47.51507102830672,35788313.21945073,42085147.04406671,-2615664.750227412,-90665.88126894884,190.3486337912527,3068.6105758189883,-0.6453512626600881
2022-09-05 06:00:00.000000Z,0.0001505091917548,42164616.22026536,0.1238101621117686,91.9918145293599,13.6292625157766,280.9035901971916,-9.93158296076906e-05,-47.51609411136685,35785277.87845999,37725296.22569283,18829463.850430906,-82885.4762802145,-1373.526558282891,2750.8890345835816,2.759650418346257
2022-09-05 08:00:00.000000Z,0.0001729954849808,42165072.12326004,0.1240392975511953,91.871035055921,13.361325031458565,311.37805872724016,-0.0014687783718618,-47.5124769727038,35782112.65702038,23201947.658265457,35201612.173839755,-52691.24018530107,-2567.6610413206568,1691.9167335184954,5.436168417747726
2022-09-05 10:00:00.000000Z,0.0001915204701384,42165617.96729385,0.12453072253781,91.79044557410964,14.708231418016604,340.20165905462625,-0.0022131148893347,-47.5046942273728,35779882.553756215,2426529.691821682,42088127.78275177,-8129.555650797367,-3070.067498743124,176.80177390693757,6.657449560200076
2022-09-05 12:00:00.000000Z,0.0001976635434881,42165837.43595012,0.1251124228925899,91.8374857790173,17.035411763324902,7.91948036345301,-0.0020682651639188,-47.49478714493509,35779445.246119566,-19002858.608772997,37631789.71384851,38838.94512809648,-2745.096590407207,-1386.0990715617763,6.08823618779369
2022-09-05 14:00:00.000000Z,0.0001864582899253,42165480.71409952,0.1255335570067841,91.99580868939252,18.339082917380328,36.5486668806778,-0.001066743164447,-47.48574163339655,35781027.163074315,-35310830.0125948,23033338.822684005,75560.76693949226,-1680.3241877059695,-2575.3774616951114,3.8758301692751824
2022-09-05 16:00:00.000000Z,0.0001635437203088,42164764.59692538,0.1256722989166006,92.15465390587384,16.881113002669824,67.93537460069247,0.0004657160375792,-47.48029371705909,35784036.21286009,-42103173.73502198,2227808.1270647706,92100.0469030607,-162.93529238855268,-3070.5073042462723,0.6103390839871929
2022-09-05 18:00:00.000000Z,0.0001382913185509,42164356.02668656,0.1256740625432296,92.19117930142176,14.03446560016233,100.8282211663962,0.001994711693748,-47.47970396332915,35787313.683602974,-37551586.254778124,-19178022.822824605,83914.87560732116,1398.0269657926192,-2738.3415891348413,-2.834584707458253
2022-09-05 20:00:00.000000Z,0.00011092579189,42164777.18772985,0.1258832968384343,92.08985082103374,13.064546140688163,131.9780012995751,0.0029296098583103,-47.483306198538166,35789768.19805168,-22884446.78802428,-35417954.57337693,53083.25031549007,2582.1357754177443,-1668.6941596500053,-5.535693181217559
2022-09-05 22:00:00.000000Z,8.377635107061696e-05,42165697.221206,0.1265167232931449,91.9923145239886,12.304156846290724,162.91212742195572,0.0028190929565185,-47.48924007949711,35790936.74307948,-2053619.8909248435,-42119038.0396913,7765.27891853897,3070.699198844233,-149.79670501409748,-6.764926168513494
2022-09-06 00:00:00.000000Z,7.300382195918932e-05,42166145.27248023,0.127354858400017,92.06151414778112,8.354587282117873,196.8681570805477,0.0015447431758915,-47.495715223157326,35790954.09991177,19330494.615476634,-37477494.936196506,-39942.70577523508,2732.2916495651034,1409.3669424096786,-6.182002833913838
2022-09-06 02:00:00.000000Z,8.590944561921435e-05,42165669.202028185,0.1279419561812989,92.27808046387143,8.764769563125704,226.3177170393668,-0.0005747524778982,-47.50154193008349,35790033.90199354,35508946.118407086,-22743425.892272472,-77210.50657857499,1658.0262328941908,2589.0172729262827,-3.9292707746397193
2022-09-06 04:00:00.000000Z,0.0001102172384794,42164817.07397968,0.1281125285182679,92.46718240579492,13.925161860974962,251.04623709851504,-0.002860308966363,-47.50566282517568,35788189.07888864,42124092.35333371,-1884430.2500967009,-93920.32269275143,137.0806503715535,3071.4689455189987,-0.6018647082375748
2022-09-06 06:00:00.000000Z,0.0001356879078901,42164387.21525196,0.1281130968001162,92.50643130911324,17.517574736172698,277.495604339714,-0.0045157120279271,-47.50676853713664,35785503.12135814,37392844.36472057,19481797.64252019,-85435.37857597384,-1421.0384737341276,2726.6210140411085,2.907781952867734
2022-09-06 08:00:00.000000Z,0.0001618368409339,42164708.79074698,0.1282742880826227,92.42935133512267,18.485244402200223,306.6901797196642,-0.0049125339082252,-47.503737824121,35782493.94223471,22587768.43661304,35599278.26510478,-53902.61298388419,-2596.600608058015,1647.0810193502962,5.651772902332974
2022-09-06 10:00:00.000000Z,0.0001880795089392,42165512.74764189,0.1287131830615835,92.36272252210082,19.21880419995293,336.1125980954658,-0.0037999797543634,-47.49652287821009,35780124.334323555,1696197.4169170363,42124124.366308,-7708.428764585952,-3072.651597990636,123.4922943916095,6.8853226014070765
2022-09-06 12:00:00.000000Z,0.0002046663096294,42166154.284419954,0.1292863617567745,92.41049521196652,20.8588640715931,4.516695214359983,-0.0013873450811113,-47.48672803534948,35779414.08333863,-19652595.4514541,37296554.042363,40766.77366032738,-2720.641824701408,-1433.5329637792888,6.269680784232035
2022-09-06 14:00:00.000000Z,0.0002010244770359,42166053.52905045,0.1297369932386355,92.57843716106292,21.60538641035723,33.69374954935376,0.0017077585704441,-47.47734464852973,35780863.50844511,-35704952.874632165,22417214.468780223,78482.80375320178,-1635.4122393377345,-2604.1671182538216,3.964658840600642
2022-09-06 16:00:00.000000Z,0.0001802930055168,42165203.69242936,0.1299047305750481,92.77443115926756,18.64288448930032,66.54818344137057,0.004623082716269,-47.47155392450358,35784040.07618769,-42135491.485376924,1496816.3963058544,95256.25216613628,-109.66841691879836,-3072.886687661713,0.5855902514961371
2022-09-06 18:00:00.000000Z,0.0001561811957901,42164329.63244472,0.1298760326734902,92.87775925495616,12.104782035224735,103.06550397299476,0.0064816747951031,-47.47114258288217,35787680.35615053,-37213496.32373927,-19826859.601235785,86504.36496694047,1445.271475759616,-2713.671561559847,-2.963138276551152
2022-09-06 20:00:00.000000Z,0.0001305501368785,42164348.21361063,0.1299609464915185,92.84507051826422,6.155011023098681,139.12567627829412,0.0066303247288147,-47.475564396012025,35790373.162665874,-22267299.18323805,-35809882.276131034,54477.22984056413,2610.6210845812143,-1623.6543065919418,-5.731443075597261
2022-09-06 22:00:00.000000Z,9.865759979724732e-05,42165387.381028265,0.1304350388902935,92.7780988454321,0.6361978147536298,174.7867040405364,0.0048351529429302,-47.4824558922034,35791393.10546344,-1323832.0911439671,-42148744.69315758,7660.8260082899,3072.789536917354,-96.54079029406084,-6.976408185562308
2022-09-07 00:00:00.000000Z,7.613604646623879e-05,42166423.23792515,0.1312052141049907,92.84375531446284,352.189612238668,213.2429303542785,0.0013982012658248,-47.48929365822861,35790971.18198114,19976468.355626523,-37137214.18125972,-41469.92225163704,2707.458529488133,1456.5210608005343,-6.357832464977085
2022-09-07 02:00:00.000000Z,7.701438028434887e-05,42166354.60216735,0.131839057086251,93.07588443895196,353.0396807654644,242.23747217668827,-0.0028451973504928,-47.49468969637788,35789730.07862162,35897293.942585684,-22124803.761706837,-79749.99328875964,1612.9418331693098,2617.397399802303,-4.02924986199065
2022-09-07 04:00:00.000000Z,9.372014339594768e-05,42165304.64765321,0.132059216006317,93.323681841837,6.810258075344412,258.29776145665926,-0.0067047245822257,-47.498161105616745,35787968.806344256,42150199.4357684,-1154031.9336833889,-96833.19770910186,83.86352473184121,3073.416270599333,-0.6036664982247825
2022-09-07 06:00:00.000000Z,0.0001177348419047,42164353.420290425,0.1320296817568744,93.43590992650913,18.50878834097702,276.568182036307,-0.0089868967466578,-47.49911688055334,35785648.01004281,37049630.86818261,20127142.731932037,-88001.75401390766,-1468.0375204792365,2701.593089439251,3.0036985322487344
2022-09-07 08:00:00.000000Z,0.0001451179503075,42164339.59506752,0.1320964910052479,93.4108089463079,22.89436453179068,302.29234427092103,-0.0088906787270642,-47.496613605256506,35782933.05569976,21967818.77375327,35985659.462912895,-55493.613371447405,-2624.697198925282,1601.8406802278778,5.820861383980739
2022-09-07 10:00:00.000000Z,0.0001764942073285,42165229.27878893,0.1324321893496945,93.36295580798904,23.7821967938079,331.540928842022,-0.0062805414609779,-47.49018423178562,35780549.360362366,966697.7330024524,42147600.975329496,-7945.263296039631,-3074.2878063756657,70.25456773394367,7.084090849436735
2022-09-07 12:00:00.000000Z,0.0002029943157914,42166260.7153733,0.1329377225679194,93.4048748238833,24.98501834943612,0.3876527512414853,-0.0017481675356994,-47.48085473193804,35779564.39998078,-20295099.542855863,36951034.69600863,41913.81878159225,-2695.4002945029697,-1480.4324135623208,6.446845686165743
2022-09-07 14:00:00.000000Z,0.0002091859282693,42166541.96428411,0.1333700402006174,93.56278591583182,25.664714299385743,29.64167585445972,0.0035401736429843,-47.471360076373024,35780738.17622568,-36087442.90331703,21795887.464405723,80687.39992751183,-1590.0924007363924,-2632.115225026398,4.074924860044956
2022-09-07 16:00:00.000000Z,0.0001933652288832,42165761.49759162,0.1335466940773034,93.767562905763,22.409927081300705,62.78004379309616,0.008157312201884,-47.46513771559796,35783893.82719607,-42154938.50996894,767080.8910419338,97926.32085562152,-56.47050495406844,-3074.355454818099,0.6021972025072424
2022-09-07 18:00:00.000000Z,0.0001718859166399,42164549.95249662,0.1334971728530366,93.9105230088422,14.004480181016326,101.12526457945064,0.0107998803639009,-47.46453841827319,35787810.19118917,-36864688.83269971,-20468363.59689174,88946.05057695953,1492.0012734123277,-2688.2607568253443,-3.0410577614411904
2022-09-07 20:00:00.000000Z,0.0001515928085366,42164067.01530557,0.1334713160301362,93.93320301798146,4.931145554864798,140.25317730618573,0.0106398743664329,-47.46941444467571,35790844.10615386,-21644377.13787629,-36190340.70368995,56085.05464107103,2638.2766649893374,-1578.231953259315,-5.879252697016853
2022-09-07 22:00:00.000000Z,0.0001219268911094,42164932.76519315,0.1337524888309074,93.89711935263456,356.67261339259926,178.6221184596202,0.0075558167025512,-47.47722339577214,35791935.317821,-594773.727347095,-42165876.94169727,8075.26296071156,3073.943267913924,-43.37010697147937,-7.152417798296792
2022-09-08 00:00:00.000000Z,9.271137559792104e-05,42166394.66929829,0.1343572970389937,93.94918277577555,344.3255590246325,220.99171415038492,0.0021978829869851,-47.48475375841112,35791208.273765326,20615354.745570917,-36786669.34319793,-42286.68674147529,2681.839580402652,1503.132400834506,-6.516691590097239
2022-09-08 02:00:00.000000Z,8.299638515016155e-05,42166924.77746604,0.1349450319967018,94.16163098949048,338.2258131449991,256.9558112379672,-0.0041217042155034,-47.49009007656835,35789577.39333005,36274151.770159855,-21501055.8507611,-81534.07880365865,1567.4503090344388,2644.928251632205,-4.134059246093804
2022-09-08 04:00:00.000000Z,8.522484930996133e-05,42165975.82849854,0.1351833491523385,94.428948174841,353.4660321481637,271.5275024304364,-0.0097165607287991,-47.492998228748434,35787742.72952602,42163621.19866445,-425016.0817277506,-99106.30118552878,30.727487271410283,3074.447639873949,-0.6324441799979981
2022-09-08 06:00:00.000000Z,9.96592673195377e-05,42164583.46389488,0.1351302985130109,94.59274510536972,15.111370561516408,279.79985158100914,-0.0129752618474139,-47.49364826987792,35785730.83318779,36696018.80257432,20765014.3352687,-90190.1296807441,-1514.497822835919,2675.826947488118,3.0551048277553257
2022-09-08 08:00:00.000000Z,0.0001246468015715,42164083.84531504,0.1351023608375673,94.6159769447002,26.04853490865251,298.92367258258776,-0.012854803458372,-47.49156487532213,35783404.49607442,21342595.22152482,36360499.91889542,-57062.18391110191,-2651.940849877739,1556.235372900168,5.937638917170621
2022-09-08 10:00:00.000000Z,0.0001578163624346,42164847.880152434,0.1353079320433288,94.58889934179705,28.408367878425075,326.67854564770505,-0.0092272793984592,-47.48607051801764,35781150.21686906,238531.53880195413,42158611.55901852,-8526.933946560515,-3074.984635146156,17.133031710419857,7.235286082616065
2022-09-08 12:00:00.000000Z,0.0001919679860826,42166152.24483437,0.1356981336718256,94.62084462787716,29.469392662905648,355.6762085067829,-0.0029501482233007,-47.47757265241345,35779943.72252695,-20929990.355277862,36595593.64061021,42426.66184281478,-2669.396533555945,-1526.7575637051682,6.592912160044089
2022-09-08 14:00:00.000000Z,0.0002085514520478,42166859.690048136,0.1360650114594223,94.75207396939254,30.36510447208404,24.740665571861022,0.0043537378945907,-47.46831017820522,35780735.59472604,-36458145.1894563,21169965.62261432,82117.78010658555,-1544.4021245628996,-2659.194993241115,4.178181913601811
2022-09-08 16:00:00.000000Z,0.0001996488872138,42166329.259279095,0.1362271589896658,94.93681834079833,27.62497535875324,57.38478196533679,0.0107335185713687,-47.46171394899809,35783653.56346132,-42161653.955451466,39323.152498415904,99864.33049653574,-3.3834272270064787,-3074.9103929239827,0.6371750078877929
2022-09-08 18:00:00.000000Z,0.0001809819575151,42164974.02824879,0.1361715746754288,95.08634838027945,18.73932378288156,96.20414550174972,0.0144389548279039,-47.4606063627044,35787660.36734773,-36505567.30624697,-21101890.11962549,90865.49580298083,1538.1882423597856,-2662.133100229663,-3.080406456209156
2022-09-08 20:00:00.000000Z,0.0001661372777711,42164021.64115613,0.1360770006686316,95.14082626279408,7.764972103394223,137.20134148667847,0.0143937020215624,-47.46541786674756,35791024.00591931,-21016186.16994763,-36558921.66481502,57492.65735472286,2665.103548561005,-1532.4656405430562,-5.978026916458635
2022-09-08 22:00:00.000000Z,0.0001429022399277,42164492.24143441,0.1361873981480879,95.12974453787471,358.2080809728336,176.84307405250846,0.0104880879544852,-47.47379215604679,35792371.49606407,133154.66520617995,-42170297.38834474,8646.966965746351,3074.185797368962,9.681194322872386,-7.279893797384567
2022-09-09 00:00:00.000000Z,0.0001120460643723,42166093.78262564,0.1365810510487128,95.1641200176046,344.8622303357181,220.22839351768053,0.0036247410221417,-47.48208298749661,35791563.63883957,21246963.200584427,-36425930.18224321,-42627.14511940359,2655.4645562459264,1549.1772639512744,-6.636780854382182
2022-09-09 02:00:00.000000Z,9.644256264500425e-05,42167232.42693443,0.1370378066785017,95.32766161293172,332.1874055010705,262.81619076656136,-0.0044810985482165,-47.48770492723832,35789603.595509544,36639522.44165392,-20872396.03459449,-82619.25782930978,1521.575475686428,2671.593256567616,-4.21683360189564
2022-09-09 04:00:00.000000Z,8.822192580077635e-05,42166683.927444905,0.1372505857613785,95.5654580948084,339.8088572402645,285.03650359121,-0.0117031392283002,-47.49027951910016,35787581.51954564,42164514.71105758,302319.9508324715,-100598.32430689943,-22.30814922389297,3074.5578229786925,-0.6610959938678926
2022-09-09 06:00:00.000000Z,8.611327305442223e-05,42165071.58674309,0.1371889342962847,95.7412112550644,6.0488838246966266,288.702570211642,-0.0160473728673662,-47.49056748174828,35785770.01672202,36332281.78443781,21395138.453434244,-91682.43172476436,-1560.4076285330266,2649.334489527197,3.082921203273488
2022-09-09 08:00:00.000000Z,0.0001029530213388,42164045.16070198,0.1370959261806446,95.79561457205884,26.698360820604705,298.0826362979856,-0.0162216175537894,-47.4887544401854,35783864.35217597,20712407.90866339,36723659.01659317,-58180.193083650505,-2678.333796101456,1510.2884175435554,6.0109841084450615
2022-09-09 10:00:00.000000Z,0.000134288917061,42164484.63798711,0.1371783361524296,95.78712230991964,32.770546057514274,322.1056030172177,-0.0120427603395113,-47.48422848612249,35781879.04195133,-488055.5437475131,42157190.05219632,-9014.8411908956,-3074.756766964329,-35.84863713997129,7.332773686329762
2022-09-09 12:00:00.000000Z,0.0001725405047903,42165880.06005342,0.1374308465225703,95.80799358095857,34.25067878844401,350.6940970996347,-0.0045267838640938,-47.47686547550749,35780563.45520287,-21557152.44644967,36230420.69333224,42647.91893214073,-2642.651111142106,-1572.4889063832532,6.687879609624777
2022-09-09 14:00:00.000000Z,0.0001982912493495,42166967.35493293,0.1376972617556781,95.90214991674983,35.55223871175036,19.38913340464406,0.0043696476793889,-47.46824888458174,35780943.039823465,-36817105.266968936,20539764.14348144,82936.63162890566,-1498.3656565575166,-2685.3913714716487,4.245532702744338
2022-09-09 16:00:00.000000Z,0.0001973583249065,42166801.419152334,0.1378230786882964,96.04402015343616,33.79999275035663,51.08837487003154,0.0122755582113311,-47.46151866012234,35783436.22259372,-42155869.94966801,-686062.1805353495,101014.8142406232,49.56580307573151,-3074.545802873893,0.6601488291353432
2022-09-09 18:00:00.000000Z,0.0001815270268295,42165508.65392061,0.1377747884460054,96.16937033384826,25.428926493676272,89.4179850516626,0.0170491548196568,-47.45975870017829,35787292.516106635,-36136544.64493944,-21727059.673609763,92006.42479944287,1583.8116693704667,-2635.2990255169225,-3.1054070314835958
2022-09-09 20:00:00.000000Z,0.0001702354058288,42164225.95739944,0.1376643890189378,96.22881864725882,13.279671387209032,131.58567498374833,0.0173588924096394,-47.464008769181945,35790852.49239059,-20383219.65892096,-36915371.20249297,58309.19803107295,2691.1021691648625,-1486.377789229315,-6.040257492551003
2022-09-09 22:00:00.000000Z,0.0001546868464099,42164210.330327936,0.1376667951991726,96.23235054110636,2.7292842447162373,172.20627616218854,0.0130441885989912,-47.4723964881762,35792535.31364167,859553.5607949909,-42161910.42827629,8944.576220456745,3073.5413188560174,62.59412130818583,-7.357612375005647
2022-09-10 00:00:00.000000Z,0.0001298659201895,42165517.48292856,0.1216255983173507,96.34106808083952,349.823031294866,215.0770985091089,0.0122081337791283,-47.48124365623696,35791861.58355796,21871089.08011733,-36054997.189916894,-37690.05539387532,2628.3617965273515,1594.6481474805337,-5.919143981652712
2022-09-10 02:00:00.000000Z,0.0001113092764896,42167083.70787717,0.1219092252801336,96.45589661012562,334.0320225422698,260.829338932581,0.0091813411468679,-47.48731768399055,35789694.24301837,36993371.672933824,-20238850.28173452,-73370.53360836842,1475.3340815137713,2697.391598375369,-3.764509815948773
2022-09-10 04:00:00.000000Z,0.0001007112093809,42167115.15329059,0.1220584773779429,96.64538331005464,332.7896592951008,291.9619220233337,0.0034672851211988,-47.48974626402477,35787389.56039733,42152899.59948672,1027951.4835959212,-89449.49385111983,-75.24573027990384,3073.7476087122627,-0.5985491268307992
2022-09-10 06:00:00.000000Z,8.507903480661408e-05,42165586.62992699,0.1220064839553151,96.80556197530292,353.32888573611007,301.3448673816184,-0.003387579463343,-47.48953127996987,35785583.28086671,35958346.23231173,22017492.767584413,-81586.66216819774,-1605.7906642281823,2622.1141823178705,2.733650681413472
2022-09-10 08:00:00.000000Z,8.668732481191442e-05,42164134.25333612,0.121900777992404,96.87139067766738,21.676497688388935,303.0155468316918,-0.0094672956724755,-47.487546082713465,35784005.49147716,20076945.427956253,37075056.75970852,-51845.63417500984,-2703.9161940822314,1463.98242865568,5.338808724641045
2022-09-10 10:00:00.000000Z,0.0001117356177402,42164120.75202785,0.1219015315627434,96.87470264089484,34.671602497598585,320.1032643269804,-0.0130419332339678,-47.483545788743584,35782369.06980884,-1213659.5580782993,42143033.062595926,-8168.919215866261,-3073.637951485895,-88.73559503610716,6.515011573606273
2022-09-10 12:00:00.000000Z,0.0001499364030006,42165404.53561262,0.1220273588357551,96.88706340068114,37.980614157548274,346.8704424635145,-0.013067943071333,-47.47712881851788,35781110.62605313,-22177309.387956586,35854813.96787559,37735.14549052342,-2615.1616505228685,-1617.6876030667838,5.942674487618171
2022-09-10 14:00:00.000000Z,0.0001820033559488,42166746.63047175,0.122181169193705,96.94853469610568,40.090213758400914,14.789389882896982,-0.0094846181991909,-47.46924461065947,35781189.30130698,-37164861.52767854,19904181.827930704,73535.84125992862,-1451.9350806043876,-2710.7480214801026,3.772784215073087
2022-09-10 16:00:00.000000Z,0.0001889633310122,42166974.106610894,0.1222578884500809,97.04627630467648,39.63065608854743,45.24003774315608,-0.0032335989394653,-47.46254782849815,35783225.76612022,-42137672.36927156,-1410336.4024279234,89603.69733269629,102.44965389939348,-3073.2598195395967,0.5874876235666252
2022-09-10 18:00:00.000000Z,0.0001765676964143,42165910.91276971,0.1222267161784672,97.13624608229902,32.54490303153587,82.32037818494591,0.0039976464085692,-47.46012607323888,35786777.700372934,-35757193.6393589,-22344942.92858538,81610.27279339921,1628.9367845803174,-2607.709411554918,-2.756952143266828
2022-09-10 20:00:00.000000Z,0.0001668222695473,42164491.888375536,0.1221474452929596,97.1834227624138,20.011993983299945,124.8848737321255,0.010236274739911,-47.46349775115306,35790377.03670649,-19744668.830519862,-37260286.58401843,51695.80655131686,2716.3116109280813,-1439.8894284575651,-5.361542644701281
2022-09-10 22:00:00.000000Z,0.0001579661957811,42164031.69692892,0.1221176991152517,97.190802824948,8.511964814318565,166.4517638299655,0.0137612064824343,-47.4713906552156,35792369.79087897,1585400.382854261,-42140693.94617959,7890.264596991878,3072.017112269036,115.45911980779805,-6.526877291640129
2022-09-11 00:00:00.000000Z,0.0001362900605206,42165100.02558301,0.1221878072319697,97.19875297349353,356.1051368443952,208.92383435126987,0.0135719380035111,-47.48033145601439,35791992.70582616,22488685.53728154,-35673203.03086002,-38047.72764689634,2600.5099669271863,1639.6291459868808,-5.940257882190032
2022-09-11 02:00:00.000000Z,0.000117959871813,42166805.07242588,0.1223084435275024,97.24807153028236,338.99884943910126,256.05646881050563,0.0096674748108898,-47.48679990064022,35789866.0804995,37336362.62441178,-19599261.857053086,-73786.06168880056,1428.6693237664433,2722.369664466705,-3.758593600083414
2022-09-11 04:00:00.000000Z,0.0001097344262891,42167409.42732462,0.122375951926629,97.33524765422295,331.2079391976101,293.83976960653257,0.0030638249755651,-47.489368264868375,35787401.77292518,42128980.771384455,1753165.381070668,-89723.55792901706,-128.14928131655537,3072.006603868566,-0.5662550964383354
2022-09-11 06:00:00.000000Z,9.020316612949938e-05,42166240.7654791,0.1223489756656843,97.41350249565195,343.1270785245234,311.9249504069122,-0.0044634302788108,-47.48892871889059,35785562.22302161,35574039.1994046,22633130.89766853,-81565.72041280034,-1650.683454264382,2594.117655419836,2.7806436686829508
2022-09-11 08:00:00.000000Z,7.708568793759584e-05,42164856.352935,0.1222899742030671,97.44898376935836,6.980875726630929,318.11994871953914,-0.0108586751920101,-47.48678672638448,35784299.245435484,19435873.434980508,37415440.70393392,-51486.26652602353,-2728.6915997491965,1417.278794445426,5.382705559870321
2022-09-11 10:00:00.000000Z,8.824528850228454e-05,42164373.17568388,0.1222743673086342,97.45317382882052,29.71779213288251,325.46436987323466,-0.0143581466583291,-47.483392896567615,35783170.967945784,-1938545.7784711092,42116717.258268505,-7556.908893554955,-3071.61022932687,-141.53270251449624,6.538900728979717
2022-09-11 12:00:00.000000Z,0.0001214403568593,42165373.03182723,0.1223134230958713,97.45739297327044,38.26144561011372,347.00365444105563,-0.0139827997120917,-47.47836910643344,35782246.59032528,-22790624.753087025,35469478.31755858,38413.80588012742,-2586.924844125124,-1662.3137528915013,5.936369156287619
2022-09-11 14:00:00.000000Z,0.0001556650447628,42166799.5053601,0.1223660884657873,97.47872118026667,42.55650465962133,12.775653122535246,-0.0098105051022687,-47.47211716500944,35782261.05899872,-37501728.392184034,19264320.58935403,74055.856917215,-1405.1611581325787,-2735.2008836974373,3.735790867587312
2022-09-11 16:00:00.000000Z,0.0001689876134199,42167368.72251016,0.1223909901301511,97.51079858600887,43.887669501643565,41.50004947124757,-0.0029571618192149,-47.46661354000732,35783894.317034975,-42107996.93193356,-2131999.108841844,89771.67717423008,155.14715468039634,-3071.016104699371,0.5289180304001351
2022-09-11 18:00:00.000000Z,0.0001608477701949,42166632.79459261,0.1223820923918821,97.53648321109156,38.40820599745653,77.03798332802695,0.0047260455116633,-47.4645939020245,35786973.43008898,-35369494.423409335,-22954058.199887503,81326.2439421176,1673.4042699785398,-2579.4137486518243,-2.8208507441111457
2022-09-11 20:00:00.000000Z,0.0001523554673641,42165265.6003699,0.1223662331906921,97.54622291992874,25.801626872089702,119.7138068189108,0.011156803476141,-47.467744553351146,35790312.08779503,-19103578.19134895,-37592935.489537805,50989.88355679255,2740.6101018915533,-1393.1577971486224,-5.411677643418086
2022-09-11 22:00:00.000000Z,0.0001489834813194,42164495.48759926,0.1223699161236246,97.54618183761156,12.98921559182122,162.60082093438524,0.0145887637158149,-47.47531654122241,35792352.79181222,2307155.1155635314,-42107329.48640314,6925.383330086779,3069.607414765797,168.05242365091982,-6.546304738332056
2022-09-12 00:00:00.000000Z,0.0001362672409417,42165111.11983538,0.1223896841709042,97.54804548095998,0.4403887671196423,205.22094452055305,0.0140867556458309,-47.48428951192032,35792171.97024047,23096644.781409223,-35282834.8727379,-39009.24667905127,2572.0403596870065,1683.9140683781673,-5.919040436111165
2022-09-12 02:00:00.000000Z,0.0001227528773655,42166675.77523681,0.1224004124634426,97.55183601953756,343.46344514006,252.2693935087398,0.0097829464425466,-47.4911276015018,35790114.53293523,37666761.34158989,-18957082.712782804,-74446.95344916321,1381.8200954124093,2746.420567132756,-3.697449330630469
2022-09-12 04:00:00.000000Z,0.0001196084986604,42167680.50538389,0.1223969727113991,97.54505282704037,331.93628347542847,293.882651173073,0.0028443356847989,-47.49394971457419,35787501.02004957,42092887.58002157,2474221.969303641,-89835.7150552169,-180.75517485295185,3069.3632464077346,-0.4781634767654676
2022-09-12 06:00:00.000000Z,0.0001043039356956,42167027.13540403,0.1224064588017016,97.52456934416875,336.13703554576045,319.7851276206688,-0.0048450169431266,-47.49333993343748,35785531.36365278,35181219.78871543,23238978.905311197,-81015.33084839556,-1694.8815236797727,2565.4957626664213,2.8720284083879624
2022-09-12 08:00:00.000000Z,7.844844515799013e-05,42165428.458303824,0.1224422018836217,97.50523010138023,355.4495165703776,330.5764510168091,-0.0112027392103229,-47.49100940984341,35784410.25238008,18792234.69997817,37742943.32107423,-50350.60620057787,-2752.5595997022906,1370.3760210332591,5.449374593283107
2022-09-12 10:00:00.000000Z,7.364173053260642e-05,42164571.944871046,0.1224793940419618,97.49875158383767,22.22281201431152,333.8949004565774,-0.0145175097155214,-47.48787677707388,35783646.58324298,-2659458.0170168867,42077823.62031969,-6102.2743495844825,-3068.712412052754,-194.05168062130477,6.557933998830889
2022-09-12 12:00:00.000000Z,9.744121289935558e-05,42165186.14973212,0.1224902364049803,97.49907213344032,37.87803140687712,348.3255920955233,-0.013908085131173,-47.48377860207408,35783025.50168517,-23394494.11570789,35075057.86760031,39800.02684297006,-2558.0692545851166,-1706.2702228723224,5.898093021811285
2022-09-12 14:00:00.000000Z,0.0001297351659191,42166525.52912147,0.1224744667690678,97.49169202787074,45.48061798354985,10.8175375300838,-0.0095547645860175,-47.47876069035967,35783015.23480612,-37826068.31720721,18621108.772144716,74976.49236678366,-1358.1676602701086,-2758.7648242453192,3.64729557360458
2022-09-12 16:00:00.000000Z,0.0001468352899477,42167325.724548906,0.122458419733313,97.46749092989327,49.10507549916984,37.304019942431104,-0.0026474716097547,-47.47415674603044,35784263.35940272,-42065837.05432565,-2850485.634122767,89936.81840627629,207.6143120362328,-3067.887192108922,0.4122014222306386
2022-09-12 18:00:00.000000Z,0.0001422500594824,42166940.16863329,0.1224753864615148,97.43066853014982,45.92298931039005,70.60698511660581,0.0049370052188818,-47.47223535001971,35786810.71398747,-34972428.38294649,-23554310.980334155,80640.87878363661,1717.2561965963428,-2550.4567247471823,-2.934913577942124
2022-09-12 20:00:00.000000Z,0.0001331262777922,42165769.60329791,0.1225382012225346,97.3977189357566,34.15507615881593,112.48751651744732,0.0111447496569889,-47.47470128959668,35789778.980572544,-18458475.018789213,-37913261.25536344,49588.70702902709,2764.0692566501766,-1346.1443657416355,-5.491616171400153
2022-09-12 22:00:00.000000Z,0.0001312806212247,42164858.09810576,0.1226178386516407,97.3848486117992,20.053546862733008,156.67745943591711,0.0143035914032048,-47.48129170881354,35791804.11827223,3026687.781281064,-42061182.44174038,5146.233541893298,3066.3402137955327,220.49027629724296,-6.568457048294853
2022-09-13 00:00:00.000000Z,0.0001256003169714,42165057.546155326,0.1226557382032442,97.3871246668935,6.922189171996673,199.88036662189475,0.0135784711927276,-47.48959961037937,35791900.80165627,23696751.819049858,-34882293.27729749,-40706.69549258064,2542.8956808700623,1727.6428562841518,-5.874040996151409
2022-09-13 02:00:00.000000Z,0.0001176133909159,42166295.42522637,0.1226223197675434,97.37026836719842,350.4120312511356,246.4827501175152,0.0091993947006398,-47.49636441754774,35790136.82913043,37985620.47249784,-18309839.97986804,-75597.04449535326,1334.6452380362366,2769.635407875526,-3.593146436163634
2022-09-13 04:00:00.000000Z,0.0001192427082307,42167453.44590642,0.122578132875987,97.29991690049056,336.96312575001923,290.08108445760627,0.0023964384151913,-47.49942189073121,35787589.49966432,42044492.65672236,3193902.387914132,-90088.93741149144,-233.2395227387403,3065.80691460848,-0.33845685879826
2022-09-13 06:00:00.000000Z,0.0001126352674102,42167312.841393456,0.1226291891660079,97.19324326866808,336.8038589302084,320.4297217826867,-0.0049485084526034,-47.49886005662008,35785514.48139101,34778556.735867195,23837345.896064583,-80238.59563964957,-1738.5339328510745,2536.131393909527,3.0119949099723904
2022-09-13 08:00:00.000000Z,8.837005971778571e-05,42166002.81953057,0.1227836545696343,97.11263724855378,348.9165138170876,338.48235377056886,-0.0108362296749847,-47.49631370682383,35784399.263483524,18143746.207418613,38058922.31529025,-48681.25636618761,-2775.6135208601045,1323.1088186367697,5.551238019710899
2022-09-13 10:00:00.000000Z,7.123192333418446e-05,42164948.05299567,0.1229282829898952,97.08909802560248,11.15397969964061,346.35373311086374,-0.0137027030380693,-47.493141494722686,35783892.338077866,-3379014.3439249555,42026407.94063314,-3933.587755008035,-3064.9426710411144,-246.4792585601199,6.590848558843754
2022-09-13 12:00:00.000000Z,8.131527630397807e-05,42165161.59251196,0.1229712092260046,97.09120483629698,32.638088281634786,354.95321166882684,-0.0128267442444561,-47.48958115477223,35783609.21195458,-23991188.71540165,34670361.276069656,41911.33418355696,-2528.504143986313,-1749.707539058707,5.848897416667248
2022-09-13 14:00:00.000000Z,0.0001069188212066,42166275.015802905,0.1229294471060839,97.07069121015184,45.43681366202546,12.26112757810097,-0.0085009004065454,-47.48558763456642,35783732.46253862,-38139285.01882659,17972543.744828273,76459.98629563997,-1310.8130928559551,-2781.509453452566,3.5255965293760942
2022-09-13 16:00:00.000000Z,0.0001243270949129,42167170.514708,0.1228906897681,97.00787110769495,52.293063665358815,35.55344291877838,-0.0019385098746321,-47.48197723345881,35784768.11751175,-42011570.34924237,-3567962.748101176,90369.04923469078,259.98450079099774,-3063.8509333548554,0.2482986158961116
2022-09-13 18:00:00.000000Z,0.0001225670281357,42167095.79496073,0.1229349203647799,96.9212918198292,51.95356770924212,66.06316089017736,0.0050582092385878,-47.48046950557092,35786861.33682445,-34565601.219094776,-24147461.94164356,79867.82693871569,1760.5678716097732,-2520.755902995349,-3.0982195022230874
2022-09-13 20:00:00.000000Z,0.0001131394924689,42166206.16918947,0.1230769827805974,96.8505134159831,41.92623067476455,106.24130827549082,0.0105867824748984,-47.48257202188967,35789402.947533034,-17808679.52215992,-38222376.64468888,47775.24390102085,2786.695155594857,-1298.760471153927,-5.61059488008053
2022-09-13 22:00:00.000000Z,0.000110862176777,42165310.50308854,0.1232504219564507,96.82511301258396,26.890460767892392,151.3788762563631,0.0131611342534183,-47.488308157233405,35791276.72490918,3744554.715886684,-42002830.33656167,2739.5979851254406,3062.182182084116,272.82936046907304,-6.610214785790538
2022-09-14 00:00:00.000000Z,0.0001104026918658,42165201.06594607,0.1233502610230453,96.83376948355286,12.711624195931057,195.6236561272534,0.0121164004173893,-47.49584209513789,35791547.18023187,24289305.10531274,-34471873.52848352,-43089.64288859688,2513.042992908347,1770.8400464493866,-5.82545508853154
2022-09-14 02:00:00.000000Z,0.0001088907409598,42166037.82209725,0.1233276935101538,96.81923297096324,356.8626447588992,241.56280310798016,0.0077912018025913,-47.502345361313,35790086.88182461,38293062.91436155,-17657702.517298933,-77328.91921390744,1287.1292866032338,2792.028286578748,-3.464502291648794
2022-09-14 04:00:00.000000Z,0.0001151269649863,42167120.50534836,0.1232747081374539,96.72344453437618,343.1841438964266,285.41598185617534,0.0014326099602641,-47.50559073137845,35787692.519079044,41983855.149527706,3912142.6713898894,-90694.7246514214,-285.60625763963924,3061.352811761071,-0.1608764871337625
2022-09-14 06:00:00.000000Z,0.0001173135018853,42167368.2571668,0.1233634843454625,96.56311088152432,340.5540564937068,318.28893025596983,-0.0051613864616269,-47.505198195451136,35785538.16531265,34366098.99605838,24428270.911363296,-79520.47261794202,-1781.640058470928,2506.037121919579,3.1941924390375958
2022-09-14 08:00:00.000000Z,0.0001008025054019,42166479.43813104,0.1236323990918068,96.43262807062727,348.1200531921977,340.9382517415925,-0.0101661345326016,-47.50249714110154,35784324.9726043,17490509.115212586,38363434.44320683,-46777.63484675746,-2797.8456154861283,1275.4786837351494,5.690826269994175
2022-09-14 10:00:00.000000Z,7.975381747110377e-05,42165426.73755912,0.1239117261022176,96.39277272609938,3.450546701614806,355.7331564322685,-0.0122509091265414,-47.49908816141375,35783936.20393573,-4097070.391164006,41962536.02076689,-1299.039025750598,-3060.2977546307748,-298.8145399014985,6.64921802107849
2022-09-14 12:00:00.000000Z,7.645785247238404e-05,42165301.35207079,0.124034543465534,96.40343014984612,23.91015065389763,5.348435735476232,-0.0109259962540693,-47.49568139786499,35783954.51821319,-24580566.19407952,34255448.27714551,44609.80914453785,-2498.232877242735,-1792.6291113337684,5.8072798105679455
2022-09-14 14:00:00.000000Z,9.103877981029098e-05,42166102.98743261,0.1240075611418618,96.3868826062537,41.36435179040164,17.996212582359078,-0.0066381908175752,-47.49238534840581,35784315.007217966,-38441267.30986903,17318636.274217203,78514.00755097378,-1263.101379866106,-2803.4446347944054,3.39178828762713
2022-09-14 16:00:00.000000Z,0.0001046210888985,42166960.68569371,0.1239646730665064,96.30734575420196,52.2806567803859,37.24427028407377,-0.0006219901549665,-47.48969433310637,35785311.644342385,-41945096.92024357,-4284498.175192822,91221.28056686962,312.2587776548022,-3058.917818543792,0.0555814756782087
2022-09-14 18:00:00.000000Z,0.0001038977903572,42167117.391851,0.1240336927689815,96.19004256489283,55.35898860941442,64.366272779725,0.0054447916972663,-47.48879798452965,35787084.698589265,-34148894.80893359,-24733633.392650235,79267.9084319462,1803.3421095299905,-2490.315278494723,-3.2998170384962364
2022-09-14 20:00:00.000000Z,9.4522591430934e-05,42166535.58193305,0.1242438705516949,96.0926411210581,47.97997722396898,101.92275755153489,0.009896798373789,-47.49086035079893,35789221.63691385,-17154069.342066277,-38520409.35427463,45853.54013209303,2808.485301761597,-1251.0045211078684,-5.76778824763737
2022-09-14 22:00:00.000000Z,9.081486016979054e-05,42165777.4362539,0.1245088374258877,96.05872089487936,32.763172505460055,147.25048870612048,0.0115324381422913,-47.49598805281483,35790860.926193655,4460837.515482354,-41932389.80414117,-21.84927679837756,3057.1252999697217,325.0701872298657,-6.6808674876883645
2022-09-15 00:00:00.000000Z,9.343353846949168e-05,42165491.57021973,0.1246889966208621,96.07835978240402,17.291745036379975,192.77760297594835,0.009941025887704,-47.50279640458006,35791196.661459826,24874330.072441105,-34051700.2595512,-45981.28221422146,2482.476092099045,1813.5034288050133,-5.789984667791682
2022-09-15 02:00:00.000000Z,9.807691957208742e-05,42165942.86119529,0.1247108784415128,96.08284540888675,2.196470804180066,237.94438055351537,0.0056167587313258,-47.50894205513095,35790000.457688235,38589093.501966745,-17000804.193570297,-79599.63288227221,1239.272948984007,2813.5999492980386,-3.331189883168596
2022-09-15 04:00:00.000000Z,0.0001086255566635,42166790.29841152,0.1246710320240034,95.99538434179854,349.69309838519155,280.61397287263253,-0.0001766408519768,-47.51231811386692,35787809.150685124,41911006.50500464,4628836.869336432,-91748.33508565144,-337.849191186299,3056.007788060754,0.0365692296027367
2022-09-15 06:00:00.000000Z,0.0001179862992131,42167246.779139966,0.1247845279974974,95.81932709682532,346.080292141003,314.4850979650591,-0.0057661115952048,-47.51219114686635,35785623.26975015,33943936.16716966,25011709.771039285,-79068.80013334707,-1824.1901060755756,2475.2226201068947,3.405854174404267
2022-09-15 08:00:00.000000Z,0.0001114898185141,42166802.32704898,0.1251392032819238,95.66096812098128,351.0522673312939,339.7563446113599,-0.0095638913782324,-47.50946246112976,35784254.48858833,16832691.740650393,38656509.5107935,-44913.17235306079,-2819.244555720141,1227.496680580112,5.863010918659937
2022-09-15 10:00:00.000000Z,9.352907351411472e-05,42165929.25358351,0.1255505507934653,95.61067590290854,1.5876794351656731,359.3570688281562,-0.0105396320401266,-47.50575236995117,35783848.76225077,-4813390.946677832,41886326.03403319,1523.317704031594,-3054.771849135581,-351.0443350953038,6.7369800212299005
2022-09-15 12:00:00.000000Z,8.22355030214087e-05,42165580.096146725,0.1257807374033562,95.63617315157472,16.84794142595162,14.156992617158574,-0.0085011844947491,-47.502203637605,35784080.8828202,-25162389.38563376,33830526.21512512,47677.79659861174,-2467.26103834393,-1835.0247084842636,5.785807810978811
2022-09-15 14:00:00.000000Z,8.461583654758183e-05,42166040.19567096,0.1257998594578525,95.6392009504303,34.33044106857567,26.75654696152862,-0.004107359397854,-47.49925657807391,35784717.24536056,-38731851.27125917,16659634.106948994,81034.74512072273,-1215.0459558514267,-2824.570167307759,3.2642769606490134
2022-09-15 16:00:00.000000Z,9.050140205905524e-05,42166747.58440396,0.1257667716171606,95.56480067056988,48.38121481344337,42.86426547251844,0.0013516386505657,-47.49729948605048,35785813.31156167,-41866350.78071467,-4999881.640369638,92529.79673845028,364.4247079510409,-3053.0977130567358,-0.1462864620648669
2022-09-15 18:00:00.000000Z,8.808376169543699e-05,42167037.16690386,0.1258532987028365,95.43724791233504,55.045457277164914,66.40992473967884,0.0063240371043204,-47.49708512723869,35787413.493105814,-33722313.767091274,-25312703.53519272,79008.2149874275,1845.571784021276,-2459.14838900532,-3.5238279449827976
2022-09-15 20:00:00.000000Z,7.846557462628192e-05,42166745.890363954,0.126112431695122,95.32642611340988,51.0569104916618,100.58914968018,0.0094216877292163,-47.499362961057045,35789216.652620785,-16494686.752062466,-38807332.81269246,44078.71156807618,2829.4357933618085,-1202.8891382271556,-5.955143318718506
2022-09-15 22:00:00.000000Z,7.297257425233002e-05,42166204.65695986,0.1264528557409455,95.2890787902522,36.72429819995458,145.0364537760419,0.0097961162324356,-47.50415254973668,35790589.21780882,5175471.1215443285,-41849921.87893258,-2859.587117753484,3051.1672324575748,377.2008384310939,-6.782062246361751
2022-09-16 00:00:00.000000Z,7.674590733904622e-05,42165869.69923415,0.1267122304175256,95.32198371328715,20.036721785725696,191.76704165941123,0.0073692878536156,-47.5103705807488,35790900.740973875,25451757.62656167,-33621917.88287734,-49148.40522390889,2451.196799480795,1855.6222831106847,-5.778211942414533
2022-09-16 02:00:00.000000Z,8.63301620723412e-05,42166005.33589119,0.126791888622928,95.35451690754996,5.919019884735989,235.9285783938822,0.0028577240058389,-47.516137487694245,35789907.45354512,38873678.94350051,-16339347.880710015,-82275.52773433097,1191.084298974872,2834.345922350322,-3.209608241971124
2022-09-16 04:00:00.000000Z,0.000100677159824,42166535.30338749,0.1267744673655921,95.2982863973218,355.77918933087017,276.20331872468194,-0.002420755154032,-47.51959317956161,35787939.1569481,41825987.48173656,5343786.631404562,-93242.08263949127,-389.9564837417684,3049.777714237905,0.2360250190554867
2022-09-16 06:00:00.000000Z,0.0001151792408559,42167021.785640985,0.1268938788144615,95.13830876163854,352.46890805778725,309.7555070434644,-0.0069168261288844,-47.51979825107657,35785778.49114597,33512197.92503743,25587538.3575368,-78997.17076923666,-1866.171477899374,2443.7018935884366,3.631727234523228
2022-09-16 08:00:00.000000Z,0.0001184141559752,42166959.221346766,0.1272917468471925,94.97541695617484,355.9743318380121,336.4977062989634,-0.0093075093306592,-47.51720105244332,35784243.17543886,16170512.706458908,38938142.56691446,-43292.72083563315,-2839.7986923114595,1179.1816115749589,6.0580991423164114
2022-09-16 10:00:00.000000Z,0.0001076754493234,42166390.04946996,0.127807323970327,94.92218629033653,3.697317564049576,358.91404004617044,-0.0089060746832989,-47.51324637524138,35783713.58031194,-5527692.653487658,41797921.47799792,4284.950064726602,-3048.3599433836043,-403.146619882118,6.851945755650881
2022-09-16 12:00:00.000000Z,9.42793960364356e-05,42165957.88631495,0.1281506678617239,94.9663710898006,14.30062441202179,18.352540913729484,-0.0058703332035657,-47.50938851291642,35784047.66757736,-25736385.0380458,33395893.643301982,50880.86803887658,-2435.5970992635635,-1876.8748012976405,5.790556343328952
2022-09-16 14:00:00.000000Z,8.726931554810724e-05,42166096.98265738,0.1282349052753909,95.00050842943126,27.803479731844217,34.90057908630201,-0.0011307882912959,-47.50649272056396,35784941.89868511,-39010872.0843349,15995938.522541976,83858.3255504535,-1166.667303180872,-2844.878448993925,3.156202876912176
2022-09-16 16:00:00.000000Z,8.38061580097637e-05,42166571.08401002,0.1282192965387391,94.94958642000486,41.49809772300167,51.34047102387136,0.0039103425144441,-47.50503972207327,35786226.35818228,-41775328.98440739,-5713715.442148118,94241.62104223648,416.4597187458455,-3046.3990934879816,-0.3403011664205891
2022-09-16 18:00:00.000000Z,7.684838016743977e-05,42166891.13664292,0.1283121091248479,94.83002678359988,50.43834806569345,72.60147380428081,0.0077914070768562,-47.5054806672081,35787784.96091109,-33285995.63490724,-25884381.452758573,79159.21557300612,1887.2414806142056,-2427.27514584379,-3.753720811207174
2022-09-16 20:00:00.000000Z,6.577368380490442e-05,42166843.60613355,0.1285966445700811,94.7178583530548,49.928276438061054,103.30318620534656,0.0093986517639405,-47.50814238731813,35789344.61976801,-15830744.693977712,-39083016.92036712,42625.59643100329,2849.541057400645,-1154.4379541189055,-6.1608374757616575
2022-09-16 22:00:00.000000Z,5.823157457444682e-05,42166559.90566481,0.128988826947309,94.68133514544849,37.54107983582546,145.8043504464769,0.0082694246527346,-47.51283216451036,35790453.80019793,5888233.820256016,-41755463.37696109,-5539.884820806092,3044.31086591845,429.199149420752,-6.909602753255525
2022-09-17 00:00:00.000000Z,6.165584669119611e-05,42166282.914173946,0.1293140598138514,94.72713986644216,20.060500818585705,193.31547159657168,0.0047180883650501,-47.51862008525101,35790675.81258813,26021413.94214844,-33182707.07976781,-52357.62208249272,2419.215412841917,1897.1794545609264,-5.7943700767997965
2022-09-17 02:00:00.000000Z,0.000107000481767,42164578.42315904,0.129450491475027,94.78963838039198,23.485179650493272,219.90433070133872,-0.0002460686275957,-47.52471889387686,35789902.1711968,39146629.251122326,-15674108.913008405,-85179.8208416177,1142.5699396833536,2854.1926410209862,-3.11088316290215
2022-09-17 04:00:00.000000Z,0.0001210116431013,42164771.87915503,0.1294556052161521,94.77571172367352,16.463246666102823,257.0183616699502,-0.00518988052216,-47.5286826167292,35787780.49631819,41728678.3225449,6055820.399403182,-95094.87524501096,-441.92295577165953,3042.628787393939,0.4226793079939478
2022-09-17 06:00:00.000000Z,0.0001374097790216,42165142.96596792,0.1295616165166871,94.65235128160975,13.117967698984144,290.5689006696422,-0.0086513178991145,-47.52891740560771,35784969.67631112,33070625.13801609,26154445.58532953,-79332.60265862576,-1907.637069479195,2411.459214054008,3.857200142063121
2022-09-17 08:00:00.000000Z,0.0001496661458419,42165348.92337244,0.1299573320899427,94.5035515511996,14.29119474536407,319.6304367383762,-0.0095657598701552,-47.525087991777845,35782403.49665188,15503051.6843143,39206693.25768619,-42037.9695598727,-2859.632462415356,1130.4377725661377,6.264824460161757
2022-09-17 10:00:00.000000Z,0.0001506510284176,42165144.01478796,0.1305337051181198,94.45361044737452,19.10757845587388,344.952951628098,-0.0076073665093804,-47.51826480870327,35780872.52719225,-6241780.964612448,41694390.61091371,6801.215793982348,-3041.156903105468,-455.39345188990137,6.988149583918749
2022-09-17 12:00:00.000000Z,0.0001426438617452,42164771.57642872,0.130976988728996,94.51668267224424,25.655101776629675,8.432429056966244,-0.0033186024146821,-47.5103268810272,35780685.03249985,-26304390.25056994,32946053.0447152,54013.725058851865,-2403.124142438605,-1918.6006353097453,5.821828225387578
2022-09-17 14:00:00.000000Z,0.0001331558599742,42164651.444384985,0.13113329671846,94.58777984219398,33.02212109513652,31.08366164583118,0.0020459695493693,-47.5031131817025,35781705.93215734,-39278135.89208826,15319035.935248367,86803.91177815276,-1117.5103566603825,-2864.7415700471315,3.0739000591219217
2022-09-17 16:00:00.000000Z,0.0001237946314881,42164840.691100806,0.1311376101106385,94.57324391434464,40.6357306349108,53.57182652142484,0.0069074388139169,-47.49800966978016,35783603.69101267,-41667477.98336996,-6436178.57486023,96238.91077103165,469.0887995288359,-3038.8698310588898,-0.5156540793424446
2022-09-17 18:00:00.000000Z,0.000111936521869,42165093.74255239,0.131223702947397,94.47580021839993,46.563031133878646,77.82620325589475,0.0098340501302682,-47.495910412446655,35785960.934530295,-32829981.430576462,-26457458.74825096,79689.59960341861,1929.070267037803,-2394.2527341627656,-3.9767320857154966
2022-09-17 20:00:00.000000Z,9.7923554554108e-05,42165223.59382127,0.1315088811383711,94.3718368003196,48.06168337832614,106.51243004607778,0.0099497389308441,-47.49712879222096,35788259.772070505,-15148166.390833644,-39351446.54295428,41553.07531422212,2869.175071723254,-1104.7923728046692,-6.373060432226866
2022-09-17 22:00:00.000000Z,8.673886005640411e-05,42165207.27732904,0.131926059639298,94.33885348593913,43.11218989993699,141.57294239817767,0.0071763692262499,-47.501227649244896,35789935.33264686,6613965.676715272,-41646148.913864985,-7930.607514688678,3036.378518249885,482.0510498848097,-7.055343730204368
2022-09-18 00:00:00.000000Z,8.520719040379597e-05,42165071.51493825,0.1322975208134467,94.3950342563219,33.188776357894454,181.51652382105743,0.0022556415309512,-47.507014163691146,35790526.02360997,26594882.80005186,-32724689.100935653,-55437.30325707693,2385.8277674153887,1938.946633054094,-5.835842690964087
2022-09-18 02:00:00.000000Z,9.5632784891225e-05,42164866.46733851,0.1324812414725505,94.48403452033928,24.52885797842388,220.1638073041909,-0.0034491694076407,-47.51278430014788,35789810.83848653,39413486.04967572,-14990169.206747985,-88144.58511430364,1092.7323176519658,2873.6603408258734,-3.038405896477008
2022-09-18 04:00:00.000000Z,0.0001130584458977,42164749.19084039,0.1325044577739721,94.51363996885772,20.22178935204812,254.5194882473265,-0.0083184742085522,-47.51670157395292,35787884.0751522,41617015.6861266,6781437.49535075,-97181.01466772248,-494.8008571062084,3034.469682142101,0.5884853340062489
2022-09-18 06:00:00.000000Z,0.0001325389756101,42164902.6290531,0.1325820905918241,94.4361588902296,18.655952881530453,286.2443911367518,-0.0109170840011783,-47.51725044398501,35785201.64986047,32610573.96375531,26726226.611032657,-80018.29601988202,-1949.299578328888,2377.874318774704,4.0715615031406704
2022-09-18 08:00:00.000000Z,0.0001505460437893,42165242.86601582,0.132936156314277,94.3134201930602,19.305599228743304,315.8030753538136,-0.0104040059485962,-47.51379245813591,35782554.35213018,14818619.691114197,39470630.98712421,-41172.30476004087,-2878.861868985889,1080.4849112129018,6.472001069501009
2022-09-18 10:00:00.000000Z,0.0001600873288426,42165403.33866836,0.1335242189589306,94.27061723519746,22.490170856383592,342.75021960157375,-0.0068078157248099,-47.50701402594008,35780819.71147605,-6966212.833448169,41579435.17184897,8973.50729748831,-3032.782307972678,-508.26146201474,7.1363023951846
2022-09-18 12:00:00.000000Z,0.000156623278888,42165216.95130715,0.1340400356868469,94.3491910775328,27.14833178317252,8.103859442153812,-0.0010719663487017,-47.49877483198125,35780541.82323243,-26873670.551064707,32483177.041612685,56925.52960362891,-2369.3934010446924,-1960.1460198139184,5.8748540087185255
2022-09-18 14:00:00.000000Z,0.0001443260496591,42164930.1829633,0.1342648970202899,94.45706583971084,32.030930980563745,33.20300275371483,0.0051866930371827,-47.49129321185792,35781700.96703776,-39538842.5601384,14632970.261445638,89709.10977708438,-1067.5058082946343,-2883.759709775601,3.0191503552924925
2022-09-18 16:00:00.000000Z,0.0001287309382531,42164815.17975248,0.1342881590415964,94.48573966274768,36.74800505092528,58.54436883772536,0.0101529178647112,-47.48631417598157,35783845.17829646,-41549373.57163919,-7160489.860935478,98396.65811263898,521.8765429620153,-3030.2318117481914,-0.6639458772768879
2022-09-18 18:00:00.000000Z,0.0001115483419905,42164913.41747303,0.1343550486628285,94.41995328726976,40.71620756702326,84.72567417734004,0.012355297689909,-47.48472673856794,35786343.53863787,-32365034.489754103,-27024830.6714908,80552.24276550602,1970.4037669237969,-2360.307944460057,-4.180196457389474
2022-09-18 20:00:00.000000Z,9.373771402495905e-05,42165143.10959916,0.134617321303473,94.33100037757497,42.327539685309375,113.28363900429534,0.0110957409672632,-47.48651658143054,35788568.14053311,-14461794.182957573,-39609163.81080764,40909.16265379931,2887.93385725926,-1054.7088913487878,-6.578743244128457
2022-09-18 22:00:00.000000Z,7.887202322731143e-05,42165380.13765773,0.1350325286547731,94.3028180687728,38.99188369621013,146.7252371937712,0.0066489865953557,-47.49089130218928,35790023.48145462,7336863.747255312,-41524981.52570701,-9899.969251957626,3027.534694527069,534.7882083268914,-7.20964449662332
2022-09-19 00:00:00.000000Z,7.434015643794052e-05,42165445.49447978,0.1354276592247318,94.36533702648026,30.17239762235536,185.5586772074896,0.0001904703666475,-47.49655394155041,35790428.33777989,27159680.716340188,-32257344.249391004,-58206.60900805173,2351.7665201200743,1980.153861633504,-5.898910975649646
2022-09-19 02:00:00.000000Z,8.461105410360565e-05,42165216.91071371,0.1356452959505565,94.47403114986844,23.1606741034963,222.5383770839182,-0.0065192877001469,-47.50201920949442,35789708.500663266,39668092.56961679,-14302494.458583863,-90985.1362148858,1042.61598486717,2892.24208761646,-2.994968352247956
2022-09-19 04:00:00.000000Z,0.0001038717260873,42164842.66483317,0.1356810787653792,94.541824158242,22.225443072527664,253.48415591699717,-0.0116069338795055,-47.50581338634617,35787950.320685,41492842.32806462,7504204.390503893,-99357.26311165906,-547.4709958027032,3025.409182851821,0.7250590788938298
2022-09-19 06:00:00.000000Z,0.0001254333807264,42164718.63290041,0.1357216620681907,94.5108934221123,23.379986831066415,282.4418773226685,-0.0135922472075407,-47.50661295410325,35785441.520605475,32141133.562724724,27289344.595687784,-80983.96721223563,-1990.3219631014736,2343.6132762340444,4.263438309651609
2022-09-19 08:00:00.000000Z,0.0001474250807195,42165059.53651951,0.1360051975214496,94.41990984829437,24.335176843275864,311.6628201935883,-0.0118015620141219,-47.50359744861857,35782789.8421408,14130486.993521933,39722429.83779436,-40708.96050992706,-2897.1876196029266,1030.265939419613,6.66825586959954
2022-09-19 10:00:00.000000Z,0.0001649536560589,42165536.77423662,0.1365574293324159,94.3858235234608,26.33739143157579,339.78337263801683,-0.0065882287951515,-47.49705145135027,35780872.778459474,-7687622.592965926,41452170.62544843,10713.696694303526,-3023.4885469930146,-560.9092473304863,7.287257154733332
2022-09-19 12:00:00.000000Z,0.0001684891597281,42165635.39177659,0.1371086589601867,94.47361600953025,29.58566390820008,6.537840642473426,0.0007069024868381,-47.48865431927605,35780440.12493286,-27434035.37527118,32011182.280423548,59474.67112351728,-2334.9832849466093,-2001.0470198400617,5.944100274352204
2022-09-19 14:00:00.000000Z,0.0001566262898404,42165296.8544643,0.1373897860614938,94.61244971131222,32.54296062913937,33.531611983397305,0.0080835653313796,-47.48088850684879,35781654.407505736,-39787183.60352401,13943439.069468224,92408.35512698378,-1017.2433256075004,-2901.8886935880514,2.990925390231588
2022-09-19 16:00:00.000000Z,0.0001370324229743,42164890.42084107,0.1374292712258575,94.68517038105836,34.29899985301486,61.789964157611145,0.013442180659039,-47.475911333697134,35784021.537272915,-41418792.932569735,-7881693.490083322,100559.23843994344,574.437008464024,-3020.6985436914624,-0.7814277887236232
2022-09-19 18:00:00.000000Z,0.0001158231316966,42164758.85550667,0.1374671320440159,94.6562120888276,35.1863843568147,91.01483718246978,0.0152028667960682,-47.4747458657714,35786707.78753051,-31890847.721911944,-27583351.9224514,81634.12236125505,2011.0856754469803,-2325.699790816801,-4.356227513373527
2022-09-19 20:00:00.000000Z,9.448563110271412e-05,42165002.212023415,0.1376861413768507,94.58677377175027,35.203382659968085,121.14701931655624,0.0127737406939899,-47.47713749060653,35788925.59814371,-13771912.577496769,-39854660.20137578,40647.964665844855,2905.788882737626,-1004.375130007592,-6.767470567430265
2022-09-19 22:00:00.000000Z,7.541878665452722e-05,42165458.06362155,0.1380737694671331,94.56378798472564,32.009136806558026,154.44160743262262,0.0067287810028445,-47.48191585509823,35790189.90481575,8056580.9877385665,-41391534.96032304,-11416.784371359288,3017.7798654418216,587.2904537271079,-7.361940633226437
2022-09-20 00:00:00.000000Z,6.686692335592019e-05,42165763.4749578,0.1384689517068891,94.627976539117,23.662801132444468,192.80022769450756,-0.0013425425766557,-47.48757868466376,35790375.89183873,27715474.75032116,-31781004.87204001,-60565.63267433524,2317.036546605751,2020.705474632185,-5.975457019721498
2022-09-20 02:00:00.000000Z,7.507338062983424e-05,42165599.80169188,0.1387049762347445,94.7476744919254,18.47779472980272,227.94249004249752,-0.0092624931488373,-47.49276079466083,35789583.17378315,39910322.69593023,-13611539.72570736,-93558.5895546933,992.2524529889122,2909.929482594262,-2.976926442413599
2022-09-20 04:00:00.000000Z,9.404008807442412e-05,42165040.11172703,0.1387482017641539,94.8442481995466,21.724750436383136,254.6775207433052,-0.0148502007771228,-47.49633555895336,35787950.577275135,41356255.25225226,8223672.91343395,-101473.03594740295,-599.9046509466768,3015.4574466806416,0.8308915470828498
2022-09-20 06:00:00.000000Z,0.0001164000612885,42164616.64787407,0.1387502510457078,94.85446091176316,26.687117601240924,279.7861435600366,-0.0165089327903374,-47.49726656146751,35785644.88243391,31662569.871933494,27843480.92580141,-82106.75741533171,-2030.6870974336755,2308.700747125657,4.426852678438915
2022-09-20 08:00:00.000000Z,0.0001407259495946,42164837.78932949,0.138947193157001,94.79614751238248,28.94003053615417,307.67625424478604,-0.0136643349307637,-47.49469000557252,35783073.603611924,13438990.768821474,39961976.42609167,-40579.50047209366,-2914.606926836604,979.8117720808503,6.84476652520164
2022-09-20 10:00:00.000000Z,0.0001648556712083,42165544.25368138,0.1394234966544353,94.770907748088,30.230870781752685,336.4989504020026,-0.006946997486969,-47.48852829691615,35781032.42790229,-8405697.540354256,41312705.92867331,12022.27840582752,-3013.284701374029,-613.3069678340584,7.431260663200995
2022-09-20 12:00:00.000000Z,0.0001768308344573,42165989.18690266,0.1399674897758981,94.8600560649897,32.41078108005416,4.320402317287909,0.0019267505787463,-47.480154050634255,35780417.12027736,-27985273.53223172,31530371.97789688,61593.60310531161,-2299.912792594077,-2041.2804760733595,6.02073237859885
2022-09-20 14:00:00.000000Z,0.0001684032264613,42165726.75532113,0.1402845380063812,95.01920816522784,34.00837835677602,32.65378078387276,0.010570721740352,-47.47216248431876,35781610.87821435,-40023116.09262411,13250869.260371864,94779.60885561878,-966.7501016272316,-2919.1183882607047,2.983257263202918
2022-09-20 16:00:00.000000Z,0.0001470852029552,42165076.09075313,0.1403362362512526,95.13083906722493,33.23877045855723,63.3989344462609,0.0165712424194108,-47.46712064447827,35784161.32152502,-41275901.10915423,-8599352.602554074,102577.03009210128,626.7410507822747,-3010.277731108927,-0.8695612243084918
2022-09-20 18:00:00.000000Z,0.000123666704117,42164657.68560651,0.1403395464380654,95.1394718692221,30.72201829329818,95.99000113277523,0.0181828967003345,-47.46630674609841,35787064.19440831,-31407774.54605193,-28132704.009542625,82793.47580072856,2051.094343545824,-2290.4526467329583,-4.501170115715464
2022-09-20 20:00:00.000000Z,0.0001002421228386,42164822.73191725,0.1405001228712285,95.09200386690252,28.01566880222912,128.82292967883393,0.0148478156445422,-47.46932922760199,35789335.25511456,-13078980.539668284,-40087832.69539195,40670.5582891348,2922.7333164091738,-953.8250583086324,-6.931230258680282
2022-09-20 22:00:00.000000Z,7.745222343423456e-05,42165443.66827714,0.1408372341282116,95.07424416492348,23.33205210562034,163.60113088436353,0.0073720747202184,-47.47463946626037,35790439.601309136,8772671.459860692,-41245956.54671357,-12512.18049639562,3007.124435123408,639.5238647044175,-7.501816741079159
2022-09-21 00:00:00.000000Z,6.452343333292398e-05,42166007.66251476,0.141208628327296,95.13542224814842,13.95980052592824,202.98854197151127,-0.0022835782985869,-47.480438314232,35790375.26180238,28261949.56611115,-31296033.78434865,-62469.69199621766,2281.662888341445,2060.576983214692,-6.055293235223148
2022-09-21 02:00:00.000000Z,6.908268946180144e-05,42165987.10816337,0.1414461892011886,95.25667816714105,9.812483094363424,237.09180571672664,-0.011530398714662,-47.4853723228658,35789432.55142586,40140073.70931076,-12917787.55353492,-95755.59687262336,941.6742404116692,2926.7146273773824,-2.97689647592526
2022-09-21 04:00:00.000000Z,8.499589258745682e-05,42165325.35485824,0.1414922363890802,95.37011129216168,17.681291082847054,259.1884495159963,-0.0178482020092253,-47.48862210281472,35787860.32474929,41207381.09990954,8939372.761781517,-103381.47305139976,-652.0724498704624,3004.625601555571,0.9088061795775472
2022-09-21 06:00:00.000000Z,0.0001060958088102,42164613.02174358,0.1414605660632106,95.41213798379776,27.73846811178418,279.1704891919983,-0.0194638892728393,-47.48951195817686,35785762.60953312,31175178.97921261,28388302.470369663,-83237.85258499507,-2070.37850554408,2273.1623951493925,4.559537351156718
2022-09-21 08:00:00.000000Z,0.0001310961652276,42164616.757757306,0.1415687130329649,95.38362587422334,32.57057098001548,304.45126104780053,-0.0158329874235217,-47.48728272503083,35783352.26473418,12744486.587444838,40189147.59801554,-40667.558688065925,-2931.1195669361923,929.1534446313218,6.994995253983069
2022-09-21 10:00:00.000000Z,0.0001599136228949,42165435.91257951,0.1419406341990062,95.36664824062962,33.81512329750847,333.31151655145936,-0.0078040049338409,-47.48158758311372,35781274.23737143,-9120128.956618547,41161135.01553684,12957.462471016925,-3002.183074066984,-665.4263728814673,7.558997084678205
2022-09-21 12:00:00.000000Z,0.0001807328258498,42166242.40933047,0.1424335574830515,95.449010418699,35.241003545704714,1.8935813328631768,0.0025696677454002,-47.47341705346576,35780488.74527328,-28527196.025187623,31041018.165221665,63268.73874062896,-2264.202315843398,-2080.8259077528965,6.094444123262838
2022-09-21 14:00:00.000000Z,0.0001784750652197,42166186.10033,0.1427588065657149,95.6139053596984,35.97422851875007,31.08570370166025,0.0125325694928319,-47.465311334972434,35781603.83906879,-40246618.97201241,12555638.20134736,96737.84122671012,-916.0518396520804,-2935.440863944843,2.986989583792818
2022-09-21 16:00:00.000000Z,0.0001577787535438,42165376.25013523,0.1428174306510777,95.75314120522144,33.31975476752426,63.68820006197436,0.0193494992217641,-47.46018758405837,35784289.51670767,-41120866.73958544,-9313090.11694478,104310.26119177636,678.7628691681739,-2998.977662410572,-0.9340384266653874
2022-09-21 18:00:00.000000Z,0.0001340378304923,42164638.87316866,0.1427863916936744,95.7954332145362,27.64355451988793,99.40475505677053,0.0210730688639721,-47.45967380726092,35787424.66373879,-30916146.599318877,-28672625.199922744,83867.57086074543,2090.411553496605,-2254.589536758887,-4.615527830950525
2022-09-21 20:00:00.000000Z,0.0001106820267695,42164631.66504023,0.1428805761252067,95.77034417922172,21.93901015630965,135.21283622874034,0.0171180798848846,-47.4633592131774,35789806.61938974,-12383414.665624246,-40308619.95881343,40830.90292774987,2938.762441771551,-903.0900015985362,-7.064953421609673
2022-09-21 22:00:00.000000Z,8.57492474651653e-05,42165344.19612206,0.1431486154506714,95.75774238803707,15.049454786090791,172.19114656820742,0.0084519472936962,-47.46934115864759,35790789.30899123,9484740.1846418,-41088415.31773653,-13278.592858102493,2995.5791142751696,691.4571909886857,-7.619768455727472
2022-09-22 00:00:00.000000Z,6.908113285848776e-05,42166162.81978034,0.1434730781381153,95.81164902421357,3.548009209050202,213.71472143662163,-0.0026536846483386,-47.47544206886957,35790448.73024609,28798838.19732929,-30802799.441866957,-63933.66425152816,2245.669722907595,2099.7455823117893,-6.126850981895913
2022-09-22 02:00:00.000000Z,6.945317101408748e-05,42166350.96215753,0.1436942207107895,95.9247990879223,358.38365011610057,248.84330968992444,-0.0132320901313902,-47.48019936598045,35789270.77112727,40357284.042104535,-12221718.158633351,-97509.16070367028,890.9127817952383,2942.590246969823,-2.98419304412916
2022-09-22 04:00:00.000000Z,7.949908611019449e-05,42165678.16817886,0.1437387177388831,96.04177353859852,9.357046429624129,267.8322412814526,-0.0204204408509405,-47.48303153251875,35787667.70088348,41046381.06477875,9650837.931927904,-104950.18447363775,-703.9458664778208,2992.924834112602,0.965906665837308
2022-09-22 06:00:00.000000Z,9.60253740141747e-05,42164718.16780272,0.1436834775854519,96.10345457847072,25.352097775061523,281.85700447871045,-0.0222314650105988,-47.48366871579109,35785748.87532724,30679284.422334537,28923479.86508486,-84212.02042649532,-2109.381006565409,2237.0236868693573,4.663357780787774
2022-09-22 08:00:00.000000Z,0.0001195601554662,42164436.68372644,0.1437135220557291,96.09903163717372,34.40574003701283,302.8919831875186,-0.0180907853256052,-47.481603691187246,35783561.60940655,12047344.369921751,40403819.83491916,-40814.593610983975,-2946.727753158443,878.320916562196,7.115309695638993
2022-09-22 10:00:00.000000Z,0.0001507912258081,42165235.71488538,0.1439679701849615,96.08930784793272,36.64982144420954,330.7450037863164,-0.009001560003098,-47.476360568202,35781551.29902062,-9830613.670021664,40997538.54071599,13634.495818685096,-2990.1988265349764,-717.241747061475,7.662318028139565
2022-09-22 12:00:00.000000Z,0.0001797247450361,42166364.03310323,0.1443707619343976,96.15777943758846,37.76303340575133,359.65328058539245,0.0026974576450936,-47.46853724991229,35780648.83283233,-29059634.44501461,30543357.75162003,64545.12614886943,-2227.8732102638373,-2119.666076121721,6.154210050447596
2022-09-22 14:00:00.000000Z,0.0001858870904153,42166629.11309918,0.1446708894128378,96.31126644698968,38.10042211653065,29.25262097535976,0.0139168534644825,-47.46045799059303,35781653.11557565,-40457687.65667967,11858067.29415804,98244.6184879275,-865.1721329856699,-2950.850456085222,2.990381790321959
2022-09-22 16:00:00.000000Z,0.000168300539636,42165782.70122752,0.1447294692707,96.46066720677844,34.293814344593564,62.99714620730438,0.0216169261076111,-47.45527437255405,35784422.68679491,-40953850.69015702,-10022594.104419006,105641.62502184555,730.4809895186897,-2986.8068037006974,-0.9845459870881684
2022-09-22 18:00:00.000000Z,0.000145986891201,42164730.7961244,0.1446710448712955,96.52718606854978,26.057896883333527,101.24893225695844,0.0236393918334031,-47.45501945057869,35787793.70087653,-30416253.78241989,-29202911.59900802,84684.99813527822,2129.023842327859,-2218.131248184788,-4.704256767174011
2022-09-22 20:00:00.000000Z,0.000124997035758,42164463.18248223,0.1447005188119521,96.5223203005917,17.707556357690795,139.68189838524077,0.0193321037382992,-47.45939238585523,35790344.42417696,-11685559.903341992,-40516994.44353043,40944.16586610902,2953.8747793158277,-852.1969749267174,-7.167272159480892
2022-09-22 22:00:00.000000Z,0.0001001198940016,42165174.98511255,0.1448879240538117,96.51465215705883,9.008260669110111,178.4641971768765,0.0097606718565859,-47.46619254038496,35791258.04177256,10192477.138207652,-40919079.84792831,-13868.051546006516,2983.1549806397747,743.0640678606503,-7.708213154971115
2022-09-23 00:00:00.000000Z,8.095678818581131e-05,42166217.13910218,0.1451450736857023,96.55779823412044,355.84552574450265,221.65931597332929,-0.0025624382994025,-47.47279977521436,35790630.38395309,29325950.88040362,-30301638.862251084,-65037.68305775954,2209.078906232104,2138.191878212545,-6.1781728975621055
2022-09-23 02:00:00.000000Z,7.793889352983416e-05,42166662.69434102,0.1453314774955236,96.65349421485968,348.113204024398,259.3733680124212,-0.0143501289116767,-47.47751028659364,35789131.49164993,40561947.88717122,-11523764.698256057,-98806.43552590314,839.9962305442315,2957.5499322769992,-2.985517731261354
2022-09-23 04:00:00.000000Z,8.122602791818401e-05,42166072.740043685,0.1453699479854482,96.75999625108672,358.16217853435126,279.29765983486345,-0.0224261766710591,-47.47987631927658,35787382.120153286,40873449.64109998,10357647.64292607,-106076.09496459768,-755.4991458077491,2980.365128833891,1.0134198736871634
2022-09-23 06:00:00.000000Z,8.917634452364776e-05,42164934.04049102,0.1453049955447859,96.82727771332704,18.470494309102357,289.0040317277948,-0.0245825988895753,-47.48003948157772,35785572.32090027,30175226.468852576,29448716.261248667,-84861.55923369281,-2147.681343929477,2200.3079004273886,4.744673914186614
2022-09-23 08:00:00.000000Z,0.0001078759406061,42164336.03564471,0.1452788361724661,96.83884185630298,33.26842338235467,304.2788339079353,-0.0201764416800678,-47.47787667607008,35783636.88351194,11347937.232613772,40605884.18337674,-40829.30604326145,-2961.435608874302,827.3412831855306,7.20578732842778
2022-09-23 10:00:00.000000Z,0.0001387945954937,42164982.726673976,0.1454206434734148,96.83484885049737,38.08351700520115,329.5547862316409,-0.0103080991921757,-47.472958796775806,35781800.193012804,-10536859.932903524,40821987.7580985,14222.960450174212,-2977.3490845436127,-768.7312285635485,7.735226306853525
2022-09-23 12:00:00.000000Z,0.0001739429599271,42166337.317844026,0.1457064093590538,96.88447107922836,39.635408118804726,358.04281480147927,0.002458062577849,-47.46555419961443,35780870.05764451,-29582441.220482647,30037589.00420169,65531.1724515159,-2190.947193809241,-2157.787770246793,6.18930286173535
2022-09-23 14:00:00.000000Z,0.000189784992824,42166998.18574932,0.1459472370584306,97.00911371031432,40.11636541509727,27.527261498707837,0.0147509651596366,-47.457644666808434,35781764.172628984,-40656329.91334193,11158415.670079436,99320.0778715878,-814.131820972731,-2965.3437578778303,2.9800463979330045
2022-09-23 16:00:00.000000Z,0.0001778447835884,42166268.25710856,0.1459973089161878,97.14592335119563,35.963071146734706,61.63107313249636,0.0232679072499888,-47.4524521718895,35784567.07602033,-40774997.39671371,-10727621.40826661,106493.77614519984,781.879047894639,-2973.773111348,-1.0342335868686587
2022-09-23 18:00:00.000000Z,0.0001584739143655,42164956.732534125,0.1459259892264842,97.22101255568464,26.005383036369192,101.59584332403742,0.0256622351252082,-47.45241300769767,35788161.85763258,-29908329.576346785,-29723414.028747283,85084.77344579679,2166.9235059547614,-2181.0951765859013,-4.776903448703719
2022-09-23 20:00:00.000000Z,0.0001418058215514,42164358.80810239,0.1459048365074302,97.23086072783089,15.6183476340614,142.05010866603232,0.0212061975399547,-47.45746726325744,35790936.34361416,-10985667.495489608,-40712948.69280023,40802.31207854071,2968.0730605207164,-801.1668782454396,-7.241368549049989
2022-09-23 22:00:00.000000Z,0.0001223344722982,42164832.83272688,0.1211979344472238,97.57200557805297,5.378539571231141,182.02314779812195,0.0150909577689645,-47.46522652568521,35791850.83060091,10895680.406820018,-40738088.933171935,-11491.46025312046,2969.861997478943,794.3254604036754,-6.448796041809097
2022-09-24 00:00:00.000000Z,0.000101930010511,42166037.90304265,0.121374224535196,97.60768072105856,352.1708168550897,225.26996157254675,0.0135959737497951,-47.47259406381448,35790925.46400851,29843181.58617621,-29792807.7312933,-54307.39243345186,2171.90649277756,2175.903323243166,-5.170666161189224
2022-09-24 02:00:00.000000Z,9.663846231860382e-05,42166763.09920217,0.1215112846339524,97.69207877269363,342.42681755105303,265.00686928924745,0.0083299229005447,-47.477422189028935,35788980.3757945,40754078.50392079,-10824234.550389811,-82579.9032675593,788.9400802095836,2971.592457862946,-2.5016370938491885
2022-09-24 04:00:00.000000Z,9.527323757251625e-05,42166346.37480173,0.1215408883055811,97.79170560495604,348.2304911909791,289.183895781924,0.0007043414970043,-47.47923080815698,35786888.935817465,40688676.51908121,11059527.48837956,-88696.26392659782,-806.7286315270983,2966.955843419336,0.8422460356834374
2022-09-24 06:00:00.000000Z,9.292125133115625e-05,42165123.29415571,0.1214828363748313,97.862028214421,7.248424158439443,300.1784854334737,-0.0072103945020216,-47.47852121546749,35785016.44384888,29663049.949499674,29963810.438120943,-70993.11872094007,-2185.296142052592,2163.0231840861256,3.9625449271900735
2022-09-24 08:00:00.000000Z,0.000101847127622,42164220.20051128,0.121431247588447,97.88357522861207,26.684600433664254,310.8057495589826,-0.0132445272779464,-47.47566846220351,35783276.63770666,10646131.164786436,40795140.89702727,-34208.881254204505,-2975.273529888008,776.2043233695078,6.020494605986518
2022-09-24 10:00:00.000000Z,0.0001284984413673,42164600.73001701,0.1214838011121576,97.88304753657842,35.92611203389714,331.65204792256503,-0.0157162210658193,-47.47051981943029,35781695.224541314,-11239203.68517396,40634118.84874917,11788.768694943048,-2963.65494407296,-819.9293541327326,6.462879437014278
2022-09-24 12:00:00.000000Z,0.0001665803284679,42166037.81693132,0.1216460796508231,97.91746080276586,39.2979023465638,358.33529757945803,-0.0138929637563246,-47.46320020177058,35780879.749285005,-30095996.10116994,29523054.12270541,54654.43200481018,-2153.4126424952005,-2195.233869715373,5.170391263305153
2022-09-24 14:00:00.000000Z,0.0001917437424844,42167102.38348352,0.1218027423431817,98.0154999445634,40.70078831314674,26.924373330269,-0.0082090060251543,-47.45533402775965,35781756.19190842,-40842705.89805873,10455768.74420154,82878.27619865321,-762.8830517290424,-2978.944997307821,2.4889955019400407
2022-09-24 16:00:00.000000Z,0.0001877600855606,42166649.8177374,0.1218380850575271,98.13529268044674,37.08269351542295,60.5100929106419,-0.0001749688492408,-47.450052253749845,35784614.28284761,-40584042.88318359,-11429136.48450337,88871.89521629721,833.022836298042,-2959.8646946842828,-0.8628961241860478
2022-09-24 18:00:00.000000Z,0.000172863560256,42165194.50661033,0.1217764052828536,98.21095505596732,26.505498571207813,101.0936934145765,0.0080191147531376,-47.45012002076084,35788458.76542379,-29391650.27286651,-30234874.743244205,71006.38888210496,2204.168198325009,-2143.4326013327254,-3.986090233111171
2022-09-24 20:00:00.000000Z,0.0001619919997105,42164234.94781692,0.1217331552978896,98.22939460545024,14.884725508643632,142.77247684393882,0.0141126474315155,-47.45580468705421,35791536.07314107,-10282696.7442263,-40896776.33512482,34059.47039581437,2981.384776636527,-749.9267849903052,-6.041102195619998
2022-09-24 22:00:00.000000Z,0.0001441154794614,42164616.21713022,0.1217711675386612,98.22873903755526,4.955087423448369,182.77610660851244,0.0164106053570105,-47.464602079931566,35792548.6593727,11595453.20368182,-40545185.26860211,-12056.948821465605,2955.691050811229,845.3176405452855,-6.474222988450646
2022-09-25 00:00:00.000000Z,0.0001237651365412,42165891.68265541,0.1218605009380275,98.2472795593614,352.23902801910145,225.54744055245823,0.0142543696242326,-47.47292054787469,35791409.08389236,30351424.0584102,-29275564.118683703,-54954.24996391674,2134.105738612317,2212.933850631215,-5.167169281364755
2022-09-25 02:00:00.000000Z,0.000117063925708,42166886.06748817,0.1219341319280543,98.29319422930092,341.18029060504966,266.6371640753046,0.008201760031766,-47.478154339704055,35789038.04520189,40934166.29274795,-10122142.86588092,-83096.18640291203,737.6846143165326,2984.7297139218344,-2.469690182936644
2022-09-25 04:00:00.000000Z,0.0001139744518236,42166718.33004549,0.1219496550663181,98.34865959257289,342.85977954106534,294.98284818951475,-0.0001240596260967,-47.47965155579669,35786551.110806,40492178.49879626,11757401.917000264,-88904.81020606872,-857.6732871024768,2952.6715652162475,0.8936553668581493
2022-09-25 06:00:00.000000Z,0.0001041264150543,42165521.87364821,0.1219144881804689,98.38967768748296,357.4685698746426,310.4166514961534,-0.0084735975927418,-47.4781754163612,35784538.03818005,29142727.350716338,30469453.480276264,-70806.1503535605,-2222.2260414175357,2125.136089253318,4.018113409478728
2022-09-25 08:00:00.000000Z,0.0001007870743011,42164370.58384243,0.1218744117008154,98.40519683353722,17.679535873175087,320.27585323876923,-0.0145797553515777,-47.4746230065318,35782964.89613076,9942002.451118931,40972112.067257605,-33659.90941281088,-2988.216494599601,724.9006331019568,6.0626113835922
2022-09-25 10:00:00.000000Z,9.720060521340728e-05,42164684.554666,0.1218772100732071,98.406240543493,15.968535284959508,352.07283527740606,-0.0167715134477722,-47.4697312331637,35782488.27991537,-11937283.883364685,40435373.37453693,12545.481328313152,-2949.089425177908,-870.6717336088636,6.476547884663124
2022-09-25 12:00:00.000000Z,0.0001292900467726,42166034.32060452,0.1219303766351776,98.41804875394789,27.890704980309867,10.226514547021768,-0.0144284782992441,-47.46420749336775,35782532.25851481,-30600068.963488333,29002667.884353764,55382.59173398822,-2115.351266585378,-2231.767248234747,5.148444581593681
2022-09-25 14:00:00.000000Z,0.0001594411650894,42167427.50222056,0.1219882192746061,98.4550888959399,33.72443047870638,34.44313297085796,-0.008156096448117,-47.45895801326608,35783745.5981586,-41017834.4373367,9754724.94095482,83328.15861462968,-711.6967086811995,-2991.4499111351174,2.435278265025872
2022-09-25 16:00:00.000000Z,0.0001652779528613,42167383.46849831,0.12200098237083,98.50221550053024,31.498705696915565,66.70654640195472,0.0003665424108432,-47.45627842920563,35786489.53755081,-40384554.68484352,-12121698.61710286,88862.78226052228,883.4958290600138,-2945.0780304489863,-0.9334169862106928
2022-09-25 18:00:00.000000Z,0.0001606170281747,42165956.03343585,0.1219751743431436,98.5326763437719,19.440741430434237,108.81394442552008,0.0088348582445053,-47.45851942308418,35790002.1866731,-28872782.92882412,-30732871.63635768,70493.631150709,2240.3786102128965,-2105.431703639747,-4.051648527138331
2022-09-25 20:00:00.000000Z,0.0001628036788647,42164664.740779184,0.1219535969314926,98.54124576303772,5.564125603796503,152.75676207217575,0.0149487723739257,-47.46588260754332,35792630.59267924,-9585167.81964514,-41066983.05992082,33158.08703557741,2993.674418190347,-698.9735859559753,-6.080385909086253
2022-09-25 22:00:00.000000Z,0.0001577154804584,42164723.00007095,0.1219554728132901,98.54156781053884,354.1932779905035,194.19956604343145,0.0170446175554345,-47.47573753321192,35793032.79141506,12283469.741286574,-40342579.99779662,-13101.65822176054,2940.828752786956,895.5471388678022,-6.473327570914452
2022-09-26 00:00:00.000000Z,0.0001470559779657,42165947.660716645,0.1219675637334643,98.54409699092864,340.8309322838616,237.633059938381,0.014547890305935,-47.48419356321899,35791129.520567305,30844650.43007274,-28755024.96643056,-55837.20306486413,2096.1016898208686,2248.9952338816597,-5.123817239518371
2022-09-26 02:00:00.000000Z,0.0001468502648633,42167160.6519851,0.1219740990370166,98.54798229553155,329.2579832469327,279.2800203478495,0.0081272755692445,-47.48843137383439,35788024.20506369,41099545.99070113,-9423666.53615414,-83541.06081086198,686.7063304615324,2996.955282077387,-2.393976950038521
2022-09-26 04:00:00.000000Z,0.0001452909344197,42167290.37219633,0.1219747160206325,98.548594026698,327.6259871026046,310.9939869648648,-0.0004864659481164,-47.487984711874326,35785133.988364376,40284400.80953157,12445906.79895882,-88745.74222294865,-907.9643371291772,2937.726525929026,0.9818091655431274
2022-09-26 06:00:00.000000Z,0.0001272237320904,42166236.56141693,0.1219781683508857,98.54528553860833,335.18953534084994,333.5195686461016,-0.0089684046834089,-47.48429874583162,35783297.692485504,28616767.584903643,30962271.92100461,-70041.1738671038,-2258.2678792786287,2086.967660871644,4.09411962866289
2022-09-26 08:00:00.000000Z,0.0001036378625233,42164936.50078258,0.1219868584677989,98.54227051957083,349.27842853173394,349.52089086770576,-0.0150294620410013,-47.47923267633488,35782502.48741346,9238965.074818453,41135872.33135557,-32461.494204512783,-3000.211736306172,673.7818989323639,6.103731952865799
2022-09-26 10:00:00.000000Z,9.838489549669856e-05,42164617.43273861,0.1219898406504525,98.5418146048904,7.4461339051229265,1.4411659520481142,-0.0170371880447562,-47.47384140318532,35782333.385105744,-12628127.45960268,40224811.59036027,13867.891571900576,-2933.765497762478,-921.016957549332,6.468338779590452
2022-09-26 12:00:00.000000Z,0.0001206952810349,42165716.64461169,0.1219728119906136,98.53759161860027,23.41860656293695,15.560485559559703,-0.0144581952687457,-47.46840547346528,35782676.92923884,-31092445.84688749,28474389.45473434,56457.94780643841,-2076.821500872512,-2267.635991918918,5.088877234552515
2022-09-26 14:00:00.000000Z,0.0001514598082654,42167282.27764706,0.1219424967026207,98.51662588765186,33.13125986215559,35.95578958339137,-0.0080024677377994,-47.46354832817829,35783975.142352186,-41179058.588951744,9051066.668620937,83822.17521878956,-660.3666684456794,-3003.175921082357,2.3365433941840537
2022-09-26 16:00:00.000000Z,0.0001642112175908,42167702.13151848,0.1219347890512024,98.47617776065154,34.10607186965947,65.10598823691464,0.0005717188475893,-47.46112123806511,35786649.42796786,-40171305.5124992,-12811228.75451899,88576.16383089773,933.7850297169692,-2929.521209919697,-1.046588555895422
2022-09-26 18:00:00.000000Z,0.0001638163211544,42166504.818657055,0.1219733928034277,98.4354948139012,24.05582459007553,105.27675936698652,0.0089423993084822,-47.46341568369481,35790186.78276129,-28342657.712626237,-31222691.478961788,69434.85043578863,2276.079127477953,-2066.795167656284,-4.147546344442219
2022-09-26 20:00:00.000000Z,0.0001707652342828,42164990.27162745,0.1220275667682426,98.41619420524027,10.190591045944164,149.23582628378745,0.0148607538722273,-47.47101718966331,35793040.03680658,-8881124.810066985,-41225390.21641002,31562.024850820315,3005.170788234609,-647.6789108955808,-6.129550044799299
2022-09-26 22:00:00.000000Z,0.0001727445521026,42164664.63740446,0.1220431433392498,98.41428904595388,359.19805574856554,190.301814611554,0.0167563306547354,-47.48160261253226,35793693.897030525,12971692.669717018,-40127276.14147109,-14825.735136814306,2925.0453341186444,945.6632529699295,-6.458204400347134
2022-09-27 00:00:00.000000Z,0.0001650029835179,42165702.55530468,0.1220057141436845,98.40499168961382,347.22460726709767,232.35717699895025,0.0141487586264526,-47.49111944359487,35791814.02015084,31331807.172612317,-28224446.04408636,-57216.56168188548,2057.3279514529577,2284.439219524698,-5.044870728243171
2022-09-27 02:00:00.000000Z,0.0001647934526222,42167038.7617495,0.1219540141476692,98.36925669067064,335.6410637858372,274.05348056548735,0.0077670264471566,-47.496228762229975,35788409.425216444,41254754.31379881,-8720997.572808066,-84173.86801135223,635.3973693760097,3008.218287035608,-2.2700126169189723
2022-09-27 04:00:00.000000Z,0.0001664206054631,42167474.12513732,0.1219436194307664,98.3111066808487,332.05584400655454,307.7792290345078,-0.000650628254219,-47.49598542523459,35785037.308433786,40066096.633426376,13131387.99311314,-88417.74936388891,-958.0228563987072,2921.7995901562786,1.1186904923846508
2022-09-27 06:00:00.000000Z,0.0001518920505054,42166666.80881868,0.1219992618778685,98.25455756227312,336.7272065818488,333.2507958303307,-0.0088264080414557,-47.4917404127312,35782810.23723326,28083702.30600528,31445928.26322429,-68792.07742086286,-2293.6282884405528,2048.11895078674,4.207087206742765
2022-09-27 08:00:00.000000Z,0.0001258662968961,42165348.46981527,0.12208975551917,98.2239128734888,346.5200413982766,353.5767605511293,-0.0145599471740833,-47.48571977490746,35781937.58182485,8534568.755200306,41287190.37955307,-30583.561072575674,-3011.33932964221,622.4411371027439,6.16106817085295
2022-09-27 10:00:00.000000Z,0.0001097524624025,42164716.66608086,0.1221442975223254,98.22019314970764,0.4721525686096492,9.716649646423615,-0.0163257650318001,-47.47957254328365,35782018.35842802,-13314076.195946831,40002672.68546789,15898.698770716936,-2917.6266669082124,-971.0152488549684,6.451929932337086
2022-09-27 12:00:00.000000Z,0.0001183191097843,42165446.35186277,0.122111161838892,98.21033855618708,17.132454288925075,23.153924612271368,-0.0136871779996857,-47.47398387475188,35782722.13676811,-31574954.789692443,27938448.370593484,58100.949525465214,-2037.756020288684,-2302.78765215513,4.999315677667365
2022-09-27 14:00:00.000000Z,0.0001428141399268,42166977.32971857,0.1220256989456878,98.14783759189385,30.67510959346333,39.76041267403766,-0.0074117580641439,-47.46947583551397,35784210.681470335,-41328022.83647033,8345713.355209367,84610.89737663396,-608.9239751332884,-3013.998672676121,2.1935281112427982
2022-09-27 16:00:00.000000Z,0.0001587212569648,42167808.21319673,0.1220086970714899,98.0249533216106,35.72495610845006,64.91764871400441,0.0007488589127517,-47.46741268434323,35786833.07292812,-39946648.06069881,-13496007.669070903,88243.76273709777,983.7305584104522,-2913.119334793957,-1.2082815438556909
2022-09-27 18:00:00.000000Z,0.0001616857373179,42167022.26973373,0.1221351786777611,97.90091001750343,28.921012162644537,101.92540474163658,0.0085586119471399,-47.46977889950758,35790293.03293693,-27804985.169334628,-31702597.171933807,67997.71862152033,2311.0766505198985,-2027.6021253609715,-4.285547850298878
2022-09-27 20:00:00.000000Z,0.0001713184987353,42165470.28927693,0.1223190244909689,97.8398775482573,15.738431411154393,145.24353247306652,0.0139248091490062,-47.47739851264227,35793267.77503451,-8175334.045280683,-41371372.1446828,29337.821920450384,3015.7953118041373,-596.2572279865612,-6.204527013893018
2022-09-27 22:00:00.000000Z,0.0001802571713892,42164768.40876337,0.1224108587230958,97.83390432897342,4.913823926974259,186.14525787628364,0.0154586925949295,-47.488387212268805,35794188.221704625,13655448.11936204,-39900293.88900658,-17283.072496286888,2908.4448051364607,995.4495754344634,-6.445710917292181
2022-09-28 00:00:00.000000Z,0.0001776134000971,42165491.22347735,0.1223690520604113,97.82128154098118,354.1627404655903,226.9807104185076,0.0128213355206224,-47.49877445507265,35792462.94942294,31809457.417349868,-27685996.591683514,-59258.27614705272,2018.003873599416,2319.1774268975537,-4.943895646294903
2022-09-28 02:00:00.000000Z,0.0001784369340382,42166817.84468079,0.1222811178976895,97.75619153564728,343.0331024667816,268.2515177725059,0.0067891033885596,-47.504829528613854,35788909.079788014,41397949.11287637,-8016378.194659129,-85234.72065217371,583.960701035701,3018.5798240234662,-2.104331851708964
2022-09-28 04:00:00.000000Z,0.0001834847952717,42167516.30615206,0.1222683205386182,97.64522189778332,338.09484127866614,303.3826528513984,-0.0009664124202814,-47.50506038420291,35785121.14877318,39836558.622177646,13812355.330573024,-88176.43319086015,-1007.7410530323236,2905.0215165131294,1.3066469144744033
2022-09-28 06:00:00.000000Z,0.0001747362995684,42167028.57118272,0.1223854607839318,97.53552313301785,340.69466565963234,330.979194105083,-0.0083311847661266,-47.50052847416404,35782448.271572664,27543296.964706782,31919856.169915237,-67266.70367433249,-2328.2739050863056,2008.707207428875,4.367636960766332
2022-09-28 08:00:00.000000Z,0.0001507976182809,42165833.5994583,0.1225802400706256,97.47444579606596,347.62520867746446,354.1987465827949,-0.0133207219102375,-47.49364445977957,35781370.64864524,7828739.328094924,41426249.33520384,-28135.906582662898,-3021.5801664689297,570.9752623801596,6.25063098921797
2022-09-28 10:00:00.000000Z,0.0001287433323399,42164995.14864497,0.1227289523076289,97.46829511063972,357.4276159485586,14.491657412920432,-0.014618927085581,-47.48661057261226,35781602.355766885,-13995178.530721111,39769061.49818659,18651.429497205125,-2900.6697739829383,-1020.6762222615434,6.444778800939715
2022-09-28 12:00:00.000000Z,0.0001241913583725,42165308.79460513,0.1227356643518448,97.46588109747604,11.18267649375866,30.827099360660007,-0.0119360154943766,-47.48065580956988,35782674.89244631,-32047632.418696918,27394883.870636918,60443.54890963284,-1998.1547772184504,-2337.231148209437,4.894597606502533
2022-09-28 14:00:00.000000Z,0.0001367359689016,42166598.49931599,0.1226399968244427,97.38907448016336,26.289903457333576,45.883054688570006,-0.0060845801880217,-47.47641456284365,35784447.45093603,-41464771.33734303,7638644.133709881,85914.50647556529,-557.370525287892,-3023.925287952434,2.0155534432733697
2022-09-28 16:00:00.000000Z,0.0001498470242294,42167678.95869596,0.1226292159421724,97.21135790762762,35.46405225793133,66.97034359198285,0.001255497063082,-47.47482829906911,35787069.233320646,-39710645.501530826,-14176088.455786692,88128.5598465511,1033.3290203170766,-2895.873925496643,-1.4160917951068317
2022-09-28 18:00:00.000000Z,0.0001540108100262,42167401.88937106,0.1228511870479264,97.01396491336902,32.95164487001624,99.75973728637334,0.0080280306383525,-47.47736960780878,35790364.80164358,-27259855.10883848,-32172634.79879864,66435.74467402615,2345.3678624293693,-1987.849732083024,-4.470741368545845
2022-09-28 20:00:00.000000Z,0.0001638204632346,42166043.15979444,0.123201589408717,96.90788785582612,21.43968062394985,141.45242754586445,0.0123991296901387,-47.48485465783655,35793308.140683845,-7467893.818850826,-41504947.120743714,26675.53381019188,3025.549716005999,-544.7034805106707,-6.317670380437713
2022-09-28 22:00:00.000000Z,0.0001781733900482,42165062.70600367,0.1234320617775568,96.89948288337663,10.730995807753082,182.2406450529181,0.0132606343906743,-47.49586058992353,35794432.65330745,14334671.424276471,-39661598.68602659,-20393.46264465198,2891.0339021517398,1044.916425193222,-6.453465817015736
2022-09-29 00:00:00.000000Z,0.0001823270692556,42165382.79398459,0.1234419723622943,96.89691169199442,0.9886145499081422,222.05683780189895,0.0104919775886958,-47.506754177043234,35792953.2759105,32277578.70803581,-27139545.348067097,-62016.49327384959,1978.132832261028,2353.225653802157,-4.839810341723901
2022-09-29 02:00:00.000000Z,0.0001858462062091,42166544.90505221,0.1233496208005745,96.82165894200386,350.67781804197006,262.51813285053225,0.0049477723407936,-47.51364291478936,35789426.882090084,41529099.50338918,-7309568.101211822,-86904.24662561929,532.390558792112,3028.0525052067173,-1.912367785546338
2022-09-29 04:00:00.000000Z,0.0001943605244058,42167411.057647824,0.123344462194047,96.6750522694758,344.94231099899326,298.4815003042558,-0.0017965988006833,-47.51452404094273,35785364.51229515,39595694.92103403,14489099.650202852,-88288.29162514278,-1057.128431471062,2887.392965516978,1.53780335942466
2022-09-29 06:00:00.000000Z,0.0001925618890222,42167267.31564938,0.1235238717410607,96.52291281013534,346.0057873055206,327.6568044542889,-0.0078761970815758,-47.51001766055822,35782269.77728727,26995408.760263,32384309.192451254,-65753.98376629104,-2362.20810499569,1968.722577596543,4.577557799470624
2022-09-29 08:00:00.000000Z,0.0001742195996583,42166324.06196424,0.1238294088018463,96.43578843166506,351.04835891657217,352.79100708819,-0.011640958577284,-47.502501855355526,35780898.91418116,7121342.251764388,41553220.69984588,-25360.246895561457,-3030.9291040396324,519.3727741870507,6.383447831097739
2022-09-29 10:00:00.000000Z,0.0001511017745181,42165426.22177885,0.1240970957042062,96.4307352442149,357.9225823643075,16.011871159385993,-0.0121030542898492,-47.49460133644552,35781165.05498149,-14671519.60953932,39524078.464960665,21989.21234991533,-2882.8875254245686,-1070.008005697337,6.464345276304826
2022-09-29 12:00:00.000000Z,0.000137338385312,42165363.16709478,0.1241867726149679,96.44878686853583,7.616275699566925,36.38872131754782,-0.0092059061758514,-47.4881403457297,35782564.133466616,-32510522.87546609,26843744.002016235,63484.93586038142,-1958.014140425109,-2370.9735164618337,4.794275994808797
2022-09-29 14:00:00.000000Z,0.0001363721724804,42166256.95432448,0.1241228335516879,96.3889812923031,20.818342202901547,53.33266991679999,-0.0038385307493737,-47.48406542734985,35784685.5530419,-41589337.49826369,6929855.081315464,87867.16513317815,-505.7068684084661,-3032.962910798104,1.8198850368458488
2022-09-29 16:00:00.000000Z,0.0001406211248106,42167356.32624518,0.1241287277103398,96.19956679574123,32.41001073407468,72.0135636609163,0.0024176738467427,-47.483052313168585,35787387.55338133,-39463350.90029567,-14851517.41650284,88470.36818715617,1082.5752720649314,-2877.789018556749,-1.65835111240921
2022-09-29 18:00:00.000000Z,0.0001421729116476,42167559.489770256,0.1244286684528364,95.96053965744214,34.59150192850277,100.15032694745838,0.0077542425321288,-47.485959232507454,35790478.186548345,-26707375.058184866,-32632866.76420685,65045.90087471784,2378.943298645804,-1947.53899858552,-4.69920268688041
2022-09-29 20:00:00.000000Z,0.000149501642173,42166607.62021981,0.1249472189848411,95.819714698701,26.018747487691897,138.93869644109327,0.0106816966139308,-47.49330302649016,35793223.45837306,-6758976.419891527,-41626185.39948476,23868.19187020842,3034.427053633588,-493.0191913055078,-6.474183053159498
2022-09-29 22:00:00.000000Z,0.000166344388794,42165535.03489599,0.1253590108284656,95.81445446435862,15.740640764494206,179.29350137903364,0.0104641063728451,-47.503998989276425,35794411.50236199,15009172.426121606,-39411267.64453842,-23934.443477829394,2872.814883571641,1094.0643635683775,-6.495685838555407
2022-09-30 00:00:00.000000Z,0.0001777584994676,42165439.18382224,0.1254750493908948,95.83832843572512,6.893903361797751,218.187555342602,0.0072893150994247,-47.51494278864028,35793192.88728552,32736020.951659724,-26585140.96272357,-65396.3130399787,1937.7221641373496,2386.591577562643,-4.753167274223051
2022-09-30 02:00:00.000000Z,0.0001858415163915,42166287.24666391,0.1254127169841833,95.77909430011864,357.7648281959596,257.45056750637985,0.0021589042958388,-47.52237466502496,35789851.53322463,41648098.88062449,-6600541.800369952,-89244.0861006698,480.6906099987268,3036.6479513491163,-1.7161112192687096
2022-09-30 04:00:00.000000Z,0.000197906868881,42167179.46319631,0.1254213797362388,95.62360447216828,351.8561757624656,293.5952870329531,-0.0034243763557308,-47.523932086772426,35785700.72295306,39343406.021227,15161718.24225794,-88961.29695916647,-1106.185952764739,2868.921009298357,1.7944008448834627
2022-09-30 06:00:00.000000Z,0.0002032669528649,42167345.116837084,0.1256511061312533,95.44859677147234,351.82117209270746,323.8916406361619,-0.0078779332997458,-47.51972416754954,35782282.78383651,26439933.62290379,32839408.31316311,-64559.841299488005,-2395.430025542164,1928.1649212812283,4.828002782344589
2022-09-30 08:00:00.000000Z,0.0001929413066537,42166745.48334292,0.1260542852145724,95.34538474410616,355.55294745986305,350.3530490154302,-0.0099694315676908,-47.51188645601473,35780587.77959122,6412298.746651334,41668213.18018673,-22586.302975719267,-3039.3801618818206,467.6315444797746,6.561912789032736
2022-09-30 10:00:00.000000Z,0.0001730360556161,42165949.91068328,0.1264419042438461,95.34589524557084,0.5794863096858113,15.416749851133254,-0.009150043642853,-47.50327040915478,35780779.12726969,-15343129.012552712,39267823.26207267,25638.702836738183,-2864.273387461036,-1119.010863874329,6.523549681668266
2022-09-30 12:00:00.000000Z,0.0001548275357447,42165622.25435649,0.1266354703136203,95.39362854281148,6.866420128294868,39.17123551592852,-0.0057036107313648,-47.49625223724516,35782423.633394055,-32963624.374116417,26285125.874291398,67073.08768100738,-1917.3323888576492,-2404.016040082596,4.718388404573776
2022-09-30 14:00:00.000000Z,0.0001431204698872,42166056.570339866,0.1266295383151715,95.37670342797962,15.943112405056349,60.19761787045493,-0.0006697602571555,-47.49223760047377,35784919.55101415,-41701726.58481513,6219417.371281638,90471.71322010158,-453.9363980150382,-3041.117558270169,1.6286326793790382
2022-09-30 16:00:00.000000Z,0.0001357230774774,42166940.31895354,0.1266510389366487,95.21966737048037,26.475981407839196,79.90430805852945,0.0044453010537009,-47.49184904638094,35787799.36137599,-39204809.40303924,-15522277.935560515,89423.61745905303,1131.461385078893,-2858.873058159203,-1.9157912543936837
2022-09-30 18:00:00.000000Z,0.0001300159695981,42167464.50496321,0.1269849587574712,94.98199719547743,32.05314855873533,104.64343371619596,0.0081064863307134,-47.49536042205287,35790712.815633535,-26147668.471459597,-33083337.48945873,64099.94276782023,2411.78920000835,-1906.678589112128,-4.9580974134538645
2022-09-30 20:00:00.000000Z,0.0001317998757028,42167047.69095117,0.1276274965822441,94.82673141581496,27.524698588936356,139.40190849146146,0.0092242903803927,-47.50273524052532,35793130.23680983,-6048810.320274853,-41735203.63580116,21248.51414064422,3042.4137840010203,-441.2161581725936,-6.670318350526951
2022-09-30 22:00:00.000000Z,0.0001471944654352,42166125.658012815,0.128224763435572,94.83116709404254,18.55660944279112,178.4374615510735,0.0075054520243463,-47.512969935498106,35794192.97013871,15678662.542892186,-39149510.78930468,-27584.48147205134,2853.786197340872,1142.8804834529317,-6.579344604592548
2022-10-01 00:00:00.000000Z,0.0001644783074909,42165697.59733397,0.1284849989522497,94.8959063510356,10.82157307051686,216.179320032906,0.0035304284899906,-47.52354340273836,35793158.22410379,33184538.26886668,-26023062.408063464,-69164.00687525237,1896.784338814083,2419.270485321485,-4.701017391916127
2022-10-01 02:00:00.000000Z,0.0001712683730348,42164430.10716417,0.1284813182900345,94.87986721015147,38.292019623077984,218.7974786640353,-0.0014619329398265,-47.53311234960464,35791920.75784296,41756414.75330007,-5891273.4180942215,-92172.45945060332,429.1507729592368,3044.1386977821303,-1.539538328949692
2022-10-01 04:00:00.000000Z,0.0001746072015543,42165179.49510285,0.1285023752289235,94.7463202807351,30.68252448933828,256.61658539464645,-0.0059705609772512,-47.53918223954037,35788745.41319844,39083814.63836062,15826978.63879669,-90293.4677216006,-1154.4693308559015,2849.5159448341064,2.05154923319506
2022-10-01 06:00:00.000000Z,0.0001832800271908,42165557.82870549,0.1287562562915644,94.57240565199632,28.10961029615297,289.4448993807077,-0.0086687654097546,-47.53983113591361,35784846.882435404,25884393.49493057,33282297.00946634,-63945.30947623409,-2427.4810045866857,1887.243399720841,5.099640667620445
2022-10-01 08:00:00.000000Z,0.0001872735098936,42165338.03077724,0.1292238065032651,94.46519183610336,30.978228483241708,316.7703397317203,-0.0087703795362911,-47.53512041723641,35781446.87172882,5711657.917167463,41770887.81561174,-20177.41408739308,-3046.7322985124897,416.2085989906598,6.777615194968286
2022-10-01 10:00:00.000000Z,0.0001831090593543,42164791.914806046,0.1297085973304368,94.47387353731976,36.68160821733819,341.1489629704061,-0.0062421476826978,-47.52657023347291,35779348.13935878,-15999910.159019064,39003276.4540602,29223.370464737745,-2845.010360411454,-1167.2807202983502,6.6271708494701045
2022-10-01 12:00:00.000000Z,0.0001753368058035,42164361.34530654,0.1300023862599445,94.55312395199276,43.29483809734904,4.548841149854594,-0.0018122599755302,-47.51634683541101,35778854.65991192,-33399032.49896013,25723754.5054022,70909.03530661039,-1876.4771619243063,-2436.3104279322747,4.68306588443179
2022-10-01 14:00:00.000000Z,0.0001693064865721,42164370.86121747,0.1300614813276118,94.59185813212392,50.514114038379866,27.382693683677264,0.0032263005292276,-47.50661931951669,35779894.76462045,-41796168.73856306,5511004.030124062,93571.46233979492,-402.2218686086321,-3048.696112000576,1.4641558389367866
2022-10-01 16:00:00.000000Z,0.0001660735081627,42164862.6035371,0.1300876964362781,94.4979928725205,58.45599617411408,49.6242129272068,0.0073690366457551,-47.49921773256245,35782188.74501217,-38928901.69702701,-16187198.620067306,90996.66746035332,1180.2531723481593,-2839.4386182814173,-2.1658792598216543
2022-10-01 18:00:00.000000Z,0.0001618998678408,42165465.75009707,0.1303978307003699,94.30029531486711,65.21167711801694,73.15203229468707,0.0093267830890214,-47.49554883428619,35785349.168123,-25571577.139330357,-33523871.252087872,63754.86301081608,2444.42185105948,-1865.1826363136945,-5.229237012383233
2022-10-01 20:00:00.000000Z,0.0001549438672467,42165574.33618111,0.1310815111595441,94.15314156260054,66.40813976470206,102.18385710409112,0.0084247696309615,-47.49654902308078,35788815.21787839,-5324953.38915505,-41829372.05623999,19081.140628753725,3049.8279254638837,-388.7210785961954,-6.894691399462755
2022-10-01 22:00:00.000000Z,0.0001524150203418,42165038.55406236,0.1318199884506493,94.17056251994968,60.27648633342269,138.37448155819038,0.0048538733811824,-47.502291719221866,35791705.009297505,16356042.553065198,-38868682.5657232,-31027.14247314015,2833.728925654528,1192.1081172891434,-6.701750867834897
2022-10-02 00:00:00.000000Z,0.0001579133085257,42164461.79635157,0.1322322433429932,94.2819420935786,51.62430624995612,176.98837246477882,-0.0003484119634581,-47.51133666377634,35792973.92724966,33632527.93062674,-25441114.951324426,-73019.63734625334,1854.6057932665265,2451.7144015603585,-4.69075598794737
2022-10-02 02:00:00.000000Z,0.0001649361616639,42164433.699930646,0.1323038812116916,94.32917686131152,43.70610868479309,214.9320743646557,-0.0056170797099909,-47.52073272534268,35791997.79256404,41852760.58971871,-5163098.414243416,-95468.26833531693,376.10337287995344,3051.1413828499467,-1.3978401083345502
2022-10-02 04:00:00.000000Z,0.0001742376860631,42164874.434222005,0.1323289119362372,94.24488663911072,36.999312994499086,251.79888029756827,-0.0093532240921128,-47.527147071362734,35789031.05005109,38802577.6003034,16505197.159056136,-92193.41862944588,-1203.8832225696692,2828.9588632155755,2.2892149019287324
2022-10-02 06:00:00.000000Z,0.0001875228541287,42165315.4910837,0.1325709904793724,94.09491846526542,33.70427486244863,285.3248544844569,-0.0104057850274578,-47.52831298352646,35785087.37073989,25301425.03498165,33727900.74773349,-63965.83677802244,-2459.949124655695,1844.678006892724,5.372520999505189
2022-10-02 08:00:00.000000Z,0.0001983562350855,42165444.148940966,0.1330547867360654,93.9948850631927,34.615924219146564,314.5998786274903,-0.0084016280268441,-47.52380689798909,35781433.66825758,4984030.072298411,41863928.47722415,-18318.99075416944,-3053.521629483143,363.0969470687244,7.015062447172622
2022-10-02 10:00:00.000000Z,0.0002007114235867,42165252.767826825,0.1335945221834507,94.01123182109563,38.15251198576952,341.1379352137365,-0.003849300460797,-47.51495062118745,35779107.01144008,-16676205.14017728,38718682.1865614,32472.92354167037,-2824.2881393054654,-1216.6488149048364,6.767613473853089
2022-10-02 12:00:00.000000Z,0.0001938315859936,42164896.58451458,0.1339636140164871,94.1155999834875,42.6189482495497,6.660040525263544,0.0019999233524774,-47.50417634711023,35778641.826933965,-33841737.64000163,25138122.72163523,74703.40110363314,-1833.8091691156856,-2468.6300597043146,4.690837357301847
2022-10-02 14:00:00.000000Z,0.0001808598337905,42164599.187015496,0.1340788170431127,94.20706845147107,47.240139909851486,32.03949341954099,0.0074916206302684,-47.494198590449344,35779997.471257746,-41885913.98664232,4782166.408561118,96933.01986565151,-349.1136643052847,-3055.234121576867,1.3392716495308397
2022-10-02 16:00:00.000000Z,0.0001662075714463,42164619.45882457,0.1340970231118943,94.18652605532988,52.39098576330856,56.99829533580606,0.0110173761143464,-47.48722758766865,35782664.59218921,-38641602.2368531,-16862713.41908434,93078.1612930314,1229.4566009614791,-2818.435158829687,-2.38823041955683
2022-10-02 18:00:00.000000Z,0.0001519530973484,42165048.99043024,0.1343327714993777,94.0515175823743,58.45512272055585,81.15403834522789,0.0114598925967117,-47.48448976701369,35785925.76484725,-24984920.90661805,-33964066.49085466,64058.26154954722,2476.457844513209,-1822.335372109598,-5.489806582735302
2022-10-02 20:00:00.000000Z,0.0001385960505433,42165534.27574126,0.1349615465561612,93.92975976588536,62.81409283532901,106.9972084367596,0.0085292607048368,-47.48624134197054,35789104.87653211,-4597134.735872699,-41915895.9221466,17569.806820197908,3056.107042603675,-335.5921316388414,-7.127643763445219
2022-10-02 22:00:00.000000Z,0.0001313034548991,42165538.54457046,0.1357556654925657,93.95774040111328,60.82554945552415,139.03414206085722,0.0029060165931603,-47.49200552697189,35791581.83098705,17029089.618522987,-38578415.47933493,-33943.30568027143,2812.586628139424,1241.234521444003,-6.851203474640659
2022-10-03 00:00:00.000000Z,0.0001369969417713,42165064.86346605,0.1362907484279663,94.10847097086064,53.821537340898665,175.96106314583574,-0.0038828045450422,-47.50050178906896,35792689.99818247,34069638.373703815,-24852213.65246147,-76598.69340062756,1811.7171763267636,2483.628237479722,-4.721774463453416
2022-10-03 02:00:00.000000Z,0.0001512795203804,42164654.61622893,0.1364390755586559,94.22467406961702,47.24565962043623,212.4939387091637,-0.0098785291847222,-47.5094361513992,35791897.398653984,41936148.39811912,-4434128.375982271,-98813.9991574114,323.00303568472043,3057.234259146779,-1.303400552834637
2022-10-03 04:00:00.000000Z,0.0001675837108903,42164658.71365686,0.1364571716502065,94.20693294522508,42.29612764903872,247.53685696066472,-0.0132831921087258,-47.5159251182457,35789220.58665984,38509727.45781702,17177834.912360623,-94470.06354520789,-1252.8779867176254,2807.580013835797,2.485330842952675
2022-10-03 06:00:00.000000Z,0.0001854819665381,42164981.89624193,0.1366503942922208,94.09807082013036,39.286378317342304,280.73594548920045,-0.0130114224141661,-47.51758154187846,35785386.60656951,24711288.983393066,34163002.580770865,-64608.62540737334,-2491.628125227196,1801.6004632095653,5.620281030972614
2022-10-03 08:00:00.000000Z,0.0002027369404557,42165360.96804711,0.1370967296585343,94.0135644203121,38.88706712729583,311.3059760841433,-0.0090185569494302,-47.51350259897884,35781580.312315725,4255647.210515649,41944379.06782298,-17182.672198807286,-3059.3606446387084,309.93289748465804,7.250559266519395
2022-10-03 10:00:00.000000Z,0.0002133934982695,42165568.51709973,0.1376380267964691,94.03422352815976,40.7164422503886,339.5469495376572,-0.0023223069290096,-47.50463016222433,35779000.65994024,-17346626.27365239,38422878.37235979,35073.940150524904,-2802.719171669868,-1265.5905133903752,6.93001432737354
2022-10-03 12:00:00.000000Z,0.0002118026899065,42165446.75700413,0.1380436754364604,94.15117036266749,43.54579029201634,6.693979746687519,0.0052733594697425,-47.49344095257284,35778439.8582672,-34273570.176996045,24545738.193555724,78078.47143033789,-1790.6310812754032,-2500.1688468757807,4.738933098115313
2022-10-03 14:00:00.000000Z,0.0001972787078218,42165010.85116417,0.1381965030628186,94.28000268182564,45.963981808117374,34.23943166414433,0.0116690973976366,-47.48310051277005,35779996.68171675,-41962754.18781515,4052833.0839665374,100201.88331440985,-295.96238436493,-3060.85527329518,1.2628467042280451
2022-10-03 16:00:00.000000Z,0.0001758099908955,42164585.416603446,0.1381994429824136,94.3237249894694,47.56734829753792,62.681254308053454,0.0150400389201771,-47.47632316036693,35783045.28570084,-38342826.7573812,-17532365.06853679,95409.43969267198,1278.2286160515205,-2796.621647073101,-2.5658048848681947
2022-10-03 18:00:00.000000Z,0.0001534082177888,42164646.12766215,0.1383339957703493,94.25574500866256,50.01075051530903,90.38986119260822,0.0143331262949398,-47.47442745104456,35786552.14974929,-24391314.331382666,-34393612.5677717,64889.96945976759,2507.695104919369,-1779.0000434841215,-5.719115963784214
2022-10-03 20:00:00.000000Z,0.0001313287253863,42165264.09955586,0.1388291310846387,94.16827860426471,54.11783288992711,116.44964599962796,0.0095697306269219,-47.477160731981705,35789592.98594162,-3868833.220464255,-41989871.41254112,16744.77821989789,3061.43079850398,-282.4379382397112,-7.348574717140775
2022-10-03 22:00:00.000000Z,0.000114959728907,42165823.94807825,0.1395745182990444,94.2002294130174,55.80190261302328,144.809585853698,0.0018882623383915,-47.48333585279712,35791648.235482514,17695988.95084928,-38277166.22348695,-36162.90551009121,2790.6034147815503,1289.9113441383795,-7.00990963693772
2022-10-04 00:00:00.000000Z,0.0001154305854766,42165710.9934655,0.1401680646011782,94.37063055145404,52.03011945466173,178.48495543674247,-0.0066942744158557,-47.49148457616558,35792439.504576266,34495697.42764847,-24256917.403958224,-79622.49330350215,1768.3387002697305,2514.7491255054,-4.782319127433581
2022-10-04 02:00:00.000000Z,0.0001329881216421,42165098.08246961,0.1403771699675841,94.54352358312951,48.0435973693026,212.3723616234962,-0.0137921004277989,-47.49984286753259,35791696.85142288,42006630.92455316,-3705059.601085581,-101875.77318466222,269.8873031016421,3062.411235766296,-1.2535239165149663
2022-10-04 04:00:00.000000Z,0.000155748977979,42164616.49936687,0.1403806341832826,94.5944325744946,46.08698124266181,244.35386957959724,-0.0173321492027218,-47.50617584855112,35789320.98599024,38205595.85525419,17844259.193454362,-96809.18069013674,-1301.416609462149,2785.402729478848,2.63170687650824
2022-10-04 06:00:00.000000Z,0.0001781095472843,42164641.19117917,0.1404981341606742,94.53538556250332,44.608980920378194,275.9709794614095,-0.0161854138423522,-47.50824641017277,35785721.65192449,24114534.607123427,34587221.43353806,-65654.13316895628,-2522.496371725825,1758.0551818477488,5.825301729749141
2022-10-04 08:00:00.000000Z,0.0002005899572598,42165116.37500656,0.1408597021623527,94.47170900586536,43.6614342391904,307.0678124536884,-0.0105232080712774,-47.50477072864087,35781880.214011386,3527138.085177845,42012213.33773621,-16697.835318107886,-3064.249258109588,256.76836856830244,7.461217455702747
2022-10-04 10:00:00.000000Z,0.0002196951124909,42165695.33590324,0.1413478822412034,94.4924967098304,44.15892816791798,336.6402486281306,-0.0017905484496836,-47.49618861965694,35779053.72456196,-18010622.50501107,38116201.842969015,36930.11468916712,-2780.32476313226,-1314.0588546463025,7.091885517398753
2022-10-04 12:00:00.000000Z,0.000226361884345,42165923.66400009,0.1417441651361841,94.60702982339087,45.79515527485385,4.9830243732059625,0.007682792430803,-47.4847889956328,35778277.9647834,-34694198.0487382,23947221.48110954,80794.43235643678,-1746.9811672270698,-2530.896992704659,4.810813478601856
2022-10-04 14:00:00.000000Z,0.0002149087968466,42165533.4104212,0.1419109961516968,94.75071414819624,46.80724050312307,33.92015938498993,0.0153167115163572,-47.47401977805087,35779876.2254725,-42026660.414879054,3323743.88873168,103053.02112846416,-242.8112578506164,-3065.5574864171253,1.2281765474140531
2022-10-04 16:00:00.000000Z,0.0001913379291302,42164774.688400656,0.141899378004895,94.83674638370717,45.65190855804784,65.07847886335642,0.0189825624925376,-47.46713369004381,35783236.87351266,-38032821.44486958,-18195505.015799023,97656.88618233216,1326.5389214278327,-2774.024397575677,-2.69435533328206
2022-10-04 18:00:00.000000Z,0.0001655880249823,42164370.81675831,0.141936223590601,94.8249281071518,43.805164727398505,97.0205176889736,0.0175803628618725,-47.46578998163999,35787086.042817295,-23791137.304220263,-34812116.65898088,65981.62205621258,2538.127161689662,-1735.218469355445,-5.903758550169103
2022-10-04 20:00:00.000000Z,0.0001379180457066,42164857.37697414,0.1422601465610459,94.77238119229084,44.42487157252048,126.53177267822564,0.0113422746443899,-47.46950913187892,35790181.52149141,-3140404.172452254,-42051214.93682063,16456.92641287451,3065.810334873519,-229.3007659256931,-7.538382669952468
2022-10-04 22:00:00.000000Z,0.0001106288807776,42165838.382351965,0.142865012986863,94.8013341308423,46.19119692536256,154.8117228271415,0.0017981623360761,-47.47641663168388,35791922.49576886,18356493.278153352,-37965137.32464656,-37687.196134221886,2767.797102443458,1338.1016795363807,-7.156471345046722
2022-10-05 00:00:00.000000Z,9.992939649138974e-05,42166266.98287375,0.1434306748013906,94.9649455862989,45.21428085441455,185.69902838709316,-0.008577939604593,-47.48455247125828,35792322.801811606,34910607.48246646,-23655664.24488705,-81940.18684135647,1724.4948038061607,2545.049878396192,-4.852200998237996
2022-10-05 02:00:00.000000Z,0.0001140923712578,42165711.64557806,0.1436676484558487,95.16547044673815,45.166418693773146,215.6206517924316,-0.0169787007572215,-47.49240188006324,35791485.10537097,42064317.68437138,-2976459.632261426,-104375.08149906108,216.78853226449056,3066.6654525646472,-1.233697944294439
2022-10-05 04:00:00.000000Z,0.0001402132144281,42164804.306930736,0.1436553089487642,95.27005230151262,47.86866528342987,242.88992714052617,-0.0210237396020301,-47.49843149722252,35789360.788246326,37890526.32294285,18503948.521889687,-98861.26249669574,-1349.468753755722,2762.44662538425,2.7330005130837205
2022-10-05 06:00:00.000000Z,0.0001663574666072,42164390.56308176,0.1436897935914583,95.2591652487036,49.44876739690198,271.4004594122229,-0.0194626000750247,-47.5008167563914,35786080.96700453,23511676.779079944,35000255.34903442,-66761.51590977712,-2552.538196381579,1714.0815549899885,5.980452220602217
2022-10-05 08:00:00.000000Z,0.0001925229818258,42164775.0682279,0.143937582183867,95.21837597885676,48.932570260651865,302.0423228458324,-0.0125739049944571,-47.4980736756658,35782330.14307226,2799059.7781595583,42067445.58385003,-16614.559056826354,-3068.1915597575444,203.64972893305264,7.629401529798335
2022-10-05 10:00:00.000000Z,0.0002188248243511,42165628.71477161,0.1443267878504535,95.23597174970318,48.46394549001345,332.58346323940447,-0.0021207684673796,-47.490098356998594,35779300.7410759,-18667734.916246,37798991.7253248,38138.37733933664,-2757.127703600157,-1362.011594102625,7.229272631719493
2022-10-05 12:00:00.000000Z,0.0002349827441554,42166255.11812476,0.1446685017262282,95.33433006066528,49.20966580822719,1.832841681033969,0.009119458563487,-47.478778094624566,35778214.843135975,-35103382.975694425,23343171.44971912,82770.81288225744,-1702.8969671197397,-2560.786331712319,4.88221514460172
2022-10-05 14:00:00.000000Z,0.0002300175057797,42166076.40284293,0.144823802570936,95.46890436168584,49.512304030647925,31.488925839673037,0.0181107543194509,-47.46761678824288,35779668.114946,-42077692.638976745,2595618.779062624,105248.58041606031,-189.70320152137475,-3069.336705945949,1.2167243798207832
2022-10-05 16:00:00.000000Z,0.0002077887709153,42165152.79167907,0.1448039224630739,95.56934263953214,46.86965042079548,64.12055410658496,0.0223858414216022,-47.46033705425823,35783190.134014495,-37711923.3821165,-18851483.847444825,99483.6557675558,1374.3566546109107,-2750.6664473929213,-2.782356104698429
2022-10-05 18:00:00.000000Z,0.000182269844312,42164297.59600575,0.1447715189657258,95.59340645801204,41.84443623599178,99.20506289515085,0.0207157645592202,-47.45911108690985,35787388.63585577,-23184858.38824098,-35219162.5044243,66976.98904574891,2567.7496333390973,-1691.02948357342,-6.04069373685855
2022-10-05 20:00:00.000000Z,0.0001545000683803,42164443.45116836,0.1449334231712418,95.56989305250892,38.59643246527072,132.55426989389062,0.0134420838088667,-47.463555184850414,35790711.52463404,-2412255.135720308,-42099792.65605762,16409.49958791409,3069.264816448784,-176.21777864116922,-7.684000695498887
2022-10-05 22:00:00.000000Z,0.000120179796381,42165603.32988953,0.145346507890127,95.59134730754177,37.56577618108174,163.63785569462564,0.0023961583158586,-47.47130767059333,35792328.50491266,19010368.409244385,-37642430.272077896,-38691.78775053992,2744.1941060978284,1385.7774924504906,-7.270812580657585
2022-10-06 00:00:00.000000Z,9.598409817621182e-05,42166608.87486151,0.1458013063320633,95.72363757482395,35.73105867194311,195.4139675282028,-0.0095553867640449,-47.47976026500155,35792373.59227665,35314319.68590821,-23048726.757678013,-83567.54550084932,1680.2103700437997,2574.51114984116,-4.907719243865435
2022-10-06 02:00:00.000000Z,9.958892633057724e-05,42166382.92643798,0.1460212153854332,95.91259848508348,38.3119119680178,222.7187490218285,-0.0192269072750913,-47.48730013948348,35791330.93468921,42109335.34776226,-2248695.845253869,-106156.75892961671,163.73061534284724,3069.9912362287428,-1.2210216998847954
2022-10-06 04:00:00.000000Z,0.0001231360889623,42165227.62400784,0.1459982423789877,96.04011130783324,46.996818475466846,243.98278956386164,-0.0239486717848115,-47.49297327270645,35789367.562861,37564803.71099507,19156562.7813106,-100325.99255668744,-1397.0158356753705,2738.725159221004,2.805720041145
2022-10-06 06:00:00.000000Z,0.0001511732455215,42164317.999407485,0.1459663646497846,96.06450915892404,53.4135458904526,267.6212123743084,-0.0223235996997058,-47.49555722347196,35786444.60320038,22903090.50105741,35401918.36654844,-67549.7485968895,-2581.7481746536355,1669.7073161298547,6.091050197345111
2022-10-06 08:00:00.000000Z,0.0001795122512386,42164429.22489408,0.146097942581756,96.04478829071807,54.59081313137271,296.5477516241714,-0.0146634226479002,-47.49360530066853,35782908.20945383,2071771.2897060364,42110108.31735344,-16560.789040818294,-3071.197032016229,150.60824336525968,7.747248222733467
2022-10-06 10:00:00.000000Z,0.0002107749628854,42165403.75372345,0.1463617445333797,96.05740357929928,53.63260066766063,327.5825647549433,-0.0029422548684876,-47.48652565704251,35779763.77536202,-19317715.22911097,37471495.26501565,38970.64804214055,-2733.1486042929864,-1409.421147866043,7.322773922656327
2022-10-06 12:00:00.000000Z,0.0002359906613507,42166402.74687696,0.1466126834189429,96.12953327808248,53.66881201918941,357.5672410899294,0.0097255891520469,-47.47564546675562,35778323.83447376,-35501056.14268398,22734008.18072128,84112.00630797422,-1658.407390434137,-2589.8172541607,4.92701577150299
2022-10-06 14:00:00.000000Z,0.0002395246952942,42166551.45678528,0.1467328054187675,96.23413643077448,53.7169886144406,27.50797005414377,0.0199309643939302,-47.46427216743224,35779455.84454666,-42116008.77235352,1868971.4598274368,106700.50782589952,-136.67112929514835,-3072.187798805044,1.2023190088865037
2022-10-06 16:00:00.000000Z,0.0002209802783283,42165647.30997051,0.1467125217393809,96.32146667894824,50.651264677278014,60.57633744622267,0.0248998180325643,-47.45643120666534,35782931.26843844,-37380510.04497161,-19499820.9975106,100633.19086819667,1421.6563489861642,-2726.562291751211,-2.84945921884361
2022-10-06 18:00:00.000000Z,0.0001970040242063,42164448.08885752,0.1466527200146464,96.35730726695355,43.85355670155111,97.42190260121062,0.0232479002017638,-47.45486530108842,35787382.48117011,-22572965.63079608,-35614431.02274738,67515.75889508915,2596.559159314696,-1646.461276505927,-6.138591070027942
2022-10-06 20:00:00.000000Z,0.0001725343182933,42164145.6715081,0.1466993104819829,96.35257665166306,37.731755956348,133.62586164281117,0.0153534187265391,-47.45957128383638,35791027.21082872,-1684806.6499855197,-42135490.663321964,16224.177978510832,3071.8150053425843,-123.21521229734338,-7.781849976494228
2022-10-06 22:00:00.000000Z,0.0001373716755675,42165213.11575539,0.1469218609046279,96.3652826640382,33.970930853408795,167.44767321367758,0.0032560939638362,-47.4680152193172,35792729.936116375,19657386.99277618,-37309081.94170349,-39489.5088868655,2719.8240620034967,1432.9233033381752,-7.33875400639811
2022-10-07 00:00:00.000000Z,0.0001030803365039,42166668.960174784,0.1472132994163628,96.45106074771851,29.122432779877062,202.28356566774903,-0.0098733940092421,-47.47698019357502,35792553.84369201,35706803.568886206,-22436224.579141635,-84685.93820921498,1635.509057805281,2603.124496997627,-4.927076462182322
2022-10-07 02:00:00.000000Z,9.344283546338354e-05,42166964.881085634,0.1473723564437399,96.59053722454344,29.557537918370013,231.7836419775677,-0.0205474418597206,-47.48445781880739,35791265.19370502,42141792.90646215,-1521930.9206412977,-107228.93628199048,110.72885350187468,3072.3855611245936,-1.189933788812695
2022-10-07 04:00:00.000000Z,0.0001077075095631,42165822.31054983,0.1473479073556697,96.70097981856638,42.88361004760058,248.4239149208756,-0.0258699717529986,-47.48980277922976,35789354.994740255,37228617.60314424,19801949.529017225,-101029.5447702465,-1444.0511756487715,2714.244557553141,2.873803968987404
2022-10-07 06:00:00.000000Z,0.0001338586392616,42164476.32163933,0.1472885288860284,96.73748743359128,55.75239393417356,265.5981070989033,-0.024329670423872,-47.49245063275616,35786771.76862284,22288971.742524367,35792131.63480208,-67696.67601246462,-2610.131455134048,1624.9454547218488,6.173391476871514
2022-10-07 08:00:00.000000Z,0.0001628580443649,42164177.55871584,0.1473314601204567,96.73256720425282,60.205913833185775,291.2328522888745,-0.0162511537052434,-47.4912392124926,35783552.72371041,1345394.16233328,42140215.16653807,-16139.379846302783,-3073.280150388943,97.65542815053377,7.818773533004533
2022-10-07 10:00:00.000000Z,0.0001965419679062,42165090.92488919,0.1474698005818131,96.73975581982002,59.488741759867125,322.03096613627145,-0.0037427824967379,-47.4852452362349,35780420.14145995,-19960557.13665209,37133792.08653092,39803.40200854833,-2708.4038322346514,-1456.280473470291,7.362714606945158
2022-10-07 12:00:00.000000Z,0.0002289512046979,42166366.70593881,0.1476108799949521,96.78059713837656,58.98775451853068,352.58332304578306,0.0098593619840933,-47.475171662233336,35778656.39854779,-35887323.66885777,22119855.12198419,85081.51189210652,-1613.52737293697,-2617.9840845839817,4.924190794636793
2022-10-07 14:00:00.000000Z,0.000241572668663,42166890.67785738,0.1476789980553809,96.84064528931276,59.02406345980044,22.580374458133456,0.0208948939087315,-47.46389854536097,35779347.818354376,-42141823.858899415,1143963.4993148567,107495.71320687856,-83.73069334801204,-3074.1064794526374,1.1580313158354416
2022-10-07 16:00:00.000000Z,0.0002283987766056,42166169.28662041,0.147665576987564,96.89235862719262,56.247360073517136,55.39587782330852,0.0263772163259813,-47.45551759284763,35782561.49718659,-37038908.52359858,-20140346.37690986,100997.96097101564,1468.4236401335293,-2701.7148556470183,-2.921562429148292
2022-10-07 18:00:00.000000Z,0.0002060918918128,42164790.9675867,0.1476211584426208,96.91736777639572,48.82682186173994,92.8757836469195,0.0248076546911108,-47.45327221377259,35787088.16065993,-21955854.842904866,-35997807.12281769,67327.39183825809,2624.552937952528,-1601.525512854261,-6.215926121411421
2022-10-07 20:00:00.000000Z,0.000185478239728,42164046.84489629,0.1476179505925643,96.91941561835635,40.75220648243381,131.02603687270164,0.0165800218423811,-47.45771994912371,35791042.42092723,-958408.9013079862,-42158283.9293692,15536.805226557335,3073.476344747953,-70.3043619874961,-7.83908502451513
2022-10-07 22:00:00.000000Z,0.0001565740500918,42164675.33329136,0.1209618523437639,97.22986074557826,34.10365436420939,167.43747981991797,0.0144292674317332,-47.4665186886228,35792982.12543354,20297346.95201891,-36965117.69616052,-32689.38347677197,2694.710756773239,1479.53704005215,-6.036905868603449
2022-10-08 00:00:00.000000Z,0.0001181333471149,42166338.71874075,0.1210861499016057,97.27503342528544,26.90748913209797,204.66112953834428,0.0115231906853653,-47.47599529385715,35792728.53525018,36088011.15533198,-21818168.50236991,-69813.85408090959,1590.407219479217,2630.8948148314653,-4.038115444163212
2022-10-08 02:00:00.000000Z,9.83021131345846e-05,42167199.18243715,0.1211600994993625,97.35542500411611,22.11092754900736,239.4518799469573,0.0054231589818603,-47.48354959657178,35791168.68909364,42161697.37613349,-796138.1927476912,-88207.85394694957,57.78115412652372,3073.852883241058,-0.953351677064333
2022-10-08 04:00:00.000000Z,0.0001001625477267,42166339.76465593,0.1211465070546893,97.42392405913866,34.48991091392647,257.0815900259808,-0.0022265156395797,-47.48849244579117,35789146.57974672,36881882.53376234,20440148.495918475,-82913.94708486115,-1490.5983791384435,2689.0027479872942,2.39067297508503
2022-10-08 06:00:00.000000Z,0.0001183694182441,42164731.40472092,0.1211108587106259,97.44957019154926,53.739803386162976,267.88586410383965,-0.00933299555188,-47.49081474470442,35786777.93513477,21668999.71907176,36170864.53493765,-55330.00530277124,-2637.7277764957744,1579.776152101008,5.095578357785879
2022-10-08 08:00:00.000000Z,0.0001454581502903,42163971.78355692,0.1211178268710372,97.44939517211996,63.40556583637968,288.30336700458497,-0.0139408376228965,-47.48985838329246,35783907.89350918,619322.4765439226,42157494.043011375,-12852.210728384656,-3074.475537794972,44.74345907457442,6.432041194687845
2022-10-08 10:00:00.000000Z,0.0001792296243363,42164651.64722648,0.1211593446137525,97.45204366409556,64.26318120385164,317.5304469460144,-0.0147795684424131,-47.48464789186853,35780939.60006907,-20597006.91373414,36785186.56109355,33098.51912917699,-2682.89341180519,-1502.655435037792,6.03753400559402
2022-10-08 12:00:00.000000Z,0.0002161314914899,42166057.85010434,0.1211948433035969,97.46431817205496,63.70846990981861,348.1642953837894,-0.0116122247681124,-47.475369874592246,35779001.10847016,-36262760.1308018,21499572.10072088,70147.02131972245,-1568.2096627853878,-2645.338155402262,4.015960948507104
2022-10-08 14:00:00.000000Z,0.0002370598780839,42166932.41501572,0.1212064316760464,97.4760521667961,63.94284270443357,18.011330069055806,-0.0052958179208862,-47.46436299701004,35779288.955214374,-42155248.84647204,419237.69062146265,88304.04747318187,-30.80559304217718,-3075.098171031235,0.9110209857528606
2022-10-08 16:00:00.000000Z,0.0002304654678348,42166506.62969941,0.121206381078712,97.47943223033565,61.86935413835991,50.17238766033167,0.0024566887625473,-47.45554913651148,35782144.174421184,-36686679.40169891,-20774263.620582223,82669.23528509519,1514.729514761687,-2676.077543381063,-2.4401670493332004
2022-10-08 18:00:00.000000Z,0.000210279876776,42165128.2292242,0.1212112265655639,97.47675204739876,54.68680741667856,87.44281366224888,0.0095460671867844,-47.45248493887118,35786593.77784109,-21332674.61864034,-36370022.225059904,54758.39444840546,2651.772040978154,-1556.1416096272578,-5.133849995228372
2022-10-08 20:00:00.000000Z,0.0001927977699451,42164042.00801256,0.1212225356377725,97.47450134085382,45.3981830891028,126.8120123479816,0.0140581505262546,-47.45629521888436,35790774.911857575,-232045.01416142637,-42168271.72891148,12092.551718895938,3074.2536939838383,-17.39355395084712,-6.444252560010042
2022-10-08 22:00:00.000000Z,0.0001676281859221,42164373.33706428,0.1212293433186596,97.47468302988828,38.240375505421824,164.04307637517073,0.0147799294761908,-47.46499037889226,35793031.849204704,20931192.604177278,-36609991.98854461,-33834.21303306109,2668.827017452988,1525.7026205485754,-6.018810580648868
2022-10-09 00:00:00.000000Z,0.0001302431582112,42165974.75372481,0.1212228943772048,97.47179188176156,29.93676044560064,202.4219032433714,0.0115235044068797,-47.47480333314088,35792914.29949564,36458573.46078091,-21193513.09400461,-70651.05114774573,1544.8473142016703,2657.87228568999,-3.9719975556443736
2022-10-09 02:00:00.000000Z,0.0001049603772557,42167282.55264094,0.1212111149881937,97.45690652116788,20.69037732341065,241.7574879352436,0.0051754111473496,-47.4826216581651,35791239.5453564,42169225.54653367,-70099.5511367349,-88436.80161962437,4.82459788684784,3074.390026704629,-0.8542102936496003
2022-10-09 04:00:00.000000Z,9.815254252959836e-05,42166895.28914639,0.1212195260259901,97.42973379773365,27.343905062385755,265.2084492969508,-0.0025429242982285,-47.48744041460871,35789103.60243721,36524404.53544804,21072191.75135666,-82390.20139327827,-1536.693160982133,2662.956389341368,2.495329472806893
2022-10-09 06:00:00.000000Z,0.0001051244087904,42165269.68894347,0.1212587097805135,97.40543337974414,49.47193933974417,273.1847295284792,-0.0095446510927722,-47.48956113264579,35786885.97019508,21042863.047760557,36538803.30185033,-54129.92749786735,-2664.5349304133547,1534.1530421975604,5.173614352718008
2022-10-09 08:00:00.000000Z,9.06207746164868e-05,42164379.45336299,0.121296724312176,97.39723021300516,66.4721907677513,286.27502137901206,-0.0139478242293915,-47.48935491060721,35785171.31578562,-106305.19566155784,42163172.79619748,-11268.929936853128,-3074.7133234236344,-8.017952630621124,6.457272829923528
2022-10-09 10:00:00.000000Z,0.0001225419695068,42164701.90239732,0.1212916886157405,97.39575923730776,71.19807503135958,311.6355031243636,-0.0145843316089404,-47.48659316454529,35783131.68594499,-21226577.95822075,36428062.88685017,34635.05724575318,-2656.6104470759856,-1548.334565627934,5.999021916131748
2022-10-09 12:00:00.000000Z,0.0001608952895483,42166071.43117326,0.1212449856434214,97.377163180083,70.70900820934553,342.2311584629903,-0.0113088756536173,-47.4807342921057,35781473.65082584,-36627408.01855226,20877276.72384587,71194.08420877664,-1522.6228193628276,-2671.6305915187595,3.921305527316925
2022-10-09 14:00:00.000000Z,0.0001882899404558,42167210.50916719,0.1212060847139326,97.32949191329934,71.23408283902624,11.843660858642632,-0.0050302883425478,-47.47296298921886,35781302.81009802,-42158282.02775363,-299638.0590483134,88535.80842871351,21.738526280868243,-3075.038934718576,0.7842763845444902
2022-10-09 16:00:00.000000Z,0.000188424291896,42167128.44469368,0.1212253706938554,97.26754483492576,69.92252936399414,43.3060410045398,0.0025403572676334,-47.46621841605237,35783208.93394856,-36328809.8662439,-21396026.384911824,81973.14805053249,1560.1424726700614,-2649.7949407083056,-2.565182823054124
2022-10-09 18:00:00.000000Z,0.0001704038431485,42165904.57314562,0.1213024435532453,97.22064557283926,62.4059639840252,80.95418888172657,0.0093577011776273,-47.46366990217146,35786636.68777087,-20711099.425702788,-36727587.21430784,53273.6991885465,2677.937418476123,-1510.7206031168753,-5.222571510815579
2022-10-09 20:00:00.000000Z,0.0001550193565951,42164629.28865348,0.1213786658607217,97.20505486219056,50.23107432898332,123.2237623470878,0.013598530242896,-47.466710681121526,35790072.90468544,485663.0461863461,-42165411.82278557,10182.571155314292,3074.176116794524,35.00818707258088,-6.470397195733602
2022-10-09 22:00:00.000000Z,0.0001374979061216,42164533.17242504,0.1213844316639154,97.20349142887468,39.37158351870253,164.15968863487035,0.0141537114829204,-47.4739719730455,35791973.494846806,21551610.205515504,-36247000.48721205,-35668.85746460463,2642.492309512192,1571.0351269927926,-5.971446772385224
2022-10-10 00:00:00.000000Z,0.0001081581050128,42165857.40812824,0.121309920387498,97.17245968169031,26.408705036401475,207.22750513632337,0.0109224897315501,-47.482199303424,35791775.558275536,36814084.78373491,-20567438.27800453,-71898.00893174141,1499.285384400495,2683.9274767903453,-3.8590433709153897
2022-10-10 02:00:00.000000Z,8.768637355000615e-05,42167390.82394901,0.1212395196107877,97.08176340150186,8.284400986697351,255.5183921401714,0.0048300062690193,-47.48844699661881,35790178.15245743,42163196.81179736,650974.8905746969,-88707.86702305994,-47.72490215836689,3074.104746936112,-0.7017441167789285
2022-10-10 04:00:00.000000Z,7.833939195749272e-05,42167526.339589246,0.1212814747070574,96.9583508541642,5.962601264056907,288.042377392993,-0.0024392541118829,-47.491808845660685,35788365.98221673,36157554.034378335,21694206.87151861,-81536.57337231477,-1582.0489390592595,2636.3526234658434,2.6480888916780945
2022-10-10 06:00:00.000000Z,6.709818765737671e-05,42166128.298202656,0.1214319234570744,96.8687561242971,31.2899570201447,292.8854870683849,-0.0089172629271103,-47.49307273116948,35786890.860772155,20413500.617357757,36894116.48446498,-52305.18129363783,-2690.401617665203,1488.3884692442482,5.283824445078909
2022-10-10 08:00:00.000000Z,7.571833018865441e-05,42164708.38557234,0.1215630926368142,96.84254122978096,63.81510883540356,290.4688818383616,-0.0128920327273893,-47.492874942299245,35785454.71225124,-828963.4774493703,42155441.00297832,-8909.760672080813,-3074.1164549420505,-60.667581154534055,6.491168895902925
2022-10-10 10:00:00.000000Z,0.0001032600408853,42164625.53315441,0.1215723173058485,96.84038675391284,75.31589942117215,309.05453161588946,-0.0133550876183226,-47.49072250370981,35783745.032828845,-21847763.44263581,36059647.34056326,36914.51348315612,-2629.676457606357,-1593.558660487126,5.942759115802822
2022-10-10 12:00:00.000000Z,0.0001403881015204,42165806.629606985,0.1214839800329088,96.80309225993302,76.55239031496977,337.9422731156151,-0.0102499208642091,-47.48591828445976,35782183.21336337,-36979893.439644784,20247834.107365426,72770.7970862222,-1476.6469746102584,-2697.24441091502,3.786342472205773
2022-10-10 14:00:00.000000Z,0.000171629590049,42167082.571088605,0.1214130564550314,96.70894678300536,77.765640451864,6.912123720371162,-0.0044701643022738,-47.4790973543636,35781761.034249775,-42147457.04526551,-1020271.5552947638,88954.0237572355,74.35498279062176,-3074.178654584073,0.6045629737336489
2022-10-10 16:00:00.000000Z,0.0001781070120919,42167327.91419072,0.1214576599822098,96.58925906920469,77.76002446124305,37.12598539261645,0.0023903240296807,-47.4726741324949,35783202.39021913,-35957871.30397193,-22013710.661646463,81076.2999834516,1605.2568622697495,-2622.7189859145724,-2.7424224113023694
2022-10-10 18:00:00.000000Z,0.0001629082454701,42166365.45826515,0.1216162841551086,96.49887898741896,71.95384037287882,73.10767513933317,0.0084728042352572,-47.46968307212883,35786231.409026586,-20079973.742584877,-37075948.95186797,51255.32531131608,2703.432590459958,-1464.7052599012204,-5.349565175835098
2022-10-10 20:00:00.000000Z,0.0001470655613521,42165062.49264083,0.121785896074176,96.4679161028644,59.96207987204214,115.21035429031528,0.01215866829178,-47.47186121927935,35789566.030539945,1207083.855997955,-42150421.948755935,7543.025451945759,3073.179921082981,87.5978381258646,-6.511650207154877
2022-10-10 22:00:00.000000Z,0.0001334566712697,42164622.52721208,0.121844376949435,96.46972414534464,47.91216512146412,157.33403374340585,0.0125061499825746,-47.47842202283624,35791677.966045566,22168971.99860576,-35872392.05541312,-38248.30180192346,2615.246626385197,1616.0307132991672,-5.913369042377694
2022-10-11 00:00:00.000000Z,0.0001103676147766,42165556.68170764,0.1217641030872733,96.43267311061506,34.96727858253538,200.39003346260867,0.0094995750642653,-47.4864936335684,35791781.74240953,37160933.3854807,-19933931.885550715,-73730.55043133767,1453.1242360630338,2709.1851591548366,-3.713767362884496
2022-10-11 02:00:00.000000Z,9.168117752857128e-05,42167073.646540105,0.1216725944442413,96.3008137018969,16.235973127099026,249.32883491641425,0.0040415774205606,-47.49299134461155,35790301.02414317,42145991.55846553,1372803.6996423006,-89280.13806989728,-100.35450033018242,3072.816409072989,-0.5043282743898854
2022-10-11 04:00:00.000000Z,8.57867067910657e-05,42167644.85142179,0.1217538152038341,96.1064932871798,7.638656721351559,288.19908827847354,-0.002315665184334,-47.49650934398096,35788377.77845237,35780877.01612973,22310026.99833899,-80646.44126018116,-1626.969361559295,2608.874254690032,2.847966057613909
2022-10-11 06:00:00.000000Z,7.338825269776038e-05,42166646.60609564,0.1220263067264915,95.95655601274096,22.74325660233359,303.3254897783404,-0.0078259103742606,-47.49757960037015,35786809.32629888,19778747.331114806,37238170.47036341,-50126.82100722374,-2715.5133315724206,1442.1163609433788,5.433448139693016
2022-10-11 08:00:00.000000Z,6.888460529293578e-05,42165172.30798346,0.1222921876474777,95.90993075209896,54.76077177525452,301.43716365347075,-0.0110418904529089,-47.4971497885246,35785520.266634315,-1550823.8873558566,42135126.71976688,-5967.4955336405765,-3072.6399074281385,-113.271369187721,6.548292935283311
2022-10-11 10:00:00.000000Z,8.785275163231945e-05,42164720.528960764,0.1223715850277928,95.91285707994383,74.785841262965,311.49324212480644,-0.0111887514200397,-47.49520925660516,35784129.13979885,-22462210.22153579,35680585.87537228,39868.88969532325,-2602.007221685306,-1638.3026524280242,5.888234641733404
2022-10-11 12:00:00.000000Z,0.000121040850482,42165603.23677918,0.1222864696251653,95.87287359029231,80.05079495459398,336.3544486620416,-0.0083337443541639,-47.49116644225951,35782790.8679169,-37321449.43286198,19612435.66578478,74954.19549759412,-1430.2691957246989,-2722.062958992318,3.631067193810096
2022-10-11 14:00:00.000000Z,0.0001531619776315,42166877.04366105,0.1222059330454323,95.75243800389278,82.84563540479833,3.7680619520704313,-0.0033369528952212,-47.48528259117349,35782295.638509765,-42124391.66390452,-1740588.7334937234,89766.7367235854,126.922513480643,-3072.410797657422,0.387474389808403
2022-10-11 16:00:00.000000Z,0.0001646164427531,42167382.45952548,0.1222788703003507,95.5922928611507,84.39908567467053,32.46274554992806,0.0023955445745821,-47.479428359291646,35783388.35166904,-35576711.407100715,-22624884.132915355,80270.8185641069,1649.870786201626,-2594.8715617734865,-2.9646863889730577
2022-10-11 18:00:00.000000Z,0.0001531231385271,42166730.19982769,0.1225152009174327,95.46831356127912,80.64062449039082,66.43042329798688,0.0072966741107762,-47.47632542122778,35786010.5772487,-19443486.63591686,-37413416.92897562,49010.451965748005,2728.1108741873286,-1418.2733482059086,-5.517962108139345
2022-10-11 20:00:00.000000Z,0.000136973427591,42165537.95228148,0.1227848308576352,95.42542284474028,69.7002447577689,107.4943072167626,0.0100632177515609,-47.47784595340615,35789136.4298689,1927523.615300628,-42123195.29195999,4422.861251760569,3071.2812059265098,140.13659136411732,-6.580673415012427
2022-10-11 22:00:00.000000Z,0.0001254140300522,42164882.95546536,0.1229249067048678,95.43586892185849,56.77420439108021,150.48619095235765,0.0100066010865875,-47.483690386282575,35791347.66743906,22779297.886119388,-35487565.53568033,-41439.458781123176,2587.2600133774968,1660.5308958589446,-5.8633569289482175
2022-10-12 00:00:00.000000Z,0.0001087682014911,42165412.92841064,0.1228835155776388,95.41191519262492,43.563426331427245,193.79528477728107,0.0072342395933677,-47.4914623996583,35791729.86094218,37496601.75162014,-19294992.30410839,-76158.42507187421,1406.5785040660753,2733.639215146426,-3.5562388974829213
2022-10-12 02:00:00.000000Z,9.38629892401923e-05,42166722.79206184,0.1228020763195907,95.27579663866506,25.401829555483857,242.16845286609237,0.0026095817072401,-47.49814397121647,35790433.33817583,42116460.22126728,2093788.1830877508,-90298.59757768558,-152.91005186652342,3070.6273672711613,-0.2788047913101389
2022-10-12 04:00:00.000000Z,9.185040482837062e-05,42167555.67429636,0.122917828549106,95.0499053635308,13.31854139681927,284.5559873722932,-0.0025066420153463,-47.50192321082909,35788444.92886104,35394043.676903345,22918898.519922715,-79964.93513254648,-1671.375193807069,2580.6409359537824,3.0843985140764194
2022-10-12 06:00:00.000000Z,8.434811641944547e-05,42167018.23489811,0.1232949586352467,94.86069182542688,20.481810240061154,307.663078860108,-0.0066679644068009,-47.50291057280888,35786707.837615624,19138728.10622488,37571011.87673099,-47887.267414563685,-2739.8139794614904,1395.441996428165,5.620177163574385
2022-10-12 08:00:00.000000Z,7.291936509123949e-05,42165688.61803004,0.1237057028996314,94.79896753460132,44.42584220092515,313.8636819427404,-0.008771072414413,-47.50213388110668,35785420.90743596,-2271701.540381393,42102315.61445758,-2717.276340653458,-3070.2781842964964,-165.82349610017906,6.635675062679445
2022-10-12 10:00:00.000000Z,7.988296560205332e-05,42164973.53503878,0.1238931972985085,94.81394806761595,68.77533162283275,319.583421822186,-0.0083479151616278,-47.50005814783421,35784271.9927497,-23069726.20144378,35290998.706840195,43304.71042148237,-2573.606251286681,-1682.563855307502,5.850727056792589
2022-10-12 12:00:00.000000Z,0.0001057260982221,42165506.410219885,0.1238498670515423,94.7882511605709,79.92933053172716,338.54090192599625,-0.0056460595389492,-47.49641027980604,35783220.38566509,-37651930.12744796,18971193.42398407,77680.96211898084,-1383.497429261095,-2746.0914687808267,3.475611663679082
2022-10-12 14:00:00.000000Z,0.0001354359561817,42166650.84522182,0.1237789853589654,94.66496624910154,85.57958622398732,3.101174513429324,-0.0015157320277405,-47.491301248469085,35782811.32553039,-42088989.38470574,-2460537.4779309984,91058.22648662898,179.43620014239795,-3069.745628112703,0.1529916439964074
2022-10-12 16:00:00.000000Z,0.0001496177440674,42167318.01957593,0.1238773662818181,94.48643185003068,89.12087325649243,29.82572574729721,0.0028445075250521,-47.48613167593786,35783707.48048125,-35185253.873156495,-23229564.714898568,79768.60110170639,1693.9829325298217,-2566.2608462766284,-3.2172738755611494
2022-10-12 18:00:00.000000Z,0.0001419498192619,42166972.44608239,0.124176243952684,94.34339196588913,87.64334460990757,61.53135112175825,0.0062197146507915,-47.48320899612956,35785981.58984396,-18801573.693013668,-37740052.0724994,46825.9376956983,2751.9694429582296,-1371.4289729378993,-5.722077954517458
2022-10-12 20:00:00.000000Z,0.0001262834787691,42165988.796772,0.1245346111345286,94.29470889828563,78.52646333406787,100.77791021611829,0.00770755369457,-47.484348347958935,35788846.91227686,2647014.0902153784,-42083819.30616259,1112.7110935387454,3068.4741184707736,192.6204310512498,-6.682083866652067
2022-10-12 22:00:00.000000Z,0.0001153990286337,42165255.435115725,0.124761882593534,94.31764468291408,65.35246949091483,144.0058631833208,0.0069596198829466,-47.4895876553454,35791055.07289708,23382580.97336532,-35092643.67964311,-45018.35142534739,2558.528651424709,1704.5302541306348,-5.834841304832771
2022-10-13 00:00:00.000000Z,0.0001041979695878,42165440.00198582,0.1247812405128169,94.31937312269852,51.69066469019432,187.7406544862575,0.0042709648826861,-47.497007094428334,35791656.512447976,37821077.81302422,-18650772.23663823,-79075.34834371408,1359.650792258382,2757.2878294148727,-3.404969188797252
2022-10-13 02:00:00.000000Z,9.434876461404469e-05,42166432.16040567,0.1247265721464842,94.20808336574645,34.59046939731025,235.02747285921328,0.0004915661863622,-47.503808201088376,35790575.23375774,42074629.56061977,2813789.714675075,-91794.50717455214,-205.3838585416057,3067.5434291769216,-0.0441099164548937
2022-10-13 04:00:00.000000Z,9.59255245649274e-05,42167332.49478186,0.124861860073764,93.98891479775035,21.19064184173539,278.7244883458077,-0.0032248179230265,-47.507923016348826,35788581.568464376,34997147.41882121,23520745.810356382,-79648.57990217533,-1715.2557510268446,2551.6636605033664,3.342099629385106
2022-10-13 06:00:00.000000Z,9.533145102823654e-05,42167211.782231,0.1253044445480735,93.78758021281324,23.12699836843081,307.07053717238455,-0.0057754857937624,-47.50898626769143,35786651.374945186,18493620.972443115,37892654.45346113,-45831.03578623072,-2763.2912810713187,1348.3792293635531,5.835263574070509
2022-10-13 08:00:00.000000Z,8.480474952006969e-05,42166177.38933008,0.1258386908775572,93.72000074281894,38.86278865011128,321.4855615554588,-0.0064567720577237,-47.5078852283221,35785242.31073044,-2991342.180088611,42057132.88518766,563.0116539992514,-3067.023915191174,-218.30702808619435,6.753029305244873
2022-10-13 10:00:00.000000Z,8.182584004268912e-05,42165345.86759231,0.1261478319024778,93.75268745998484,60.39179971639877,330.0084326325892,-0.0051680682842975,-47.50545080141905,35784220.56965811,-23670046.56198033,34891131.895461954,46974.7190831449,-2544.4786852659977,-1726.3270717541886,5.838928701231673
2022-10-13 12:00:00.000000Z,9.717170146065292e-05,42165537.01767114,0.1261719452767131,93.75558948810868,76.00581223288438,344.47724943951266,-0.0023995331022001,-47.501854001059016,35783452.14414238,-37971151.4825671,18324429.77339421,80794.33270767506,-1336.3477862121745,-2769.3251816937777,3.3359249779417297
2022-10-13 14:00:00.000000Z,0.0001209097460741,42166453.98543426,0.1261226743539019,93.65122758556814,85.3592679287258,5.314867043932483,0.0009569311750574,-47.49727701538757,35783240.56419833,-42041193.52418491,-3179810.223437636,92801.48348816104,231.8784885328365,-3066.191663547963,-0.0795625144444632
2022-10-13 16:00:00.000000Z,0.0001348780907308,42167173.02991049,0.1262372925306898,93.47598091902148,91.37791864689125,29.558087842968398,0.0038860826688606,-47.49278633615757,35784088.600065015,-34783549.412998326,-23827538.878429774,79679.18751638893,1737.58163641773,-2536.9031843917264,-3.482411679312872
2022-10-13 18:00:00.000000Z,0.0001301618521789,42167090.855146304,0.1265755864654974,93.32862406639352,92.3826887745522,58.78534547801098,0.0055380358574172,-47.4902494923978,35786108.916778155,-18154345.79222989,-38055766.24890192,44919.693036912206,2775.002915262052,-1324.1898840983467,-5.950240885995782
2022-10-13 20:00:00.000000Z,0.0001157008346622,42166369.44309188,0.1269994631975963,93.2800761297276,85.6873972678422,95.61029231112823,0.005459511545027,-47.49127632870629,35788708.83254225,3365422.456917141,-42032330.58795428,-2116.7085644781155,3064.7578288233917,245.0325946328579,-6.813174354502172
2022-10-13 22:00:00.000000Z,0.0001047878731664,42165678.530236006,0.1273028660259201,93.31667296625812,73.11491264815075,138.22351077861384,0.0037128452618495,-47.49608016685394,35790836.3827489,23978701.03810406,-34687776.494715914,-48729.10108989879,2529.0571757050484,1748.0145737380508,-5.834491181787143
2022-10-14 00:00:00.000000Z,9.749250848880746e-05,42165615.08705887,0.1273859697512144,93.34900440723,59.04373919668041,182.3374100526913,0.0008541594051394,-47.50315757780975,35791585.497685246,38134298.01815532,-18001500.955878053,-82301.45453402227,1312.352030958417,2780.1241990473304,-3.273865361261929
2022-10-14 02:00:00.000000Z,9.306955909284674e-05,42166255.64140369,0.1273613386478842,93.2791177248542,43.090976007593376,228.4353306743704,-0.0022238406989729,-47.51002132917256,35790722.13543536,42020528.78278883,3532571.498204306,-93702.75540470453,-257.7618639296502,3063.569581054586,0.1825053348846466
2022-10-14 04:00:00.000000Z,9.80438505498629e-05,42167057.29389748,0.1274961383254828,93.09405691935387,29.918916565137167,271.870098617829,-0.004549126862315,-47.5145077303526,35788784.974695794,34590317.89826311,24115407.01577585,-79755.68513946276,-1758.5975507533954,2521.957506748485,3.604675711728816
2022-10-14 06:00:00.000000Z,0.0001039303815804,42167238.73904336,0.1279556859657882,92.9043443640635,28.57616373915916,303.4833929662851,-0.005369464231724,-47.51581270984105,35786683.64152677,17843647.203634866,38203068.0380454,-44121.072239187575,-2785.933528463523,1300.9490565941364,6.066489177853109
2022-10-14 08:00:00.000000Z,9.90626237789827e-05,42166578.4947364,0.1285697220328208,92.83962553061107,38.41907079108319,323.78863407854647,-0.0044091712719759,-47.514517643032015,35785071.060253486,-3709457.652140148,41999714.57718261,3644.6872521566743,-3062.8714442826404,-270.6971629459924,6.894641212672704
2022-10-14 10:00:00.000000Z,9.205939602293249e-05,42165785.85472763,0.1289906871436849,92.89214317180586,54.39048432135153,337.84970756282524,-0.0019773218818377,-47.51164768745111,35784053.52845208,-24262887.55680551,34481299.764530085,50637.039635869645,-2514.63236660615,-1769.5689767600747,5.855030822066885
2022-10-14 12:00:00.000000Z,9.684351557868366e-05,42165695.65792351,0.1290928242350411,92.9321786012752,70.1487570613141,352.1373358735583,0.0011372883810252,-47.50784598739045,35783513.56581813,-38278939.93358032,17672590.748938035,84096.4645239825,-1288.8421487889834,-2791.7525054031494,3.221849095672567
2022-10-14 14:00:00.000000Z,0.0001115778394923,42166323.61377769,0.1290696125255792,92.86318885170284,82.30902647776658,10.132488367494908,0.0039374008865675,-47.503548269936026,35783555.148789935,-41981011.58272982,-3897941.385710368,94890.91165636427,284.2230312576575,-3061.7553510071216,-0.2949443378740953
2022-10-14 16:00:00.000000Z,0.0001220671521835,42166987.96558295,0.1291870301590143,92.70880235563406,90.90123756008644,31.78069504793758,0.0055365474025774,-47.499651068542896,35784475.30669827,-34371776.17022212,-24418445.42603378,80014.924310215,1780.6473305757834,-2506.819898299073,-3.743291607859671
2022-10-14 18:00:00.000000Z,0.000118532854633,42167100.48721981,0.1295379812618621,92.5691578384416,94.51033622309916,58.39540978510927,0.0054222191326281,-47.49761621111527,35786343.737213895,-17502080.138981227,-38360379.84084071,43417.71383374096,2797.2035936775023,-1276.5837445468162,-6.1883777026225975
2022-10-14 20:00:00.000000Z,0.0001054306961336,42166656.405522354,0.1299986027442727,92.52482076387987,90.66452011944332,92.36656274660533,0.003599067320509,-47.49875079333386,35788702.51041161,4082457.676385816,-41968748.706834026,-5058.937509641377,3060.135901724344,297.34633595065134,-6.966145057712286
2022-10-14 22:00:00.000000Z,9.424125464768213e-05,42166101.44696998,0.1303576450173164,92.5734561077614,79.61687191397388,133.443166618804,0.0005839931395315,-47.50329455362029,35790696.76296128,24567427.28030475,-34273157.405328855,-52337.60184748468,2498.858450789502,1790.9630564697682,-5.8625612161226845
2022-10-15 00:00:00.000000Z,8.923650892688395e-05,42165899.900640585,0.1304953911956905,92.63451636562584,65.41586238195069,177.6584763564584,-0.0027390666669829,-47.510068942271005,35791522.49612719,38436149.94954268,-17347484.719895463,-85632.73009302511,1264.7015639341666,2802.138670736292,-3.1707635921284987
2022-10-15 02:00:00.000000Z,0.0001260952322061,42164682.56278637,0.1304962898926093,92.61070828130724,52.49399058505829,220.67903110318795,-0.0053637757034063,-47.51732858116765,35790577.369131126,41953939.75306167,4249495.821593764,-95895.7159201375,-310.064593932783,3058.671576566014,0.3881503437954562
2022-10-15 04:00:00.000000Z,0.0001332432459189,42165268.55152905,0.1306122971472792,92.47355547216212,43.67004957984654,259.7176776075487,-0.0064444911626007,-47.5219099159427,35788133.67478321,34173043.76245601,24702044.87615827,-80259.21665186387,-1801.4682584831564,2491.4927742664963,3.857710065522941
2022-10-15 06:00:00.000000Z,0.0001437211565187,42165607.77701231,0.1310432297227143,92.31122301905016,40.9148897687295,292.7169161981832,-0.0055519960034629,-47.52229754204056,35785129.76036092,17187587.89211246,38500987.67522552,-42829.563542965865,-2807.863823173288,1253.0455195998904,6.301178719598848
2022-10-15 08:00:00.000000Z,0.0001471542038825,42165329.13955098,0.1316836570779457,92.2550523908365,45.18710671281032,318.58671949938235,-0.0028388521907386,-47.518582344249175,35782538.39810352,-4428116.421788642,41927488.52841445,6377.663877348941,-3057.910308908705,-323.259187318166,7.051839476214488
2022-10-15 10:00:00.000000Z,0.0001426126606075,42164713.59964651,0.1321884418193648,92.3251917523926,53.588885076036505,340.20351473391696,0.0009544412372933,-47.51200432752999,35780918.65142891,-24850357.215281464,34056464.77694245,54097.96270018112,-2483.96087886757,-1812.692402131655,5.895769314752172
2022-10-15 12:00:00.000000Z,0.0001399551842785,42164439.65738616,0.132365871329947,92.4039011932118,63.1632136380966,0.6405397230576805,0.0046975770081263,-47.50407626197379,35780401.89426737,-38575534.41389346,17007730.861721452,87391.67657108995,-1240.5591858158782,-2813.738364923028,3.1360972864051115
2022-10-15 14:00:00.000000Z,0.0001432261304537,42164756.069944,0.1323677699726628,92.37958747959588,72.56883006522573,21.349259196226654,0.0072250594455409,-47.49618847687177,35780994.27205254,-41904605.80772486,-4624599.39558005,97170.54674154942,337.15452706417096,-3056.5098309379223,-0.4850580395387641
2022-10-15 16:00:00.000000Z,0.0001452307063232,42165271.07940926,0.1324738201117033,92.25798758711372,80.59439677650091,43.53383697612217,0.007709493478151,-47.48977782302291,35782694.1787807,-33940913.965117246,-25010868.309291184,80692.50826517561,1823.8822079784663,-2475.624485048668,-3.9882220917481432
2022-10-15 18:00:00.000000Z,0.0001389838423691,42165494.88003903,0.1328111203281175,92.13454126968556,84.96979157007529,69.367461180877,0.0059198259508843,-47.48633917494072,35785292.146419846,-16831612.02779923,-38658114.31524015,42326.13183047847,2818.970823619896,-1227.8135561357408,-6.423822556644589
2022-10-15 20:00:00.000000Z,0.0001270109599784,42165313.01916629,0.133278842493899,92.09650267638648,83.55253770211878,100.90431698478577,0.0022938168052736,-47.48691039041581,35788188.4520434,4812368.082357738,-41890811.13405465,-7622.048850991955,3054.490974963026,350.5117173269496,-7.130302648273068
2022-10-15 22:00:00.000000Z,0.0001175958023996,42164959.11022096,0.1336691152485788,92.15356105746952,76.44424951180503,138.03317622697196,-0.0021830693518795,-47.491415963153216,35790508.59581608,25160235.681302167,-33840125.745573126,-55689.92777464278,2467.297614882932,1834.1516754434967,-5.912863329037797
2022-10-16 00:00:00.000000Z,0.0001156005407869,42164723.57230332,0.1338467620964528,92.23718277716917,66.56019269410118,177.90872185157767,-0.0062499947686231,-47.49844037780311,35791457.59019981,38732182.64295653,-16675875.806114824,-88891.46245561964,1215.7273125698862,2823.68980582916,-3.0953571556775987
2022-10-16 02:00:00.000000Z,0.0001209104244065,42164764.54581914,0.1338656935020028,92.25528788930102,56.96875970032321,217.55699953707983,-0.0087167283506115,-47.505624972133866,35790668.86967065,41873704.42796738,4979098.268824449,-98215.78770162184,-363.2290248292813,3052.810791647821,0.5673094456006078
2022-10-16 04:00:00.000000Z,0.0001323430538759,42165070.05737167,0.1339507295635968,92.16848605460936,49.63858128895439,255.05125798251296,-0.0087924791991919,-47.51048068452207,35788371.82184884,33738221.63632216,25293087.92436284,-81057.0759004269,-1844.5263568323624,2459.754766399723,4.091610126342813
2022-10-16 06:00:00.000000Z,0.0001469164664755,42165422.58602041,0.1343193100201499,92.04086264964756,46.47729189920927,288.4214994355565,-0.0063183731698566,-47.51128602049448,35785327.180507965,16515397.553063069,38794298.512604736,-41931.59071003525,-2829.2222098981038,1203.989640396794,6.527874003550428
2022-10-16 08:00:00.000000Z,0.0001569888523302,42165474.2218732,0.1349341041881845,91.99576758502836,48.3885876440316,316.6409956787738,-0.0018506819041134,-47.507723729783336,35782523.9111985,-5156596.540811278,41844124.61516383,8704.775449252458,-3051.8280726438666,-376.4227532581416,7.213716878683214
2022-10-16 10:00:00.000000Z,0.0001570204199911,42165140.12594596,0.1354836151795738,92.07779096091753,53.99596734218315,341.04057302888606,0.0034375022293217,-47.50087849081267,35780741.413426496,-25438914.441941824,33618884.35951578,57232.05984337142,-2452.06973146273,-1855.6518700978131,5.953539854041114
2022-10-16 12:00:00.000000Z,0.0001514313696218,42164801.55388402,0.1357236882245954,92.19051660320088,61.2185455753884,3.7957173966659936,0.0080493101096105,-47.49256526455784,35780293.48259426,-38865559.14629512,16333810.919319209,90519.710587648,-1191.4381168936127,-2834.910232433474,3.0769311086121363
2022-10-16 14:00:00.000000Z,0.0001465097906177,42164821.22894274,0.1357464683450356,92.21297511052131,69.02762833128145,26.054264438959173,0.0105999206161772,-47.48461123168997,35781134.26900437,-41817908.77027094,-5353201.03297441,99491.97861151678,390.2586654750621,-3050.1762789177287,-0.6448747515474732
2022-10-16 16:00:00.000000Z,0.0001410489073138,42165111.18152109,0.1358289734044475,92.13039812477722,76.52989988146439,48.722721010841205,0.0102505170564814,-47.47859386226118,35783050.2243897,-33500954.85198609,-25597755.17891248,81620.57419285197,1866.639189705077,-2443.5064385215846,-4.20678302493911
2022-10-16 18:00:00.000000Z,0.0001311549155029,42165356.59560829,0.1361298963507195,92.0281905495157,81.73700542438742,73.70278614549636,0.0069799951948874,-47.47576480850875,35785667.044577286,-16157105.627060331,-38945251.00004948,41638.70772550278,2839.865944281976,-1178.593253712456,-6.643961594845134
2022-10-16 20:00:00.000000Z,0.0001178211900108,42165399.05836808,0.1365771559987211,91.99701267524122,82.39331800082712,103.15877339192424,0.0016080539019478,-47.47677766381728,35788392.464849435,5539651.638680242,-41801057.071090296,-9724.716861830451,3047.922376453022,403.5693438023324,-7.294520961831774
2022-10-16 22:00:00.000000Z,0.0001069050309966,42165285.22024892,0.1369737303550799,92.0578462151141,77.41997824904311,138.1488491727149,-0.0044266475890452,-47.48134335442067,35790505.69031319,25744474.25099843,-33397799.82740204,-58639.24479973608,2435.048369749083,1876.774615873254,-5.9786978786196965
2022-10-17 00:00:00.000000Z,0.0001047553090569,42165108.166533165,0.1371746714064759,92.15558512711164,68.503188028002,177.0432237820091,-0.0094612257432694,-47.48815502885032,35791382.30458789,39016096.82007696,-16000128.155206956,-91903.61417529914,1166.4762717628523,2844.410378250097,-3.046892075083446
2022-10-17 02:00:00.000000Z,0.0001132695469727,42164954.908275306,0.1372044016067161,92.20644738675514,60.05090003628596,215.51975451774095,-0.0120632451478102,-47.495184195562565,35790704.99020361,41780852.71707597,5706266.731927091,-100503.39861878102,-416.2192027821377,3046.042830599596,0.7151384582288413
2022-10-17 04:00:00.000000Z,0.0001286550680248,42164958.46711247,0.137253662028204,92.16494201821328,54.63049555915785,251.0587758210168,-0.0114228680352451,-47.50020643778289,35788581.7020958,33293677.114016827,25875789.83464748,-82040.78823204004,-1886.972624240207,2427.320427920733,4.297419209500578
2022-10-17 06:00:00.000000Z,0.000146622910246,42165200.60705177,0.1375402164969758,92.07302596438085,51.98022240529399,283.8818702035744,-0.0075834910276215,-47.501435271373104,35785579.47009393,15839015.69379926,39075604.34887162,-41390.34899167446,-2849.690851571314,1154.636633831386,6.736040439483594
2022-10-17 08:00:00.000000Z,0.0001625698482971,42165490.948107205,0.1380865692194767,92.03912108409034,52.310998522492646,313.6703832645003,-0.0014595689178793,-47.49818584672109,35782620.04084793,-5882570.2594271,41748349.53967506,10588.307579277898,-3044.8191814204883,-429.3986239782128,7.370403380963554
2022-10-17 10:00:00.000000Z,0.0001692255839723,42165498.96544951,0.1386373072896819,92.12536943768735,55.64565683421529,340.3385400287568,0.0053619839884907,-47.4912578585213,35780642.36716989,-26018945.71000441,33171878.89381781,59937.531557160815,-2419.473019877891,-1897.989517588465,6.02064790275349
2022-10-17 12:00:00.000000Z,0.0001644696294105,42165224.71728673,0.138919202495944,92.26213842291548,60.67322208096719,5.264984589236188,0.0110113179023886,-47.48261412683384,35780182.06818333,-39143382.974628925,15656012.407242913,93334.84942059936,-1142.024801854441,-2855.1996841705736,3.0400483525783577
2022-10-17 14:00:00.000000Z,0.0001537868907726,42164996.47952738,0.1389573454334434,92.3270830066168,66.26171742321546,29.70177732137856,0.0138500544529353,-47.47451552519767,35781226.760860234,-41718654.74346896,-6079100.041674303,101694.119812904,443.1680222934504,-3042.9388567497786,-0.7742589594899689
2022-10-17 16:00:00.000000Z,0.0001411287207282,42165006.18824669,0.1390083481655915,92.28477146774186,71.92271287860764,54.17093923063312,0.0129668028617677,-47.46880319915619,35783385.28604527,-33051468.70293388,-26176087.292150702,82656.13875815863,1908.7684208602743,-2410.703896749207,-4.394125016261153
2022-10-17 18:00:00.000000Z,0.0001264448031206,42165182.03492654,0.1392556658242689,92.20622703519074,76.64314836106516,79.61339104549864,0.0084758738818257,-47.46659434918849,35786083.158685625,-15478678.800384656,-39220278.70336617,41262.277662355824,2859.8670736540507,-1129.093701658961,-6.840038911273718
2022-10-17 20:00:00.000000Z,0.0001104019056598,42165393.3958337,0.1396586999063528,92.18172394813683,78.61287846389781,107.74872840299234,0.0015121015517946,-47.46816502731725,35788675.017187126,6264175.02248902,-41698921.05655529,-11388.517836161856,3040.435570348925,456.4212436400236,-7.448069763934452
2022-10-17 22:00:00.000000Z,9.699164037644404e-05,42165535.66341329,0.1400376859863054,92.24162520795538,75.80086684534284,140.57821353247968,-0.0060722803511398,-47.47292579616068,35790557.76834035,26320021.47103318,-32946191.756662868,-61130.5390484929,2402.108375368886,1918.7628351858004,-6.049988491854982
2022-10-18 00:00:00.000000Z,9.333189112105666e-05,42165495.088782944,0.1402446365309713,92.3441530210325,68.24307707976958,178.10896626171285,-0.0122134169988975,-47.47957000309448,35791291.331507064,39287753.832378685,-15320709.660690356,-94551.69814712348,1116.9476127598873,2864.2438836872057,-3.01846323383934
2022-10-18 02:00:00.000000Z,0.0001034607912389,42165232.67922808,0.140279120679234,92.41603277149964,61.2237617623188,215.1317506250133,-0.0151991941803119,-47.48635509993927,35790663.27652405,41675478.48394192,6430527.290888971,-102608.62744344796,-469.0047071618509,3038.376330962489,0.8336695155408375
2022-10-18 04:00:00.000000Z,0.0001221011666301,42164946.98769155,0.1402948439736915,92.4103520598447,58.20177608621983,248.23651609609195,-0.0141361933334319,-47.491389420583936,35788718.345983006,32839685.523656785,26449798.57565065,-83064.27875346885,-1928.7884104224984,2394.213867030425,4.472121264817916
2022-10-18 06:00:00.000000Z,0.0001429343592871,42164981.81151909,0.1404940924771537,92.35094132940776,56.95521199123655,279.6230487152233,-0.0091981632015532,-47.49296561854543,35785836.49831212,15158794.593107872,39344757.19389255,-41096.92955255174,-2869.2670241904743,1105.017486629359,6.9186291873308265
2022-10-18 08:00:00.000000Z,0.0001635855480682,42165395.14444297,0.1409420969720934,92.32714995307906,56.4765182539056,310.2105126258887,-0.0015985011553735,-47.49012196097013,35782804.379146576,-6605715.721969644,41640237.174223736,12076.810644444482,-3036.8939928470086,-482.1572727837291,7.512480910092945
2022-10-18 10:00:00.000000Z,0.0001776955487911,42165759.1701792,0.1414510773916402,92.40956527576668,57.974843480531455,338.718732692233,0.0066981212441949,-47.48329708950661,35780640.25284436,-26590237.979657996,32715712.979653943,62192.02864990788,-2386.190148971169,-1939.6826944408992,6.087126146364061
2022-10-18 12:00:00.000000Z,0.0001770691947095,42165675.26986896,0.1417479338270591,92.55668811984864,61.14205765147824,5.4953923382228735,0.013461283471931,-47.4744355544562,35780106.332332894,-39408958.1714829,14974723.005998572,95747.0671178552,-1092.3452838102926,-2874.59610854469,3.016979142024772
2022-10-18 14:00:00.000000Z,0.0001635822259532,42165281.3921866,0.1417950914149381,92.65395336809296,64.49835693706349,32.132224262585616,0.0167857608035637,-47.466172913178944,35781303.12176333,-41606993.88130979,-6801890.221585214,103637.8326502444,495.8548841727671,-3034.8034816162085,-0.8780589986374399
2022-10-18 16:00:00.000000Z,0.000145091516331,42164980.66537185,0.1418121931072265,92.64848195720478,67.47254451812299,59.25110828437853,0.0156448290506301,-47.46070590531966,35783715.13398731,-32592786.5598436,-26745561.189763825,83642.95070246764,1950.2488069563008,-2377.2388837975445,-4.550009998730009
2022-10-18 18:00:00.000000Z,0.0001256436475203,42164997.04303648,0.1419958021454958,92.59382808858555,70.22837973553709,86.63363307367892,0.0102220949402795,-47.459133703478486,35786548.29362183,-14796768.060253857,-39483093.27768932,41061.53014577653,2878.9668713825035,-1079.34687100552,-7.006575979034528
2022-10-18 20:00:00.000000Z,0.0001059775820177,42165306.276774056,0.1423356644271667,92.57554522357424,72.12541455742371,114.83476695390873,0.0018952575511088,-47.46138317219464,35789045.70187781,6985508.159118395,-41584538.13180795,-12693.883403929794,3032.0397313039607,509.0345187396047,-7.581503585835215
2022-10-18 22:00:00.000000Z,8.890881118274447e-05,42165699.67780783,0.1426748512043039,92.63021075711836,70.78108654660019,146.201457721268,-0.0071277927870099,-47.46649074639007,35790677.90757939,26886568.203203887,-32485649.30288163,-63168.87291020694,2368.501349709384,1960.0915621401316,-6.115696974067264
2022-10-19 00:00:00.000000Z,8.23759751815909e-05,42165858.504406825,0.1428705020892141,92.7281915197959,64.63816924740736,182.3219840387327,-0.0144094088860907,-47.47303599658533,35791192.107027575,39547049.75757689,-14638094.459931385,-96764.02690446096,1067.1732111605222,2883.1809515961027,-3.000251197119435
2022-10-19 02:00:00.000000Z,9.234270222050632e-05,42165575.61152023,0.1429046916515906,92.80818831479068,59.52978204783414,217.42604867996045,-0.0179469011039668,-47.47949534329557,35790530.60416036,41557707.26527577,7151405.078926061,-104401.0749095888,-521.5555453555235,3029.820481842374,0.9290524012756852
2022-10-19 04:00:00.000000Z,0.0001129522469994,42165040.81280918,0.1428947261257948,92.8263594761187,59.693410240109344,247.321526110342,-0.0167182851393357,-47.48435158885261,35788739.63582005,32376549.54231998,27014763.99528094,-83970.7109887506,-1969.9559652835972,2360.4593712842825,4.616789660039374
2022-10-19 06:00:00.000000Z,0.0001360463979661,42164801.90316323,0.143014131752814,92.79351771345728,60.87662510768045,276.2515223187039,-0.0109629802799422,-47.48611616701295,35786039.48067903,14475103.57659142,39601609.58108306,-40905.53049284633,-2887.950052902041,1055.1624981017792,7.071605906223712
2022-10-19 08:00:00.000000Z,0.0001601552255076,42165211.32442201,0.1433489836334069,92.778228899322,60.48578599619278,306.7422199647585,-0.0021285094101074,-47.48368181956135,35783033.89137162,-7325712.096188434,41519851.84311125,13271.729683548623,-3028.0656153579043,-534.6713348346168,7.631902945244682
2022-10-19 10:00:00.000000Z,0.0001815501413369,42165896.3465228,0.1437783523624724,92.84959271751543,60.5937263262564,336.6516225632697,0.0074925412743302,-47.477111116457216,35780730.77461561,-27152595.539132945,32250621.509244878,64029.387468812834,-2352.2418882775537,-1980.7119819417023,6.142543439026074
2022-10-19 12:00:00.000000Z,0.0001877396036431,42166112.53363148,0.1440591221834557,92.99107776907525,62.25258173311492,4.942354529196661,0.0153396948150782,-47.468173881653286,35780088.70842922,-39662254.05769109,14290278.166501366,97712.54345337456,-1042.4240561439542,-2893.0916247035984,2.99697545763428
2022-10-19 14:00:00.000000Z,0.0001746911497476,42165667.55404929,0.1441080889629688,93.10497855600175,63.70182830111206,33.46974281561793,0.0192504286324798,-47.45977180314325,35781385.641966045,-41483073.22533024,-7521231.028945242,105208.30085937478,548.2953799079812,-3025.7768950314853,-0.9648113913618775
2022-10-19 16:00:00.000000Z,0.000152460723721,42165058.27709428,0.1440953999850321,93.12806497906271,63.74104951166674,63.49482843433685,0.0180647968861425,-47.45451136716472,35784051.58563547,-32125206.12867256,-27305936.178675875,84420.07044544994,1991.063503542633,-2343.1317877826014,-4.678393062132188
2022-10-19 18:00:00.000000Z,0.0001295259317159,42164830.69230463,0.1442138903096153,93.09532462551164,63.37483396617798,93.97683379618272,0.0119882500922426,-47.4535956971581,35787071.757104695,-14111750.44687388,-39733633.84578203,40867.90868042295,2897.1607590214085,-1029.3811362388888,-7.141645996720469
2022-10-19 20:00:00.000000Z,0.0001064681558542,42165151.75770886,0.1444779890337341,93.08268360001811,63.485797319378406,123.95758769147764,0.0025742553154524,-47.456654977237456,35789522.0277187,7703291.671184557,-41458058.02928185,-13774.747632100523,3022.744347947009,561.380319575178,-7.6873150703050435
2022-10-19 22:00:00.000000Z,8.495079346182438e-05,42165769.13125154,0.1447577196923021,93.12846985360687,61.92423702280109,155.54986072510854,-0.0076822182899816,-47.46229215900772,35790892.86636183,27443870.42948614,-32016509.087720327,-64819.15826285317,2334.24931395205,2000.7389428432605,-6.1645712062761415
2022-10-20 00:00:00.000000Z,7.426407605199306e-05,42166173.72262162,0.1449250207724244,93.21294519482,56.30188121063478,191.16331698094237,-0.0160206538840985,-47.46885146792394,35791108.89865333,39793930.35413276,-13952730.929951582,-98519.47657988204,1017.1825438808686,2901.213336894879,-2.9801377657833594
2022-10-20 02:00:00.000000Z,8.197383408568665e-05,42165959.78558008,0.1449544349503404,93.28767535602896,53.48630441674381,223.98021408284424,-0.0201670490245994,-47.47493426981363,35790309.88250188,41427697.98881275,7868453.627597045,-105778.62552159352,-573.8437623225668,3020.3841807218587,1.0111716857824389
2022-10-20 04:00:00.000000Z,0.0001022661052338,42165239.85005127,0.1449308226171291,93.31616597356611,58.03034434207582,249.4853431620564,-0.0189538950234358,-47.479407255481874,35788613.61916088,31904592.147281174,27570359.082078423,-84602.49746802867,-2010.459208497129,2326.0801196998927,4.736635078359438
2022-10-20 06:00:00.000000Z,0.0001264113453153,42164693.30194295,0.1449887404539224,93.30200692666726,63.01093915271053,274.5993212123294,-0.0126395901422084,-47.48112715950974,35786128.22854408,13788320.039102824,39846026.66420677,-40641.728385447146,-2905.741093214287,1005.1000989680176,7.194376002775997
2022-10-20 08:00:00.000000Z,0.0001527109378296,42164973.09530254,0.1452116996572739,93.29331167331527,63.87641144347823,303.8268033061073,-0.0028446987192315,-47.47900355962221,35783250.89738252,-8042244.845941287,41387253.13570686,14322.987738549564,-3018.349182504367,-586.9164286969275,7.722607349707222
2022-10-20 10:00:00.000000Z,0.0001804130501895,42165895.809228726,0.1455337326460483,93.3481561333832,63.19204423492282,334.5446926333641,0.0078688556102336,-47.472773269429965,35780889.786533445,-27705839.973336868,31776810.34065001,65540.06357996451,-2317.649736785048,-2021.0615259087424,6.17671145236098
2022-10-20 12:00:00.000000Z,0.0001953048425756,42166488.51718392,0.1457663277224125,93.4673620654381,63.72269984173551,3.985833957985384,0.0166575150187045,-47.46390562359459,35780136.11085688,-39903252.85613482,13602961.243822146,99239.28679059006,-992.2836389270666,-2910.6809245072955,2.967714577225821
2022-10-20 14:00:00.000000Z,0.0001860871451982,42166132.98876332,0.1458090860489504,93.5772679992849,63.761224244543634,33.92802431694156,0.0211341640330177,-47.45541822313375,35781484.92429066,-41347028.87448551,-8236845.19678558,106325.02579029792,600.4699588465004,-3015.866230978325,-1.0462566289542714
2022-10-20 16:00:00.000000Z,0.0001626595318814,42165259.19585437,0.145777943975959,93.61518205909948,61.16321904108692,66.57533304899651,0.0200168149121835,-47.45033307747476,35784394.67846128,-31648978.65991387,-27857028.383148734,84833.73452646124,2031.200787927653,-2308.4007368315533,-4.787381594238087
2022-10-20 18:00:00.000000Z,0.000138435158333,42164717.75598889,0.1458410817043446,93.5995654040368,57.248840125589645,100.58771503088276,0.0135128971278669,-47.45008026940546,35787652.48480003,-13423923.151950989,-39971870.74128906,40489.85830207352,2914.4479243257697,-979.2201240851346,-7.247349511119063
2022-10-20 20:00:00.000000Z,0.0001137564187447,42164950.631397314,0.1460255427809787,93.59176990596733,54.37731527905861,133.54517386109842,0.0033007739295594,-47.45407740099993,35790117.802907415,8417262.38183114,-41319622.30810952,-14813.086906147655,3012.5594863570136,613.4356230641497,-7.760768110622433
2022-10-20 22:00:00.000000Z,8.833350384374598e-05,42165739.90508803,0.1462304058676707,93.62584117800856,50.67890165166444,167.28527190309433,-0.0079072896901009,-47.46045811741155,35791236.20129332,27991771.85233597,-31539060.881950997,-66207.3036544358,2299.371519213511,2040.6876428337796,-6.186100149042781
2022-10-21 00:00:00.000000Z,7.300603965116008e-05,42166416.80444904,0.1463534459018154,93.68850021439584,43.55670592965366,204.42019629754216,-0.0170976140128579,-47.46720553342014,35791082.7708958,40028401.70177484,-13264998.382020663,-99855.15648249544,967.0007075526436,2918.334320321975,-2.9445071093143653
2022-10-21 02:00:00.000000Z,7.636889323955663e-05,42166357.75303636,0.1463741463200459,93.74452853326498,42.09707242664772,235.90021899751972,-0.0217752866058004,-47.47292100472748,35790025.94590151,41285638.59739151,8581295.416694928,-106679.65734997866,-625.8453408087751,3010.0749517579543,1.0932340855886982
2022-10-21 04:00:00.000000Z,9.26627210563972e-05,42165537.01812799,0.146351823268459,93.76889685366083,51.79055182007389,256.26060169590096,-0.0206449555950729,-47.47682280130076,35788327.65699871,31424142.06436291,28116309.20695307,-84814.70478429868,-2050.2844924457218,2291.0963075929885,4.841091491223978
2022-10-21 06:00:00.000000Z,0.0001152057294115,42164686.413603656,0.1463760376091989,93.76390878354412,62.25229521833199,275.88458932238774,-0.0139655484842384,-47.47821337105432,35786050.8343603,13098813.28282386,40077901.85531138,-40113.36572131432,-2922.6428180891608,954.855087134782,7.290378190052286
2022-10-21 08:00:00.000000Z,0.0001420653647487,42164724.329674914,0.1465049850283468,93.7596496722702,65.98089893393056,302.24439405541114,-0.0034838127267672,-47.4761996597845,35783390.78737444,-8755016.621449994,41242500.79025424,15423.45332768696,-3007.7608634714998,-638.8723252720293,7.781409671140439
2022-10-21 10:00:00.000000Z,0.0001743850845029,42165757.09073545,0.14670733875624,93.79502736318852,65.43778664223618,332.8401562705785,0.0080292500414014,-47.4703084982967,35781077.52101824,-28249813.96993608,31294454.90421255,66872.31213815985,-2282.4349945941467,-2060.719567990801,6.180671772754703
2022-10-21 12:00:00.000000Z,0.0001987626855939,42166749.53405989,0.1468637308099401,93.87681249353918,65.34273751923863,2.94422851652014,0.0175074024731985,-47.46163542102157,35780242.41838569,-40131948.45164651,12913000.784458486,100395.3765318404,-941.9439641979604,-2927.3610927963578,2.916252796151703
2022-10-21 14:00:00.000000Z,0.0001966624174114,42166636.9642088,0.1468926036183249,93.9585681284747,64.58836979401214,33.707473453922155,0.0223935183468441,-47.453135581606034,35781601.00877402,-41198981.788967766,-8948517.675710274,106956.31617583994,652.363878647604,-3005.0782661147423,-1.1366494731361396
2022-10-21 16:00:00.000000Z,0.0001748272739205,42165594.994957685,0.1468622886697901,93.99191504477744,60.072088370199154,68.27748635161284,0.0213251566738303,-47.44818929813521,35784728.53392083,-31164301.76814057,-28398703.16841995,84755.16857856483,2070.654622147352,-2273.060628817242,-4.8890915382883655
2022-10-21 18:00:00.000000Z,0.0001517411370926,42164698.82824447,0.1468935840487862,93.98514767579276,52.9676562561524,105.4704436030173,0.014526022358643,-47.4485649673688,35788267.57012176,-12733491.290980486,-40197789.68277339,39729.30431477678,2930.832130488814,-928.881335754219,-7.3303417257530175
2022-10-21 20:00:00.000000Z,0.0001303938315007,42164606.32032971,0.1210331484215223,93.63886722263688,46.4348940511577,142.426584414841,0.0069123931108946,-47.45360104364626,35790826.62213604,9127268.133588605,-41169336.66038979,-13722.241658438714,3001.494772865862,665.185035171854,-6.416846743960185
2022-10-21 22:00:00.000000Z,0.0001034121323336,42165486.15786153,0.1211554783456418,93.6643565624083,39.97975377815251,178.93099489041916,0.0075986766423728,-47.460975531182,35791708.82198663,28530206.267513134,-31053503.66630247,-56008.915178305215,2263.881630637313,2079.9277193093785,-5.058430155672565
2022-10-22 00:00:00.000000Z,8.472923169485615e-05,42166434.7757956,0.1212217576053527,93.70600100020128,30.264671770912585,218.67942175556743,0.0061748355881372,-47.46812035373438,35791086.72675173,40250496.00925392,-12575136.909669122,-83261.08371697838,916.6400982079272,2934.542889278473,-2.336609269678151
2022-10-22 02:00:00.000000Z,8.322585136274386e-05,42166607.65095782,0.1212307919814945,93.73657427858764,27.484862511284835,251.5054589448413,0.0030420893072941,-47.47345340873528,35789583.604919754,41131618.81486192,9289716.280521654,-88125.51168914759,-677.5584416953933,2998.9002423032257,1.0170649457181622
2022-10-22 04:00:00.000000Z,9.13595218131298e-05,42165788.56075788,0.1212260857770674,93.74400786244384,39.66640567905897,269.39561772232463,-0.0009318975623337,-47.476452279336335,35787691.84337784,30935238.816128653,28652457.536530197,-69271.60297452846,-2089.4481594346,2255.513972928945,4.099794517937404
2022-10-22 06:00:00.000000Z,0.0001069109947222,42164677.26674553,0.1212505372232389,93.73673369233973,56.19839496305438,282.9525518171859,-0.0046527321692945,-47.47693737675744,35785529.39735804,12406449.464192454,40297068.966094166,-31756.733579454925,-2938.6847728516395,904.4164023382326,6.08095885071773
2022-10-22 08:00:00.000000Z,0.0001311141029174,42164390.93471288,0.1213191011412471,93.73421550560089,64.9279088921567,304.3101979333508,-0.0070960289702123,-47.47442958144662,35783137.26057979,-9464362.150707474,41085261.23723187,14331.675125948466,-2996.3225821025258,-690.5740001138445,6.426239022259587
2022-10-22 10:00:00.000000Z,0.000165521891896,42165375.03244131,0.121410191802133,93.7541449078064,66.22128996404656,333.084981387081,-0.0075839209906031,-47.46846958155684,35781014.50810912,-28784908.881170493,30802919.89435577,56590.96044513324,-2246.5885333288406,-2099.7309338746068,5.04165281474267
2022-10-22 12:00:00.000000Z,0.000198633889702,42166716.7488371,0.1214745496696005,93.79610036726956,66.41517359931886,2.9399193039157803,-0.0059723756776224,-47.45982662494204,35780215.029328465,-40348529.53247538,12219485.033783898,83641.40921516076,-891.3589664471443,-2943.159653651204,2.29877248653043
2022-10-22 14:00:00.000000Z,0.0002063042609105,42166985.509747006,0.1214845787859486,93.83289976405992,65.62777530509054,33.78123724925757,-0.0027002446551403,-47.4512418791468,35781617.44666827,-41038700.828148566,-9657233.147189785,88188.87632532175,704.0436641246021,-2993.40399125274,-1.0651781973059469
2022-10-22 16:00:00.000000Z,0.0001891354742425,42165928.90106415,0.1214814386243807,93.8396842917492,60.168930240175015,69.32034872124072,0.0013247340917079,-47.44632535012324,35784974.24293052,-30670469.5692678,-28931738.39092107,68991.03344030207,2109.485998045364,-2237.0640143596534,-4.1449824510757605
2022-10-22 18:00:00.000000Z,0.0001695385691607,42164688.4127109,0.1215195414774685,93.8280188379546,50.76327020945386,108.81889807792328,0.0049840507437917,-47.44723575505706,35788856.28840016,-12039401.48998415,-40411720.59324696,31199.78655846858,2946.345735450128,-878.2906236005582,-6.110656826637183
2022-10-22 20:00:00.000000Z,0.0001502841154909,42164421.580132425,0.1215867042656332,93.82502454554896,42.48425864057464,147.17693817026043,0.0072705729495681,-47.45333555889074,35791609.28888572,9834454.687159698,-41006960.11051726,-15018.01172183038,2989.5446289583583,716.709448593636,-6.431415645653624
2022-10-22 22:00:00.000000Z,0.0001242811365153,42165280.86691432,0.1216305683077081,93.83368469247144,34.404020331537886,185.32213215583835,0.0075689907758667,-47.46185362874338,35792361.619267255,29060125.47012674,-30559070.4679638,-57215.03949145031,2227.7332941440363,2118.5196372923124,-5.019269817364921
2022-10-23 00:00:00.000000Z,0.0001035536282769,42166464.32941526,0.1216340073010005,93.83416224047966,23.118283718661967,226.6816862379368,0.0058164421201471,-47.4696925850818,35791322.72509543,40460748.59893476,-11882091.46758735,-84015.81752956091,866.0369886582318,2949.8562985317667,-2.253162345283388
2022-10-23 02:00:00.000000Z,9.863523761063917e-05,42166926.6681493,0.1216318907262274,93.81337407630517,17.4997808859222,262.3978576629351,0.0025085629047315,-47.47494628248272,35789339.492755845,40965760.98619091,9994734.822531888,-88183.97368982944,-729.0284491757733,2986.835509879707,1.1225142079153965
2022-10-23 04:00:00.000000Z,9.893470600347963e-05,42166222.27533793,0.1216640471619489,93.78176078260444,27.34271924235218,282.6663927836419,-0.0014441115624509,-47.47722035111008,35787170.13668281,30437817.72380268,29179576.33474956,-68578.90885051037,-2127.9556284161736,2219.2954021145365,4.197928138728001
2022-10-23 06:00:00.000000Z,0.0001033219480197,42164935.212243535,0.1217281267269405,93.76043486471418,46.65007567071681,293.4628869221692,-0.0049682282340302,-47.476829883372055,35785063.24636747,11711248.348944563,40504088.54177911,-30471.475545913974,-2953.842264159149,853.7676555546134,6.143140006632117
2022-10-23 08:00:00.000000Z,0.0001213872485541,42164563.28097586,0.1217830612492635,93.75750537592135,58.182006676368616,312.01910813918846,-0.0071194569195421,-47.47374112000172,35782999.89886451,-10170137.787695585,40916127.75016253,15871.001800538725,-2984.02081580851,-741.9982499793465,6.43231281432113
2022-10-23 10:00:00.000000Z,0.0001535270390269,42165333.76307372,0.1217933622635448,93.75856764093534,63.63547055823401,336.6526059436293,-0.0073356149238101,-47.46785099793371,35781253.14748982,-29310991.05792312,30303079.424508803,57949.74587897644,-2210.1315537245223,-2138.044157691237,4.985892838524796
2022-10-23 12:00:00.000000Z,0.0001924589055509,42166892.44431599,0.1217688469501024,93.73971063127392,65.66154944385535,4.735655508007223,-0.0055845511144639,-47.459713444658384,35780667.74421219,-40553207.68011148,11523673.025057074,84405.62090284936,-840.6048332224308,-2958.0280380078702,2.192745941966723
2022-10-23 14:00:00.000000Z,0.0002108906016409,42167623.99042061,0.1217628750420981,93.69180392102368,65.89296540200026,34.64229196496179,-0.0023674691811724,-47.451701797939066,35782170.1633528,-40867131.0393727,-10361531.8067594,88087.07872976795,755.3861910481518,-2980.844105714856,-1.1940956764143378
2022-10-23 16:00:00.000000Z,0.0002012712810087,42166750.30393189,0.1218210065051762,93.63534603713468,60.63074227858244,70.04739411357428,0.0014252642214762,-47.44741483346794,35785715.68281069,-30169360.561037257,-29454974.69212769,67987.3583520222,2147.5684671158515,-2200.496978460356,-4.260275366322898
2022-10-23 18:00:00.000000Z,0.000187095571685,42165248.641662166,0.121921037542138,93.6024425504784,49.980869111285294,110.81037406144158,0.0047660930743759,-47.44934567281624,35789913.101713106,-11344268.990022345,-40613435.44796892,29522.259737655724,2960.920477854145,-827.6161557669876,-6.1775164394851005
2022-10-23 20:00:00.000000Z,0.0001747346343,42164600.993641526,0.1219869138954038,93.59866614756864,40.122277568860575,150.747209224364,0.0067736139815813,-47.45701242756172,35792891.72678042,10536069.172786629,-40833645.72968091,-16931.00605176057,2976.7420726847554,767.8030547415749,-6.427821256025951
2022-10-23 22:00:00.000000Z,0.0001531562653053,42165305.00902087,0.1219730905349882,93.59344489576172,31.25891854199176,189.68763327107564,0.0069450224180665,-47.46730249959914,35793533.77137706,29579442.37839077,-30058325.678730726,-58835.34486768432,2191.076610634596,2156.289661304295,-4.942978923753668
2022-10-24 00:00:00.000000Z,0.0001328165505335,42166641.94109768,0.1219178861160485,93.55200790596662,19.751043349527706,231.30990817138436,0.005279175936688,-47.47647362904364,35792005.358619735,40658482.21389516,-11189348.81365628,-84874.72936263644,815.4231000277925,2964.201710883705,-2.122557116021918
2022-10-24 02:00:00.000000Z,0.0001267809168763,42167416.806614205,0.121908595720426,93.47232472634089,12.069825628089871,269.1473048575108,0.0022640300749519,-47.48211182294271,35789358.68741694,40789133.95287775,10692824.64329708,-88006.0646360267,-780.0162449291711,2973.9442513957765,1.2733557735948575
2022-10-24 04:00:00.000000Z,0.0001225885203279,42166938.6593589,0.1219955089176343,93.38980457465604,17.127954449825108,294.25215158139576,-0.0012649480650545,-47.48379051608943,35786677.874889314,29934445.90767608,29695050.491446264,-67364.26116648082,-2165.6419712354686,2182.6228048692915,4.328285599180351
2022-10-24 06:00:00.000000Z,0.0001146240157472,42165598.21596245,0.1221374697824383,93.34436339919768,33.07770858871077,308.431456718135,-0.0043568248986491,-47.48230650656559,35784456.67168784,11016528.177958628,40697906.5736674,-28505.065110428204,-2968.076268121399,803.1477753420081,6.216408117634792
2022-10-24 08:00:00.000000Z,0.000117318424474,42164618.03736709,0.1222318112554635,93.33961646639318,50.78840770021812,320.81152659576685,-0.0062048516557371,-47.47841843953816,35782646.76955337,-10869022.895057108,40735680.94755812,18085.558370891875,-2970.9202730960974,-792.9344841622044,6.425795165845215
2022-10-24 10:00:00.000000Z,0.0001418767185554,42165036.99488047,0.1222105862135232,93.33142296254964,61.05322645742991,340.6431207098559,-0.0063626905107507,-47.47233294390616,35781255.82648323,-29825574.264890917,29796743.86955961,59816.52685457608,-2173.2200472904906,-2175.5371913326358,4.897261736525458
2022-10-24 12:00:00.000000Z,0.0001816383076435,42166613.9218931,0.1221226016247326,93.26305558174624,65.96762669763305,5.887073866947697,-0.0048572875653167,-47.46448073602006,35780858.229106046,-40744711.199427225,10827838.954691436,85390.63998535724,-789.8480791568471,-2971.958804414044,2.0413533534591166
2022-10-24 14:00:00.000000Z,0.0002091676382935,42167789.08570038,0.1221111919576849,93.12680321827722,68.13107030836332,33.94973115342869,-0.0021646295718631,-47.45676602696024,35782334.96114488,-40683989.84470272,-11059414.369236017,87864.15412909926,806.2937245048216,-2967.4724859490384,-1.370880727220044
2022-10-24 16:00:00.000000Z,0.0002079887032531,42167298.171566926,0.1222624586233377,92.98824085138666,64.3527739527732,67.95294085491807,0.0009456902523033,-47.452548962530926,35785867.50650841,-29661028.01626576,-29967019.627750117,66540.75975916751,2184.906540336591,-2163.4403334898416,-4.4153366568693215
2022-10-24 18:00:00.000000Z,0.0001983510593503,42165705.63017882,0.1224862824242793,92.91848461087427,53.6925825039762,108.76295678022731,0.003641536234007,-47.45461473399682,35790257.3288578,-10647830.488309758,-40801917.20628174,27174.450004479742,2974.6286644056263,-776.8718736245073,-6.266330579094925
2022-10-24 20:00:00.000000Z,0.0001925552732596,42164659.96039,0.1226136446290383,92.91254079843308,42.812527914533824,149.72281025859775,0.0052523473369086,-47.46289366749307,35793534.125646174,11232895.68307689,-40648142.84092171,-19587.53890542788,2963.1449932201845,818.5425945849653,-6.421990036588214
2022-10-24 22:00:00.000000Z,0.0001769855083025,42165068.065040335,0.1225822158416792,92.90104642308984,33.72407017643444,188.89352367760452,0.0054270161540301,-47.47426627355295,35794303.91933926,30089062.138336547,-29549270.38745123,-61092.41886114839,2153.879363951543,2193.3554598403816,-4.839745724433442
2022-10-25 00:00:00.000000Z,0.0001578166370255,42166431.2597232,0.1224860269411308,92.82488630511098,22.615303660842827,230.1503376475676,0.0042020324207215,-47.48451275491048,35792557.72183185,40843998.49160521,-10494182.513309808,-86104.049594484,764.6684514532869,2977.6491809626123,-1.9464311311016844
2022-10-25 02:00:00.000000Z,0.0001514561285763,42167492.61706142,0.1224784065485638,92.68799698712914,13.567824462635867,269.4107157666612,0.0019729352758027,-47.49063698201992,35789420.33384396,40600922.88442073,11386844.915616052,-87836.79134674597,-830.688294405356,2960.1884240696486,1.477012067545272
2022-10-25 04:00:00.000000Z,0.0001472957564983,42167329.09318411,0.122634734982831,92.55118335076844,14.859091828796974,298.3370877503468,-0.0006233461484213,-47.49194516419752,35786243.25079011,29423221.99650104,30201070.191408765,-65791.87810322095,-2202.6310761912105,2145.354200987891,4.505408751458425
2022-10-25 06:00:00.000000Z,0.0001338438865577,42166081.60882084,0.1228851505281719,92.47714875336284,26.13902751613533,317.2157915431849,-0.0028866551872733,-47.489474286455696,35783802.27283809,10319800.530494994,40879459.01462737,-25902.20299456444,-2981.4222090040844,752.3597894562517,6.318698735984562
2022-10-25 08:00:00.000000Z,0.0001236988888875,42164859.39475253,0.1230683955653511,92.47169709284822,42.29884118200941,331.1484502953988,-0.0042456436325591,-47.48458759283229,35782153.913931355,-11563615.030944766,40543464.25575206,21059.347364022015,-2956.987262000208,-843.572094994173,6.423699657116985
2022-10-25 10:00:00.000000Z,0.0001352841019226,42164854.21427487,0.1230733087004672,92.46799260584208,56.032174907051065,347.5074886586552,-0.0044111089091969,-47.47805399861313,35781147.99567552,-30330697.83621403,29282250.40062461,62382.52426461512,-2135.7376899769247,-2212.347261872767,4.788025898987319
2022-10-25 12:00:00.000000Z,0.0001690379422547,42166226.56238531,0.1229639402841017,92.3752391403454,64.84006808615196,8.882134540471155,-0.0034462034245966,-47.47040223785571,35781047.316442825,-40924069.704564616,10129649.440367624,86851.89972619918,-738.9341187452148,-2984.9965806026944,1.8499825739937283
2022-10-25 14:00:00.000000Z,0.0002010205024259,42167704.85734016,0.1229629216234083,92.17149534009602,69.92554460960287,34.08983386186059,-0.0017275668646531,-47.46310384366126,35782547.36498968,-40489238.50591972,-11753176.789492194,87787.74594485403,856.8987618570704,-2953.237582944034,-1.5975292063826256
2022-10-25 16:00:00.000000Z,0.0002081227391531,42167731.0291348,0.1232255850719131,91.9532412502228,68.69325334155232,65.62657269583522,0.0001973733398299,-47.45904402404555,35785970.7900751,-29144696.60651147,-30469565.73745025,64878.49140008164,2221.5686673025857,-2125.78743072061,-4.619312784692821
2022-10-25 18:00:00.000000Z,0.0002026979431079,42166285.9060666,0.1236245544861871,91.8401497697533,59.19709349988739,105.31593959595271,0.0018016015728694,-47.4610623257154,35790404.91590203,-9949060.887120692,-40978061.5029543,24294.77039551769,2987.47435541991,-725.9510342337946,-6.392328910380172
2022-10-25 20:00:00.000000Z,0.000202619479577,42164918.18204738,0.1238833472041553,91.83413737486622,47.68273813429885,146.9099434320759,0.0027289579280939,-47.46956033047376,35793938.46999644,11925835.817194164,-40450684.317267634,-22973.225312129936,2948.720213805272,869.0027852593108,-6.432522397123748
2022-10-25 22:00:00.000000Z,0.0001948053324673,42164920.957223326,0.1238902168256118,91.83000387678258,38.3725055389864,186.2943185061452,0.0028548311923447,-47.4816854055457,35794948.37440461,30589598.762388963,-29031732.08840723,-64105.34573491978,2116.098432224009,2229.755847962106,-4.727263657150316
2022-10-26 00:00:00.000000Z,0.0001791066814717,42166147.82438534,0.123782787173151,91.73670246042369,27.88289546903025,226.9480947253928,0.0022739582008824,-47.49295453035165,35793165.7181227,41017613.81324183,-9796244.064119494,-87933.18296387224,713.7350892840776,2990.2105929818304,-1.7370432787880394
2022-10-26 02:00:00.000000Z,0.0001734471286765,42167409.46312072,0.1237876937383053,91.55695553326714,18.15379561196228,266.9322386758422,0.0012442882211023,-47.499791125164485,35789662.61137179,40401209.00188967,12077164.30377566,-87963.79479270321,-881.0715283622385,2945.563347718208,1.7299461632913011
2022-10-26 04:00:00.000000Z,0.0001718268508244,42167603.513478726,0.1240194728075638,91.37387841370526,16.63657413421119,298.71340963903856,0.0001026463134813,-47.50105252174404,35785984.59651731,28904076.6510126,30697937.863595977,-64139.543814860575,-2238.938028704579,2107.4772084852248,4.7355293241903205
2022-10-26 06:00:00.000000Z,0.0001585190419194,42166592.788883545,0.1243933039042327,91.27430660165668,23.84891849567325,321.68603250254745,-0.0008324026020411,-47.49779106516496,35783210.78333577,9620923.253483888,41048953.21284534,-22864.54066617291,-2993.885887061018,701.3907159614978,6.46448167905273
2022-10-26 08:00:00.000000Z,0.0001403034203333,42165276.218434624,0.1246992588693793,91.27221004358744,36.19708097128171,339.42802846984137,-0.0013486987669965,-47.49186335061376,35781600.43340188,-12254014.03982343,40339583.40864909,24713.980712876502,-2942.215152094377,-893.9233522726709,6.445101794799347
2022-10-26 10:00:00.000000Z,0.0001373708457496,42164864.503765136,0.1247802584008977,91.2881628021629,49.83068394381912,355.8677825248936,-0.0013967432413631,-47.48468776394901,35780950.33388384,-30826422.444882914,28759624.58573133,65709.68266598304,-2097.6806105057817,-2248.4848129586703,4.677321095802494
2022-10-26 12:00:00.000000Z,0.0001584486546299,42165847.16046022,0.1246940060024759,91.2045498168832,61.754385974808976,14.11739737898182,-0.0010963316674086,-47.47711783590826,35781230.75899114,-41091327.56366789,9429059.974421293,88976.91452803396,-687.8621748452158,-2997.149856889777,1.633800870289478
2022-10-26 14:00:00.000000Z,0.0001876935698551,42167392.35137491,0.1247148009804221,90.9758226904822,70.33749193662632,35.851929021604526,-0.0006836534147071,-47.47034098839618,35782839.8366812,-40282928.43128752,-12442904.708864558,88131.8829760677,907.1982788436868,-2938.14173239538,-1.865483519427331
2022-10-26 16:00:00.000000Z,0.0002003713589211,42167939.36327819,0.1250786538573537,90.70598560125494,72.52885783558408,64.01624990112879,-0.0004022410551549,-47.46662483113045,35786099.243093334,-28620455.06480111,-30962693.06747284,63307.63356222457,2257.54805039472,-2087.5351613171247,-4.871787642718267
2022-10-26 18:00:00.000000Z,0.0001985542435033,42166885.98820918,0.1256689082969376,90.55742211541782,65.40670287389722,101.36717804987116,-0.0003761126523191,-47.46854894654921,35790397.55766474,-9248092.919064416,-41141920.66866797,21161.149983782543,2999.453578809843,-674.8494334441185,-6.564109207486444
2022-10-26 20:00:00.000000Z,0.0002022063346245,42165379.71230455,0.12611429252119,90.55774473309133,53.81986321201094,143.02749059695373,-0.0005452422622828,-47.476887618638585,35794053.80144891,12614756.716278508,-40241283.10843335,-26902.967715617448,2933.471559370906,919.191254527185,-6.476291945793608
2022-10-26 22:00:00.000000Z,0.0002027298256517,42164940.199831344,0.1262191602623106,90.5793561527922,44.156026857422894,182.73945155559284,-0.0007133271787665,-47.4892858176802,35795341.51811425,31080957.97443481,-28505644.013896056,-67831.12864662014,2077.738883342271,2265.5052156345937,-4.627371622530676
2022-10-27 00:00:00.000000Z,0.0001930757584875,42165863.199635625,0.1261356265781131,90.49618874619452,34.27931208374562,222.76944755760283,-0.0006638107442213,-47.50130596267091,35793701.8694789,41179246.263483286,-9095355.100643078,-90478.71381852716,662.6205758259591,3001.900683911794,-1.5159258747628772
2022-10-27 02:00:00.000000Z,0.0001894347938276,42167180.21506329,0.1261598553553788,90.30038395753614,24.39379963001618,262.925279279111,-0.0002670089461687,-47.5089252927403,35790025.547470264,40189867.92000283,12764035.100917865,-88640.5386798624,-931.1738667385206,2930.0734669070234,2.0165070159989043
2022-10-27 04:00:00.000000Z,0.0001916345172551,42167709.21488954,0.126457823387358,90.09017487186745,20.8568827807253,296.75301306314725,0.0004612243096269,-47.5104512199248,35785933.45040656,28376839.30754945,31185892.51047058,-62739.02790384646,-2274.5660797438227,2068.98447416662,5.01302203758009
2022-10-27 06:00:00.000000Z,0.000182663723691,42167046.956721775,0.1269472483486805,89.97471084531213,25.01572095631116,322.7955078830912,0.0013556786535091,-47.50671625650581,35782774.623606324,8919736.525961036,41206557.49093968,-19722.72437484803,-3005.4612859778126,650.2299300349603,6.659688799567352
2022-10-27 08:00:00.000000Z,0.0001626566284026,42165811.46245339,0.1273841757811551,89.98113758580544,33.75547860921011,344.13830302812323,0.0021453974969496,-47.499871010541135,35781076.97488749,-12940318.615499487,40124140.460684605,28799.278457276687,-2926.594459656524,-943.995666847103,6.50593870178086
2022-10-27 10:00:00.000000Z,0.0001487303816947,42165099.96269398,0.1275696604811267,90.02866552889093,44.72012275262698,3.2161754927897266,0.0025292101896419,-47.491960831690776,35780701.60579677,-31312789.11886708,28228922.29464197,69686.9180044724,-2059.042985016886,-2283.956013348967,4.587032231814276
2022-10-27 12:00:00.000000Z,0.0001541317471455,42165602.82804212,0.1275373829051749,89.9850596351351,56.96172018310517,21.10793660584256,0.0022631121512455,-47.48434232777247,35781402.70316108,-41246502.467668,8726075.3872885,91817.75222808497,-636.6314960787811,-3008.426622608811,1.415364222626453
2022-10-27 14:00:00.000000Z,0.0001730223608951,42166951.93415263,0.1275782340766345,89.78079957607451,68.31811562179313,40.04413212161569,0.0012423902668435,-47.47814520910847,35783229.09894218,-40065090.07441277,-13128648.446271544,89098.99881534178,957.1874868769826,-2922.191505624387,-2.156212460669749
2022-10-27 16:00:00.000000Z,0.0001857143295223,42167867.77757882,0.1279978970710245,89.50447632781214,74.34825935572484,64.37556591348867,-0.0004303089604266,-47.47502456350602,35786342.8437249,-28088395.745726146,-31446486.66604126,62139.24479532421,2292.832250282605,-2048.6869779897784,-5.161550777403938
2022-10-27 18:00:00.000000Z,0.0001861761862499,42167370.38023085,0.1287414532599337,89.34038393061317,70.76350807167533,98.2045628418649,-0.0024058721746563,-47.4770052378876,35790352.28423623,-8545120.129764963,-41293608.24317241,18131.157235652307,3010.552641036686,-623.5722302529061,-6.780291518032819
2022-10-27 20:00:00.000000Z,0.0001911404134354,42165986.4615164,0.1293883648371529,89.35467284880909,60.05352256227057,138.97442679349325,-0.0041259355521109,-47.48497219120714,35793929.11264926,13299399.5243968,-40020097.05664109,-31049.441760967,2917.3961365006403,969.1019149105142,-6.563163318421759
2022-10-27 22:00:00.000000Z,0.0001989168943694,42165178.00585579,0.1296364611131539,89.4194868610061,50.018913329478806,179.01417082173322,-0.0049811969083271,-47.49715773966366,35795427.13029322,31562907.10697838,-27971185.44137416,-72051.36272365182,2038.8097504359564,2300.6049449670422,-4.560008852897855
2022-10-28 00:00:00.000000Z,0.000197447060155,42165668.75642103,0.1296073232653184,89.37703751019411,40.6767331024131,218.4685951014845,-0.0045424841081671,-47.509497102106,35794049.55438112,41328740.36600118,-8391648.274539663,-93689.71287158848,611.3354490894044,3012.730299233527,-1.3087103085861187
2022-10-28 02:00:00.000000Z,0.0001975839222132,42166859.05272152,0.1296483495104542,89.19873628887032,31.097065100741595,258.3004161825787,-0.0027452142633828,-47.51777912962896,35790409.93598033,39966802.692644455,13447413.610147258,-90002.29275202422,-980.9897415280054,2913.731080887766,2.311761559735687
2022-10-28 04:00:00.000000Z,0.0002040657614447,42167626.401143424,0.1299847567240697,88.98691936892813,26.231376462216268,293.4580540894408,5.416995601291335e-05,-47.5197807052242,35786062.47832828,27841444.57220521,31664962.53406692,-61882.93159056016,-2309.5110065790955,2029.883474519884,5.320111535056922
2022-10-28 06:00:00.000000Z,0.0002018383923249,42167362.21833362,0.1305563415777242,88.86815217744943,28.132004948663543,321.76218278355884,0.0031603936782025,-47.515924904353774,35782539.61364369,8216214.827260229,41352341.92005272,-16856.87193885122,-3016.1414470066284,598.8823863171692,6.898321472725462
2022-10-28 08:00:00.000000Z,0.0001854241525986,42166372.92397009,0.1311037680246826,88.88605429810839,34.14807392203146,345.81786081919125,0.0057260819661235,-47.50841018715175,35780655.472224355,-13622502.448691694,39897244.57526163,32939.87347563491,-2910.1188320361525,-993.7831003231258,6.61345718225993
2022-10-28 10:00:00.000000Z,0.0001665691461294,42165533.28780121,0.1313945682835026,88.96885309346901,42.045417109769545,7.928482495302095,0.0069850221528723,-47.49978092926871,35780439.926294655,-31789746.02863526,27690290.263930377,74033.49058145363,-2019.8246261589516,-2318.7575456306795,4.535562721010868
2022-10-28 12:00:00.000000Z,0.0001585850419905,42165580.17612512,0.1314262576542351,88.98275249501592,51.91805057309669,28.13187831127917,0.0064658185941262,-47.491986427233954,35781546.061300635,-41389563.51088703,8020837.563818053,95252.08402248536,-585.2474812120765,-3018.8320475796686,1.219307317859819
2022-10-28 14:00:00.000000Z,0.0001627568922059,42166529.44104078,0.131472780606949,88.84036075729719,63.48189735538213,46.79819957921504,0.004131304586906,-47.4863440473448,35783693.716752306,-39835743.47897629,-13810332.203268114,90748.50577840624,1006.8577259905412,-2905.399144759342,-2.4448240956844147
2022-10-28 16:00:00.000000Z,0.0001684982029229,42167555.28880766,0.1318810649973397,88.60086398723625,72.5729874928775,68.03103275534953,0.0004177254531446,-47.48405141758052,35786759.18894632,-27548620.030535992,-31920968.199472062,61597.45098117564,2327.4068671799605,-2009.257408118404,-5.468466574830712
2022-10-28 18:00:00.000000Z,0.0001681487294782,42167620.74388137,0.1326887919551855,88.44462460300768,73.2853995212814,97.5546380928382,-0.0038242258365392,-47.486407648210125,35790414.76265382,-7840366.036766493,-41433261.71667176,15546.025290312322,3020.7536419829944,-572.137784504344,-7.0290307278873625
2022-10-28 20:00:00.000000Z,0.0001720238496646,42166622.06194687,0.1334956539794482,88.47613853301051,64.84812955441754,136.0348802923612,-0.0074869951417389,-47.494055987621394,35793705.37709682,13979441.425689563,-39787413.58922718,-35025.04073591968,2900.486950622975,1018.7125481888708,-6.692458742460572
2022-10-28 22:00:00.000000Z,0.0001843104517608,42165635.98066827,0.133900636267806,88.5922414842328,54.84299326002815,175.99439946588424,-0.009477422419144,-47.50570454731232,35795251.5575021,32035145.44818522,-27428786.31414368,-76418.71165754278,1999.3241868061791,2335.0401896848743,-4.53696731212987
2022-10-29 00:00:00.000000Z,0.0001918307960279,42165650.93658518,0.1339439576574435,88.61447994539849,46.0714831092831,214.8136066308485,-0.0090601892690805,-47.51790308149582,35794154.3401144,41465940.95187905,-7685598.349310898,-97343.8177635834,559.9045083835374,3022.7026454267,-1.1376821425511046
2022-10-29 02:00:00.000000Z,0.0001848792328695,42164843.25567005,0.1339897731697994,88.48466792687726,72.61340333949084,218.47277343365008,-0.0061372990185479,-47.528761978890415,35792808.749962896,39734539.47052737,14126095.411817262,-92015.7976193625,-1030.0984295415694,2896.4699650377297,2.5872355539957987
2022-10-29 04:00:00.000000Z,0.0001824183276367,42165690.53946376,0.1343227901823402,88.29599621762056,65.7501084965899,255.59983805240637,-0.0013330945197883,-47.53579809923964,35789465.11569859,27303831.701848377,32134150.533358693,-61742.07219726334,-2343.265231975769,1990.3298763464627,5.629824287741968
2022-10-29 06:00:00.000000Z,0.0001871278170868,42165794.939688765,0.1349233608282316,88.18517339826262,65.12296217473747,286.4185080492725,0.0041495967167355,-47.53723181074583,35785426.35123268,7519629.630993718,41487600.935425095,-14604.77923314694,-3025.5591444134966,547.8243849041542,7.162053281364627
2022-10-29 08:00:00.000000Z,0.0001877829721508,42165170.13773745,0.1355373810509286,88.21323484421143,70.4337028462086,311.1658653254043,0.0088499400324443,-47.5332070528498,35781820.40801952,-14289996.421348702,39664299.603281096,36713.24164341642,-2892.823719410255,-1042.6760033762507,6.76296667476187
2022-10-29 10:00:00.000000Z,0.000184399072252,42164396.28637159,0.1359099356347334,88.32498469224602,78.30221790236473,333.2759044668415,0.0114487798682419,-47.52503734219847,35779314.43708061,-32248516.43511204,27152859.172188062,78346.07611063798,-1980.4541500443,-2352.5261701390914,4.532672345964159
2022-10-29 12:00:00.000000Z,0.0001847134621114,42164111.25713957,0.1359978315039348,88.39590389341879,86.39431499564637,355.2055863498409,0.0111332839925612,-47.514473163487686,35778213.22001578,-41515247.04640546,7323409.562771864,98989.17392773242,-534.1814887529999,-3028.477775155942,1.0662172993671883
2022-10-29 14:00:00.000000Z,0.0001928797423283,42164568.65307205,0.1360328721627832,88.32984420357414,94.26178907412552,17.49737344949404,0.0078270591817796,-47.5034056413984,35778675.114202246,-39591888.62714853,-14480004.188996688,92958.16637816372,1056.1013568115138,-2888.1770358663234,-2.706214757363532
2022-10-29 16:00:00.000000Z,0.0002031148741136,42165428.1191202,0.1363670369366774,88.15359773060136,101.39556382438808,40.631463325853616,0.0022304539759725,-47.49392177235698,35780790.7205733,-26997216.57175067,-32380884.365478195,61738.42661551944,2361.606566930809,-1969.50472706838,-5.768876378618623
2022-10-29 18:00:00.000000Z,0.0002046789926581,42165898.093178265,0.1371296770691416,88.02279649825493,105.1352072109391,67.11036697636058,-0.0043254795020124,-47.48831068002677,35784402.70879014,-7126865.260151748,-41555834.2578415,13615.56112821834,3030.489167737706,-520.3223909411413,-7.291726376091302
2022-10-29 20:00:00.000000Z,0.0001976465920502,42165455.01844432,0.1380059273177489,88.06768863856536,102.26588716856996,100.01672513349968,-0.010169135140866,-47.48851525841338,35788765.976779245,14663869.71312489,-39535011.67982815,-38511.15172108469,2882.808965534713,1068.6266050642214,-6.852974430285516
2022-10-29 22:00:00.000000Z,0.0001937311896436,42164560.75323539,0.1385395886217894,88.22794766333071,94.2778410225329,137.9202223231978,-0.0136833233855375,-47.4949395841621,35792485.87293943,32505125.85032198,-26865809.78987257,-80567.84847652883,1958.797889692221,2369.349950752417,-4.556902397079991
2022-10-30 00:00:00.000000Z,0.0001921523187899,42164174.35403844,0.1386567856863699,88.32285731827926,86.03604075141459,176.1386132591868,-0.013754476370943,-47.50557305319504,35794120.89977179,41593466.09247383,-6962233.264377514,-101107.1106489418,507.5376872931556,3031.8829207993144,-1.0129842218738152
2022-10-30 02:00:00.000000Z,0.0001883744451271,42164612.58237281,0.1386921225100453,88.26108330362779,78.13451854759522,214.17301987809032,-0.0101475999557413,-47.516596436143736,35793046.49471164,39482744.133078665,14815961.45644798,-94441.1515392674,-1080.3442923383318,2878.078814671684,2.8253274779464337
2022-10-30 04:00:00.000000Z,0.0001902477533752,42165348.11342229,0.1389778726793701,88.11386361026715,71.14736205358683,251.38195784200647,-0.0036449213170704,-47.52416910534883,35789770.784617074,26740615.925587032,32604724.120073877,-62224.5836148094,-2377.53008249144,1949.2148451193,5.919491293583013
2022-10-30 06:00:00.000000Z,0.0001987647616473,42165714.21897596,0.1395474405932087,88.01898468100823,68.56932171916806,284.13517675159665,0.0041239247206938,-47.52600457499586,35785528.91093492,6796739.09898577,41612244.47929114,-13040.538399362124,-3034.6275506049296,495.0629758381461,7.428302820605119
2022-10-30 08:00:00.000000Z,0.000204164982839,42165498.71849653,0.1401709027240913,88.05271078926485,71.02128729915928,311.735757917623,0.0111105117535117,-47.52186676056981,35781629.94966662,-14977888.645841984,39409481.207909,39897.604028763424,-2874.255737143524,-1092.8920275602743,6.936805677581999
2022-10-30 10:00:00.000000Z,0.000202011041547,42164961.40697184,0.1405853054657666,88.17984736542637,76.24755797831288,336.47320908376304,0.015405523266609,-47.51314261143116,35779014.40030214,-32716090.066049192,26587141.45036896,82306.41667835026,-1939.231124951022,-2386.6758501965137,4.569849914998718
2022-10-30 12:00:00.000000Z,0.0001958905768986,42164527.53486674,0.1407108649690897,88.2922955390455,82.41909308447336,0.2824220476461319,0.0157650288489857,-47.50207998760738,35778131.00316041,-41636415.71676273,6599187.266332318,102691.299250796,-481.4048572240659,-3037.3355578077008,0.959451712221285
2022-10-30 14:00:00.000000Z,0.0001909874884784,42164523.84557486,0.140724915610659,88.29444326923307,89.10228336040328,23.69018124414361,0.0119575276995609,-47.49111654354038,35779012.30756576,-39334011.08887584,-15167455.198748617,95457.40525526724,1106.1774462717467,-2869.3423617535805,-2.925453115663982
2022-10-30 16:00:00.000000Z,0.0001886174471033,42165009.64029803,0.1409507916635306,88.18673330736202,96.31591065807986,46.675066276871085,0.0048395432601545,-47.48244875645813,35781414.976299584,-26430039.370375626,-32846262.25599054,62430.125430226704,2395.463944241147,-1928.084521671047,-6.040120421957469
2022-10-30 18:00:00.000000Z,0.000184998993298,42165624.3799385,0.1415800245074598,88.08932266815586,102.383495257003,70.79163188906654,-0.00384923717844,-47.47784452624493,35784919.66080303,-6403461.826193426,-41673959.1390775,12380.991569683289,3039.0352649396905,-467.5122616035448,-7.543927903992086
2022-10-30 20:00:00.000000Z,0.0001779408760742,42165749.33403855,0.1424155696489785,88.13875071156818,103.4739203024401,99.73324434637422,-0.0119021471115217,-47.47851430874515,35788879.5065197,15348647.706254829,-39274350.26523557,-41301.529741844526,2863.785692133212,1118.612787077885,-7.024236902480881
2022-10-30 22:00:00.000000Z,0.0001745754538993,42165212.55327222,0.1430134923567219,88.32217928992085,97.9969793826002,135.1027443626718,-0.0171740546384284,-47.484661080371495,35792289.26117952,32967001.54631068,-26296664.705506675,-84174.22216340082,1917.328625812232,2403.079920527733,-4.608094164697599
2022-10-31 00:00:00.000000Z,0.0001789818251831,42164614.65163926,0.1431892105877231,88.47813050029349,90.15087742929305,172.86489906556383,-0.0181345387762846,-47.49479057861516,35793965.891206324,41708084.95877459,-6237865.634325881,-104611.11809002791,454.7703467800615,3040.273151157207,-0.934336145630243
2022-10-31 02:00:00.000000Z,0.0001848409931923,42164564.65261875,0.1432032682015825,88.48744019525921,82.9304484159386,210.1472340094716,-0.0143295545014992,-47.50570836750718,35793166.83123847,39219208.306079015,15500424.640011426,-96966.6841031245,-1130.1932440703015,2858.8597209457184,3.0124005346254283
2022-10-31 04:00:00.000000Z,0.0001927727272338,42165003.656437926,0.1434089842898128,88.39060969835818,76.61273020917199,246.6359254082596,-0.0065852435949949,-47.513700213110056,35790088.78052117,26169967.30778553,33064907.203118976,-63152.290697277625,-2411.021109749816,1907.5749619628816,6.1664155752717695
2022-10-31 06:00:00.000000Z,0.0002053140191562,42165470.44222026,0.1438955672760284,88.31590837892017,73.04403494618226,280.3590693415412,0.003156739623676,-47.51608853433879,35785775.0221164,6072761.699146846,41724296.21161466,-12165.2836122207,-3042.747844063163,442.2313848150196,7.671069129484853
2022-10-31 08:00:00.000000Z,0.0002165845286354,42165630.79043476,0.1444714958828322,88.34973062013277,73.31139137357574,310.14397097037715,0.0123411410907115,-47.51214381253008,35781604.866880976,-15660198.232603537,39143329.38179856,42313.38075985014,-2854.8279794302675,-1142.6962086648855,7.112509590614745
2022-10-31 10:00:00.000000Z,0.0002196759581496,42165443.65362678,0.1448822445559518,88.47626383596429,76.27362552862498,337.1463917142281,0.018490929296071,-47.50308998311804,35778770.73778926,-33172950.45892377,26014474.81226114,85603.25467763469,-1897.4758111090844,-2420.049864401034,4.633683125372007
2022-10-31 12:00:00.000000Z,0.0002129985851654,42165053.24051687,0.1450230451058562,88.60728290696484,80.3733759627898,3.0093548169449025,0.0198885046565656,-47.49149048347491,35777947.52627571,-41744667.09132883,5874265.70676703,105991.5575368454,-428.5602152647576,-3045.2741016721407,0.8970795778110985
2022-10-31 14:00:00.000000Z,0.0001999301755756,42164711.95998743,0.1450170364019145,88.65554766129208,84.79278936404616,28.634948848105847,0.0160528363485086,-47.48035155913003,35779175.6425425,-39064458.43501672,-15849211.681064982,97904.89038983356,1155.8491871225212,-2849.6902786601486,-3.0939140014125366
2022-10-31 16:00:00.000000Z,0.0001857848415897,42164730.41056835,0.1451354497686202,88.60546540231711,89.82717347898063,53.74090793117583,0.007879963152401,-47.47222525218195,35781959.39818375,-25855517.86509815,-33301079.5894326,63422.2043011585,2428.548107900094,-1886.160638807865,-6.266202696886916
2022-10-31 18:00:00.000000Z,0.0001729254451953,42165219.57917428,0.1455884484012053,88.54103298945164,95.84216445002068,77.87606360882391,-0.0025848818694864,-47.46864693184431,35785549.974635884,-5679044.538824908,-41779478.39541944,11722.804341358426,3046.6357008046666,-414.653057755773,-7.765828150688824
2022-10-31 20:00:00.000000Z,0.0001611169784978,42165769.68547499,0.1462892653551969,88.5858879673707,100.2890372686297,103.46499655191296,-0.0126659976282403,-47.47012209332525,35789213.55466328,16027785.069962053,-39002482.96838607,-43367.773992604,2843.905130177099,1168.169153381578,-7.185340289508826
2022-10-31 22:00:00.000000Z,0.0001549342017421,42165766.35345027,0.1468682360964026,88.76501725051958,98.82784879140551,134.82296883725476,-0.0197203962256586,-47.47634354879571,35792234.02311821,33418146.41323304,-25720810.68554726,-87063.1742949126,1875.337145802711,2436.02156944044,-4.671426344998842
2022-11-01 00:00:00.000000Z,0.0001612994891169,42165218.72235166,0.1470723310714501,88.95326897413175,92.67629813406909,170.85870155470613,-0.0218011751029282,-47.48604281794749,35793796.54733168,41809880.844840944,-5513100.118200637,-107562.47961346924,401.9557865918614,3047.740125393319,-0.888694708105496
2022-11-01 02:00:00.000000Z,0.0001754710262453,42164746.89796129,0.1470632590002343,89.0196850664426,86.69097263586302,206.8490914567047,-0.0181959320376886,-47.49669517906421,35793210.74162775,38944267.20716296,16178899.044975854,-99234.839865426,-1179.6113398303266,2838.8295257602954,3.151981560937477
2022-11-01 04:00:00.000000Z,0.0001905811508113,42164755.8117661,0.147178615441322,88.97143688820177,81.79865516659872,241.86351053261225,-0.0096894035135092,-47.50497614954112,35790407.09595117,25592421.51914832,33514324.58259365,-64184.729746443634,-2443.718619579624,1865.4499739289429,6.362326492580626
2022-11-01 06:00:00.000000Z,0.000207247006205,42165136.54823501,0.1475498222580244,88.91814486489173,78.21909181073202,275.5754682606927,0.0015789238515357,-47.5080099058067,35786148.74030702,5348299.372832081,41823707.96627061,-11737.102244915051,-3049.92163622995,389.37834294064623,7.8718001725690065
2022-11-01 08:00:00.000000Z,0.0002240651525603,42165569.77424343,0.1480326159097893,88.94768613125957,76.97745223685358,306.8731642810002,0.0126579969108531,-47.50454834060281,35781762.28893784,-16336409.831060588,38866140.55768362,44044.83645769671,-2834.5623071087616,-1192.043395494538,7.265754426787041
2022-11-01 10:00:00.000000Z,0.0002344244404383,42165776.55140586,0.1483965797398455,89.05936237206606,78.11974071036606,335.7104324974265,0.0205784628049841,-47.49544980127067,35778629.48409471,-33618800.37474358,25435436.940370727,88142.94127575525,-1855.225941139711,-2452.616945800639,4.700132268786853
2022-11-01 12:00:00.000000Z,0.0002318965050713,42165591.7312322,0.1485299879299542,89.1851967725783,80.56518735779736,3.233366669558454,0.0231671068503361,-47.48336717158168,35777692.23996295,-41840006.58399982,5149367.385390209,108642.51500508128,-375.6917005014334,-3052.285908640186,0.8613024283508148
2022-11-01 14:00:00.000000Z,0.0002162668028526,42165083.74502418,0.1485120532466045,89.25238918114985,82.92554554687993,30.89951870391228,0.0196496782315301,-47.471797115862806,35779121.57340292,-38783528.78967296,-16524598.412765,99960.64580538818,1205.0825748057064,-2829.2410349171314,-3.219030904949348
2022-11-01 16:00:00.000000Z,0.0001946550809643,42164656.94356404,0.1485517903395872,89.2399450214385,84.9262754633852,59.001357195263445,0.010871253723267,-47.46380727795132,35782291.7288902,-25274107.77407108,-33744882.34148507,64362.43514386426,2460.850815934797,-1843.771504099825,-6.4431569866290985
2022-11-01 18:00:00.000000Z,0.0001734488096776,42164815.437440544,0.1488359945035349,89.20241798253525,88.2917417065474,85.75834564165778,-0.0009245362039653,-47.461015935299024,35786136.250460856,-4954033.286853531,-41872226.64279745,11353.67828760403,3053.306789504527,-361.7839116554102,-7.943839708111646
2022-11-01 20:00:00.000000Z,0.0001536445855615,42165548.40711333,0.1493510074100593,89.2370929777049,93.49461322215954,110.6005279592284,-0.0126848548651953,-47.46342354816034,35789690.00083912,16701021.771727446,-38719497.56880301,-44874.093640359206,2823.19264241317,1217.2648626722148,-7.316238740392361
2022-11-01 22:00:00.000000Z,0.0001401120436814,42166108.50801726,0.1498328286946947,89.38690052839743,96.10833121642666,137.91249955025097,-0.021331230879361,-47.470061073273214,35792355.58120237,33858484.11430649,-25138526.882096466,-89241.08522188023,1832.8486961685269,2468.1527258395167,-4.723710601535274
2022-11-02 00:00:00.000000Z,0.000143146113043,42165872.11670763,0.1500268162997694,89.57005212288905,93.15834305539607,170.75198687873345,-0.0245376482815524,-47.47954293939526,35793692.52425898,41898962.103347205,-4788331.991208652,-109802.08324537484,349.1201610652868,3054.275137427973,-0.8541213093645188
2022-11-02 02:00:00.000000Z,0.0001619710660936,42165152.43221955,0.1500015580392768,89.6651276195602,89.24178598777395,204.64525623687103,-0.0213420394969172,-47.48988736864072,35793222.65480563,38658210.67399526,16850997.944819335,-100948.67053320805,-1228.575664487112,2817.999772410464,3.2595084515376094
2022-11-02 04:00:00.000000Z,0.0001841555281135,42164682.342658326,0.1500412735152191,89.65359634269976,86.49702763416819,237.4752296826396,-0.0124520359581125,-47.49833764269104,35790719.21369709,25008392.661994062,33952739.39002921,-64951.23390940327,-2475.612367046718,1822.8684489471711,6.511678037155173
2022-11-02 06:00:00.000000Z,0.0002051014506685,42164802.54222863,0.1502929690083073,89.6196689736902,83.86260761215307,270.22199867910143,-0.0001221821134249,-47.50205238384038,35786630.2607606,4623779.497974682,41910477.58470871,-11398.677206945302,-3056.155444154903,336.5385390764666,8.022324836645515
2022-11-02 08:00:00.000000Z,0.0002264264079797,42165358.67752893,0.1506560296126738,89.64258675564969,81.81528789200182,302.33126049109745,0.0124115253867455,-47.49932914366052,35782114.083759226,-17006196.220267385,38578154.50434365,45348.84769212986,-2813.479327189493,-1240.902197047827,7.37740485848802
2022-11-02 10:00:00.000000Z,0.0002442281793118,42165929.40738082,0.1509397480111675,89.72932012621027,81.53560366641977,332.6151562778371,0.0217955823565809,-47.49051875281345,35778647.80627858,-34053499.42519765,24850464.35065974,90018.87204683655,-1812.512152494624,-2484.354747047937,4.7439126218531165
2022-11-02 12:00:00.000000Z,0.0002487842676469,42166060.00175349,0.1510457007123658,89.82983059972545,82.76424346713408,1.3805313608621592,0.0254757815697606,-47.47812553383,35777435.797062725,-41922537.29016506,4425038.168817094,110552.48616000423,-322.8350263910773,-3058.3641291570834,0.8271243134621227
2022-11-02 14:00:00.000000Z,0.0002351425862041,42165563.66082142,0.1510266315841999,89.88973524574922,83.79527994303072,30.383873673357183,0.0224049934138662,-47.46597396190893,35778872.90219578,-38491567.22282123,-17193093.375582032,101373.21352473769,1253.84860703909,-2808.008369197283,-3.319280496453119
2022-11-02 16:00:00.000000Z,0.0002104483180585,42164797.38259113,0.1510300537726107,89.89253161638938,83.39433319034408,60.87243485693255,0.0133394788953605,-47.45769718567606,35782339.72703553,-24686293.145299323,-34177309.95913964,64903.42571190238,2492.364518308849,-1800.9462513602016,-6.578710326641674
2022-11-02 18:00:00.000000Z,0.0001846791218484,42164525.24433049,0.1511905200556129,89.87268841349135,83.32038456925761,91.05079469680896,0.0006400186648004,-47.45526566949192,35786529.60926518,-4228871.936859062,-41952063.51679601,10913.047990673003,3059.0662142347846,-308.93415815337823,-8.07398961871378
2022-11-02 20:00:00.000000Z,0.0001582544582654,42165183.01920436,0.1515187260392925,89.8957361733595,86.461323108819,117.96573570221484,-0.0123599892289506,-47.45847520789414,35790174.375459105,17368093.47006044,-38425430.20978339,-46114.88133699413,2801.6773459019487,1265.8807748252566,-7.402950723089026
2022-11-02 22:00:00.000000Z,0.0001345297301468,42166185.821662,0.1518539613131357,90.00077131508418,90.81619187957584,143.58070987676027,-0.0222332342386667,-47.46573185040596,35792613.267337844,34287951.700627215,-24549954.945914507,-90874.46474687036,1789.8886330487494,2499.462447931126,-4.743934500763296
2022-11-03 00:00:00.000000Z,0.0001285799246992,42166442.9311376,0.15200091656979,90.14271035322724,91.42780631700606,172.89977112048246,-0.0263442375526191,-47.47524932536659,35793686.10599641,41975422.99591424,-4063758.5520720016,-111330.35389709153,296.2819565076519,3059.87408727493,-0.806229725879486
2022-11-03 02:00:00.000000Z,0.0001465077032025,42165719.35753786,0.1519726805432932,90.2300087679358,90.38562821001229,203.92669982049748,-0.023533389978553,-47.48533191621035,35793228.943026364,38361241.77628694,17516530.580852848,-101936.19811153082,-1277.0750267933313,2796.376922165334,3.357549072648069
2022-11-03 04:00:00.000000Z,0.0001739241368122,42164823.68487073,0.1519737810645934,90.23506862281847,90.46740229290496,233.91349123598457,-0.0144502893337863,-47.49384029834697,35791005.31785573,24418126.74539471,34380043.72524646,-65141.42415850228,-2506.702257991314,1779.8459598973284,6.629475439983808
2022-11-03 06:00:00.000000Z,0.0001992312106788,42164556.4692427,0.1521300189271074,90.21525899679295,89.66000022374513,264.8184834184854,-0.0014322557237798,-47.49819626509537,35787176.46897288,3899405.70244405,41984618.36267969,-10772.349198390715,-3061.460527064204,283.7286884927298,8.125828717760038
2022-11-03 08:00:00.000000Z,0.0002239370131421,42165065.06079932,0.1523713893016384,90.23101983135103,87.57617465715593,296.97049254340686,0.0120832163592451,-47.496388824494886,35782643.99273437,-17669459.42489614,38279491.73977111,46579.11628277061,-2791.5961067632093,-1289.2598582144994,7.437703235799176
2022-11-03 10:00:00.000000Z,0.0002480794366797,42165909.84685283,0.1525564195637604,90.28758022009232,86.24556010362679,328.3348671804202,0.022472613279877,-47.48820297017997,35778868.886311784,-34477080.02203586,24259755.37173456,91473.92869765278,-1769.3533889071264,-2515.25422870321,4.74466742849352
2022-11-03 12:00:00.000000Z,0.0002608942755958,42166400.73289584,0.1526207327275797,90.348579723829,86.57033116674386,358.0436500432305,0.0269138511818889,-47.47578129351233,35777269.17387901,-41992433.48695665,3701526.851616942,111794.89362074171,-270.01062957790896,-3063.5043803119347,0.7688713047328872
2022-11-03 14:00:00.000000Z,0.0002523868338192,42166069.06534953,0.1526108272339635,90.3800279695095,86.91802455286418,27.75936297959051,0.0241672162801427,-47.463057972596175,35778514.11585309,-38188892.71825028,-17854447.497216873,102031.89175627891,1302.12884260816,-2785.997376971201,-3.419012887542117
2022-11-03 16:00:00.000000Z,0.0002277687641633,42165116.61253761,0.1526219658663684,90.37746732520417,85.18689259958035,59.584077129624525,0.0149260194331896,-47.45417007401716,35782115.789635226,-24092488.160005465,-34598189.73098889,64782.423479082085,2523.0831717501965,-1757.7002394947092,-6.689901872658528
2022-11-03 18:00:00.000000Z,0.0002004640005648,42164417.97928154,0.1527214769313966,90.36529728133029,82.38712018624604,92.48071350437056,0.00163530430565,-47.45161272341701,35786645.13613121,-3503948.000818065,-42018937.39633967,10053.655809295078,3063.9274946281284,-256.1199674615337,-8.162376911904268
2022-11-03 20:00:00.000000Z,0.0001714355291362,42164794.854872905,0.1529034631731942,90.3783778060028,82.47308215804952,122.460128938973,-0.0121680774536147,-47.45529186722045,35790536.62393784,18028761.7177682,-38120316.571186304,-47440.041538042206,2779.3846257221794,1314.0095906498548,-7.440270726771756
2022-11-03 22:00:00.000000Z,0.0001391687045039,42166020.571822666,0.1530829444855148,90.43513187053011,85.76339772742911,149.18730677617117,-0.0228033928891883,-47.46317906602752,35792923.23537071,34706489.457199,-23955153.98343721,-92240.32462035213,1746.4790988688342,2529.950366736704,-4.717456588465762
2022-11-04 00:00:00.000000Z,0.0001208187106199,42166818.01632319,0.1531599171449317,90.51113828798216,88.12655078631722,176.82051789302255,-0.0274194311049998,-47.47294020632656,35793767.71782079,42039328.03569501,-3339436.4228988257,-112293.37307343227,243.45336710324173,3064.537569771957,-0.7238417577151086
2022-11-04 02:00:00.000000Z,0.0001317484661111,42166341.00050312,0.1531449502275026,90.55533743574412,89.90192689014658,205.073156715501,-0.0247443779006796,-47.48285723781077,35793235.72884308,38053479.04949903,18175449.62888126,-102178.84736184968,-1325.1065815825295,2773.963341312009,3.4698340790314246
2022-11-04 04:00:00.000000Z,0.000160676393563,42165173.56924612,0.1531589103077867,90.5523943496607,93.29625581925768,231.75544556365253,-0.0154352058708688,-47.49131606121614,35791229.72291256,23821727.13910471,34796215.83145664,-64572.45289910393,-2536.995384121914,1736.3866737532214,6.736663125385131
2022-11-04 06:00:00.000000Z,0.0001898390322129,42164466.48627888,0.1532679194517287,90.53880457960187,95.11362661171732,260.02893806410526,-0.0019336221023135,-47.49617910294414,35787713.99088068,3175201.2652157443,42046129.375783496,-9551.091668643678,-3065.851029637164,230.9494956141364,8.195090260283187
2022-11-04 08:00:00.000000Z,0.0002171108984437,42164767.155955575,0.1534102240053206,90.54823681085762,93.83404266534592,291.3820721047382,0.0121602890474252,-47.49533392081112,35783290.861663565,-18326279.419267405,37970135.223248914,48093.95369871103,-2768.925731732624,-1337.1211796643845,7.44777084810278
2022-11-04 10:00:00.000000Z,0.0002458584286909,42165753.60915155,0.1534965919570098,90.57428056266858,91.88878641805614,323.3907127672007,0.0230475086540825,-47.48804032462216,35779294.05537614,-34889694.435570784,23663254.16370504,92830.35185023816,-1725.7565020823752,-2545.320118422303,4.691462703706018
2022-11-04 12:00:00.000000Z,0.0002666592524904,42166585.72691919,0.1535139641269203,90.58868616960372,91.52735437274546,353.8319826687889,0.0277634842608519,-47.4759282617094,35777269.67818226,-42049882.48591708,2978761.6534735626,112577.58698290696,-217.22240917468176,-3067.706088707839,0.6664287364923096
2022-11-04 14:00:00.000000Z,0.0002652155259912,42166527.01139589,0.1535223882851519,90.57762395622744,91.60040023927888,23.86525020791049,0.0249972294136991,-47.46280790473407,35778162.48307894,-37875725.88880996,-18508716.158576712,101981.9677538046,1349.917653674538,-2763.205163871828,-3.5422490813696665
2022-11-04 16:00:00.000000Z,0.0002429180418496,42165553.69668268,0.1535786561214141,90.5540657594844,89.43667654672711,56.14430678710417,0.0154626861444929,-47.453166696772165,35781708.70160301,-23492951.6246026,-35007566.79955121,63876.37310489665,2553.0031470180224,-1714.0340903646097,-6.798473507116494
2022-11-04 18:00:00.000000Z,0.0002155292191197,42164513.29754376,0.1536809385822939,90.54079237520288,84.97383095629539,90.70565209520048,0.0017132267615997,-47.4500770427312,35786486.25985526,-2779514.325990743,-42072909.12407682,8520.135337181164,3067.896993983878,-203.3439871252303,-8.223336330498233
2022-11-04 20:00:00.000000Z,0.0001877184732095,42164371.61431272,0.1211624675247231,89.18594134521521,82.83063687435258,124.28206913980702,-0.0009441327371295,-47.453836460290525,35790691.879732706,18682857.782939687,-37804223.34240859,-40640.21937226335,2756.3303841767697,1361.653510974533,-5.7872779470501925
2022-11-04 22:00:00.000000Z,0.0001514966026477,42165572.35851723,0.1212143134652321,89.20679454293939,83.59456143072602,153.5710525634412,0.0019481118315246,-47.46220947139574,35793155.48491274,35114043.57418655,-23354148.11412751,-74963.85462868433,1702.633572441438,2559.625409874634,-3.526768009544777
2022-11-05 00:00:00.000000Z,0.0001215489441409,42166818.2208626,0.1212204914296834,89.21118541701338,84.90967340984501,182.32361958547924,0.0042947446401541,-47.47227365812224,35793802.33796992,42090671.32804493,-2615322.634035793,-89118.9637758567,190.63271607906088,3068.273810577255,-0.3139144178440172
2022-11-05 02:00:00.000000Z,0.0001209920390729,42166773.18851178,0.1212366186177672,89.18322268133461,87.76335660845538,209.57031220272856,0.005497836203131,-47.481994444740906,35793073.37088806,37734832.34004899,18827828.569333997,-79270.17911872461,-1372.6920491471665,2750.7579668475123,2.9872674209565004
2022-11-05 04:00:00.000000Z,0.0001461505932538,42165553.74529758,0.1213180023691857,89.14234472530941,94.58845940837335,232.86014080269345,0.005267870634357,-47.49007479247878,35791136.87322235,23218885.75424584,35201259.852823414,-48042.53231313064,-2566.5287455365283,1692.4705572796838,5.487404804824703
2022-11-05 06:00:00.000000Z,0.0001771571370149,42164444.79465904,0.1214428492150543,89.12340389321784,99.92875259678304,257.6160687724074,0.0036852573313603,-47.49492838926528,35787908.50155915,2450588.356949939,42094773.96635786,-3828.5948368714753,-3069.3605573858013,178.1534898972232,6.510773164429413
2022-11-05 08:00:00.000000Z,0.000206360702886,42164416.5097658,0.121529382257808,89.13107886001326,100.48457878661628,287.1350111980536,0.001167420844513,-47.49461891611386,35783714.32081948,-18977379.089959715,37649423.24673923,41459.16053841506,-2745.470481214699,-1384.5534119933138,5.778187290945763
2022-11-05 10:00:00.000000Z,0.0002380360519844,42165392.28025545,0.1215360945033371,89.13133647778263,98.6165922803727,319.0914232341006,-0.0016411169394462,-47.48806991158881,35779668.82649356,-35291913.60044935,23059828.96724546,75594.461845508,-1681.6766689029052,-2574.609552604861,3.483980812063537
2022-11-05 12:00:00.000000Z,0.0002655988506051,42166493.44042722,0.1215139732135953,89.09146100969515,97.86875777113356,349.9729585847708,-0.0040296227708641,-47.47637852291962,35777328.04089494,-42094995.995096736,2255341.0456163883,89340.61769278476,-164.3924076987702,-3070.9827204264825,0.2453308003895829
2022-11-05 14:00:00.000000Z,0.000272040927439,42166760.540002376,0.1215523203503431,89.01787609193568,97.93080203889896,20.079969484615543,-0.0053973205422995,-47.46304205013907,35777849.36527402,-37551601.33221063,-19157196.809035435,78957.07576722982,1397.2911230202662,-2739.590104492058,-3.063526215977735
2022-11-05 16:00:00.000000Z,0.0002539586129017,42165912.34205606,0.1216825828780454,88.95241162774248,95.8869565964011,52.28177396234338,-0.0054023057436148,-47.45268120868083,35781222.47188558,-22886773.367047917,-35406284.27095419,47223.22996761474,2582.168484218529,-1669.8675923997291,-5.547840602636752
2022-11-05 18:00:00.000000Z,0.0002274577116547,42164665.44463577,0.1218401410357557,88.92889551021108,90.6303730049318,87.6478336166588,-0.004044978909544,-47.44885515486249,35786132.65097185,-2054491.7293508116,-42114186.34696681,2694.0462589718973,3070.9776678869803,-150.51409412071803,-6.535321597974134
2022-11-05 20:00:00.000000Z,0.0002010900156654,42164234.20447743,0.1219239214116758,88.93599471807013,85.85142502690339,122.49835903794724,-0.0016641681068522,-47.45231258889661,35790651.446149826,19331349.3159266,-37476710.59455425,-42610.47137571644,2732.481549776182,1408.8966278414623,-5.7579828139077085
2022-11-05 22:00:00.000000Z,0.0001656057991181,42165201.34604636,0.1219016752571455,88.92230573563991,84.31846882403129,154.11852937112425,0.0011514620380615,-47.46092155091533,35793346.545486175,35511239.01217919,-22745990.495468646,-76450.15642402759,1658.2925879043423,2588.5403037425367,-3.423957300788448
2022-11-06 00:00:00.000000Z,0.0001284999871634,42166703.87110498,0.1218593139996202,88.84603421434988,83.55329740552443,185.03165887862212,0.0037106741625413,-47.47136890440518,35793964.40625197,42129621.41841976,-1890263.5088436012,-89666.15535678835,137.7578513733661,3071.0860577562903,-0.1613872038405588
2022-11-06 02:00:00.000000Z,0.0001160624005401,42167160.53517885,0.121924361268792,88.72602425580823,84.74227151495599,214.03504123003597,0.0053850729208201,-47.48115611711032,35793079.01094402,37405107.60674213,19474680.94523642,-78656.43711381215,-1419.865768564906,2726.722824686739,3.149712533280681
2022-11-06 04:00:00.000000Z,0.0001331375702363,42166119.876696095,0.1221186838631292,88.63032524642806,93.29176195698604,235.65550716326825,0.0057540258202026,-47.48903242440048,35791149.54365112,22609305.828310147,35595868.69480961,-46361.689242484535,-2595.297223966792,1648.052955556109,5.613937009181352
2022-11-06 06:00:00.000000Z,0.0001627754253917,42164733.60556465,0.1223235600115125,88.60056150423856,102.36535367756532,256.6889436757035,0.0047043001405033,-47.49390179353823,35788175.75589892,1725402.0551078864,42130997.10375645,-1485.815989509154,-3071.962257532184,125.3196895037994,6.56307036881082
2022-11-06 08:00:00.000000Z,0.0001567272225653,42164590.91246431,0.122409762557718,88.60761409724104,107.03813616583446,282.0905066743756,0.0024660569717909,-47.494637788085136,35785068.76232429,-19622803.2567231,37318622.56073101,43848.26566035044,-2721.229839538252,-1431.4107173496411,5.737762008328939
2022-11-06 10:00:00.000000Z,0.0001895568216784,42165409.81197798,0.1223700487442984,88.58529749053076,105.46833087499336,313.7688233624682,-0.0004312026379935,-47.49057710952332,35781743.04067396,-35684120.48526202,22452016.47024977,77373.4893594459,-1637.224622216694,-2602.925421190592,3.358408467118496
2022-11-06 12:00:00.000000Z,0.0002219363495366,42166668.71970893,0.1223219523822515,88.49602140265159,104.31172971048694,345.10545124960464,-0.0032813861605804,-47.48196042450538,35779487.70044629,-42129570.18494343,1535101.522980268,89998.46582347185,-111.80429282208344,-3073.195422998596,0.0664080316034933
2022-11-06 14:00:00.000000Z,0.0002360522462582,42167257.87943346,0.1223965763975961,88.3662301414701,104.49853745458138,15.141239412185524,-0.0053748847488051,-47.47128949995401,35779512.58647882,-37220836.431500606,-19795722.445471823,78274.14538739037,1443.8553870917244,-2715.220487276328,-3.248520213217569
2022-11-06 16:00:00.000000Z,0.0002234094376555,42166645.09810215,0.1226153888929914,88.26257755894335,102.74385280377534,47.09047411425575,-0.0061771010790157,-47.46252568184003,35782093.14136745,-22280967.066714995,-35791639.47887013,45338.04928253748,2610.260089101963,-1625.5356990114954,-5.688978971996766
2022-11-06 18:00:00.000000Z,0.0001982968164828,42165341.42054791,0.1228627113962529,88.22942369774793,96.5651434370504,83.38787977980135,-0.0054644262093762,-47.45911705127971,35786240.00918453,-1337326.0141937735,-42143163.71230991,74.13160642398907,3073.114461124776,-98.12487036523156,-6.593225293336941
2022-11-06 20:00:00.000000Z,0.0001744475989875,42164559.32250902,0.1229857161131667,88.24121945639394,89.06274993617596,120.95760818949188,-0.003381108668627,-47.46212042539149,35790205.078720145,19966562.56916497,-37141666.65743922,-45285.10775358198,2708.101649323151,1455.302063115316,-5.714350719752697
2022-11-06 22:00:00.000000Z,0.0001431221179643,42165165.6499842,0.1229445274329108,88.21580785291387,84.2587390467759,155.8615143513683,-0.0004035295328196,-47.46977085509141,35792535.59139967,35893132.39536258,-22136903.97442202,-78460.73623516032,1613.9197470799984,2616.504291025043,-3.2866475761631166
2022-11-07 00:00:00.000000Z,0.0001047740555961,42166697.79040116,0.122881872749239,88.0891213626336,79.22210681268545,191.0978490463808,0.0027734779337594,-47.47888878456066,35792896.132605225,42154680.3660076,-1170802.660480004,-90442.45142614032,85.28934936764787,3073.068507307005,0.036951768892313
2022-11-07 02:00:00.000000Z,8.413958737659296e-05,42167600.39160205,0.1230018185959308,87.8947175536577,74.89605140302066,225.69233428386403,0.0053927181704657,-47.4869964581898,35791941.53125975,37065635.455720685,20110895.507702596,-77932.39742753339,-1466.3173759864842,2702.139275869782,3.3588526170106072
2022-11-07 04:00:00.000000Z,8.971828965187701e-05,42166921.90709847,0.1233305212959844,87.74414883674969,85.60477148630855,245.21010243360917,0.0067978336871467,-47.49321055213918,35790370.86976433,21995887.267916285,35977243.364776075,-44261.78772496684,-2623.172362924126,1603.4774722026284,5.777932012449017
2022-11-07 06:00:00.000000Z,0.0001130419788153,42165440.37454367,0.1236645351622827,87.7015672308146,102.5874969111409,258.34804839473304,0.0065859298356454,-47.497254569479885,35788265.52203041,1002913.904517238,42154473.82091406,1485.9754800981386,-3073.6747631415965,72.78629425719146,6.635049579482261
2022-11-07 08:00:00.000000Z,0.0001423159650225,42164650.65924078,0.1238055100505558,87.7155154826405,110.90092014973796,280.1018252128417,0.0047282252547282,-47.49824030195739,35785460.31985794,-20259685.604875334,36977180.47563894,46927.63062893985,-2696.294400830167,-1477.7900023399925,5.694282479697475
2022-11-07 10:00:00.000000Z,0.0001750328138388,42165197.08729752,0.1237582257223337,87.68657474407136,111.2161372449006,309.90098612007125,0.0016120451493662,-47.49493718239044,35782325.14341495,-36063876.049043365,21837926.96840164,79738.23986208785,-1592.3900405760196,-2630.534431767242,3.20738975351665
2022-11-07 12:00:00.000000Z,0.0002101103579659,42166482.4470165,0.1237016220257943,87.56597448747382,110.3355860670686,340.9920115990185,-0.00203100969744,-47.487197175744086,35779968.721559495,-42150147.29189068,814052.352823576,90994.87188270107,-59.170453634561454,-3074.617313577756,-0.1542798314849817
2022-11-07 14:00:00.000000Z,0.0002308397205359,42167342.1196312,0.1238151899993614,87.39388597431326,110.81790020249272,10.774112657740234,-0.0053000260530287,-47.47700430457737,35779642.73480424,-36876970.24270193,-20429425.738001823,77600.81976682221,1490.1249596919315,-2690.0979942253957,-3.481135535080071
2022-11-07 16:00:00.000000Z,0.0002244530967081,42167025.6492309,0.1241234280376208,87.25933442000407,109.89798764326387,41.91965704120292,-0.0073543779791505,-47.46805770239517,35781845.319352224,-21665376.86006872,-36167301.44783287,43135.03505639063,2637.731265254092,-1580.630306051503,-5.871485584236001
2022-11-07 18:00:00.000000Z,0.0002013678579172,42165803.23561919,0.1244742574629509,87.21933800815263,104.42971403013364,77.51413448063298,-0.0076334018023986,-47.463984035111736,35785828.89765715,-615792.5444916802,-42159468.80684081,-3107.094707512238,3074.390453272215,-45.50942962283848,-6.676011800438819
2022-11-07 20:00:00.000000Z,0.0001788429654415,42164782.94822583,0.1246706419394856,87.2426022329741,96.179729951613,115.8206374666663,-0.0060051522113732,-47.46633488363479,35789929.324025184,20599645.511529226,-36793994.86492335,-48622.70001523534,2682.820171988932,1501.455557982591,-5.673666225401786
2022-11-07 22:00:00.000000Z,0.0001522431580054,42164991.88059356,0.1246543991199408,87.22663554294768,89.6847544518695,152.406264225708,-0.0028049650685854,-47.47378445150018,35792543.83062682,36267099.79021366,-21518764.394881997,-81076.74468643835,1568.8873570775434,2643.744023600673,-3.13102119969042
2022-11-08 00:00:00.000000Z,0.000116459566069,42166355.537981205,0.1245969680657851,87.08585523367553,83.01580129726831,189.28875418364177,0.0012408190666494,-47.48316198727101,35793064.80691599,42168715.52869676,-448660.2291893084,-91632.40356700588,32.64963028995231,3074.053661866349,0.2689494753056326
2022-11-08 02:00:00.000000Z,9.216094518572782e-05,42167554.63070535,0.1247652858739135,86.85120803836041,74.6035821806314,228.00936458901805,0.0051770251112356,-47.49155171912607,35792017.33744659,36715934.04312681,20742616.064413045,-77349.68968877345,-1512.3860968075169,2676.6183192006374,3.608507705408033
2022-11-08 04:00:00.000000Z,9.041119123531636e-05,42167325.42731599,0.1252189659572891,86.66169755346895,79.38206647687174,253.49640342255935,0.0080254884891969,-47.49767272908184,35790271.11988071,21376561.9591848,36348527.852411866,-42013.05873366296,-2650.271501853328,1558.3218578438189,5.980622802004806
2022-11-08 06:00:00.000000Z,0.0001044063266553,42165947.03918716,0.1257036793488442,86.61030982668576,97.80597254407346,265.2023170527575,0.0090076370071746,-47.50137448906546,35788177.788516484,280691.5752369004,42165380.24811942,4854.987408631387,-3074.4950981827906,20.14600363050105,6.736090469896441
2022-11-08 08:00:00.000000Z,0.0001291001242533,42164870.32848937,0.125941938952235,86.63962383615421,111.2458445611504,281.81438531317553,0.007759084755332,-47.502254146438496,35785618.14560328,-20890248.99735331,36624816.56706841,50558.90201010327,-2670.6002595940004,-1523.725652228562,5.663843456295887
2022-11-08 10:00:00.000000Z,0.0001599781236054,42165077.16776548,0.1259236344076125,86.62203932691449,114.81240970401043,308.350424053025,0.0044719700479301,-47.499368905191496,35782754.13387541,-36432904.70782201,21217383.43255044,82680.21792210816,-1547.1171579039014,-2657.3723182729896,3.050197628076148
2022-11-08 12:00:00.000000Z,0.0001955863415656,42166260.19169592,0.1258741600537291,86.49281791996376,115.05289902959372,338.32827043096165,-0.0001093349042547,-47.49238879104491,35780458.7774646,-42158392.44451283,92714.59222233389,92457.70104233688,-6.541631701592166,-3075.135802482335,-0.3989345096397576
2022-11-08 14:00:00.000000Z,0.0002211451231653,42167302.593295805,0.1260225610546942,86.29853185029665,116.13203473280984,7.535117805776329,-0.0048575328962084,-47.4828258265138,35779920.98990104,-36522482.60938703,-21057164.14148445,77174.04055914783,1535.9333116432604,-2664.183338962885,-3.749559699049657
2022-11-08 16:00:00.000000Z,0.0002210853576694,42167293.49500287,0.1264075925971515,86.14556623359367,116.16868156670476,37.74240158198853,-0.0085503398247081,-47.47399464573633,35781783.70670147,-21043805.387536146,-36532389.67804951,40904.49795752137,2664.4051954507763,-1535.2681779617014,-6.092691308786391
2022-11-08 18:00:00.000000Z,0.0002011998423808,42166259.85403877,0.1268565764981792,86.10377767284737,111.77807728645486,72.26141641596229,-0.0101938627451132,-47.469506361990334,35785536.49492125,105425.30524881872,-42163541.17941736,-6576.168018345193,3074.7567869921454,7.099953924018429,-6.7909198937841975
2022-11-08 20:00:00.000000Z,0.0001798351800117,42165133.26065078,0.1271384481955829,86.14322411744115,103.44260363838526,110.63780841183345,-0.0092897453420327,-47.4712754105541,35789667.68591746,21226221.45610541,-36435813.77619594,-52432.29099242063,2656.768503837372,1547.1490175143476,-5.651067095363058
2022-11-08 22:00:00.000000Z,0.0001577463751197,42164983.615832746,0.1271724717872168,86.15201251558726,95.65830631154329,148.48828534368192,-0.0059728357325596,-47.47844150737086,35792516.84675001,36630156.6235342,-20894702.11386056,-84232.7207760725,1523.4294031798336,2670.199251943124,-2.976013460748756
2022-11-09 00:00:00.000000Z,0.0001271612225016,42166048.05453579,0.1271348370351878,86.02891868680233,87.8744858054355,186.4677670580819,-0.0009868952404306,-47.48800834630947,35793238.8057576,42170387.64240367,273198.4160761107,-93306.29541963556,-19.958525699170536,3074.1383257990515,0.5165742298366319
2022-11-09 02:00:00.000000Z,0.0001029594061067,42167353.5837736,0.1273323002669702,85.79187783071966,77.24616219532443,227.4065170307975,0.0044853547177335,-47.49675696916985,35792154.65252105,36355761.45018977,21367876.91847815,-77093.58810592612,-1557.972910562621,2650.3224412631585,3.885266117506282
2022-11-09 04:00:00.000000Z,9.810706411024154e-05,42167556.6796716,0.1278741695693383,85.58729079714234,75.73305075231538,259.2001807276726,0.0090873812108736,-47.50292561258739,35790194.46012407,20751488.434075624,36708886.0632577,-39872.93356919154,-2676.572262582149,1512.7294243717722,6.215705824794655
2022-11-09 06:00:00.000000Z,0.0001040218032874,42166448.13267748,0.1284975705837986,85.53450535986163,90.76831119792774,274.29650103126136,0.0115992102393134,-47.506264012786936,35787982.07302067,-441042.978349271,42163811.604260586,8348.539645451892,-3074.42179068502,-32.47944696114763,6.868432871621795
2022-11-09 08:00:00.000000Z,0.0001205033921589,42165222.21756519,0.1288541118344477,85.58592096748514,107.66818647250756,287.4268363680243,0.0112532534247951,-47.50677155670591,35785562.948324494,-21514258.06880327,36261705.98449831,54517.02206561485,-2644.1511377780294,-1569.2081091535233,5.657269407970144
2022-11-09 10:00:00.000000Z,0.0001468398641651,42165080.63483636,0.1288918020041803,85.59587336990256,115.44731521451332,309.7227151665589,0.0079830537825734,-47.50394561780032,35782986.26881512,-36791031.98260488,20590601.53564837,86077.33969602121,-1501.417977165948,-2683.438230179462,2.9040434705406497
2022-11-09 12:00:00.000000Z,0.0001805665148572,42166053.19743437,0.1288591824801477,85.4808264155342,117.82110599901134,337.55255137497335,0.0025010382320293,-47.49749989040521,35780879.114639804,-42154221.99774536,-628725.8855231227,94399.55882775022,46.07027591498314,-3074.7593932452,-0.6481579989081198
2022-11-09 14:00:00.000000Z,0.0002085980449263,42167170.68759739,0.1290307347348997,85.28574867628586,119.94961675077076,5.710158653722394,-0.0038498163547021,-47.48859399771947,35780281.326353446,-36157359.29421428,-21678829.63198433,77139.01858830363,1581.2731834968513,-2637.4885184849004,-4.0371633314899285
2022-11-09 16:00:00.000000Z,0.000214059326983,42167437.42238867,0.1294691650459087,85.12793835804494,121.08678955891352,34.82141448488718,-0.0094362660690278,-47.48010981219817,35781889.75252476,-20416278.458509184,-36886880.0163893,38888.12079298637,2690.277477874032,-1489.460340390877,-6.343017655319026
2022-11-09 18:00:00.000000Z,0.0001981949762739,42166659.2621648,0.1299958441929831,85.08917105107426,118.00758435835525,68.02615047440008,-0.0127683681859539,-47.47548007701243,35785393.706071384,826273.6818286155,-42155432.53487013,-10055.50791943268,3074.210144972359,59.6929522722007,-6.937752506344702
2022-11-09 20:00:00.000000Z,0.0001782222610069,42165552.3005967,0.1303571497326568,85.14611302821827,110.17852896762275,105.8790558200616,-0.012901942631951,-47.47682176157655,35789470.18022998,21846223.22407916,-36067248.81825081,-56468.93897771417,2629.9468932542536,1592.3726794036404,-5.655552734138922
2022-11-09 22:00:00.000000Z,0.0001599004532944,42165131.730466135,0.1304488786546518,85.18691891410518,101.57546671606796,144.51657182406126,-0.0096973726918452,-47.48369603484954,35792484.448884346,36982259.226088926,-20264898.50795508,-87774.31411259134,1477.5522392462294,2695.8651875400083,-2.837179850434623
2022-11-10 00:00:00.000000Z,0.0001356605918715,42165842.90152625,0.1304339852768309,85.10202658261665,93.03385866909964,183.215512760427,-0.0038673776057765,-47.493389834754666,35793417.1365154,42159716.10201375,994589.8692932216,-95433.06741223964,-72.52453532133742,3073.3269815415065,0.7618682206257272
2022-11-10 02:00:00.000000Z,0.000114349215201,42167077.33109099,0.1306346725832801,84.89260062566774,81.67720767792864,224.85457313467964,0.0031900282718429,-47.50254101934807,35792358.207615994,35985219.26299818,21986557.070543367,-77258.18837282388,-1603.0658072734873,2623.263835887487,4.172944680351397
2022-11-10 04:00:00.000000Z,0.0001094634378552,42167612.24640861,0.1312119067067595,84.69580386567058,75.76100245250365,261.04332924016194,0.0097197125951488,-47.50892122840725,35790193.37816596,20120857.201497484,37058301.97928056,-38035.769894648125,-2702.06229842723,1466.7168826694228,6.471960779842839
2022-11-10 06:00:00.000000Z,0.0001117749389096,42166873.96234982,0.1319336878121315,84.64847683416183,85.04265065182165,281.8880674610928,0.0140209330323352,-47.511995702270255,35787765.53816646,-1162022.4165697666,42149886.16096636,11716.28843318614,-3073.447209150698,-85.06966717153722,7.028052009676224
2022-11-10 08:00:00.000000Z,0.0001195522895484,42165658.33475225,0.1324053137864486,84.72439510023341,101.57169588043249,295.3652285950168,0.0148725051731104,-47.51200465961218,35785361.34565076,-22131432.66827503,35888115.75235468,58552.691788649536,-2616.952073026405,-1614.2178014543945,5.678940196435336
2022-11-10 10:00:00.000000Z,0.000138336574713,42165216.56968252,0.1325128608215973,84.77254744709701,113.00556952186864,313.9683995255987,0.0118890896161896,-47.50894151836469,35783029.530987814,-37138064.41564425,19957957.8420663,89740.79348620714,-1455.3106361690575,-2708.722836145815,2.781052943691121
2022-11-10 12:00:00.000000Z,0.0001673828593722,42165905.21872632,0.1325000296461061,84.6900923673743,118.26859681842669,338.8761386685133,0.0056893341365866,-47.50276454733507,35781184.47833507,-42137594.27224559,-1349880.7457464226,96738.9050677015,98.64313130794612,-3073.4942376723025,-0.8849021571193904
2022-11-10 14:00:00.000000Z,0.0001950889601485,42166986.61334684,0.1326776400627641,84.51267843939831,121.95923336328389,5.453370988101978,-0.0022142430969109,-47.49444447866097,35780660.518673345,-35781701.91381199,-22294124.867425587,77542.01799341262,1626.1280514027335,-2610.0314869158856,-4.326269646019178
2022-11-10 16:00:00.000000Z,0.0002044387432952,42167465.06737689,0.1331396397537835,84.36161855402929,124.38230172960397,33.27149167572539,-0.0097922887350177,-47.48645001061389,35782119.96954429,-19782984.73137517,-37230624.42929173,37247.93528158676,2715.340499005823,-1443.2291889438272,-6.608685546502471
2022-11-10 18:00:00.000000Z,0.0001927725008498,42166968.10237071,0.133714751656687,84.32881723408046,122.77714067807432,64.99611722076118,-0.0150361565831878,-47.48192081676009,35785394.00940269,1546538.7424589412,-42135156.19823327,-13308.85275664654,3072.750948633084,112.24771910122166,-7.110098187458985
2022-11-10 20:00:00.000000Z,0.0001745835748391,42165984.24251138,0.1341375083958145,84.40103835508823,115.95012302053854,101.83194989761084,-0.0165010409009509,-47.48301809178817,35789355.4263696,22459467.178980503,-35688458.8259669,-60481.75193271248,2602.3632888234183,1637.108617682149,-5.68950685757351
2022-11-10 22:00:00.000000Z,0.0001591679480585,42165402.67565757,0.1342816154469785,84.47339852239986,107.06184359661104,140.72338427547294,-0.0137010250083441,-47.489636572665184,35792460.519376576,37323306.58655421,-19629613.05642087,-91497.21123293364,1431.270469923984,2720.7327448225847,-2.724714778920809
2022-11-11 00:00:00.000000Z,0.0001412423199715,42165771.33874982,0.1342850846467592,84.43457487215105,98.0506305313097,179.84579269884946,-0.00724908533877,-47.49939926338138,35793589.90888195,42136717.17166814,1715235.195531422,-97901.314498366,-125.03135366335712,3071.623644755247,0.9898358160235268
2022-11-11 02:00:00.000000Z,0.000124645975992,42166802.0012983,0.1344645529579857,84.26982741311046,86.84271707864434,221.2910346016222,0.0012885219127238,-47.50895336604311,35792613.844590925,35604440.10129216,22598451.538240425,-77845.63542081276,-1647.6500165445789,2595.458302376477,4.455635567620185
2022-11-11 04:00:00.000000Z,0.0001213941771797,42167523.32692881,0.1350233830865657,84.09687864192853,78.59711857427355,259.78497943988697,0.0097744003728476,-47.515690752410194,35790293.52402064,19484894.5636348,37396712.105354525,-36610.9283795156,-2726.730417348196,1420.307005903796,6.735995921857572
2022-11-11 06:00:00.000000Z,0.0001241124366963,42167178.00788922,0.135787679276811,84.05889024444122,82.57666686556512,285.9225649503184,0.0160166716663944,-47.51867950196444,35787604.66909321,-1881958.5745482163,42123719.9705265,14769.309612932546,-3071.5662349862346,-137.59799838219055,7.206595041558459
2022-11-11 08:00:00.000000Z,0.0001264816443463,42166122.48465563,0.136350340951022,84.15643776432816,95.72365753807443,302.7606332564722,0.018311200220854,-47.51820639038367,35785099.0304841,-22741489.791730784,35504354.88225079,62440.58313084542,-2589.010671159983,-1658.7290749974309,5.7273312859694085
2022-11-11 10:00:00.000000Z,0.0001364620085871,42165474.97074036,0.1365284282895792,84.24586449897218,108.49090860644657,319.9895746915627,0.0159058001743353,-47.51472052944479,35782930.5123576,-37473828.68654317,19319913.10081357,93461.17701595135,-1408.8174353616348,-2733.211433225278,2.687138148779676
2022-11-11 12:00:00.000000Z,0.0001580707541791,42165847.56789767,0.1365333088134654,84.20736070825782,116.49556000477835,342.11171244483063,0.009260891887382,-47.50856943835237,35781367.49546538,-42108526.72998379,-2070248.514249456,99332.65158903172,151.14826478402207,-3071.344342008664,-1.0970257617163086
2022-11-11 14:00:00.000000Z,0.0001824141320755,42166791.491360895,0.1366984643768962,84.06070945164385,122.0752246305502,6.768693034258101,-8.295768611240639e-06,-47.50071075901864,35781016.26473944,-35395720.134878844,-22902643.13967215,78341.24042335367,1670.4749768582767,-2581.833533221658,-4.601485065712304
2022-11-11 16:00:00.000000Z,0.0001933895119806,42167397.42881581,0.1371531303168025,83.92462185229071,125.96017800037808,33.10940267620252,-0.0095254074473375,-47.49327072079969,35782429.31787433,-19144254.612001035,-37563407.29651376,36053.0341194077,2739.584229702736,-1396.6049088281266,-6.874954054991282
2022-11-11 18:00:00.000000Z,0.0001853623115114,42167171.66495404,0.1377445190737332,83.89868324966974,125.95368883654976,63.22820409467084,-0.0167787055856881,-47.48903144134788,35785512.79569212,2265867.703232429,-42102718.984255984,-16174.787654721851,3070.3827687066487,164.73391279794797,-7.297601195506495
2022-11-11 20:00:00.000000Z,0.0001692312079868,42166384.74281188,0.138204983435324,83.98150473625806,120.52600923793862,98.65416703725396,-0.0197993040683785,-47.49005983693664,35789320.299436174,23065668.78448134,-35299649.42102615,-64258.55774502977,2574.032597570217,1681.3329087087532,-5.749467415946659
2022-11-11 22:00:00.000000Z,0.000155932792501,42165753.228890814,0.1383890101049253,84.07934623694746,111.9036478820971,137.25440429932632,-0.0176986747302529,-47.496475539762656,35792444.28946991,37653151.21877623,-18989182.92101247,-95191.43056110638,1384.6064062073754,2744.7901986815914,-2.642614463734085
2022-11-12 00:00:00.000000Z,0.000143522038696,42165834.73726872,0.1384041391658291,84.08432110596759,102.69301568012662,176.53242623688968,-0.0109169709364836,-47.506245140174585,35793738.38186032,42101411.61261248,2434769.494175849,-100552.93860385678,-177.45584960299135,3069.0326323567274,1.1904618759778065
2022-11-12 02:00:00.000000Z,0.0001697479980035,42165053.39104957,0.1385457605678002,83.96905315426855,90.70143848250468,218.7111856971954,-0.0011198510855356,-47.51646630792376,35792500.92068961,35213394.10021954,23202874.215216912,-78782.81959734259,-1691.7453147697695,2566.867417669618,4.720273636816855
2022-11-12 04:00:00.000000Z,0.0001692227383304,42165808.31395501,0.1390434561877568,83.82798854579764,83.67666329467451,255.9524542258007,0.0092201163937182,-47.52317324486687,35789402.13560052,18843267.076132536,37723088.07292678,-35620.85868827184,-2750.6418607903383,1373.4306411108803,6.994828925747106
2022-11-12 06:00:00.000000Z,0.0001744246786449,42165810.7768057,0.1397928727412418,83.80010315840225,83.71385749134376,286.0237621282609,0.017437588199084,-47.52469114171701,35785642.41580385,-2601723.78518627,42083429.34051285,17399.587305978235,-3068.848296201724,-190.24489441268236,7.393609265836123
2022-11-12 08:00:00.000000Z,0.0001756630442393,42165029.92525194,0.1404085879281121,83.91214725410185,90.74084730525178,308.97039696731736,0.0213375435969043,-47.52115564392391,35782233.84262188,-23345447.101274308,35106731.71116248,66011.6660425536,-2560.272031289102,-1703.0574644543483,5.796197400400894
2022-11-12 10:00:00.000000Z,0.0001772484706596,42164300.10664695,0.1406468449764369,84.03842868447691,99.95674760364552,329.71786025669707,0.0197696402405238,-47.51364349297312,35779708.96086496,-37798067.42109049,18670314.87888632,97043.28861036866,-1361.6228574714817,-2757.240714981472,2.6214038992350903
2022-11-12 12:00:00.000000Z,0.000187847375623,42164367.55426485,0.1406649267860387,84.04741534280942,107.91205167207497,351.84586980774293,0.012980569715345,-47.50347716117012,35778390.13476481,-42063459.7206607,-2797808.4952112767,101999.62915493736,204.17312134342032,-3068.439087929077,-1.279794059225675
2022-11-12 14:00:00.000000Z,0.0002038824197468,42165091.87415033,0.1408018679621763,83.93871902593472,114.49386302120476,15.466004281614415,0.0026170038206816,-47.49236320876851,35778669.32580749,-34991150.250445165,-23511899.50155397,79407.60347229612,1714.98722420823,-2552.6141813624085,-4.8533272976011865
2022-11-12 16:00:00.000000Z,0.0002120185613959,42165731.24553593,0.1412218902187689,83.82255149493835,119.37188981869404,40.79593167581684,-0.0086659588259802,-47.48271263827417,35780825.54877235,-18487596.070610773,-37889123.39743951,35254.09467592671,2763.4565833489382,-1348.8798855899902,-7.129560134927035
2022-11-12 18:00:00.000000Z,0.0002058419828002,42165738.69142413,0.1417989955407134,83.80307632156375,120.61832302295704,69.6565847338286,-0.0178987761946155,-47.477236471993166,35784582.73472278,2998344.0111956857,-42055968.92261845,-18612.456930460303,3067.0710727372966,218.07258616949625,-7.487972959830589
2022-11-12 20:00:00.000000Z,0.0001930938695396,42165191.84927349,0.1422717494796523,83.89079894661256,116.98143221315097,103.28732012849436,-0.0225972222073636,-47.47780239645005,35788924.63804384,23676694.123618625,-34892272.23703963,-67678.79825458859,2544.384601560352,1725.84478901814,-5.826044230831137
2022-11-12 22:00:00.000000Z,0.0001836560324786,42164609.53063992,0.1424803353882546,84.00515256246072,110.10753665668734,140.12245101065216,-0.0214392012415741,-47.48434598516511,35792414.65676689,37978066.78149758,-18330633.685460623,-98686.44161512503,1336.617224448855,2768.432714228396,-2.58666211445947
2022-11-13 00:00:00.000000Z,0.0001776854680971,42164483.95776896,0.1425010680814013,84.04535627702195,102.50189459623348,177.75973336511746,-0.0146298414503522,-47.494635756298585,35793833.246980615,42052748.37320051,3167140.134635148,-103208.6372521754,-230.84300330388749,3065.4229044249832,1.3619655651779663
2022-11-13 02:00:00.000000Z,0.0001740096670738,42164927.531226456,0.1425980415874219,83.9757309209167,94.5535920061567,215.84934086630184,-0.0038586735842386,-47.5050918895663,35792737.25553865,34804528.43979897,23812203.75655662,-79923.76210881582,-1736.128674022974,2537.0319861489065,4.959705799261483
2022-11-13 04:00:00.000000Z,0.000177191192623,42165583.33189208,0.1430095245497466,83.86787343010083,87.60796753812735,252.9778205682215,0.0081322543291945,-47.51223054087648,35789632.30469196,18184424.626791336,38045318.30812767,-34984.61485083075,-2774.0968296629926,1325.3573326366395,7.237880310726838
2022-11-13 06:00:00.000000Z,0.0001855267134037,42165838.72319291,0.1436959195953146,83.84894912339449,85.64243408389126,285.0426504615832,0.018246029994163,-47.51399361615201,35785670.034741886,-3333077.2199042384,42031855.0068718,19606.32603980977,-3065.07209092403,-243.6127898025234,7.577393913367412
2022-11-13 08:00:00.000000Z,0.0001890974003846,42165398.4358782,0.1443208689399951,83.96626142629263,89.76887989729742,310.88476705128244,0.0238120292813307,-47.51025213431163,35782041.6914009,-23952363.99790779,34695246.63853478,69185.1372601119,-2530.2770068993605,-1747.3590766645198,5.875507695571532
2022-11-13 10:00:00.000000Z,0.0001874889563714,42164719.46368898,0.1446009676203217,84.11931232621387,97.08996850442878,333.5007380563303,0.0232717531258113,-47.50227393814107,35779507.29541624,-38117014.38799832,18009722.83041194,100349.18559879348,-1313.4701335302657,-2780.5348545684164,2.578463235396981
2022-11-13 12:00:00.000000Z,0.0001897274764076,42164531.85216734,0.1446270864877169,84.1722302872048,104.69915857696353,355.9311859926755,0.0166195935090364,-47.49185141228645,35778415.23911165,-42008413.38783057,-3529470.632736558,104585.98109917888,257.5056781923099,-3064.428346035193,-1.4320736135165129
2022-11-13 14:00:00.000000Z,0.0001975141729702,42164980.22454894,0.1447254109427491,84.1032187570065,111.75224524584809,19.04012471329684,0.0054682067209344,-47.480973196844495,35778970.50042907,-34576986.449642,-24117363.48531353,80618.63863461243,1759.102603083256,-2522.383009265021,-5.074451569290659
2022-11-13 16:00:00.000000Z,0.0002017274195829,42165558.973275565,0.145090102641064,84.00911133720243,117.53562688565717,43.44203772695919,-0.0073256651080914,-47.47192272871981,35781245.24467445,-17826099.394806083,-38205267.70952076,34797.033191291725,2786.461058430102,-1300.60515893276,-7.361379886132005
2022-11-13 18:00:00.000000Z,0.0001956667462513,42165741.71088496,0.1456268264566707,83.99502973915466,120.17121012238984,70.90756037933214,-0.0184008393961771,-47.46703402294834,35784904.610813394,3728823.867542504,-41997827.63670811,-20592.520278382013,3062.791940049749,271.366410409149,-7.669744882168468
2022-11-13 20:00:00.000000Z,0.0001837765497947,42165451.02780784,0.1460878203936748,84.082020255476,118.16673382937655,102.90634474330956,-0.0247931842892654,-47.46786861760964,35789043.48499807,24279425.68262981,-34475724.91428385,-70639.03946756622,2513.999263765468,1769.8148964868783,-5.91056667415846
2022-11-13 22:00:00.000000Z,0.0001749543875237,42164998.77826078,0.1463053027862839,84.2031159192843,112.33925891026212,138.68837661015095,-0.024741637586508,-47.47434794687607,35792402.27097642,38290824.61347468,-17667958.641092483,-101832.93335325184,1288.31163996632,2791.2562425686333,-2.5530053089838307
2022-11-14 00:00:00.000000Z,0.0001721748769999,42164755.80194192,0.1463273784275756,84.26702098756124,105.10683338660613,175.92887634566372,-0.0181723709270526,-47.484501840144375,35793860.19092761,41991379.15511833,3897466.960502016,-105711.08523409392,-284.0639685100886,3060.9577267044224,1.50273985598306
2022-11-14 02:00:00.000000Z,0.0001741698981314,42164907.37994131,0.1463820332090487,84.23418703313882,97.85914694195672,213.28098413087724,-0.0067300071470639,-47.495050136915744,35792909.38310589,34385635.35352406,24413493.209862757,-81139.68025483165,-1779.9274728432283,2506.481294165645,5.167780576001807
2022-11-14 04:00:00.000000Z,0.00018159573414,42165363.07839905,0.1466987552519434,84.15672469507346,91.54667863338044,249.74554641743097,0.0066476806494055,-47.502555532387646,35789875.64878665,17520927.454523966,38355667.02171071,-34629.134879364894,-2796.677247828061,1276.9573067164351,7.456216278518475
2022-11-14 06:00:00.000000Z,0.0001932475226783,42165752.36790457,0.1472890959882123,84.14473235775235,88.46783721637505,282.9164037157503,0.0184904703559631,-47.50466787217727,35785792.46295924,-4062428.941511212,41967763.35387508,21394.82193091293,-3060.364670843426,-296.8253962898714,7.748346695108903
2022-11-14 08:00:00.000000Z,0.0002009434888466,42165665.975072086,0.1478807603551567,84.25798898510118,90.17256763522845,311.1843040802378,0.0256852449642593,-47.5009137848252,35781948.74131305,-24551152.42831024,34274021.85725196,71899.40166022655,-2499.552169308399,-1791.0625723442563,5.956500571067013
2022-11-14 10:00:00.000000Z,0.0001997044410382,42165164.076200746,0.1481790441510302,84.42400114744554,95.33957177298396,335.94175117887863,0.0262733920460308,-47.49258217300718,35779337.71321228,-38423939.589559846,17344822.78322649,103261.09306610213,-1264.990736603924,-2802.954190182528,2.5517002817003926
2022-11-14 12:00:00.000000Z,0.0001957468098413,42164805.26525301,0.1482085094387074,84.51141627898497,101.74190908740152,359.5448386321563,0.019978177872928,-47.48187509314857,35778414.90206,-41940739.052392974,-4258854.303371431,106938.36631561696,310.6769602471488,-3059.5050526084847,-1.5569188138987662
2022-11-14 14:00:00.000000Z,0.0001948180193374,42164949.61251822,0.148264676814272,84.47920495695007,108.3639508442057,23.04786240128948,0.0083298567000756,-47.47115643007277,35779253.57184698,-34153011.17356649,-24714585.042282604,81815.3730606067,1802.6149649043973,-2491.4456669859283,-5.263272287776906
2022-11-14 16:00:00.000000Z,0.0001931435329764,42165378.2964195,0.1485615529675202,84.40722560320434,114.42711603990014,47.14726711008065,-0.0056834010415072,-47.4627031995668,35781701.60442092,-17160268.58446328,-38509427.14997347,34551.745185686734,2808.581955293621,-1252.0216431596914,-7.564070959190481
2022-11-14 18:00:00.000000Z,0.0001853414384506,42165664.07760099,0.1490377143892258,84.39742132552342,118.16227956379672,73.50823947095394,-0.0183822870940969,-47.45850788279635,35785307.233080015,4456971.012273312,-41927210.09809513,-22185.510464912757,3057.5878948657805,324.48416911283147,-7.833015959847306
2022-11-14 20:00:00.000000Z,0.0001733108074015,42165622.39708824,0.1494653812293454,84.47881748525005,117.84497708162904,103.82502922872874,-0.0263784642113401,-47.45975780328856,35789230.45218582,24873788.28898848,-34049613.58445617,-73132.55240180247,2482.9015339570205,1813.1714380303856,-5.991931449317492
2022-11-14 22:00:00.000000Z,0.0001642286252841,42165361.790360406,0.1496766004123151,84.59729721849412,113.40221947171888,138.2249488842676,-0.0274938067781633,-47.466247441373824,35792388.54171889,38591457.21578711,-17001227.121251334,-104548.4781272586,1239.6984936177437,2813.1998836419275,-2.532191520427489
2022-11-15 00:00:00.000000Z,0.0001631884665486,42165091.3789265,0.1496972146893949,84.67245631766129,106.81106542546544,174.81312618561014,-0.0213577465969776,-47.47619754924812,35793807.05314305,41917396.095564656,4625269.954009136,-107923.08167029449,-337.1112351629882,3055.586564512702,1.618221473431889
2022-11-15 02:00:00.000000Z,0.0001699674777568,42164993.4681011,0.1497183729143394,84.66525176094284,100.37222629405352,211.3308387642965,-0.009518552287267,-47.48666412562985,35792977.76537423,33956994.7793914,25006372.3325687,-82272.85121356933,-1823.1219785475053,2475.2380341154303,5.344695932997975
2022-11-15 04:00:00.000000Z,0.0001819146599808,42165184.539237365,0.1499470632540547,84.61270204236183,95.08683862262694,246.74318564242367,0.0049592667079192,-47.49439216265714,35790075.06867526,16853137.937544547,38653960.55296669,-34413.41434956362,-2818.380165885857,1228.260780648637,7.645131198684699
2022-11-15 06:00:00.000000Z,0.0001968848384966,42165581.23426108,0.1504247898184833,84.60567704994942,91.6818819967188,280.2348270775984,0.0182982493939667,-47.49686890399594,35785967.57176331,-4789450.011766283,41891196.69159884,22857.9466893172,-3054.737314819841,-349.8541698672302,7.89808269298105
2022-11-15 08:00:00.000000Z,0.0002094241276459,42165812.877513655,0.1509468895325737,84.70695942062659,91.51462252942883,310.3865455915909,0.0269909973501279,-47.49326099474521,35781953.14097224,-25141598.17751894,33843282.03464004,74178.83670408791,-2468.1172755494176,-1834.146502739046,6.028833275152591
2022-11-15 10:00:00.000000Z,0.0002116396793248,42165593.45534536,0.1512368801752918,84.8704613530247,94.60718678257372,337.2211487980402,0.0287051126248148,-47.484722918615766,35779228.27546975,-38718790.45479268,16675956.759858375,105727.85453917316,-1216.2093669509536,-2824.4882708114696,2.5308559475605827
2022-11-15 12:00:00.000000Z,0.0002045775305593,42165174.03629439,0.1512654669893834,84.97818303632647,99.38840118205866,2.425310157785087,0.0228958811242577,-47.47375761232311,35778418.71627845,-41860568.23956478,-4985594.096872164,108939.1321884953,363.66142299710486,-3053.6735809290963,-1.662116673542794
2022-11-15 14:00:00.000000Z,0.0001957696510236,42165018.5369585,0.1512833223508454,84.97560156664017,104.77244662947464,27.136584756277127,0.0109858139462866,-47.46315431334162,35779535.22600305,-33719522.464237005,-25303285.751807027,82839.57517664971,1845.504831394897,-2459.821446582014,-5.422967352748182
2022-11-15 16:00:00.000000Z,0.0001870907826197,42165217.96716139,0.1515096475278209,84.92389715993316,110.23780778239929,51.81291718226578,-0.0039593409318674,-47.455302851248064,35782203.00041094,-16490499.844294565,-38801501.30350365,34357.25816469234,2829.8122829377985,-1203.158259674579,-7.735163160185232
2022-11-15 18:00:00.000000Z,0.0001757915636477,42165522.89682104,0.1519119874067535,84.91745469592576,114.47562387679454,77.66707269089297,-0.0180125291504555,-47.45191065744391,35785801.43930169,5182392.943131816,-41844234.42911658,-23515.09272144611,3051.4670118407435,377.3954867290587,-7.970113143199215
2022-11-15 20:00:00.000000Z,0.0001622852344952,42165701.70378486,0.15228795398731,84.98940903583726,115.68438129647168,106.46666473049756,-0.0274287660412636,-47.45374046170349,35789503.350029014,25459498.40928073,-33614255.54470072,-75214.36419256494,2451.1129833377054,1855.890743418424,-6.059163573577544
2022-11-15 22:00:00.000000Z,0.0001518989165331,42165676.38769636,0.1524785026680615,85.09671278743251,112.86970560497272,139.24956145460305,-0.0296584762715823,-47.46034665440006,35792391.0903494,38879870.539921306,-16330881.737536555,-106805.47985216542,1190.80761163825,2834.2534571001133,-2.512745351683653
2022-11-16 00:00:00.000000Z,0.0001511374528666,42165464.55623348,0.1524958633033841,85.17077626198464,107.2081553435531,174.90947654016148,-0.0240454600343616,-47.470050086338745,35793675.19750596,41830923.88908747,5350094.118998294,-109741.55151019827,-389.9555823321685,3049.316369387568,1.7174556522007516
2022-11-16 02:00:00.000000Z,0.0001614797602918,42165180.23752111,0.1524969232592821,85.17704045538555,101.74533419881443,210.43796987223445,-0.0120160528174725,-47.48024882083269,35792913.3747006,33518908.365924034,25590493.434196267,-83170.7735118329,-1865.69381391957,2443.324124394875,5.4948727625313385
2022-11-16 04:00:00.000000Z,0.0001778920691131,42165076.23063148,0.1526554394821081,85.14258316058557,97.85266608273922,244.43949334190148,0.0032918824140897,-47.48798861389,35790174.484115906,16181430.316836469,38940039.01547939,-34172.939462974704,-2839.204154636552,1179.2963041196913,7.80351270127598
2022-11-16 06:00:00.000000Z,0.0001961769328054,42165360.03429575,0.1530206333665784,85.13884892606141,94.86296723561068,277.5123040568829,0.0178579223095201,-47.490748152914605,35786139.98443905,-5513812.4921455765,41802195.4305988,24133.57144253124,-3048.2032980640056,-402.6733214274578,8.020482062326504
2022-11-16 08:00:00.000000Z,0.0002135524308636,42165830.2477067,0.1534469806098744,85.22250491881447,93.42642727271664,308.9506891814318,0.0278382404848559,-47.48738073474704,35782031.32646322,-25723500.5189936,33403226.225362346,76103.07345523924,-2435.9932007699194,-1876.5930780030508,6.082733922612387
2022-11-16 10:00:00.000000Z,0.0002215611397454,42165965.39975364,0.1537018638631919,85.36793119979816,94.67922831592642,337.6431881524395,0.0305692921076391,-47.47878535479865,35779188.002558455,-39001527.26961485,16003415.610160643,107751.12723168064,-1167.1491953110772,-2845.1297961377145,2.5044135565648
2022-11-16 12:00:00.000000Z,0.0002149567632294,42165615.928090565,0.1537259226332693,85.47795374681439,97.76964977387924,4.53603833198919,0.0252634841366352,-47.46762264225907,35778443.52543955,-41768025.07675136,-5709391.417662796,110508.26240364488,416.4374915051809,-3046.9393491133574,-1.7583773962768434
2022-11-16 14:00:00.000000Z,0.0002002751518369,42165201.13579901,0.1537170191171949,85.49367138867774,101.39941609346684,30.983201485716076,0.0132370055158819,-47.45711045771044,35779823.94292265,-33276778.55975268,-25883251.33379931,83545.4700921244,1887.75741358022,-2427.527857942982,-5.560661684916826
2022-11-16 16:00:00.000000Z,0.0001846015470852,42165107.51066026,0.1538806055431529,85.45845448479785,105.29923355689192,57.2079847747456,-0.00239600115974,-47.44986456754351,35782753.889146775,-15817119.544508616,-39081431.54271074,34036.01816167786,2850.1483788566948,-1154.0396612690708,-7.87611320342886
2022-11-16 18:00:00.000000Z,0.0001686130057808,42165339.0362049,0.1542043319714664,85.45459460536942,109.06454843062512,83.5311452763248,-0.0175174705296415,-47.44738656696952,35786399.86229327,5904781.399464926,-41749025.29246993,-24746.652514126792,3044.437933709672,430.0752036065852,-8.076237710537553
2022-11-16 20:00:00.000000Z,0.0001521409052118,42165689.13237513,0.1545144074240747,85.51432415947727,111.25119717666534,111.36430274129782,-0.0280958593272449,-47.44998466374356,35789888.299827255,26036350.312934868,-33169939.573564596,-76995.60104910223,2418.653029286183,1897.95334556409,-6.102315956079902
2022-11-16 22:00:00.000000Z,0.000139097528974,42165923.34440794,0.1546710500985857,85.60284268751487,110.06522031202408,142.5370161598292,-0.0312741787702765,-47.45686020662272,35792441.51142585,39156026.40277325,-15657314.164513463,-108632.18428488691,1141.6652198129073,2854.4086723555865,-2.4821018941821427
2022-11-17 00:00:00.000000Z,0.0001370322808549,42165849.946105495,0.1546840367629368,85.66390407085072,105.60024902249062,177.0135963745285,-0.0261508599944645,-47.46632095707483,35793483.1839277,41732117.18150611,6071540.157647971,-111104.57166218288,-442.57114242980174,3042.153611887281,1.8123768461751095
2022-11-17 02:00:00.000000Z,0.0001493527209346,42165457.66005191,0.1546812896477032,85.67117391861244,101.41305896192738,211.265893736615,-0.014036319583155,-47.47607851464502,35792703.33106678,33071687.450014703,26165554.80222331,-83697.19686397974,-1907.62681006404,2410.759429394961,5.626588848993309
2022-11-17 04:00:00.000000Z,0.0001696273569041,42165061.12550543,0.1547961672865107,85.64713447702289,99.3843925068798,243.3932431832088,0.0018865524281159,-47.483573002787566,35790126.4385013,15506176.196860615,39213770.58340367,-33731.305845654555,-2859.149107765724,1130.089590969225,7.934040686010499
2022-11-17 06:00:00.000000Z,0.0001911437332286,42165127.87010554,0.1550639348980703,85.64533643677564,97.5940734441783,275.2646300366107,0.0174068361505501,-47.48644090420517,35786249.82878781,-6235199.255526792,41700805.28953876,25395.462426785976,-3040.7769079218315,-455.2605417209143,8.112194862723735
2022-11-17 08:00:00.000000Z,0.0002129099382296,42165721.517512135,0.1553817317258481,85.70842554247407,95.59676773931528,307.2840956981733,0.028404864486069,-47.48332576735711,35782145.033865124,-26296674.49455126,32954032.197001453,77802.44003601855,-2403.201024340492,-1918.388278804553,6.109721641834636
2022-11-17 10:00:00.000000Z,0.0002281800545172,42166237.22776185,0.1555778052755049,85.82176787061415,95.35573484186116,337.5024429703534,0.0319417417230333,-47.47479960959405,35779210.65436173,-39272120.44907551,15327444.36317329,109386.55761253757,-1117.8315304721325,-2864.87425005324,2.460455817354034
2022-11-17 12:00:00.000000Z,0.0002257092299292,42166096.64965952,0.1555946779526586,85.91346322268548,96.92526133468216,5.934633787183552,0.0270327540701487,-47.46351779422706,35778493.36209114,-41663221.776213184,-6430006.018616892,111610.53860846016,468.9877027176629,-3039.308337681795,-1.858549519722784
2022-11-17 14:00:00.000000Z,0.0002081547293397,42165505.56296236,0.1555786117278973,85.93194900455889,98.66675316380196,34.2672310596496,0.014917250947554,-47.453077487150885,35780114.534796126,-32824991.843087222,-26454320.223873097,83811.35533243442,1929.3629800868257,-2394.580241199202,-5.686997950961279
2022-11-17 16:00:00.000000Z,0.0001867634122349,42165078.80893924,0.1556995872459855,85.90715175663375,100.22000637834162,62.82757022252223,-0.001240715055305,-47.446420465571634,35783344.418012895,-15140374.426138448,-39349186.288742594,33406.74734660899,2869.590539418564,-1104.685628172571,-7.992417871466844
2022-11-17 18:00:00.000000Z,0.0001659477176382,42165018.18873499,0.1206916733477641,83.0409182871116,104.15552141005156,91.84188445361022,-0.0149906733066719,-47.44495400527985,35787104.92973699,6623926.359705273,-41641693.37661363,-24478.141841973487,3036.510426352857,482.5036992678943,-6.226051555242824
2022-11-17 20:00:00.000000Z,0.0001453236525177,42165468.297670245,0.1209216639147724,83.10580945734186,106.05136569164588,119.95968186191128,-0.0087318488694439,-47.4485554538236,35790390.71464421,26604229.989760917,-32716900.470099248,-64030.1527947065,2385.5379872715584,1939.345264963138,-4.50693459937306
2022-11-17 22:00:00.000000Z,0.0001280674173481,42165963.37546344,0.1210255196544891,83.19074292034442,105.74775340860624,150.25315709900343,-0.000247454666304,-47.4558944844855,35792514.70112383,39419935.44319738,-14980823.882974736,-86431.12234097124,1092.288214702167,2873.6622371470366,-1.5712734422839032
2022-11-18 00:00:00.000000Z,0.0001230237097553,42166099.678442284,0.1210288058386385,83.2394079747483,102.4288740716096,183.59630713889655,0.0082216389007568,-47.46509411174156,35793139.89115319,41621079.85456944,6789328.07756958,-85618.85278570147,-494.9508903040551,3034.106354675084,1.7927283182556564
2022-11-18 02:00:00.000000Z,0.0001353265235995,42165691.22337641,0.1210400789836066,83.23515077183883,100.06893888905635,216.03363125094265,0.0144535782703824,-47.47409652508394,35792168.34931143,32615421.52281984,26731350.81684774,-61770.01773972298,-1948.93285555092,2377.5541500015665,4.680204199177889
2022-11-18 04:00:00.000000Z,0.0001579438475404,42165036.65495809,0.1211457500930942,83.20985363645687,100.79807340543124,245.4052138241819,0.0168280157455749,-47.480809577505,35789670.54462833,14827315.343385082,39474982.71791957,-21262.488721030044,-2878.242813557932,1080.6370388108069,6.313207304541967
2022-11-18 06:00:00.000000Z,0.0001821555152239,42164807.48132856,0.1213443178195322,83.21323604335132,101.28235389353434,274.99726099027544,0.0147526046118046,-47.483232547756565,35786000.05586134,-6953874.625600042,41586746.141270205,25032.363199375905,-3032.4829222156504,-507.6421994094145,6.250323439846101
2022-11-18 08:00:00.000000Z,0.0002076277934089,42165384.7444867,0.1215515205677262,83.27315934606709,99.7136782762883,306.5913781392705,0.0088174183463565,-47.48000189003102,35782027.85765513,-26861479.424243275,32495172.59327915,64668.81799346156,-2369.739199300474,-1959.571114997032,4.5057833234123015
2022-11-18 10:00:00.000000Z,0.0002306428970946,42166245.81015895,0.1216644502175983,83.3682726397521,98.54567072030872,337.7550133047506,0.0006301221193986,-47.47139629785139,35779106.96578861,-39530790.69496375,14647260.553076692,86971.90381474525,-1068.2198696956295,-2883.7493311354883,1.5459473498533838
2022-11-18 12:00:00.000000Z,0.0002356893675456,42166444.48520089,0.1216665300532697,83.43684549092922,98.93999112737376,7.3857263624749,-0.0076268113297395,-47.45992530402191,35778451.719189726,-41546024.44791664,-7148317.605436895,85909.20769025123,521.3706458013519,-3030.777792825236,-1.8354693183284845
2022-11-18 14:00:00.000000Z,0.000219024570712,42165807.25159992,0.1216696138055889,83.44045644617694,98.99508034566531,37.41962617174638,-0.0137865931967947,-47.44945952441661,35780334.73259905,-32363597.598351527,-27017225.61019408,61721.504240070855,1970.3785301716148,-2360.941195950375,-4.7295101731018745
2022-11-18 16:00:00.000000Z,0.0001943653068912,42165045.88453098,0.1217841935359288,83.41368667550137,97.8317422351456,68.69800280866993,-0.0162623429943072,-47.4433238687292,35783930.24035206,-14459363.532259405,-39605129.51998147,20875.40531309575,2888.172078210707,-1055.033473381373,-6.355620877276549
2022-11-18 18:00:00.000000Z,0.0001704802892577,42164836.67114321,0.1219804848710473,83.41678178201643,97.02093936377572,99.58823687839718,-0.0144423334696084,-47.44293064061131,35787895.80522809,7340840.092167171,-41522111.34714945,-25659.958095327827,3027.680369937311,534.7532794838401,-6.2728008406254565
2022-11-18 20:00:00.000000Z,0.0001461738999297,42165291.62748621,0.1221387719384493,83.46137107794668,97.30763046389325,129.3343344344016,-0.0088336019007628,-47.44768678208487,35791060.76731947,27163985.54585899,-32254532.35958052,-65359.20504516015,2351.727998698258,1980.1229822030516,-4.499964893091782
2022-11-18 22:00:00.000000Z,0.0001236925501624,42166021.80708259,0.122195139190113,83.50627124541586,96.63247760650783,160.03866339805447,-0.0009246926318927,-47.45574562996979,35792787.01675126,39672084.0681278,-14300521.639240606,-87515.50234364801,1042.6207791622526,2892.0341144057843,-1.5117902020995078
2022-11-19 00:00:00.000000Z,0.0001136535387874,42166423.96875736,0.1221994420909349,83.51092766412201,93.72726687511232,193.0121701253606,0.0072012718286546,-47.46492836557998,35792956.24772771,41497932.99813016,7504348.34749924,-86130.37916408875,-547.1353896135743,3025.1570686601244,1.8886124970176272
2022-11-19 02:00:00.000000Z,0.000122997679588,42166100.25533226,0.1222476301633215,83.47775199175642,93.25302661226618,223.5933413082717,0.0134085052520529,-47.473307244454574,35791719.16485971,32150063.66748352,27288576.145168487,-61538.70769364253,-1989.6166668135104,2343.6767264733794,4.7856300257865545
2022-11-19 04:00:00.000000Z,0.0001449669514326,42165255.746559314,0.1223804859405905,83.44554722814162,97.46262422664353,249.49213640568823,0.0160671308885353,-47.4792523921102,35789259.423246495,14144884.307065692,39724188.5455949,-20329.966411932804,-2896.4608759868806,1030.92427828232,6.397598240668255
2022-11-19 06:00:00.000000Z,0.0001701425868059,42164687.783425935,0.1225508474263262,83.4482819006573,101.28847596178828,275.7437031292255,0.0144821516674533,-47.48123228615864,35785831.610838115,-7669606.4794384,41460543.74397346,26416.00758078107,-3023.297121277575,-559.7999828822499,6.287736678771204
2022-11-19 08:00:00.000000Z,0.0001979114089611,42165098.96597753,0.1226763564937612,83.48392529212751,101.25959164138644,305.8222953947174,0.0090779676618845,-47.47801492789306,35782076.80247409,-27417604.354141977,32027398.102181356,66106.80230701061,-2335.6139126361954,-2000.1011637825968,4.482521246761952
2022-11-19 10:00:00.000000Z,0.0002278967895088,42166203.93564745,0.1227183914665498,83.51741613608122,99.89857273667847,337.24036964779486,0.001286724982143,-47.46960374075654,35779205.30326411,-39777421.51645293,13963899.830480248,88028.97487573297,-1018.3615856649302,-2901.7219576850403,1.4655402575037504
2022-11-19 12:00:00.000000Z,0.0002430044435232,42166832.533155225,0.1227233885786637,83.51230869991451,99.67832198225844,7.559273156435847,-0.0068326160458472,-47.45819351479765,35778537.81393872,-41416763.36526781,-7863174.055501047,86240.71491364362,573.5143566577779,-3021.352444704427,-1.9517775127724049
2022-11-19 14:00:00.000000Z,0.0002313988427828,42166321.42528374,0.1227861309800956,83.4694934210304,98.7187816292916,38.65420480907847,-0.0131414662452368,-47.44775164268413,35780563.82680068,-31893430.18812042,-27571025.05413428,61185.03797560909,2010.742100096105,-2326.663376556713,-4.848192102830097
2022-11-19 16:00:00.000000Z,0.0002065339741327,42165281.129586026,0.1229436086351479,83.43202984430437,95.30445925362706,72.19385703063814,-0.0159834370348942,-47.44201849543132,35784479.44510205,-13775238.30409318,-39848822.460433096,19584.15591979764,2905.870063755048,-1005.165712553572,-6.44112258921819
2022-11-19 18:00:00.000000Z,0.0001821909798644,42164720.87748665,0.1231221305678813,83.4350339735386,91.45229745636122,106.12455862688113,-0.0146125740557536,-47.44260758046551,35788716.09055495,8054375.216295242,-41390455.3075333,-27363.363695081414,3017.9718006168123,586.7381259946202,-6.298613084422392
2022-11-19 20:00:00.000000Z,0.0001564321264016,42165061.67630642,0.123221219252092,83.46231709918179,89.19190079286236,138.4337813678175,-0.0093839323898002,-47.448632279293605,35791859.25769216,27714783.54042716,-31783562.8709753,-66998.95185025032,2317.283848661368,2020.2222750820747,-4.456511684677374
2022-11-19 22:00:00.000000Z,0.0001295526044263,42165964.88305204,0.1232299912987263,83.46502349833357,86.68804121721993,171.00803813326547,-0.0016616589545931,-47.457663588573965,35793223.44115059,39912156.99740602,-13617470.844922367,-88617.48152169399,992.742468276763,2909.497156409462,-1.4091067599830165
2022-11-20 00:00:00.000000Z,0.000113815237448,42166666.19577607,0.1232396703198542,83.41665744888948,82.59208765804345,205.2250902197085,0.0065331924827364,-47.4670661305321,35792870.65584518,41362930.76155557,8215496.822055863,-86356.62982404073,-599.050342886833,3015.3214180951654,2.023609689927805
2022-11-20 02:00:00.000000Z,0.0001176563545572,42166531.23925483,0.1233458327406629,83.34277610391173,82.87568278117853,235.0896957909437,0.0130472971200534,-47.4748808752685,35791233.08693682,31676308.7737742,27836370.830508232,-60785.61272990028,-2029.6336254213727,2309.1764088751147,4.916228088233514
2022-11-20 04:00:00.000000Z,0.0001347638200749,42165599.196006894,0.1235460138119338,83.29552376166409,90.60008095271044,257.4896785959351,0.0161578259753096,-47.47988531649781,35788692.36305045,13459747.272640027,39960935.294748336,-18764.73205434444,-2913.801469561044,981.0104792641318,6.486991801969084
2022-11-20 06:00:00.000000Z,0.000157436551649,42164697.17246573,0.123736941564638,83.29898666961348,98.85812491558738,279.30906972136523,0.0150259264089352,-47.48112023909871,35785485.3502986,-8381655.023692519,41322126.06583133,28390.81286308483,-3013.2528808852494,-611.6908453839402,6.30887948372462
2022-11-20 08:00:00.000000Z,0.0001506851338093,42165078.08138032,0.1238179697139479,83.32047666421471,97.87252440444097,310.3582732757459,0.0099204865334578,-47.478160972932415,35782826.12371539,-27964873.4778318,31551672.620012343,67953.76220810917,-2300.920971549433,-2039.8331929100605,4.425881366601828
2022-11-20 10:00:00.000000Z,0.0001855120058977,42166260.616319776,0.1238021889885999,83.29903668087326,98.04680902860032,340.2942695645677,0.0021529029435405,-47.471454824928735,35780759.20530735,-40012776.85445786,13279392.238783386,89215.53250207502,-968.431779479307,-2918.6480751166337,1.342364211001293
2022-11-20 12:00:00.000000Z,0.0002114588032564,42167335.19428623,0.1238194683249438,83.21004273635106,98.27682829246564,10.24437592252075,-0.006259345323112,-47.46245809350624,35780423.62855748,-41277862.97948184,-8571744.231679354,86388.21731435863,625.135030226032,-3010.9735392169614,-2.110789412507695
2022-11-20 14:00:00.000000Z,0.0002089851061782,42167141.83158024,0.1239806476640147,83.10001813019862,96.86706454486628,41.85427483809436,-0.0131115381144497,-47.45448162319735,35782440.21826409,-31419156.57335727,-28113115.25071248,60186.39424837828,2050.1370920409004,-2291.882415352145,-4.999906547244589
2022-11-20 16:00:00.000000Z,0.0001882746470441,42165955.37325511,0.1242445302642846,83.03919828049723,90.88076975111534,77.98697481164393,-0.0165836340208271,-47.45102933526649,35786164.61466528,-13094579.13720219,-40079421.35417257,17653.21615438142,2922.4983332346897,-955.4248277826337,-6.541751205342492
2022-11-20 18:00:00.000000Z,0.0001682495803496,42165002.672138624,0.1244603968049364,83.04365862841213,82.67015028759394,116.27269691158212,-0.0157223429354468,-47.4535991791815,35790004.93804679,8757503.06530035,-41248726.64987988,-29735.44295110142,3007.457740823432,638.0426738682697,-6.316989705747596
2022-11-20 20:00:00.000000Z,0.000146393019327,42165094.82751668,0.1245289605564725,83.06111795319467,75.93349013579513,153.06667085469036,-0.0107041255523352,-47.4609597214623,35792460.79416694,28251064.42373769,-31308655.22893578,-69173.23232716443,2282.5249706437667,2059.349569440665,-4.383870327488632
2022-11-20 22:00:00.000000Z,0.0001203029448352,42166066.64595501,0.1244994058645852,83.02580812080043,68.36987973109892,190.73848745934248,-0.002802496034539,-47.4701980927749,35792913.49292115,40137362.67367858,-12937601.021666592,-89983.76501611713,943.0721295178514,2926.00212167793,-1.2620637710855422
2022-11-21 00:00:00.000000Z,0.0001038664415154,42167062.21016204,0.1245214678885181,82.92226407606482,58.673885827582446,230.61192444091355,0.0059354355767845,-47.47843406610549,35791704.19056012,41216123.49686843,8917353.12696959,-86505.01472910614,-650.349119243707,3004.776447242536,2.207280864957168
2022-11-21 02:00:00.000000Z,0.0001026016524581,42167210.72433804,0.1247043835050154,82.80152893608657,56.93476281350285,262.548340095048,0.013219702534949,-47.48401075537165,35789634.3817305,31196141.49288232,28371079.35793565,-59625.73204372207,-2068.798473352308,2274.3457442890444,5.087545071508434
2022-11-21 04:00:00.000000Z,0.0001066138682918,42166322.58725906,0.1250082874867979,82.73457742709253,68.74431952642672,280.88531614464074,0.0171172732402986,-47.48656255562051,35787336.176984414,12774652.83664482,40183766.607119024,-16560.382070352058,-2930.2306465753736,931.2022943638829,6.598815885012638
2022-11-21 06:00:00.000000Z,0.0001162788331293,42165149.014081456,0.1252703568185441,82.74191522972251,85.53369235995774,294.1710919225717,0.0165623321642422,-47.48620887954392,35785003.980436705,-9087442.986229207,41172173.50411271,31082.2325300232,-3002.427089512197,-663.0287329695636,6.328712034412897
2022-11-21 08:00:00.000000Z,0.0001376279154555,42164856.83764953,0.1253558742876192,82.76403509988363,95.85460880336026,313.9135824572272,0.0116405803553872,-47.48281558922903,35782694.57962213,-28500847.542335916,31068190.317615204,70421.36037274163,-2265.695555520597,-2078.891658311814,4.344689818621122
2022-11-21 10:00:00.000000Z,0.0001728962626318,42165907.49567124,0.1253102357890725,82.70809170000152,99.00230031398408,340.9105399824877,0.0035737472433099,-47.47624464514067,35780880.93490107,-40234339.81206443,12592555.426553585,90779.64979102089,-918.3408030082602,-2934.7714593429578,1.1775655542743284
2022-11-21 12:00:00.000000Z,0.0002077042391491,42167336.14639332,0.1253504971853758,82.54538344345112,100.52305693392474,9.643336738412046,-0.0055856428312735,-47.46753453368858,35780564.51971413,-41125269.76266915,-9276896.288729671,86579.48428367378,676.5751496259489,-2999.8229318891763,-2.31917235632972
2022-11-21 14:00:00.000000Z,0.0002164120557047,42167622.27816511,0.1256389207774735,82.36174100813862,100.04548247435552,40.394597696268455,-0.013465979038136,-47.45962465405567,35782534.41232599,-30933569.202490315,-28646693.41040452,58880.24979232448,2089.0595915946246,-2256.475252086237,-5.197961732833894
2022-11-21 16:00:00.000000Z,0.0002011980956742,42166500.975213535,0.1260723518048036,82.26984856293345,94.01517959797816,76.60237364506038,-0.0179749432556864,-47.45617701963379,35786396.596573606,-12406917.669712238,-40297841.85798792,15124.984393918889,2938.411253087011,-905.3115219370454,-6.674812177516392
2022-11-21 18:00:00.000000Z,0.0001851867950366,42165191.31957486,0.1263946352748839,82.28022457086374,84.06437270902946,116.62195825311936,-0.0178523419192609,-47.45915585767555,35790552.139883414,9461869.877771756,-41093433.56518502,-32860.939414384724,2996.082370800157,689.3384921876304,-6.345203697545428
2022-11-21 20:00:00.000000Z,0.0001687847900691,42164909.50180876,0.1264783362068862,82.30157246247582,75.42219927297134,155.31657869112192,-0.013031509469277,-47.46749432113407,35793238.82044296,28782443.72430336,-30821918.76761429,-72077.98474714029,2246.965639143897,2097.9982751739635,-4.294997286905465
2022-11-21 22:00:00.000000Z,0.0001450264268655,42165801.7903639,0.1264300566237986,82.24207891432275,66.78720108272401,194.08278878161863,-0.0046895510692983,-47.47791062322576,35793596.10348782,40352968.08149947,-12250901.941807898,-91877.99220885149,892.9428255791878,2941.625679191248,-1.0761398451883322
2022-11-22 00:00:00.000000Z,0.0001272836417532,42167032.429058254,0.1264720501512264,82.09175915464049,55.85379729838128,235.23965535984212,0.0050409793438014,-47.48690279877569,35791955.035749346,41058301.04943002,9618993.440404557,-86847.09249814802,-701.5643368456057,2993.2127776091843,2.442925189218954
2022-11-22 02:00:00.000000Z,0.0001237605214387,42167529.252797015,0.126742917408011,81.92686892354102,50.82274785091513,270.5122380744316,0.01362296038826,-47.4923942369924,35789344.95259493,30707527.22758309,28898804.637934733,-58276.80898102629,-2107.357793146356,2238.708928314876,5.310929246842975
2022-11-22 04:00:00.000000Z,0.0001213669566261,42166830.6252293,0.1271757481100873,81.84082292274701,58.66931010493894,292.832153300491,0.0187808651628218,-47.49409583603198,35786707.27975592,12086686.448986651,40395369.93672395,-13831.193969159844,-2945.766848808132,881.0453439762946,6.749900164365967
2022-11-22 06:00:00.000000Z,0.0001185087640933,42165509.38868627,0.1275509660564829,81.85706877299558,75.34170769272161,306.22707513512444,0.0191039738688379,-47.4926630162621,35784418.85443273,-9789550.56724124,41010299.012100086,34505.18496780143,-2990.720076550306,-714.2210267802404,6.365567831208632
2022-11-22 08:00:00.000000Z,0.0001282614519323,42164796.0804406,0.1276907251114056,81.89716313421921,90.6234621484977,320.9914195052827,0.0144236991279809,-47.48860305771694,35782456.41970352,-29027784.531232227,30576100.767190237,73651.00518876236,-2229.8647554128283,-2117.3011153769667,4.254826491564889
2022-11-22 10:00:00.000000Z,0.0001579369260207,42165511.01995597,0.1276502289209428,81.8385538027096,98.45604976743438,343.3061246574887,0.0058655808946063,-47.482054264266615,35780995.11840562,-40443893.37999824,11902742.040031493,92957.8083500369,-868.0491469242081,-2950.014296714346,0.98132092980324
2022-11-22 12:00:00.000000Z,0.0001967062112141,42167090.16091429,0.1277183116864154,81.63522024100291,102.56443936736194,9.491516013836163,-0.0044297221731688,-47.47374216838333,35780772.13998774,-40960892.35449503,-9978543.537441367,87099.12657210231,727.7529829724243,-2987.7947783540258,-2.573863177104115
2022-11-22 14:00:00.000000Z,0.000216492166774,42167917.36989708,0.1281350665481267,81.39383588099147,104.02209394606204,38.36507502270045,-0.0138332119869268,-47.46604747127523,35782621.79854894,-30439568.000751145,-29171201.05146409,57545.69751205263,2127.3314793953814,-2220.4359087046,-5.447041033740516
2022-11-22 16:00:00.000000Z,0.0002087463669918,42167116.40244063,0.1287762165475099,81.27318010440612,99.28279560283492,73.31071393848694,-0.0198742960575211,-47.46249571989248,35786449.8817292,-11716394.258500926,-40504053.41483189,12216.31308852621,2953.468597338917,-854.9763466327355,-6.852840875928133
2022-11-22 18:00:00.000000Z,0.0001966397687179,42165592.846629374,0.1292721939194021,81.29721944950911,88.66742259906397,113.98119091213262,-0.0208768609030439,-47.46548462784404,35790824.430873565,10162867.62505822,-40925983.03350033,-36637.370054070656,2983.868635092732,740.4001092577575,-6.402016527367318
2022-11-22 20:00:00.000000Z,0.0001868999691188,42164862.251504816,0.1294277841332795,81.3422055667303,78.52905706770984,154.14781355515032,-0.0164366189150811,-47.474374292600814,35793816.908608064,29305114.69274749,-30326196.76299692,-75756.57487879474,2210.793571114318,2136.018287209397,-4.210811438700874
2022-11-22 22:00:00.000000Z,0.0001683246580952,42165500.490016416,0.1293877013507126,81.28328014440784,69.36943242352581,193.4370796802984,-0.0075819668265043,-47.48579276484027,35794266.63037696,40556778.234708406,-11560728.332996331,-94485.78343143084,842.5903824250014,2956.3799257640694,-0.8690201615275676
2022-11-23 00:00:00.000000Z,0.0001510107764771,42166842.25157178,0.1294528036242206,81.1073866785284,58.09564835944264,234.9589940648997,0.0034582846497742,-47.49569150517164,35792360.67176803,40888741.67723684,10317654.386303052,-87669.23654828616,-752.5377858037164,2980.767723576747,2.720901276299818
2022-11-23 02:00:00.000000Z,0.0001472567082336,42167695.760945246,0.1298071924124931,80.91161483707155,50.52480303399506,272.80201041164486,0.013824667644836,-47.50142737526266,35789254.300895244,30210462.50543524,29417912.71878993,-57056.94920860896,-2145.2671423860197,2202.425567066656,5.587398886969376
2022-11-23 04:00:00.000000Z,0.0001435846450617,42167320.35991631,0.1303729195268274,80.81253994068086,53.892911304292085,299.6139916285345,0.0207785764176038,-47.50254606780931,35786190.80981157,11395898.744381784,40595121.7945376,-10849.477895377442,-2960.427449663281,830.6570608664117,6.951643574895574
2022-11-23 06:00:00.000000Z,0.000132129108592,42166022.35486526,0.1308830692526771,80.8429585880612,66.6251754866582,316.93591290703915,0.0224313422783718,-47.50007405553009,35783814.6335451,-10488092.02729982,40836608.68342666,38498.53665399375,-2978.155787334624,-765.1740954019242,6.438267654342466
2022-11-23 08:00:00.000000Z,0.0001272291550558,42164958.84384645,0.1311139713500212,80.91630132491014,82.79435961348145,330.78040179952325,0.0182517585706932,-47.4951909947103,35782139.69054302,-29545749.859374784,30075431.324354127,77629.51739718643,-2193.4233188829844,-2155.0717337080077,4.177836198876575
2022-11-23 10:00:00.000000Z,0.000144457575584,42165200.28111747,0.1311080740167727,80.88929734539497,95.30499253531612,348.3855741602925,0.0092149042909637,-47.48852421540131,35781096.88080841,-40641478.2132932,11209908.815716716,95887.18330248485,-817.5551294315153,-2964.3856596783617,0.7730989294827743
2022-11-23 12:00:00.000000Z,0.0001797339328938,42166660.22447276,0.1311953631559494,80.69284402566218,103.2680066080403,10.70898077507436,-0.002440223811115,-47.48069263676133,35781076.392240494,-40784775.34894768,-10676778.229954025,88205.51830582914,778.6653299346169,-2974.892928643601,-2.861179832601219
2022-11-23 14:00:00.000000Z,0.000206997518407,42167931.65089175,0.1316992589698713,80.4303966895506,107.64842060881682,36.68038476368445,-0.0137660336571004,-47.47345722098313,35782793.79730433,-29937244.941050373,-29686735.37733143,56511.65478471602,2164.94305414812,-2183.7626215555806,-5.74154963766594
2022-11-23 16:00:00.000000Z,0.0002078437960088,42167669.05769464,0.1325327352052217,80.2940559333561,105.41767898449058,69.1331815131679,-0.0218269648552712,-47.46987621187832,35786408.65791445,-11023175.5439884,-40698137.86184582,9261.854640314898,2967.6612104962637,-804.4174654803376,-7.080049154214445
2022-11-23 18:00:00.000000Z,0.0001992102070452,42166183.00465199,0.1332402172065,80.3398165061983,95.3448433304806,109.239697925881,-0.0244333314007848,-47.472566766959616,35790812.47050459,10860296.236877458,-40746442.79339813,-40797.6772744642,2970.8171919218685,791.2306532708656,-6.501869147633621
2022-11-23 20:00:00.000000Z,0.0001957616786083,42165030.44706378,0.1335212450349611,80.42957109181539,83.94915433887034,150.61885155691385,-0.0207403237990348,-47.4814797748261,35794085.651339464,29818911.494027343,-29821510.15834891,-80076.87117137194,2174.01594514496,2173.4200542015,-4.153699116140476
2022-11-23 22:00:00.000000Z,0.0001848974263583,42165253.26520922,0.1335166563137297,80.40317965005745,74.30180306163142,190.36270475919736,-0.0115382643049122,-47.49350352729669,35794785.29983446,40748668.80370304,-10867004.709643347,-97849.89336485436,792.0176596848712,2970.2796576173896,-0.6658773477819422
2022-11-24 00:00:00.000000Z,0.0001703328349833,42166524.87464249,0.133598039253899,80.23317121368757,63.15389568782374,231.75199479128167,0.0008947525865915,-47.50426537207252,35792833.469198346,40707316.29561791,11013500.629719753,-89186.32879144797,-803.2728769699268,2967.4496149853585,3.0196498068990976
2022-11-24 02:00:00.000000Z,0.000167566959165,42167665.676680245,0.1340094757460137,80.02817292324796,53.89012620471819,271.2966460945462,0.0133624537770757,-47.51051781766349,35789367.60134633,29704795.778603777,29928588.03251292,-56305.75727891297,-2182.5277480229884,2165.493230597026,5.904677801024321
2022-11-24 04:00:00.000000Z,0.0001664766339195,42167697.362923205,0.1346828022886405,79.92541194412506,53.61342809971981,301.7573444044837,0.0225877352617166,-47.51141242378139,35785864.76800547,10702157.102070924,40783168.270610526,-7999.156983433546,-2974.205936575604,780.0307838634099,7.204304096552519
2022-11-24 06:00:00.000000Z,0.0001531147081655,42166607.85703416,0.1353202709591464,79.97229881559075,61.89919916097341,323.5101287810531,0.0260871949394126,-47.50810192263179,35783279.86963581,-11183137.29030102,40651207.69288489,42726.32228854788,-2964.724704371498,-815.8922886850522,6.55955617706361
2022-11-24 08:00:00.000000Z,0.0001368544641216,42165353.092742965,0.1356555852610342,80.08594980146859,75.10434815171853,340.2792121337937,0.0228414076621447,-47.50235052880719,35781783.9407398,-30054757.328562755,29566260.280434165,82148.6119847904,-2156.36594530962,-2192.2076175961765,4.135632893865475
2022-11-24 10:00:00.000000Z,0.0001375863226315,42165096.91839255,0.1356989655130697,80.11506223319917,89.23161388083722,356.21190323706406,0.0135760359840124,-47.49541543357597,35781171.25015889,-40827089.67385802,10514091.19905259,99534.17359036808,-766.8586991634222,-2977.8935840651347,0.5785024063781246
2022-11-24 12:00:00.000000Z,0.0001610507704676,42166186.31435307,0.1357834047305179,79.96942032758976,101.1714791688824,14.507159976722964,0.0005820062854692,-47.48807165258976,35781474.867560215,-40596930.73456729,-11371630.473980758,90045.0949017409,829.3071132067106,-2961.1265753339303,-3.1575738579503296
2022-11-24 14:00:00.000000Z,0.0001886436473972,42167656.763141096,0.1362971879708895,79.7290938971313,109.36265188156872,36.64495422177461,-0.0128635266197337,-47.481567451540656,35783136.81234951,-29426678.558307875,-30193384.279253677,56072.99351268732,2201.880463131431,-2146.4623854725505,-6.064414404147475
2022-11-24 16:00:00.000000Z,0.0001969382466514,42168006.73396145,0.1372407978740568,79.59554480280941,110.7148727686134,65.5117375835431,-0.0233097404656479,-47.478246402454346,35786426.11401765,-10327464.110305248,-40880237.56255217,6646.65020871644,2980.970501595375,-753.6440651328646,-7.348951024543421
2022-11-24 18:00:00.000000Z,0.0001917830102029,42166858.32460828,0.1381407364208374,79.665462462894,102.61143695390088,103.62505213737816,-0.0279837980115307,-47.48058172942733,35790624.86907139,11553849.104209663,-40555037.02263222,-44945.65015272203,2956.920257151989,841.8176092494107,-6.649417072138299
2022-11-24 20:00:00.000000Z,0.0001928976744778,42165449.83408319,0.1385768812322607,79.8129254018795,90.42619052182197,145.73647371848608,-0.0255128911807251,-47.48907507321341,35794034.424668394,30323536.79449784,-29308155.532949354,-84722.15846987217,2136.6425895750394,2210.1980908268124,-4.14083049592854
2022-11-24 22:00:00.000000Z,0.0001912098297019,42165167.45980428,0.1386279895132279,79.84878640650062,80.1236489372879,186.073174466259,-0.016346272649597,-47.50118856728498,35795047.5892856,40928448.26549719,-10170017.44229977,-101813.83686333564,741.241824654946,2983.333232012395,-0.4931851042970645
2022-11-25 00:00:00.000000Z,0.0001822749531192,42166161.98640452,0.1387075551859657,79.71844445031535,69.32513480400792,227.0727889994837,-0.0027164477023787,-47.51256657784826,35793258.81698479,40513946.47996519,11706340.297013177,-91447.34988614084,-853.7563634207547,2953.274579994253,3.309778221984367
2022-11-25 02:00:00.000000Z,0.0001815356091489,42167439.23840428,0.1391283883139184,79.5285402673783,59.15002745322887,267.5130367948323,0.0118984556343683,-47.51946744503595,35789633.01387687,29190526.283765744,30430754.78268713,-56271.64818274291,-2219.130615038857,2127.9271162891214,6.2379734566940375
2022-11-25 04:00:00.000000Z,0.0001849140626615,42167878.54556083,0.1398556793932958,79.43116090101773,56.12559822918538,300.7159501277619,0.0236774704335165,-47.52049750204364,35785757.69275595,10005522.55067726,40959534.93006003,-5670.604846570222,-2987.0939081729243,729.1799034162982,7.494103495677804
2022-11-25 06:00:00.000000Z,0.0001752946106552,42167150.98408363,0.1405828520221414,79.49162517624931,60.81241218548263,326.0546387114028,0.0294755570448341,-47.51666242969088,35782881.67113235,-11874572.97988794,40454218.88844096,46750.21980643677,-2950.4216105748837,-866.3620453383703,6.7301623863735776
2022-11-25 08:00:00.000000Z,0.0001547678108833,42165914.63373324,0.1410089065073945,79.640733918311,70.10789532583757,346.69872582802464,0.027674546960371,-47.51011443256198,35781426.72504037,-30554683.969517104,29048796.21661348,86827.15470514166,-2118.695599818959,-2228.6999196650554,4.142961940687952
2022-11-25 10:00:00.000000Z,0.0001412879595364,42165261.80657293,0.1411002576381952,79.73187831044204,82.01456192914809,4.790394430548712,0.0186281647443158,-47.50276824951364,35781188.1692574,-41000652.8073735,9815519.443078656,103662.7650376714,-715.9692465649623,-2990.541763008723,0.422161086990176
2022-11-25 12:00:00.000000Z,0.0001475796417461,42165835.2792418,0.1411576929038814,79.66064514101264,95.40862250897142,21.556668570821937,0.004579716180397,-47.49580337127762,35781910.59395999,-40397356.74961498,-12062943.690564226,92575.78569217972,879.6678117081321,-2946.511406967798,-3.4348943038802906
2022-11-25 14:00:00.000000Z,0.0001664237401069,42167192.77806041,0.14159731932181,79.47476972325843,107.3625863971764,39.876312469637966,-0.0109155734277266,-47.4902086013579,35783669.763281256,-28907951.46281117,-30691124.32781783,56384.36997125209,2238.1297920594893,-2108.5555004780213,-6.390004443391943
2022-11-25 16:00:00.000000Z,0.0001774031801898,42168032.193806216,0.1425266156951202,79.35957197819381,113.14913492308344,64.28974979728943,-0.0238930630813092,-47.48755576929728,35786648.82222228,-9629465.527149512,-41050487.63188604,4686.888808032816,2993.377033750927,-702.6805171794854,-7.640933418683425
2022-11-25 18:00:00.000000Z,0.0001756370070087,42167455.33648326,0.1435355450687497,79.44670439392537,108.59797564414217,98.8336741099844,-0.0309656554952871,-47.48979020237668,35790454.412350126,12243198.289036795,-40352098.19026607,-48666.97861237596,2942.1665794268224,892.131068773092,-6.836632130985577
2022-11-25 20:00:00.000000Z,0.0001791394786984,42166074.944657445,0.1441147818883593,79.64775956986657,96.68944963439245,140.61537490120296,-0.0301770391308828,-47.49769083984423,35793775.61908537,30818661.69863419,-28786669.41355893,-89267.19658724176,2098.6856005513127,2246.3285055812457,-4.177529724321907
2022-11-25 22:00:00.000000Z,0.0001861837352021,42165329.87737386,0.1442287217590202,79.76078457792913,85.69989642188239,181.56228815001197,-0.0215472216116336,-47.50943854871341,35795040.45970066,41095950.18677242,-9470402.873990657,-106039.820917704,690.2933206192263,2995.538593248387,-0.3695805535443861
2022-11-26 00:00:00.000000Z,0.0001855545943057,42165872.55311888,0.1442842069142204,79.69571321856644,75.39497836546917,222.00278816508583,-0.0071492481808826,-47.52106446173136,35793549.066656485,40308697.038900144,12395610.465650115,-94286.19543463974,-903.957261036769,2938.263978427499,3.563214441359176
2022-11-26 02:00:00.000000Z,0.0001731446138638,42165386.19800647,0.1446577698055607,79.54156980432282,90.9353088810703,236.6896221299056,0.0093645735813346,-47.53018169002273,35791257.67693446,28669643.12443368,30924200.239871256,-57008.88507913365,-2254.795587878134,2089.8130673210626,6.556002242951734
2022-11-26 04:00:00.000000Z,0.0001733401826775,42166139.86568141,0.1453693012585877,79.45617255677713,84.82015913974422,272.9679648677974,0.0236980399386493,-47.534522086320415,35787623.158858806,9309963.756940506,41125124.76896493,-4128.951709951031,-2998.8432448842373,678.3374440540578,7.795063926184079
2022-11-26 06:00:00.000000Z,0.0001739452608461,42165851.349992834,0.1461268826812223,79.5229142664609,87.20475296391501,300.5998414698191,0.0320504164047756,-47.53344202719615,35783979.83927448,-12557216.841922944,40248700.41566689,50158.157029958864,-2935.181208977916,-916.23985789402,6.936156294582062
2022-11-26 08:00:00.000000Z,0.0001668153968837,42164836.54830201,0.1466089032816464,79.69266932827556,95.82501358477836,321.8974545417657,0.0321427039011722,-47.52794337367516,35781164.20166944,-31040762.243084896,28528397.04306878,91207.2827948432,-2080.583886963668,-2264.292522023125,4.201219405740411
2022-11-26 10:00:00.000000Z,0.0001604791088472,42163981.57371418,0.1467357796125249,79.83270213384577,106.65767278221742,341.0152745136629,0.0238436950636119,-47.519563670732055,35779446.0824541,-41159043.553729214,9120488.32350278,107877.36404958954,-665.1275779342558,-3002.3410430707795,0.3193617295836108
2022-11-26 12:00:00.000000Z,0.0001666261357547,42164038.20487161,0.1467536743615876,79.8345874765661,117.05799522406076,0.7050640332465664,0.0092199890533284,-47.50970292609617,35778876.10643158,-40184074.54477596,-12745382.599268414,95547.82799773988,929.709971141924,-2931.269487615088,-3.669010384300032
2022-11-26 14:00:00.000000Z,0.0001851783756083,42165021.52674925,0.1470649900147753,79.71487848333987,126.26571376746584,21.709151837500325,-0.0080007754764375,-47.49974434965512,35779630.07684717,-28378213.285324994,-31176129.376023836,57382.337561663066,2273.9618137211737,-2070.181164964788,-6.691699135541524
2022-11-26 16:00:00.000000Z,0.0002010915031486,42166074.10898832,0.1478626602141249,79.62626128519712,132.8129384509111,45.34084949492653,-0.0233966953537061,-47.49157596573141,35781976.296559475,-8923821.25630118,-41204860.81492768,3505.265864346011,3005.2489962256022,-651.3035906365312,-7.931523075607419
2022-11-26 18:00:00.000000Z,0.0002010330684029,42166126.11478324,0.1488578026804623,79.71680850569486,133.14497560292705,75.00433092245102,-0.0329771713011633,-47.48764260402296,35785794.1972457,12935566.072938966,-40130606.18758652,-51679.78096413252,2926.646269718109,942.7471963643028,-7.044246133403455
2022-11-26 20:00:00.000000Z,0.0001943340814692,42165087.13232919,0.1495227846317556,79.94902615871581,125.53283716084805,112.46416661862882,-0.0341840227125027,-47.489857598451984,35790079.79618833,31310380.057103537,-28245528.83458514,-93320.22525053588,2059.7297826851104,2282.415591186012,-4.253194464580415
2022-11-26 22:00:00.000000Z,0.0001931596709743,42164069.52583712,0.14969087635231,80.13161134712341,115.21525573431605,152.6732078820082,-0.026557719849828,-47.49794418778226,35793167.70354771,41252688.329780765,-8753429.224128531,-110101.75809602471,638.3615710646824,3007.126163644599,-0.2966308679524888
2022-11-27 00:00:00.000000Z,0.0001886374616323,42164083.92963546,0.1497068089102627,80.14058597658068,106.0924270261215,191.8582120372224,-0.0119186338200704,-47.508930251325374,35793730.85342738,40086904.636916704,13095687.85672091,-97336.31995316724,-954.7099918902832,2922.0846658882333,3.76506451735551
2022-11-27 02:00:00.000000Z,0.0001820852257798,42164997.80600613,0.1499874188590304,80.034177928757,96.55531796685456,231.57422353764,0.0060318217066714,-47.51857503671101,35791631.59315291,28127345.36058377,31418759.186850764,-58286.40713577441,-2290.789199301477,2050.2312559355764,6.835124538078976
2022-11-27 04:00:00.000000Z,0.0001847974859276,42165891.21448886,0.1506165438763682,79.96479419102957,89.22077940542898,269.0553284884005,0.0226391423502333,-47.523530014269234,35787881.24649868,8593312.550861642,41281086.01729611,-3334.5256236600435,-3010.167340605851,626.0344307335774,8.078714962518678
2022-11-27 06:00:00.000000Z,0.0001898543227009,42166019.57949216,0.1513387388034009,80.0295357878053,88.59263562113514,299.7017773477348,0.0335194564555457,-47.52261615387837,35783914.87910348,-13255228.208089275,40024177.15201971,52787.27042868262,-2918.798726874014,-967.192856574996,7.150853085103058
2022-11-27 08:00:00.000000Z,0.0001858241247163,42165370.91133864,0.151830146167556,80.2009395269986,93.7070895383658,324.5039751583776,0.0357404244819471,-47.51669011458015,35780854.23871544,-31532152.835425757,27983832.148386,94960.10041644036,-2040.8916645641532,-2300.188950495102,4.291951310476281
2022-11-27 10:00:00.000000Z,0.0001752378525286,42164534.75482386,0.1519744963326868,80.3656649904082,101.53187220511498,346.6056201377386,0.028626027914294,-47.50766791067546,35779209.854428425,-41311342.62053182,8402521.86325396,111761.27368912115,-612.8017708555817,-3013.49472292445,0.2647728104689789
2022-11-27 12:00:00.000000Z,0.0001685339727674,42164202.47510336,0.1519567620607225,80.42027478194505,110.34735456947968,7.827750069990904,0.0139560317416867,-47.49758173891804,35779025.56829958,-39956182.31045447,-13443218.999346444,98558.67637078757,980.5478629824972,-2914.651908690695,-3.8507390724066712
2022-11-27 14:00:00.000000Z,0.0001714875893417,42164684.56072077,0.1521328672417476,80.35941814035814,119.8724448858315,28.45505215606933,-0.0044970920139118,-47.48818553327299,35780190.09413534,-27831721.589502502,-31665696.932051323,58775.3087929515,2309.577537271529,-2030.2890777246112,-6.948639265837909
2022-11-27 16:00:00.000000Z,0.0001788857233955,42165633.97010599,0.1527352764976562,80.29803963579018,128.78405376529403,49.69406012792518,-0.0219614201501096,-47.48108544931222,35782616.96696124,-8206275.158425237,-41354397.75783078,2984.922281612202,3016.0591083709546,-598.9282968243677,-8.19409964610813
2022-11-27 18:00:00.000000Z,0.0001801941648076,42166172.48013143,0.1536024580414623,80.37856839600525,133.1446892030634,75.33815968333302,-0.0339065946783553,-47.47795500141346,35786111.02366465,13630797.617870308,-39900153.64806941,-53906.70070712856,2909.788245395373,993.4930669033404,-7.245890460662064
2022-11-27 20:00:00.000000Z,0.0001762322365325,42165694.979662366,0.1542669626978303,80.60938513391343,129.17444516750697,109.1574806112872,-0.0371959379566972,-47.48019082496369,35789995.40473532,31796210.93286611,-27697346.84947204,-96631.04041572443,2019.761243687864,2317.8967907382444,-4.3469870007774745
2022-11-27 22:00:00.000000Z,0.0001788832488045,42164696.66862011,0.1544660695854393,80.83295197259972,119.69533530894935,148.4875440544621,-0.0308792755805176,-47.48780079356818,35792989.537068546,41398394.716432326,-8035167.403035334,-113633.58057958038,586.0277012065853,3017.798085846405,-0.2635752762478984
2022-11-28 00:00:00.000000Z,0.0001839817077624,42164243.227409184,0.1544413081767259,80.90503338544416,110.68023394532148,187.5019683298196,-0.0164683503186995,-47.498531834608805,35793797.25346847,39853263.289891936,13790554.880758874,-100198.59075676346,-1005.3168571281708,2905.0633025652346,3.913578795298952
2022-11-28 02:00:00.000000Z,0.0001855531398867,42164706.85361002,0.1546097458481947,80.84742734721969,102.11179935532056,226.20015728513124,0.0023880402895038,-47.50852313934424,35791984.26722075,27577368.934166253,31903044.95315104,-59775.20460975316,-2326.0240945384285,2010.111643343268,7.0595546006939385
2022-11-28 04:00:00.000000Z,0.0001916589839016,42165529.14671423,0.1551129126434068,80.7954047755493,94.68804112222256,263.75242370361013,0.0208042416672766,-47.51417651294955,35788270.07617016,7875260.702443725,41424463.11894256,-3106.7785745557667,-3020.546154599958,573.644469493621,8.320457450878816
2022-11-28 06:00:00.000000Z,0.0002013425706081,42165964.46454442,0.1557440946358497,80.85181005673243,92.0555327151159,296.4110913768289,0.0339296186956847,-47.51374577123148,35784049.763612375,-13947938.30046769,39788214.65088374,54627.105090506615,-2901.5449050338107,-1017.747269370602,7.346973954888482
2022-11-28 08:00:00.000000Z,0.0002035684155621,42165737.12752011,0.1561985209277537,81.0076731997649,94.4578123723132,323.94111251154976,0.0382492383330455,-47.50771093040926,35780660.43264754,-32012992.696640857,27432151.143547717,97889.77460882186,-2000.6470932608051,-2335.3131192474,4.3920020392892205
2022-11-28 10:00:00.000000Z,0.000195161963067,42165110.07796162,0.1563410121035544,81.1708364787763,99.54162139277943,348.7858692920881,0.0325464945424153,-47.49811142372268,35778901.11341883,-41450735.26986231,7683696.138177208,114983.30304356586,-560.3865348362939,-3023.7246693502,0.2445933325844901
2022-11-28 12:00:00.000000Z,0.0001822841692738,42164583.70665344,0.1563027183049521,81.24997223764171,105.6635381265579,12.677536082676,0.0182517451465401,-47.48752703538464,35778948.083256155,-39716469.14985399,-14135475.068374284,101219.53610392408,1031.0039594857535,-2897.2089841999154,-3.9821740851788574
2022-11-28 14:00:00.000000Z,0.0001722623597948,42164581.103333,0.1563756645590089,81.22942024030033,112.83650392472434,35.6165217496626,-0.0009262544984845,-47.4782674089568,35780539.04667107,-27277569.266952097,-32144743.84436315,60200.287322289085,2344.444168116177,-1989.8796704162528,-7.151916861168417
2022-11-28 16:00:00.000000Z,0.0001670554236303,42165188.233437486,0.1567828795718675,81.19068554403228,121.32502059758993,57.25513540542474,-0.0199846932967905,-47.47201131243466,35783240.35193124,-7487249.010539344,-41491238.03979993,2858.668519320592,3025.938294665269,-546.481444010139,-8.411466129194967
2022-11-28 18:00:00.000000Z,0.0001629368207704,42165943.18035797,0.1574563234996664,81.25351295153442,128.586028622119,80.01557311410288,-0.0339488184799155,-47.469872471362514,35786613.91136047,14320879.880545266,-39658234.21709673,-55470.84410787017,2892.0637736609224,1043.8313033259194,-7.419158545858384
2022-11-28 20:00:00.000000Z,0.0001584015914413,42166069.77913845,0.1580358565967642,81.453123635302,129.35176906604065,109.12968336353616,-0.0391626877620576,-47.47254034798244,35790120.65900183,32271652.70724106,-27142080.866254997,-99151.13984335636,1979.240383470809,2352.5976331998163,-4.434224250051345
2022-11-28 22:00:00.000000Z,0.0001616168123649,42165384.89728478,0.1582327149796389,81.67723580653038,122.57995844438813,145.75213595258813,-0.0342160699730613,-47.47991546836244,35792880.606518514,41531377.96221551,-7316134.074603821,-116413.44346688352,533.6121648364567,3027.539421662957,-0.2478837374835578
2022-11-29 00:00:00.000000Z,0.000173433760918,42164653.97522951,0.1581804802355012,81.78473169984541,114.40429573207513,183.89202403643577,-0.0203103425228682,-47.49032857997824,35793812.88140328,39608086.482567295,14479721.42264692,-102514.80655511704,-1055.5215729850772,2887.215475384779,4.023148061455228
2022-11-29 02:00:00.000000Z,0.0001838499720286,42164610.77003865,0.1582514379899773,81.76577929173983,107.22060880743484,221.1666257185318,-0.0009915311385015,-47.50050592684321,35792308.81788441,27020187.998373143,32376723.328638807,-61053.35317094041,-2360.4854292360624,1969.4862156476477,7.231566905215561
2022-11-29 04:00:00.000000Z,0.0001944490688626,42165166.08105639,0.1586176542290609,81.73005399792001,100.67905631721804,257.8196831419023,0.0187218258972453,-47.50686633066825,35788757.45403294,7156319.528730828,41555193.04677656,-3058.325425450349,-3029.984430234007,521.2085155110714,8.508550326175913
2022-11-29 06:00:00.000000Z,0.0002080796091192,42165739.71843018,0.159125562234603,81.77516051871336,97.0327178854205,291.50274004763946,0.0336352414200867,-47.50717615744354,35784385.13545057,-14634933.482700404,39541040.26434861,55937.22085389856,-2883.441322834708,-1067.864878813972,7.501457802381188
2022-11-29 08:00:00.000000Z,0.0002172863205334,42165901.35459984,0.1595061784767072,81.90370092416985,97.44212420539812,321.0527104767556,0.0397637693473977,-47.50138805457072,35780638.008459955,-32483069.692696773,26873825.17610344,100065.435871513,-1959.8839200386751,-2369.636541294678,4.472682980264747
2022-11-29 10:00:00.000000Z,0.0002151276214304,42165603.91778772,0.1596290004678343,82.04340564392642,100.48677701721375,347.96046610615645,0.0354200046186494,-47.49140337004054,35778595.38120642,-41577280.02405074,6964631.048487711,117407.5532847138,-507.9220672622387,-3033.0194499340705,0.2317810912463004
2022-11-29 12:00:00.000000Z,0.0002024305090044,42165083.85802018,0.1595880363276778,82.11972691529043,104.40558525308026,14.05870696184236,0.0216924141759792,-47.48016678776666,35778666.9206928,-39465271.43433914,-14821532.022851609,103226.25395143,1081.0440915605288,-2878.9529667529696,-4.082060844748443
2022-11-29 14:00:00.000000Z,0.0001853507615066,42164718.38187932,0.1596092038706571,82.11741617097051,108.60505303566428,39.9532617379224,0.0021714133089401,-47.47059472197001,35780589.85020912,-26716263.0421398,-32612816.28074809,61261.15674630551,2378.551029132686,-1948.9844270764784,-7.307948492829252
2022-11-29 16:00:00.000000Z,0.0001696494725462,42164872.91571937,0.1598701116146146,82.09393309472365,114.04342009004586,64.62637888677361,-0.0180060690229433,-47.46473405314163,35783669.62293556,-6767219.484545853,-41615173.56111732,2730.982545730928,3034.9045693399003,-493.9967207621863,-8.577299027127978
2022-11-29 18:00:00.000000Z,0.0001564760428905,42165556.46560443,0.1603442653926617,82.13828474001386,121.07958507428069,87.62926205589368,-0.0335272982382048,-47.46346947441407,35787145.51766984,15005526.581256274,-39404847.52236799,-56682.77701419152,2873.5040704714247,1093.7385564564904,-7.547366702942385
2022-11-29 20:00:00.000000Z,0.0001463210027744,42166153.36957439,0.1607838545744395,82.28889727942604,125.759670002809,112.8773427912478,-0.040306193672825,-47.46682047655835,35790414.18060947,32736635.3322053,-26579864.655740045,-101043.50698310904,1938.1942475422488,2386.503261347655,-4.491209149897715
2022-11-29 22:00:00.000000Z,0.0001458129369509,42165979.692210026,0.1609454200486664,82.47503133128411,123.30277060653638,145.22279412970406,-0.0365390029161361,-47.47426278565224,35792892.51366259,41651737.89106984,-6596547.340804086,-118420.2043365316,481.13555104759007,3036.342124399257,-0.2229192356805804
2022-11-30 00:00:00.000000Z,0.0001595988360512,42165236.52095627,0.1608874623781419,82.5813648599594,117.07728274957756,181.4139211168755,-0.0231620002917496,-47.48442352694396,35793826.99747998,39351601.98356614,15162952.755917542,-104077.66133490414,-1105.3095612549564,2868.5454981473345,4.117793441902438
2022-11-30 02:00:00.000000Z,0.0001775102454284,42164748.33272519,0.1609030775266124,82.58236106987458,111.68012521032664,216.8819811635225,-0.0036270546438825,-47.49466434698834,35792597.646804154,26456098.4923557,32839639.124657582,-61768.67323207982,-2394.169803857052,1928.371790685029,7.366408894089688
2022-11-30 04:00:00.000000Z,0.0001934581009502,42164903.52831395,0.161157139905397,82.55896469679944,106.75460860361184,251.9060297125997,0.016959750991647,-47.501669527387605,35789298.52007289,6436758.928113715,41673261.75136342,-2772.293583249939,-3038.492423288042,468.7472250317225,8.645234708336258
2022-11-30 06:00:00.000000Z,0.0002104242290287,42165430.55639154,0.161536897635794,82.5927993812927,103.03917672311974,285.66854726535803,0.0331560423159024,-47.50288480247659,35784895.58494986,-15316052.474804688,39282777.30020585,57099.28858575001,-2864.506750476578,-1117.5287878257282,7.6024847766358015
2022-11-30 08:00:00.000000Z,0.0002257444540292,42165877.65924621,0.1618235500438014,82.68875263376819,102.09863916151949,316.60046027080176,0.0406292620512386,-47.49768520758044,35780823.54740311,-32942370.89431382,26309082.12371321,101740.85916967694,-1918.6240702371952,-2403.146919883576,4.511074953194329
2022-11-30 10:00:00.000000Z,0.0002315376396537,42165954.33421174,0.1619134260309561,82.79027238754173,103.65522062961156,345.0345593494744,0.0373354428751744,-47.48761255484497,35778385.33094694,-41691130.46095691,6245624.901645651,119099.75446723364,-455.4325413090128,-3041.372356166489,0.1981946347116746
2022-11-30 12:00:00.000000Z,0.0002233800873279,42165603.762765,0.1618851413624571,82.84237216718506,106.16486689073692,12.56681743054743,0.0240950354505804,-47.47574124627075,35778273.3612521,-39202915.5725266,-15501078.545583708,104445.03469775172,1130.6457914910604,-2859.887922457596,-4.176490349320692
2022-11-30 14:00:00.000000Z,0.0002045163184494,42165044.673326194,0.1619065270910155,82.83839305345981,108.25759879215076,40.57042456195877,0.0043940219693468,-47.46552083302988,35780356.50128424,-26148251.92659822,-33069679.361786213,61663.433671981256,2411.8888358479107,-1907.619850501012,-7.434400502375364
2022-11-30 16:00:00.000000Z,0.0001828628754298,42164758.59484855,0.1620908400040532,82.82209431930109,110.3282401377285,68.6041995938523,-0.0165432057523587,-47.459544236188485,35783807.56595291,-6046622.915350581,-41726105.92678818,2222.288990528401,3042.971040999149,-441.49312938116617,-8.697241896674365
2022-11-30 18:00:00.000000Z,0.0001623719509315,42165154.98351316,0.1624073746590518,82.85169340638969,114.49319951216997,94.49251714394428,-0.0331545041181082,-47.45880410910026,35787553.1597668,15684458.62005793,-39140002.92904596,-57918.539232885145,2854.136983553911,1143.2050542881336,-7.6240765721529025
2022-11-30 20:00:00.000000Z,0.0001439174609315,42165983.95124392,0.1626951420543057,82.95012296995235,120.11484198196302,118.85051858180393,-0.0410250901620709,-47.46285978465731,35790774.4640525,33191079.01565357,-26010744.70209787,-102600.97396519007,1896.6478875801347,2419.611942195108,-4.501694086702938
2022-11-30 22:00:00.000000Z,0.0001351832286481,42166363.98645165,0.1628002030126665,83.0728109955008,121.78046106175816,147.13658828766555,-0.0380514418315834,-47.47061047571687,35793014.7338902,41759536.703374,-5876459.750877986,-119803.52786752756,428.6121120580533,3044.2056370990995,-0.1657336281475149
2022-12-01 00:00:00.000000Z,0.0001453137593431,42165868.93876629,0.1627601125742507,83.14321171077836,118.4936938778721,180.425049154211,-0.024985730096367,-47.48064866512021,35793859.05510014,39083940.622103855,15840196.993718944,-104859.79848927508,-1154.6759027749854,2849.05468503255,4.222883397137888
2022-12-01 02:00:00.000000Z,0.0001673156327409,42165101.36314434,0.1627784682607717,83.14135560756333,115.25993570222845,213.73258962133545,-0.0052436117219372,-47.4908618446719,35792831.10885094,25885232.52579705,33291762.93074933,-61719.29083062022,-2427.0820555658474,1886.772965589784,7.486200054395637
2022-12-01 04:00:00.000000Z,0.0001887049286361,42164808.834129296,0.1629710386157089,83.12420551375689,112.46768032352844,246.61662226740677,0.0159696077926181,-47.49837588372005,35789828.44159444,5716643.024382146,41778670.37378484,-1916.8173302609848,-3046.083453879659,416.26341619570326,8.743679935879136
2022-12-01 06:00:00.000000Z,0.0002088077673844,42165125.0031097,0.1632448488104588,83.14885196718387,109.54310384751248,279.5965309664319,0.0330131767824573,-47.50053333329078,35785518.44883747,-15991336.850875162,39013427.99723281,58496.47659867698,-2844.755743567902,-1166.7414973233588,7.650760692516652
2022-12-01 08:00:00.000000Z,0.0002288115655979,42165716.22120269,0.1634361288724478,83.21261952313365,107.873936643669,311.2884088434771,0.0413097772298546,-47.49618413905544,35781211.754122026,-33391026.3268861,25737897.83908094,103257.44099475237,-1876.8771939387575,-2435.8479575168258,4.495098915377312
2022-12-01 10:00:00.000000Z,0.0002424510667726,42166139.55613581,0.1634874861406085,83.26938204753435,108.33719054821236,340.86033920292016,0.0385877031557147,-47.48636435240967,35778344.191502005,-41792471.55793404,5526640.944151077,120277.12817230172,-402.9244759382607,-3048.7827863966945,0.1221992708102146
2022-12-01 12:00:00.000000Z,0.0002412999031918,42166065.58034838,0.1634832227059088,83.28371910069342,109.9826328157148,9.29501713746387,0.025517983995337,-47.47403923637373,35777887.44875771,-38929637.863335535,-16174136.289934907,104919.35831130274,1179.8010480254277,-2840.011267938752,-4.290984253378586
2022-12-01 14:00:00.000000Z,0.0002243696381965,42165485.10002993,0.1635471108869688,83.26336314980887,110.97755977101876,38.41359705890865,0.0055578166901834,-47.46302767575588,35779934.42253305,-25573827.142315853,-33515348.67795534,61272.6733911849,2444.451759255497,-1865.7875319287057,-7.55412023734111
2022-12-01 16:00:00.000000Z,0.0002002572905098,42164853.84376385,0.1637235374643298,83.24737006017736,110.71261210104288,68.78319176250689,-0.0159675274038889,-47.45651516809541,35783659.57419654,-5325756.614076779,-41824076.86474264,1060.1767614364671,3050.143174565228,-388.9752240287933,-8.786085746271496
2022-12-01 18:00:00.000000Z,0.000175568959314,42164739.68827285,0.1214829129750043,78.87933027793034,115.0533094857537,98.89328674287206,-0.0202445003916578,-47.45588442746528,35787745.85837608,16357472.5353894,-38863765.60232951,-49924.57235207772,2833.9816486151844,1192.2303025042834,-5.4084437665515495
2022-12-01 20:00:00.000000Z,0.0001503755901508,42165546.44792616,0.1216328757397044,78.95934635040959,118.7377126884284,125.20638867366088,-0.0094920691977323,-47.460498364525215,35791064.3560738,33634924.0798074,-25434758.842057876,-80422.33322196452,1854.6192655743016,2451.931184202639,-2.8674716444718467
2022-12-01 22:00:00.000000Z,0.0001311126684319,42166378.83342292,0.1216675332514347,79.03202795923782,122.10206491990104,151.843345531116,0.0037132743556775,-47.46864473904071,35793115.97418826,41854794.72646449,-5155846.630355803,-89338.31874191154,376.0444429978901,3051.1382545225238,0.4487699323936325
2022-12-02 00:00:00.000000Z,0.0001325215694238,42166314.39873103,0.1216623980393958,79.04815772941417,121.69463760365142,182.30684708421276,0.0158665062364471,-47.47857683794385,35793760.81681163,38805067.847732745,16511516.086177014,-74237.47324067484,-1203.6384274047978,2828.7438877849063,3.6504276337232
2022-12-02 02:00:00.000000Z,0.0001538989081037,42165491.40669916,0.1217456227941429,79.01766042533775,120.97257198900752,213.1316363264983,0.0237665629782323,-47.48848375589815,35792788.298073255,25307362.192003906,33733111.73820993,-39134.720460177065,-2459.25653984296,1844.674753589493,5.876612035092848
2022-12-02 04:00:00.000000Z,0.0001795340405572,42164795.35006896,0.1219436382966061,79.00105697513128,120.81382345900698,243.3815702688293,0.0253492102671329,-47.4960331091165,35790048.98846474,4995481.219728737,41871243.514854,6565.73029463824,-3052.7923302980626,363.717740897917,6.525664185438927
2022-12-02 06:00:00.000000Z,0.0002028591616716,42164783.671357095,0.1221491568820104,79.03410293002621,119.51261752769874,274.7291563526399,0.0202157473552186,-47.49873921018537,35785939.75066938,-16661451.98037406,38732451.86675153,50579.71839867808,-2824.197665079976,-1215.5625201522262,5.418030324154983
2022-12-02 08:00:00.000000Z,0.0002263055056273,42165366.1897013,0.1222535355430052,79.08790667564145,117.83639155424136,306.4373368539609,0.0097329325833992,-47.49511592626327,35781560.23497686,-33829617.846778244,25159301.653178018,81040.47358347033,-1834.6097184785904,-2467.794111477783,2.8469881866010764
2022-12-02 10:00:00.000000Z,0.0002466803267134,42166058.38932445,0.1222667719608652,79.10661289910769,117.58711012773342,336.75949312886826,-0.0033233350787444,-47.48567174300198,35778363.468986675,-41881507.755736805,4806432.518422574,89701.38031009378,-350.3305232865945,-3055.268573295353,-0.4980095994371056
2022-12-02 12:00:00.000000Z,0.0002534739843102,42166308.20302193,0.1222997189433208,79.07021627150407,118.70544981354185,5.772286221398648,-0.0154962701897909,-47.4730716279319,35777537.309148334,-38645126.2167457,-16841899.94683502,74176.81612650279,1228.5801742103538,-2819.290927982699,-3.7159031064390406
2022-12-02 14:00:00.000000Z,0.0002409937046109,42165850.79887699,0.1224422312533516,79.01541094330688,119.25697419195755,35.36948404181732,-0.0235619083212052,-47.46128803553399,35779426.76025017,-24992251.13130927,-33950641.744680524,38605.82064246742,2476.284287569131,-1823.418535904804,-5.937416256288878
2022-12-02 16:00:00.000000Z,0.000216763362143,42165011.53907019,0.1226681386796844,78.99642524608696,117.68941754439844,67.04543047640006,-0.0253845211636469,-47.45401528433512,35783308.31968761,-4603690.649783026,-41909347.97841688,-7450.978146686533,3056.429816296811,-336.36129697677865,-6.560861456841653
2022-12-02 18:00:00.000000Z,0.0001911717628941,42164600.87570681,0.1228616195991188,79.02755030856834,115.73834435874949,99.04842059838435,-0.0204815157367829,-47.45310542027519,35787730.07161235,17025421.66645231,-38575804.614820845,-51585.55724718209,2813.009667897712,1240.8938589537763,-5.4153166194680695
2022-12-02 20:00:00.000000Z,0.0001631602608738,42165182.510258846,0.1229384278136969,79.06609881809767,116.66440185932804,128.16105379497455,-0.0101466516622194,-47.45800107010957,35791295.59415752,34068725.94959087,-24851081.50222362,-81887.71761659104,1812.0560114454524,2483.51509955851,-2.8067620593753
2022-12-02 22:00:00.000000Z,0.0001351726041053,42166274.77059957,0.1229406240354861,79.05463033781551,119.31594517603088,155.5945247625856,0.0028956840949527,-47.46659206743528,35793328.06065187,41937657.56576439,-4433645.809692124,-90155.90979720552,323.3755069598899,3057.149626046764,0.5642758143481674
2022-12-03 00:00:00.000000Z,0.0001250104663275,42166704.8917351,0.123001552177078,78.98402438805141,120.18093823765705,184.87220303322349,0.0152074040930108,-47.47666273051586,35793820.120783545,38514787.23475818,17177882.25642722,-74112.86065982496,-1252.2308427716398,2807.581749463403,3.790444631868589
2022-12-03 02:00:00.000000Z,0.0001407244164818,42166050.81402642,0.1231998099590989,78.90846358141752,121.45550472540054,213.74555379305448,0.0235361091134049,-47.48643962344926,35792847.58420242,24722181.985429004,34164370.50251311,-38033.456993978056,-2490.689870013147,1802.034685323661,6.000984108753331
2022-12-03 04:00:00.000000Z,0.0001677976594944,42165075.51075372,0.1234669234392455,78.88658611010855,124.05762467554284,241.23982138277165,0.0256674709094393,-47.49406088473621,35790341.79672094,4273090.852389831,41951415.08758179,8389.586739787583,-3058.592395806056,311.08643582707293,6.596600716467715
2022-12-03 06:00:00.000000Z,0.0001938566480218,42164682.73329423,0.1236619100417114,78.91791153696512,125.00990138221002,270.33505475476426,0.0210120525609856,-47.49735739332415,35786496.35249847,-17326387.54468864,38440211.08928327,52645.71537281663,-2802.810216969207,-1263.988696949737,5.412153999035857
2022-12-03 08:00:00.000000Z,0.0002196748343851,42165115.43150878,0.1237192449146909,78.94536850791152,124.03139408063367,301.3709325881029,0.010770446146767,-47.4946646131008,35782155.04915491,-34258058.9451712,24573741.49586988,82775.6596035498,-1791.8251211040388,-2498.9679486708,2.7626514910148168
2022-12-03 10:00:00.000000Z,0.0002452243978896,42165966.53825519,0.1237145162788562,78.91353537899303,123.4297286056904,332.0952529450073,-0.0023726866372058,-47.485979640108944,35778691.13795589,-41958290.46880222,4085561.240999261,90603.15518370824,-297.6848277946454,-3060.819095603204,-0.6400729369163646
2022-12-03 12:00:00.000000Z,0.0002599083075697,42166533.458890505,0.1237929349247334,78.82409110466699,124.22572669058596,1.483289270509962,-0.0149509304699913,-47.47352564598691,35777440.698404975,-38349756.90681808,-17503811.19950854,73957.03983781899,1276.930235116398,-2797.7405814341287,-3.878226989841649
2022-12-03 14:00:00.000000Z,0.0002535963714896,42166302.54577873,0.1240269760550868,78.73732770329025,124.74924281245232,31.14097281863013,-0.0236322991029549,-47.46122279316983,35779012.52306978,-24404281.33672533,-34375207.904263616,37277.086228570886,2507.3377897358214,-1780.5565594944296,-6.075846652192278
2022-12-03 16:00:00.000000Z,0.0002309491796709,42165401.81595548,0.1243367264611178,78.71392534952192,122.77708285753997,63.226743081550495,-0.0261042633413253,-47.4531461235196,35782876.41068459,-3881441.157693672,-41981964.87068007,-9569.690491538178,3061.8112705441536,-283.71480618335374,-6.636408779451185
2022-12-03 18:00:00.000000Z,0.0002051972377816,42164644.68775875,0.124557809481027,78.75034608802974,119.07090916487796,96.98007461274914,-0.0216869351452411,-47.45169941606066,35787557.37702052,17687319.22848303,-38276645.75695049,-53945.76241332525,2791.2489197152204,1289.1306371865733,-5.404715340622007
2022-12-03 20:00:00.000000Z,0.0001773017519508,42164878.49139482,0.1246083067022044,78.77267336194544,117.33993492299072,128.76592798615553,-0.0115102560431259,-47.45662759356828,35791421.65252505,34491837.13426026,-24260622.764994103,-83851.26399223869,1769.021491065516,2514.3255693871647,-2.709014402061995
2022-12-03 22:00:00.000000Z,0.0001445712985935,42166012.27977896,0.1245956056922007,78.70620941635661,117.95503938531851,158.29044362783264,0.0017838602406367,-47.46560816700044,35793538.770828635,42007988.76587967,-3710903.7438011374,-91162.3174502581,270.67896021968346,3062.2401841619376,0.7269085165780049
2022-12-04 00:00:00.000000Z,0.0001234599173612,42166884.0694584,0.1247245993165819,78.56311178538039,117.99777560315758,188.4626308330597,0.0147250103358793,-47.47591857246537,35793896.295205295,38213444.50371628,17838374.3622321,-73833.6464557818,-1300.396920363444,2785.600435655231,3.9769638586340568
2022-12-04 02:00:00.000000Z,0.00012996947693,42166573.764012,0.1250618184504632,78.44100404837344,119.86286737548194,216.7921222747382,0.0239058038739802,-47.485576620856975,35792825.26574307,24130321.38097393,34584914.597022176,-36475.65186370569,-2521.361287962583,1758.8995381946938,6.161161605689353
2022-12-04 04:00:00.000000Z,0.0001547246446555,42165493.90522091,0.1254490993462595,78.4132085648249,125.0960653544506,241.66137578635585,0.026867809283249,-47.49305186599881,35790452.97043604,3550113.3443810423,42018883.33733807,10863.905977510343,-3063.49963088476,258.4086285608396,6.684492913355545
2022-12-04 06:00:00.000000Z,0.000182174601618,42164734.07476437,0.1256852174172647,78.45245926421643,128.93721365240287,267.85954562245666,0.02276318925603,-47.496614713160895,35786882.57343851,-17985699.584297955,38136602.05679023,55401.8950610786,-2780.627986992863,-1312.0057149601732,5.400059594065164
2022-12-04 08:00:00.000000Z,0.0002092964109843,42165180.750064805,0.125727795922441,78.4704885896174,127.69312792618096,299.1697793751173,0.0126055342497696,-47.49457180663968,35782741.03507363,-34676206.90241006,23981098.259305462,85074.90873432484,-1748.559831110594,-2529.3811562049564,2.6501883566664493
2022-12-04 10:00:00.000000Z,0.0002383959166394,42166066.30153006,0.1257160043639849,78.40512001157575,127.4540698316652,329.5641938463788,-0.0009748573434565,-47.4867208693658,35779261.69184184,-42022882.275731005,3363807.545752791,91806.84928531449,-245.0092998051885,-3065.447177688297,-0.8252592400292531
2022-12-04 12:00:00.000000Z,0.0002599930258844,42166901.24070757,0.1258391956614105,78.27460211375049,128.25667899144275,358.9860916924601,-0.0144145899926282,-47.47486828971182,35777802.85742083,-38043747.07788352,-18160152.55251035,73706.7992248931,1324.8265010547325,-2775.365966189,-4.087763946234622
2022-12-04 14:00:00.000000Z,0.0002606803699735,42166955.1611065,0.1261660672574246,78.16133183945564,128.963998810975,28.486314474958636,-0.0241588186105282,-47.46272967850484,35779156.21733183,-23810370.95291208,-34789399.80619042,35599.187507123905,2537.5715163596374,-1737.2204546573284,-6.253722350893027
2022-12-04 16:00:00.000000Z,0.0002413881347966,42166124.75412589,0.1265755246522609,78.13587163780723,126.99180116686856,60.57428333406325,-0.0276071703320889,-47.45454985041166,35782985.299919724,-3159765.152718184,-42042549.48204872,-12263.784998404812,3066.2500907604526,-231.09449127833844,-6.734103083093388
2022-12-04 18:00:00.000000Z,0.0002166891269752,42165127.149302274,0.1268587451465216,78.18556283517235,122.12941489173777,95.47050862772936,-0.0238056482438729,-47.45315109125574,35787859.22601839,18342274.17773013,-37967472.534227714,-56962.91557202208,2768.707181522222,1336.8477145629834,-5.394326209607743
2022-12-04 20:00:00.000000Z,0.000190968589062,42164975.01904922,0.126921470480625,78.21417269118336,117.97696751003728,129.67103450352326,-0.0136978426742933,-47.45859701481023,35791977.4535712,34903689.782339685,-23665238.815180644,-86396.3144449837,1725.599249692969,2544.2779800247395,-2.59076933962915
2022-12-04 22:00:00.000000Z,0.0001578870805484,42165958.95188083,0.1269098030815601,78.12744455209757,115.87846636100012,161.92854649233243,0.0001229527469437,-47.46845117249415,35794150.90104474,42066065.28700445,-2989891.873110383,-92545.47629912377,218.0998125995457,3066.386773991764,0.9246071845154512
2022-12-05 00:00:00.000000Z,0.0001294428610079,42167133.81726591,0.1270947255808479,77.94122580961638,113.30051283962688,194.76383365457016,0.0140805911736972,-47.47947293270917,35794274.8004346,37902434.607903965,18490871.887404364,-73651.84286728974,-1347.9815113684404,2762.8666717577066,4.204514501453955
2022-12-05 02:00:00.000000Z,0.0001259112485304,42167257.72223768,0.1275646826268322,77.78400745318459,113.56186336863456,224.73204111856649,0.0245239512303889,-47.48926719340601,35792892.17638945,23534139.51334701,34993410.42264645,-34724.98933575249,-2551.167881979342,1715.4164564496805,6.3595215277098776
2022-12-05 04:00:00.000000Z,0.0001438906102409,42166261.46419591,0.1280973649007322,77.75350733860398,120.73485238332596,247.66448703833933,0.0286626953876532,-47.49646352754092,35790429.48688116,2829317.0277801543,42073540.07709184,13771.203430831045,-3067.507841728765,205.86816858101827,6.799670430192967
2022-12-05 06:00:00.000000Z,0.0001692247271482,42165211.66377794,0.1284167070118055,77.81011376036773,128.26376462753086,270.1576866919288,0.0253143092283756,-47.4998763836828,35787053.822794795,-18636954.163515724,37822794.80925663,58729.00050183421,-2757.747592013202,-1359.4519207658886,5.398206405902425
2022-12-05 08:00:00.000000Z,0.0001964559536914,42165057.51875062,0.1284758144129066,77.83683141589732,131.4872790796462,296.9912075537189,0.015256533917358,-47.498257455445206,35783159.695822515,-35082421.05218808,23383561.26024662,87948.00141325034,-1704.9575701686283,-2558.9324809645905,2.528284909413236
2022-12-05 10:00:00.000000Z,0.0002272688188076,42165854.28002399,0.1284667494754383,77.75906400603347,132.0886895573419,326.55682488332945,0.0010600046525643,-47.49113407380064,35779720.26247068,-42074777.37061619,2643729.395022748,93450.84916902897,-192.4638149813384,-3069.1529799383443,-1.0373253303826364
2022-12-05 12:00:00.000000Z,0.0002543290895505,42166875.64134863,0.1286273131189707,77.60481665509029,133.09200714835433,355.80117051729985,-0.0135713704275214,-47.47985535933537,35778043.14904542,-37727591.84787792,-18808692.46659758,73659.45137234124,1372.1607451269676,-2752.2501305136984,-4.334944646985438
2022-12-05 14:00:00.000000Z,0.0002621839693239,42167230.01830519,0.1290354262313704,77.47463696541224,134.1720739005847,24.9454923163003,-0.024777338313398,-47.46778074143224,35779068.31566907,-23211481.48457171,-35191702.739276335,33842.17770183238,2566.9658459854404,-1693.5137261435975,-6.470606725026396
2022-12-05 16:00:00.000000Z,0.0002473069136375,42166573.99239582,0.1295426104071157,77.45066237841367,132.66608689741923,56.56620121004398,-0.0295700215746711,-47.459164548900304,35782689.60758457,-2439488.7278264,-42090188.41266991,-15293.4159694536,3069.795476180874,-178.55418428721185,-6.862549995831931
2022-12-05 18:00:00.000000Z,0.000223871469053,42165459.8465674,0.1299030276319894,77.51847362977618,127.4568685860738,91.79170384386288,-0.0266320317454892,-47.4571998557085,35787615.88018123,18989874.026043806,-37647466.60347071,-60484.53909697816,2745.437601300228,1384.0727199795722,-5.399246486449254
2022-12-05 20:00:00.000000Z,0.0002006968633394,42164952.18352549,0.1300021601371376,77.56953853823775,121.66882489786984,127.6056136477363,-0.0166663068077609,-47.46240263830486,35791978.05248316,35304061.05670667,-23063691.546317108,-89490.49188854474,1681.7806027351985,2573.4514644411465,-2.469567255028557
2022-12-05 22:00:00.000000Z,0.0001704648118295,42165654.60452589,0.1300002849881501,77.49363693538707,117.55995183915704,161.8624420461721,-0.0022112355390069,-47.47248593375976,35794348.09985013,42111304.75617736,-2268832.4573393688,-94395.48336514283,165.54943738420374,3069.6468342968647,1.1415128624066908
2022-12-06 00:00:00.000000Z,0.0001390994355927,42166953.41525408,0.1302169403697408,77.29802394740031,112.73932850622538,196.94941250081555,0.0130138259694421,-47.48388917641235,35794426.96827708,37580369.49146831,19137281.42932863,-73755.98287547275,-1395.1080893227313,2739.3519194811674,4.462013771846514
2022-12-06 02:00:00.000000Z,0.0001279378856345,42167506.28966425,0.1307851785915082,77.12445638254694,109.83091969713738,230.10366939886208,0.0250511480787229,-47.49374319207482,35792829.12871374,22931457.75775318,35391207.075345024,-33026.34833379121,-2580.194242263421,1671.463379927474,6.591745353059778
2022-12-06 04:00:00.000000Z,0.0001381640846796,42166757.951094925,0.1314583746907209,77.09621027033548,116.3015367786587,253.73657640889212,0.0307079592187672,-47.50059635363231,35790251.7904204,2108212.310530295,42115652.30560271,16863.887534238493,-3070.6147779897506,153.29679785867762,6.945802819959103
2022-12-06 06:00:00.000000Z,0.0001584662352405,42165545.54656474,0.1318851270469004,77.17704670816967,126.66756640707052,273.36877024563785,0.0283965955176463,-47.50366699889423,35787014.85804735,-19282292.860127844,37497857.46955706,62434.12096676171,-2734.077055118932,-1406.4835855955096,5.417910956237588
2022-12-06 08:00:00.000000Z,0.0001834438516658,42165048.88946842,0.1319857458114322,77.22874274678486,133.02537213743318,297.04294176942454,0.0185967681550767,-47.50212714961612,35783394.02217241,-35478110.2294256,22779158.366783872,91304.94978870604,-1660.884092741508,-2587.735174209199,2.413589923347407
2022-12-06 10:00:00.000000Z,0.0002139891704648,42165650.67829628,0.1319851707973019,77.16005924953424,135.24103100988398,324.98470186038315,0.0037811591455325,-47.49552880326645,35780123.22205598,-42114278.38206006,1922843.5393112611,95572.09024742876,-139.88382217656596,-3071.961580438443,-1.2584239500798584
2022-12-06 12:00:00.000000Z,0.0002445316976287,42166758.09607044,0.1321690826433142,77.00094692585456,136.84438488097632,353.63325813740937,-0.0122065203377521,-47.48486894824472,35778373.5513234,-37400469.67306644,-19451755.147080027,73971.03696149912,1419.070882524623,-2728.3267291555635,-4.605278528540072
2022-12-06 14:00:00.000000Z,0.0002588477090532,42167387.5125717,0.1326356620945347,76.864816230097,138.46697512770717,22.24070880247228,-0.0251607827524387,-47.47309378684146,35779147.23061003,-22606047.61471635,-35583734.837577134,32242.88833565703,2595.5840820258422,-1649.3157063720384,-6.719048817427512
2022-12-06 16:00:00.000000Z,0.0002492587372953,42166975.95944028,0.1332241353681218,76.84527236969565,137.649501169212,53.16864641179528,-0.0316353839996328,-47.46430517942888,35782536.653424144,-1718899.3643930985,-42125615.11459567,-18399.84586729826,3072.427661533866,-125.97859916487204,-7.023219570539947
2022-12-06 18:00:00.000000Z,0.000227857151193,42165866.882282384,0.1336603470162038,76.93217304882855,132.59462636775265,88.22114063113848,-0.0298666821971054,-47.46191527689136,35787429.45617951,19631485.31327236,-37316693.915600434,-64293.74730599781,2721.3720448739937,1430.8716324635484,-5.429330527519157
2022-12-06 20:00:00.000000Z,0.0002073113827429,42165081.19263584,0.1338058802245951,77.01394760015228,125.7088900950192,125.10229249912118,-0.0202451213400959,-47.46685824968921,35791969.56250694,35693802.80642227,-22455771.586636804,-93010.39539402915,1637.497987611349,2601.859341125853,-2.360917432159357
2022-12-06 22:00:00.000000Z,0.0001817818008053,42165439.42702943,0.1338148648811093,76.97022259333758,119.9738293115913,160.95296551661897,-0.0052127162590842,-47.47710813915564,35794547.542138174,42144170.577654496,-1547531.9632392265,-96708.94542106756,112.98963328499993,3072.008050087723,1.3604989508742589
2022-12-07 00:00:00.000000Z,0.0001515304482569,42166687.930747695,0.1340332172981057,76.79373089215163,113.47649845900384,197.69709926395475,0.0113707658679221,-47.48893521138457,35794638.006348915,37247549.36257256,19777702.18255497,-74259.85564404412,-1441.7857287872412,2715.0456375292306,4.734626714004705
2022-12-07 02:00:00.000000Z,0.0001362185344054,42167582.86027451,0.1346471709592412,76.62297263831053,107.45744454748905,233.95898531857824,0.0252117665343758,-47.498996787105305,35792824.92064382,22322569.383953787,35778372.34391217,-31582.955097002472,-2608.4363345688053,1627.0426087805338,6.848242576370732
2022-12-07 04:00:00.000000Z,0.0001399994194031,42167191.63325449,0.135427520867135,76.60106441172584,111.0584607861069,260.4554303913914,0.0326684247731801,-47.50557501761761,35790032.704432264,1387115.148958598,42145344.36203641,19894.872674753144,-3072.820558973674,100.70661291794993,7.120564419119236
2022-12-07 06:00:00.000000Z,0.0001530323642723,42165969.59070707,0.1359647023273776,76.70828719511059,122.4266252388206,279.0596003538564,0.0316920621730565,-47.5081476855501,35786815.57139322,-19921445.133293208,37162008.22318864,66282.86674126866,-2709.6293454365173,-1453.0884847204077,5.465021822169014
2022-12-07 08:00:00.000000Z,0.0001727858472891,42165168.21057272,0.1361223269430749,76.79629915920263,131.93695210326075,299.54516298936284,0.0224020565729237,-47.506378840071264,35783437.69035689,-35863077.12624687,22168199.246701,94980.47721522154,-1616.3549544198618,-2615.7816380342715,2.3191122219363702
2022-12-07 10:00:00.000000Z,0.0002006312765639,42165497.223808974,0.1361313662928485,76.75495796736641,136.48127793658247,325.13064695084176,0.0071146809584723,-47.50004728003138,35780418.82828906,-42141317.95474989,1201467.3418281805,98116.06612299026,-87.28823039972286,-3073.878433633236,-1.471444000345607
2022-12-07 12:00:00.000000Z,0.0002322484714811,42166582.85340423,0.1363195234209041,76.60815160428285,139.1824420725532,352.66852414872415,-0.010224158337227,-47.48995114873677,35778732.75643506,-37062435.6611406,-20089100.242668025,74712.16512299549,1465.5426935377357,-2703.610638267361,-4.881880046668061
2022-12-07 14:00:00.000000Z,0.0002516024831415,42167430.86144854,0.1368147960821818,76.47581987320888,141.56758936481327,20.50916491938904,-0.0250673315035593,-47.47863094544998,35779356.574077606,-21994201.644224104,-35965377.77385795,30979.36555348541,2623.418956681122,-1604.6445554681354,-6.98675049238803
2022-12-07 16:00:00.000000Z,0.0002475218213851,42167295.81240468,0.137457978579544,76.46208044283354,141.61393855105035,50.56740250485416,-0.0334767815233646,-47.46991509175137,35782527.802004725,-998159.6281320704,-42148841.95060821,-21342.73867857241,3074.145393328048,-73.38553869423896,-7.211474548196792
2022-12-07 18:00:00.000000Z,0.0002289097734777,42166296.59418714,0.1379567320880886,76.56534903745047,137.11320541798963,85.04963291414228,-0.0331804265417995,-47.46727871685575,35787324.48678638,20266958.49717772,-36975287.57000269,-68148.2191694036,2696.515513206448,1477.229257242582,-5.488620302699233
2022-12-07 20:00:00.000000Z,0.0002108826637748,42165336.47166024,0.1381476594906458,76.67840756695095,129.67014874782842,122.4570476262066,-0.024182426542293,-47.47199433162452,35791970.15194555,36072825.42851706,-21841699.520277057,-96770.63505533084,1592.7628428941985,2629.4934072318574,-2.276176108371559
2022-12-07 22:00:00.000000Z,0.0001907399965022,42165350.19956885,0.1381639192467673,76.67677507821216,122.73312013396416,159.4674836277488,-0.0087637427172165,-47.48235640380781,35794744.7089555,42164670.20461255,-826231.1499516371,-99399.2886078932,60.43518728964354,3073.473397101164,1.5661099735891082
2022-12-08 00:00:00.000000Z,0.0001645492561435,42166410.29724024,0.138355947541825,76.537565638629,115.21941360669268,197.19027974034,0.0091140750163537,-47.494615429351406,35794901.6985598,36904087.37067741,20411954.20950727,-75191.1636560284,-1488.0002969359018,2689.961139552969,5.006685997625163
2022-12-08 02:00:00.000000Z,0.000148312655958,42167510.55360491,0.1389590921061208,76.38421557629216,107.10161495426254,235.5331525429996,0.024828264955465,-47.50502798799126,35792912.23496029,21707682.51028524,36154847.2745832,-30525.790596553503,-2635.8821048893305,1582.1738830478228,7.116463732936575
2022-12-08 04:00:00.000000Z,0.0001485860328598,42167512.028947175,0.1397940942017186,76.37028960914458,107.06808564202817,265.65628102738486,0.034269071208041,-47.51148654038118,35789848.65763802,666305.1294929646,42162715.01831483,22661.3792169418,-3074.1183857722226,48.12134663429032,7.316901957858845
2022-12-08 06:00:00.000000Z,0.0001549062606763,42166431.524696246,0.1404246337792891,76.50062878204227,117.03572983548996,285.6383716055201,0.0348907866534708,-47.51354183771856,35786532.839056045,-20554122.82922017,36815519.96294726,70046.76168579262,-2684.409931457641,-1499.243199186307,5.539646407050129
2022-12-08 08:00:00.000000Z,0.0001670290402956,42165411.38974068,0.1406439380470839,76.62913386728309,128.5218997732203,304.1080413827456,0.0264001146354705,-47.51132863810088,35783324.27409298,-36237126.105500124,21551096.299391203,98773.95142303496,-1571.3898350483823,-2643.058189341464,2.2523863525860577
2022-12-08 10:00:00.000000Z,0.0001893734394825,42165427.59063142,0.1406604213267259,76.62756070233709,135.66155899482573,327.0584114926096,0.0108922358958884,-47.50500917393255,35780588.91958353,-42155871.80217225,480053.1078844225,100958.95207924694,-34.70307023662135,-3074.9066739703853,-1.6630169630828469
2022-12-08 12:00:00.000000Z,0.0002192877346267,42166388.63650944,0.1408322593605992,76.50628133184956,139.93295991144603,353.0000814201755,-0.0076467083171064,-47.495357329100976,35779073.955883004,-36713641.83245242,-20720356.734147474,75866.69139069144,1511.5548214178946,-2678.12035254306,-5.148849335531849
2022-12-08 14:00:00.000000Z,0.0002416053729305,42167375.41192547,0.14132386655277,76.38518032426374,143.3355650105432,19.811502569377318,-0.0243681766039348,-47.48456949182247,35779653.26036048,-21376211.80187688,-36336427.16995268,30146.89535099538,2650.460021925326,-1559.526675082731,-7.259330269296464
2022-12-08 16:00:00.000000Z,0.0002425538659398,42167514.11067838,0.1419904395144471,76.37701393032997,144.4062744940019,48.839534276726816,-0.0348474718656527,-47.47612678286911,35782644.01855204,-277570.6447619805,-42159860.493604,-23940.05191598718,3074.9498216526863,-20.801994775253632,-7.41811370008446
2022-12-08 18:00:00.000000Z,0.0002272596970993,42166703.70038878,0.1425313497398111,76.49138742164628,140.7784512776559,82.43781483207003,-0.0362714155131066,-47.47342486094125,35787303.452711634,20896038.430412862,-36623418.55787183,-71825.4831165614,2670.879350878268,1523.123574645993,-5.575313841876606
2022-12-08 20:00:00.000000Z,0.0002115676693564,42165679.49108874,0.142759483564195,76.63036806920084,133.2926728549552,119.86219972301268,-0.0281961198619489,-47.47796880838161,35791982.93014551,36440984.64711473,-21221770.41216348,-100563.4596277977,1547.5939657151955,2656.342107567746,-2.221087009436954
2022-12-08 22:00:00.000000Z,0.0001966238624355,42165395.91316532,0.1427784116961338,76.6708549004246,125.5749180739698,157.6111856102552,-0.0126682533876436,-47.48838739016665,35794924.44937762,42172805.96483108,-105257.3875704744,-102322.33437004458,7.906889702057697,3074.0458195936017,1.7468908704358188
2022-12-09 00:00:00.000000Z,0.0001762022484882,42166181.01133706,0.1429246191382642,76.57615091595892,117.56885076648469,195.781442780178,0.0063128471650509,-47.50104145208004,35795193.633646786,36550123.55113403,21039782.150721617,-76499.41219544459,-1533.7350639564406,2664.114800412782,5.264200374917263
2022-12-09 02:00:00.000000Z,0.0001614975268302,42167334.06881273,0.1434690878117741,76.44858646324427,108.47726857035356,235.0718612413893,0.0238340559503576,-47.51190763254807,35793095.343377784,21087035.44242182,36520526.81751166,-29904.336541618617,-2662.520977395877,1536.8816482611328,7.383121132924073
2022-12-09 04:00:00.000000Z,0.0001609084563509,42167693.39585211,0.1443004758957178,76.44193004193322,105.32273676016136,268.308648253057,0.0353275671813236,-47.51844135564307,35789755.578989774,-53926.92177821789,42167850.66040532,25028.74915757362,-3074.5047053978305,-4.430841066165272,7.524815536805394
2022-12-09 06:00:00.000000Z,0.0001633828760757,42166876.78600558,0.1449913083421481,76.58753372105386,112.36747853734484,291.1987930337957,0.037736666509221,-47.52007990802834,35786247.59555958,-21180048.043298274,36458681.88434141,73536.9435219074,-2658.426904446418,-1544.9206714685106,5.637022168281142
2022-12-09 08:00:00.000000Z,0.0001676497861322,42165758.051692806,0.1452669341145485,76.75323748600077,123.86580792113564,309.6196440974936,0.0303192631029327,-47.51732617822611,35783112.48595745,-36600089.7003005,20928303.52450605,102485.26565090276,-1526.0110331231972,-2669.547864447177,2.215153148062095
2022-12-09 10:00:00.000000Z,0.0001820615966473,42165464.31725008,0.1452874348529118,76.79678782948731,133.04243595020276,330.4881130162344,0.0148906111341108,-47.51081496490988,35780646.29420148,-42157966.97733941,-240886.3380264097,103936.69079908438,17.841760877695634,-3075.047798492721,-1.825049470160844
2022-12-09 12:00:00.000000Z,0.0002073380603805,42166214.15703321,0.1454250331446664,76.70931434464532,139.10486493774007,354.60464722989065,-0.0045947336841378,-47.501465472635786,35779373.21362494,-36354321.59030291,-21345092.79970071,77346.50172102862,1557.0817809343334,-2651.876127728115,-5.393624782648441
2022-12-09 14:00:00.000000Z,0.0002300627233845,42167246.61361,0.145882846056713,76.60436874801093,143.74903999493154,20.157792065717956,-0.0230518794883228,-47.49122993758457,35780002.461333044,-20752450.805151515,-36696643.20869558,29754.72377330311,2676.694966598236,-1513.9935373660471,-7.522891046353582
2022-12-09 16:00:00.000000Z,0.0002348781207372,42167625.942234166,0.1465411479331884,76.6005794994174,145.9913295862232,48.00944126388041,-0.0356079245127698,-47.48321338521792,35782861.6398521,442462.0195880663,-42158668.76902326,-26088.31221750014,3074.844065587444,31.7389416973499,-7.631424432143103
2022-12-09 18:00:00.000000Z,0.0002230217206733,42167053.52860079,0.1471004695016751,76.71963213005215,143.48924471757965,80.47720274031887,-0.0389082223205086,-47.48061269523835,35787358.67267153,21518391.986569032,-36261304.20409666,-75154.66062938403,2644.4799854153807,1568.527969847874,-5.682780894738596
2022-12-09 20:00:00.000000Z,0.0002094679412583,42166067.47456315,0.1473540531781025,76.87589332564541,136.4228027804671,117.46507741795128,-0.0320211958758991,-47.48504863414851,35792002.615156054,36798100.23836298,-20596350.09268066,-104193.60371599613,1502.016367484712,2682.3917643554414,-2.195607488743329
2022-12-09 22:00:00.000000Z,0.0001989734526982,42165564.34151881,0.1473722068954485,76.95162012621238,128.32360962689185,155.56026669127917,-0.0166917618513768,-47.495461473426765,35795065.131385334,42168586.4315042,614985.3252805339,-105305.652560762,-44.56928783073619,3073.7286732116017,1.896656127029296
2022-12-10 00:00:00.000000Z,0.0001849247070046,42166040.96419314,0.1474644952636945,76.89996363488787,120.17222843744942,193.8324825244788,0.003118420178208,-47.50842377258444,35795475.287214555,36185831.67008885,21660864.807027437,-78073.70005471246,-1578.9712165170088,2637.5254828554757,5.49669930863508
2022-12-10 02:00:00.000000Z,0.0001989133998647,42165508.01215003,0.147919105963012,76.80093191705467,127.16800811029832,217.00537175290785,0.0222674891973435,-47.52092594243421,35794068.320895806,20461988.48144968,36875480.29597576,-29693.13414679672,-2688.189071772304,1491.2455736424592,7.635780957161783
2022-12-10 04:00:00.000000Z,0.0001945472377761,42166135.29844688,0.148694689139483,76.79953876959807,122.67782495072554,251.57054911701647,0.0357664074299578,-47.529458381821215,35790590.23631862,-771169.1466522617,42161666.578460045,26935.18422865744,-3073.865055581737,-56.79585505277453,7.732904590831465
2022-12-10 06:00:00.000000Z,0.0001997867534671,42165657.28122629,0.1494040869685434,76.95015876020652,125.74487753427708,278.4321982026724,0.0400565426228593,-47.5322652948363,35786283.337917045,-21796389.98965512,36093626.228766695,76620.03949151721,-2631.6843581473645,-1589.9560464283177,5.748996553248238
2022-12-10 08:00:00.000000Z,0.0002066236570548,42164575.14907263,0.1497222920789383,77.14362065918107,133.99433234128205,300.074455145606,0.0339292411875636,-47.52922099624786,35782070.908318006,-36949534.577095255,20302802.80290016,105939.24942123413,-1480.306861993692,-2695.197404593392,2.2041789025997143
2022-12-10 10:00:00.000000Z,0.0002192414603143,42164018.333649285,0.149743639292224,77.2303790045351,141.66335734873974,322.40910566125604,0.018873729877435,-47.52092232127784,35778555.68019271,-42145658.24509429,-958544.3555372508,106870.68482903118,70.329194971649,-3074.394926143651,-1.955250617008489
2022-12-10 12:00:00.000000Z,0.0002417292832564,42164495.38355696,0.1498350324565142,77.1799875811013,146.9099876309948,347.30741903176,-0.0012559515432799,-47.50851061028901,35776414.942887194,-35981949.50257321,-21961314.105172005,79008.05627124761,1602.3120101254472,-2624.973567157037,-5.608969328048047
2022-12-10 14:00:00.000000Z,0.0002651596595737,42165476.34047031,0.1502350118132374,77.0939248364921,151.03528806934673,13.364605714183329,-0.0212130011224929,-47.49422628747311,35776461.38469372,-20118394.543312702,-37044020.86930213,29724.781976495786,2702.461006819012,-1467.9116956479977,-7.766804756679306
2022-12-10 16:00:00.000000Z,0.0002738668592929,42166038.86999946,0.1508565570500993,77.09310253262596,153.70595734907616,40.78953440458972,-0.0357352320138511,-47.481584726011576,35779157.46218166,1168676.205392914,-42141083.27625024,-27783.1367425707,3074.052811804709,84.70594277386743,-7.83951348034932
2022-12-10 18:00:00.000000Z,0.0002646272579372,42165724.09359341,0.151410116193253,77.21059649601449,152.97077235819216,71.49651498510023,-0.0409539332296355,-47.4744236276109,35784043.256929755,22141081.64394637,-35880577.68735531,-78048.42581839548,2617.1477256206467,1614.0878191417255,-5.800292369324675
2022-12-10 20:00:00.000000Z,0.0002497698037706,42164861.647079706,0.1516755741230604,77.37428560141191,148.26932209555065,106.11563208853566,-0.0354387839518376,-47.47519640860503,35789645.529642485,37148288.38807144,-19952819.215181224,-107508.05590799502,1455.394663740957,2708.1158591579406,-2.1926017615265887
2022-12-10 22:00:00.000000Z,0.0002378277606226,42164231.15181891,0.1516912024134191,77.47456989198655,141.96101107119904,142.3973730531972,-0.0205865151841877,-47.483616921535656,35794037.927559845,42150456.86961767,1348934.4727490218,-108163.57617799782,-97.87776229825448,3072.5193860144286,2.0171286743857757
2022-12-11 00:00:00.000000Z,0.0002244020605959,42164410.18336434,0.1517318881385196,77.4589834678766,135.75316622966747,178.68996912281932,-0.000251816076859,-47.49659274551083,35795732.48968322,35803493.912127376,22287636.333967924,-79737.45575108149,-1624.4749119435462,2609.653015843111,5.699970928136612
2022-12-11 02:00:00.000000Z,0.0002106480369974,42165283.2689456,0.1520848878935424,77.3869787205841,128.85974055905996,215.72457200752768,0.0202688931583787,-47.509560847924526,35794356.36378426,19817402.918542966,37226185.03709165,-29756.371573669992,-2713.707738072985,1444.223349320487,7.866508275503575
2022-12-11 04:00:00.000000Z,0.0002071272937452,42166056.62968812,0.1527670108486263,77.38877789517824,123.238185477915,251.4175567761367,0.0356202754128392,-47.51846661961773,35790701.18401958,-1504379.977091749,42141985.53397415,28447.03282517466,-3072.399443646708,-110.2875472549144,7.930077826891465
2022-12-11 06:00:00.000000Z,0.0002115356030416,42165934.13943641,0.1534517893006848,77.53424354208688,123.81626677123124,280.7734021008759,0.0417711363062036,-47.521202940940704,35786128.03177819,-22420831.96227415,35708896.0069387,79276.7256213452,-2603.6309681997773,-1635.530175731889,5.863246186122366
2022-12-11 08:00:00.000000Z,0.0002143845688109,42165018.55114781,0.1537919906708839,77.74178709279076,130.33279096256126,304.1349764236388,0.0370519357105671,-47.517689175885245,35781807.75141394,-37297020.44027641,19656584.62268621,109031.82569281996,-1433.1993246469292,-2720.579822255096,2.208803426849948
2022-12-11 10:00:00.000000Z,0.000219301667262,42164282.92617994,0.1538118205829812,77.86353193320602,138.1473717741996,326.28950875521093,0.0226051495651084,-47.50896530675949,35778453.416418806,-42122472.85822558,-1692153.702007038,109596.59952596316,123.80730632185438,-3072.723041298417,-2.059173783144612
2022-12-11 12:00:00.000000Z,0.0002338069645891,42164457.772988535,0.1538529608179159,77.84865493197364,144.45164537836456,350.0946402501657,0.0021330526688062,-47.49657769131751,35776609.31692112,-35594318.0594382,-22584522.373797134,80672.62540199258,1647.7266485849416,-2596.6881147754298,-5.793148081737802
2022-12-11 14:00:00.000000Z,0.000252972576714,42165295.79998638,0.1541804972742303,77.78217138021625,149.58201703185824,15.126684002706655,-0.0190297822136799,-47.48278697654584,35776861.5421648,-19470929.30544636,-37388847.52012605,29916.394158202536,2727.5559867991583,-1420.660123821248,-7.9825554270349235
2022-12-11 16:00:00.000000Z,0.0002623513482009,42165967.37067017,0.1547428667087994,77.7831600911933,153.25149680520383,41.55034774212772,-0.0353085468157798,-47.47079005384783,35779550.37497233,1901338.129915008,-42114779.72540259,-29088.13423810597,3072.082550640461,138.16399557881496,-8.030156789293022
2022-12-11 18:00:00.000000Z,0.0002560679024502,42165902.84592147,0.1552685611977963,77.89385737305619,153.64981708133584,71.13018441809145,-0.0423757687251011,-47.46406443330558,35784271.319526814,22761536.220042463,-35490486.977902755,-80481.63626816754,2588.6727892355166,1659.3526864653145,-5.916094622983223
2022-12-11 20:00:00.000000Z,0.0002434719753975,42165228.25452565,0.1555321473369557,78.05545990870563,149.8783593414075,104.8212962920535,-0.0383189843523991,-47.46493546878516,35789715.03628289,37489520.3486295,-19304181.369705345,-110409.34996283607,1408.09777587057,2733.016056976969,-2.20414272475573
2022-12-11 22:00:00.000000Z,0.0002343188401255,42164563.62925719,0.1555448417715425,78.16843864373091,143.8031094775449,140.85734834120262,-0.0241605914747283,-47.473288105012784,35794088.37076174,42120686.0252517,2081377.744775555,-110760.3186070873,-151.25991996675648,3070.362749883229,2.1109526888239865
2022-12-12 00:00:00.000000Z,0.0002265813236594,42164489.15952212,0.1555440920670919,78.17896342085034,137.53770089008486,177.18133213647752,-0.0035894785919333,-47.48632858135161,35795894.28178335,35410847.378891006,22906640.608339246,-81354.15817405263,-1669.5657550257758,2581.0271201470478,5.871748972759686
2022-12-12 02:00:00.000000Z,0.0002185913508478,42165101.63866767,0.1558004375757931,78.12982920117389,130.88131961410983,213.9556881755572,0.0180148040813802,-47.499629600593856,35794609.174280085,19167732.23022584,37565112.28671354,-29995.656173247567,-2738.366929933855,1396.846473784206,8.06834206386186
2022-12-12 04:00:00.000000Z,0.0002173770223182,42165891.42985304,0.1563691149173305,78.1331237840752,124.8060475645196,250.10049510771117,0.0349963741924167,-47.50893595041959,35790872.48511143,-2236069.3972960915,42109672.01818392,29604.996467170724,-3070.0003126991915,-163.6553827234364,8.107617795188231
2022-12-12 06:00:00.000000Z,0.0002227135813427,42166087.76720922,0.1569920209922321,78.26500035858913,123.33879639722058,281.51516449165894,0.0428970520139973,-47.51176998569395,35786074.079181015,-23037537.03133096,35314104.02050178,81484.23670561243,-2574.8258690928915,-1680.5303557051186,5.971120000848619
2022-12-12 08:00:00.000000Z,0.0002244672051566,42165445.75466873,0.1573302522915944,78.47121594700731,127.6724926142964,307.0612137996998,0.0396084556951674,-47.50793627448098,35781603.30501114,-37632668.99494449,19005616.356133237,111682.43823886543,-1385.731378573341,-2745.0957790132466,2.2218427879505054
2022-12-12 10:00:00.000000Z,0.0002233258446849,42164642.56595443,0.1573470574724225,78.61491325714164,134.66063440629222,330.0206361531907,0.025923947855389,-47.49880778572489,35778348.46137722,-42086593.05933192,-2423924.2405097918,111991.16775208231,177.15823900952074,-3070.1298775313967,-2.1412983756360857
2022-12-12 12:00:00.000000Z,0.0002289932356956,42164520.64838438,0.1573420720606089,78.62967704764519,141.33989004158587,353.42117753569084,0.0053628000449975,-47.48638715485234,35776791.8085405,-35196589.67238831,-23199813.401024323,82197.49719901307,1692.5637792045154,-2567.674151902796,-5.946940944405891
2022-12-12 14:00:00.000000Z,0.0002415639556471,42165137.35117041,0.1575928730982742,78.58165506397947,147.2171241631408,17.687416146857796,-0.0167112467866669,-47.473078382890826,35777296.03878543,-18818710.42130368,-37721820.751302406,30196.362113886946,2751.778302114036,-1373.069411628465,-8.166691098603756
2022-12-12 16:00:00.000000Z,0.0002492900333313,42165832.65372377,0.1580811357562269,78.58366396150318,151.82894021253432,43.16698371540224,-0.0344833067419813,-47.46182234080399,35780027.72044073,2632102.630371893,-42075907.38027924,-30096.74085161672,3069.1807226906826,191.47630409839056,-8.195892899938068
2022-12-12 18:00:00.000000Z,0.0002446934724466,42165987.70182207,0.1585601209256038,78.68361899905842,153.42916457900645,71.55506466344454,-0.0432334872674807,-47.45569095927394,35784583.97968052,23373951.327063188,-35090549.08787998,-82483.07454826072,2559.4635446397647,1704.025258822418,-6.020012727554543
2022-12-12 20:00:00.000000Z,0.0002338668197906,42165544.09162631,0.1588084518583526,78.83466184334544,150.82726462806815,104.08696994221548,-0.0406082848802848,-47.45676967285967,35789805.07483883,37818765.13244343,-18651102.022094447,-112850.08623549865,1360.4634433651083,2757.042927944391,-2.2197100342321345
2022-12-12 22:00:00.000000Z,0.0002265970387013,42164932.3295108,0.1588183661977974,78.9485675050466,145.29933895176202,139.57487086957585,-0.0272602135170635,-47.46502111153647,35794067.785969675,42078219.75615319,2811674.5456927503,-112980.10687962828,-204.4983555391608,3067.291797244435,2.1861378566894225
2022-12-13 00:00:00.000000Z,0.0002235307140203,42164669.69260434,0.1587910871989283,78.9740756567872,139.16032779895173,175.75758307229535,-0.0066798989197828,-47.477951946990224,35795931.955169246,35008172.303676434,23517506.540186275,-82766.53500533407,-1714.0769832716844,2551.688222617289,6.015272961932141
2022-12-13 02:00:00.000000Z,0.0002216131834821,42164993.332553424,0.1589685712571096,78.94209552531748,132.90170371537502,212.11689531369257,0.0157284901733606,-47.49138621979123,35794770.06111064,18513343.11817854,37892074.38922955,-30247.631334595124,-2762.163276068795,1349.1435670484404,8.239382438812967
2022-12-13 04:00:00.000000Z,0.0002239004190019,42165678.92153984,0.1594219799553725,78.9458230749202,126.89946777774402,248.18790559908012,0.0340749350066261,-47.50102126928936,35791048.0086932,-2965904.228499565,42064743.46798427,30540.812861917217,-3066.6794045296137,-216.8723755488172,8.258851620839993
2022-12-13 06:00:00.000000Z,0.0002313075813364,42166113.69284927,0.1599559929111368,79.05846074460993,123.96953782636632,281.08429286587176,0.0435311349982376,-47.50405550163788,35786099.42392577,-23646290.459335648,34909437.6721461,83313.27521372779,-2545.2890947013498,-1724.936898297253,6.062636903960208
2022-12-13 08:00:00.000000Z,0.0002345848863377,42165813.664102174,0.1602676463439077,79.24828232313622,126.10866558812812,308.8414679440737,0.0415889080823273,-47.50005778332884,35781471.66205809,-37956423.23936296,18350192.559440702,113883.6959373531,-1337.9262293054098,-2768.735663744133,2.231949988806437
2022-12-13 10:00:00.000000Z,0.0002301996677122,42165070.90056255,0.1602804679802752,79.39739062003707,131.62683527706193,333.2657898663935,0.0287119241662359,-47.49058973710156,35778264.6524867,-42038130.48057072,-3153537.2020131107,113967.75096596398,230.35911708626776,-3066.6187413611065,-2.211849283146445
2022-12-13 12:00:00.000000Z,0.0002275589954051,42164695.10136925,0.1602415981986106,79.4319590493437,137.91063611426523,357.04204051383795,0.0082309592095939,-47.478109531759415,35776975.924011864,-34789023.26825704,-23806941.095439643,83434.51336828596,1736.806411075535,-2537.948215151162,-6.076818690639254
2022-12-13 14:00:00.000000Z,0.0002318519546299,42165030.39060634,0.1604222633112234,79.39953588729351,144.03165538383428,21.048421748695965,-0.0144966801916701,-47.46527476027635,35777769.339732364,-18162081.20719436,-38042848.498854175,30389.565349821107,2775.1221768984174,-1325.16470933351,-8.320020978149584
2022-12-13 16:00:00.000000Z,0.0002355831074638,42165659.33755798,0.1608305656905122,79.40208518692168,149.35907708203288,45.81101033244138,-0.0334768296988041,-47.454852706954064,35780597.20902348,3360632.3255396364,-42024564.96922188,-30967.94113703516,3065.3547644152304,244.6162666908087,-8.33148295180441
2022-12-13 18:00:00.000000Z,0.0002310041106989,42165983.56568777,0.1612485880288257,79.48872515505128,152.14749568215765,73.02344604104816,-0.0436675955935103,-47.44948786690986,35785000.48080513,23978086.72871898,-34681038.56378571,-84155.49812851945,2529.539115928981,1748.084346514375,-6.101993072197568
2022-12-13 20:00:00.000000Z,0.000221125654377,42165790.35200175,0.161469437857464,79.62215797374917,150.89647595409966,104.22172679219412,-0.0423347551909432,-47.45092030525308,35789942.084550425,38135950.184011824,-17993971.367340356,-114850.74155695934,1312.5181926318464,2780.186366545917,-2.22700444147932
2022-12-13 22:00:00.000000Z,0.0002147995674605,42165309.20863561,0.1614768168584412,79.72596729343205,146.21868287377825,138.8696824704945,-0.0297943066450994,-47.45907963973096,35793993.31272199,42023183.52563299,3539414.076635289,-114756.22801852718,-257.5661177229515,3063.311250646876,2.2540758631652085
2022-12-14 00:00:00.000000Z,0.0002151410923834,42164937.855760455,0.1614404441990837,79.75511787063925,140.3851006636303,174.74359212463125,-0.0093365164305399,-47.47174110446627,35795834.10262072,34595761.91350454,24119910.18492693,-83838.01098005539,-1757.990578454836,2521.655072197591,6.138171469223213
2022-12-14 02:00:00.000000Z,0.0002191071915265,42164977.180603445,0.1615650852513752,79.73385632747004,134.63676583282577,210.582005424034,0.0136451447837491,-47.48506695341118,35794793.228444226,17854604.118464805,38206913.44768184,-30340.16225191285,-2785.094527710932,1301.1404337991237,8.38171391846181
2022-12-14 04:00:00.000000Z,0.0002258418658559,42165460.0065059,0.1619169664119175,79.73740258540793,129.11140571892744,246.17615672479545,0.0330830657287127,-47.49486740979225,35791167.69055155,-3693557.2074063336,42007224.44270825,31420.700748976244,-3062.449560274696,-269.915055241506,8.380102747622178
2022-12-14 06:00:00.000000Z,0.00023610597781,42166021.43288354,0.1623486852012801,79.8282578762238,125.34126773450384,279.9343174253577,0.0438397562077632,-47.49811903738567,35786164.62507797,-24246890.26870697,34495063.954117164,84885.6658694123,-2515.041254304334,-1768.7341897193812,6.1293564211219405
2022-12-14 08:00:00.000000Z,0.0002428690703287,42166083.37195189,0.1626121251920545,79.98890037442978,125.53249721112968,309.6686025960957,0.0430598964520008,-47.49408802903139,35781407.711878054,-38268236.56899257,17690559.524945207,115684.44643632616,-1289.805616121202,-2791.49322244894,2.227635177073068
2022-12-14 10:00:00.000000Z,0.0002386347877804,42165531.92939887,0.1626204264233602,80.12493295954533,129.28745567153703,335.8694633070601,0.0309170879129201,-47.48436711847275,35778211.63941053,-41977187.34975213,-3880738.94094146,115488.35450723818,283.3909931970775,-3062.1940164962043,-2.2829898540953564
2022-12-14 12:00:00.000000Z,0.0002296279103299,42164983.01365034,0.1625671907814059,80.16597564904748,134.5197222939706,0.6908427293603646,0.0105748394030903,-47.471817555335534,35777164.46092361,-34371835.782933764,-24405721.574975576,84264.55899662472,1780.4423958776124,-2507.5248907168398,-6.192647228143049
2022-12-14 14:00:00.000000Z,0.0002249948064569,42165002.42287231,0.1626961901336051,80.1443304181654,140.18449174923015,25.142238537246666,-0.012622994726729,-47.45944046513835,35778276.96118726,-17501310.81096145,-38351876.59588849,30322.459831612992,2797.5855790327173,-1276.9664885851955,-8.447425937343121
2022-12-14 16:00:00.000000Z,0.0002226573474717,42165474.09496404,0.1630287638691563,80.14713912163982,145.73752016759903,49.678048895810925,-0.0325425336168023,-47.44993135195609,35781260.78890619,4086681.607172023,-41960848.87099592,-31887.46074690453,3060.613016553624,297.5634547711547,-8.435324701179791
2022-12-14 18:00:00.000000Z,0.0002161102970006,42165898.83935138,0.1633773800468867,80.21921459335832,149.5290267291649,75.90101492997135,-0.0438841257983192,-47.44551314276589,35785540.217949584,24573788.40709697,-34262184.15221836,-85650.02683001806,2498.9161536173324,1791.5142781208338,-6.154218757708345
2022-12-14 20:00:00.000000Z,0.0002059731059238,42165954.55281873,0.1635605044925308,80.32947787998934,149.73796407540192,105.66196741809894,-0.0436044797238161,-47.44748583384568,35790160.53516138,38441062.618940085,-17333102.750043716,-116489.29261285446,1264.2840056327293,2802.439138352499,-2.213969345572093
2022-12-14 22:00:00.000000Z,0.0001995148176391,42165668.29944704,0.1635656698695649,80.41331421808694,146.2010916286959,139.1889993382274,-0.0317421821676247,-47.45562031897254,35793897.88725391,41955727.23007462,4264270.799239367,-116073.79545226828,-310.4409574816187,3058.425326424416,2.3279329792732626
2022-12-15 00:00:00.000000Z,0.0002018431767148,42165274.50028493,0.1635383092420865,80.43521107124047,140.88801357254206,174.55004595608,-0.0114178259972125,-47.46789382878708,35795609.785948545,34173905.161013626,24713599.284192085,-84465.14247305595,-1801.291439589805,2490.943383685,6.251329877272152
2022-12-15 02:00:00.000000Z,0.0002109671730032,42165065.33849253,0.1636419012956433,80.41780423908781,135.77525640502805,209.7493884942946,0.0119906844380827,-47.480858365358,35794650.938866444,17191865.42065229,38509516.99685551,-30107.887516596704,-2807.159446768896,1252.8588593128025,8.50130988550608
2022-12-15 04:00:00.000000Z,0.0002227731680066,42165273.88998063,0.1639184452609007,80.42092270740079,131.08765442000183,244.50627872289687,0.0322750526437665,-47.49059030336745,35791178.178850815,-4418721.730542429,41937155.22762811,32430.91675383979,-3057.323474404473,-322.7640877107563,8.47115151764874
2022-12-15 06:00:00.000000Z,0.000236507042516,42165832.78605148,0.1642491979613636,80.49046902092257,127.12400061438788,278.4791182461013,0.0440451205103472,-47.49398825007098,35786223.05437796,-24839152.422442622,34071135.963930234,86364.31234005638,-2484.1022797382298,-1811.9106146074107,6.165168483347178
2022-12-15 08:00:00.000000Z,0.0002480061546883,42166224.49555877,0.1644492517181364,80.61286084765723,125.77714031433798,309.7896910591223,0.0441597500371487,-47.49000957155354,35781393.48641811,-38568071.50883946,17026923.8923133,117186.26794071904,-1241.3893893364896,-2813.365150678184,2.1982579340712385
2022-12-15 10:00:00.000000Z,0.0002473379056991,42165980.312729694,0.1644535097725349,80.71748980565881,127.76152665516682,337.7926883777896,0.0325594908674135,-47.48012693547664,35778187.32274042,-41903854.70528461,-4605328.716273742,116567.90662566797,336.23849689573603,-3056.860703502997,-2.3677229236177517
2022-12-15 12:00:00.000000Z,0.0002351669881783,42165375.35429859,0.1644118327427197,80.74890484024368,131.5481677815618,4.069395814548314,0.0122870856597431,-47.467502030954215,35777347.43888632,-33945202.50881628,-24996018.40555341,84609.0963205648,1823.4641169635445,-2476.4166181907617,-6.306835221806928
2022-12-15 14:00:00.000000Z,0.0002223636144469,42165079.75369561,0.1645200902504203,80.73118447429775,136.02265644693637,29.70673305187872,-0.0113029936526555,-47.455539696080535,35778798.51727117,-16836595.31404205,-38648872.9460426,29839.055152196845,2819.170336462085,-1228.4903773999956,-8.557509620897564
2022-12-15 16:00:00.000000Z,0.0002126294796983,42165307.46807141,0.1647929157096765,80.73406427618247,140.98914992245318,54.82805372393724,-0.0319481052094626,-47.446984733211394,35782004.73449509,4810096.85421892,-41884835.27901717,-33051.7203558339,3054.964945776875,350.30407069984216,-8.50976745852914
2022-12-15 18:00:00.000000Z,0.0002020918020672,42165746.39625961,0.1650711879822362,80.79171842623313,145.26456690123584,80.58041662402384,-0.0441387891939437,-47.4436808381216,35786213.10168263,25160988.73934301,-33834146.48225973,-87154.49251145186,2467.608596604026,1834.305600621603,-6.171991374134056
2022-12-15 20:00:00.000000Z,0.0001900394965803,42166026.1730297,0.1652094641114701,80.87491776906747,146.84522394605077,108.99595334417948,-0.0445960821193592,-47.44641312919856,35790496.135376334,38734144.644877546,-16668705.957627876,-117897.17603332356,1215.777133376719,2823.797252783487,-2.169985876541958
2022-12-15 22:00:00.000000Z,0.0001820749134596,42165984.31432217,0.165213243922549,80.93031263293983,144.69071456169473,141.16895277715724,-0.0331598552810031,-47.454657753174665,35793827.428449534,41876012.14445465,4986031.189970294,-116974.36482957844,-363.1066556151102,3052.637320161002,2.421499976686917
2022-12-16 00:00:00.000000Z,0.0001847346779122,42165658.52168136,0.1652131259302665,80.93488041374138,140.166366615747,175.75903763231344,-0.0128435299802499,-47.46649156020662,35795289.64561579,33742865.87604015,25298414.219833866,-84589.45570268715,-1843.9683568247167,2459.564718247172,6.368136382840072
2022-12-16 02:00:00.000000Z,0.0001977544186237,42165262.89180507,0.1653302844047785,80.91458618255814,135.90264118532875,210.1128267841109,0.0109604659137462,-47.47886535511501,35794338.49120553,16525435.600785907,38799829.92713369,-29407.826921508167,-2828.3575812327485,1204.3153213619646,8.607765666317379
2022-12-16 04:00:00.000000Z,0.0002147051978675,42165158.80919225,0.1655676465245479,80.91733281544877,132.45480198809958,243.630669662747,0.0319119662968608,-47.48825420093774,35791041.231477536,-5141130.56225763,41854596.268213496,33762.802093212355,-3051.3126755384105,-375.40503091571946,8.535600838690725
2022-12-16 06:00:00.000000Z,0.0002323441626441,42165581.78029888,0.1658137971768719,80.96896386936989,129.00451085838216,277.1080645613022,0.0444108683120997,-47.49164949574044,35786230.26879049,-25422920.66108157,33637794.77386661,87942.64319405648,-2452.4902071141623,-1854.4585364326756,6.167108169838507
2022-12-16 08:00:00.000000Z,0.0002491461544182,42166216.47320819,0.1659450322819774,81.04918848804157,126.69106997431156,309.4273000688024,0.0450933500127757,-47.48775540766136,35781405.86413727,-38855902.78861798,16359456.599319804,118539.67936992412,-1192.694865908056,-2834.3505371923643,2.135102386859187
2022-12-16 10:00:00.000000Z,0.00025500830543,42166361.68642027,0.1659476967884033,81.1068606505024,127.1252421471618,339.0275421924878,0.0337370539200709,-47.4777981886254,35778183.91354451,-41818215.04324713,-5327150.146297323,117278.5481336522,388.8896243338965,-3050.62371292071,-2.478738040445702
2022-12-16 12:00:00.000000Z,0.0002438110158852,42165849.415952586,0.1659485798143719,81.11130230916437,129.40006981110616,6.843118967105688,0.01333223862785,-47.4650904476534,35777505.11998869,-33509264.06003652,-25577729.6509138,84442.35143575749,1865.8678781654037,-2444.633233728922,-6.433368937438756
2022-12-16 14:00:00.000000Z,0.0002251356414569,42165284.95822567,0.166079367526133,81.08893668376915,132.1717287860478,34.18760311493467,-0.0107016733916053,-47.45345639063995,35779294.72980587,-16168068.688504618,-38933812.73875707,28818.357085941603,2839.8817792620357,-1179.7470467834507,-8.662146220344072
2022-12-16 16:00:00.000000Z,0.0002080352373529,42165195.90753581,0.1663223698431229,81.09182794372525,135.55220114277685,60.89400887646781,-0.0319509797220152,-47.445826392476405,35782790.660488844,5530805.108692942,-41796564.63007073,-34649.78658164484,3048.4213029573425,402.8311640270121,-8.561385085852079
2022-12-16 18:00:00.000000Z,0.0001921160895267,42165546.26478356,0.1665391722350091,81.13689322715784,139.31383517957485,87.17151027969051,-0.0447185831885642,-47.44375580698529,35787007.985842794,25739696.261940397,-33396999.674958102,-88879.89341277377,2435.6277103061766,1876.455647358208,-6.15466320724726
2022-12-16 20:00:00.000000Z,0.0001762900423261,42165998.42194568,0.1666302951755337,81.1913148980276,141.73056160891872,114.77876698470108,-0.0455538422179223,-47.44747589587102,35790975.828453824,39015281.33624864,-16000864.86074967,-119254.19597045834,1167.0075987732412,2844.260414341204,-2.087212305209975
2022-12-16 22:00:00.000000Z,0.0001650174040073,42166230.84656455,0.1666347315056959,81.21185701006085,140.9581374838338,145.60422206778492,-0.0341868464456044,-47.45603175205805,35793835.05070396,41784192.614484206,5704616.814295929,-117560.88923464196,-415.5539708308505,3045.949305933097,2.547814647233811
2022-12-17 00:00:00.000000Z,0.0001659886268895,42166063.61438807,0.1666796489771553,81.1905171425606,137.48238054082012,179.17202640105342,-0.0136133543948006,-47.4674625126826,35794924.971561864,33302858.162413597,25874305.838778667,-84211.22937984504,-1886.0145654140156,2427.525384930606,6.50344534204433
2022-12-17 02:00:00.000000Z,0.0001809631944752,42165568.36159199,0.1668458712163769,81.16126465786776,134.40998131530793,212.34420767301515,0.0106935598730767,-47.47907655567056,35793877.51855031,15855555.218347665,39077863.11259988,-28138.24788600395,-2848.6891000588794,1155.5196602567842,8.713952585198868
2022-12-17 04:00:00.000000Z,0.0002022619005652,42165151.26569232,0.1670870308644871,81.16415399358155,132.74065789309668,244.08401335687535,0.0322359750351603,-47.48784449638261,35790740.23923807,-5860577.591328772,41759628.47555058,35593.93991001538,-3044.42648045757,-427.8292328597082,8.581232573914354
2022-12-17 06:00:00.000000Z,0.0002238320094237,42165316.19647693,0.1672788503486542,81.20402710456203,130.62691686644197,276.2368244715666,0.0452230563398504,-47.49103134418369,35786151.79983119,-25998079.508978337,33195165.930778515,89830.66329198626,-2420.2199112643398,-1896.3745105169808,6.136273122380517
2022-12-17 08:00:00.000000Z,0.0002458078404754,42166056.243942685,0.1673483178972699,81.24482090252123,128.11495968628157,308.7939415767483,0.0461242426162185,-47.487202204503454,35781423.97437202,-39131723.00666925,15688290.209731938,119938.3630775152,-1143.7362617270203,-2854.4505176546963,2.032650388900384
2022-12-17 10:00:00.000000Z,0.0002602014451635,42166615.81332956,0.1673546192124297,81.24635345521621,127.42399229887404,339.57545296923854,0.0346311985038978,-47.47725431737128,35778196.42897496,-41720347.310165234,-6046089.801073091,117753.78777627104,441.3351698635607,-3043.4871522137805,-2.626971721470884
2022-12-17 12:00:00.000000Z,0.0002544823765013,42166361.38125313,0.1674310148115735,81.20822599570963,128.43840469037525,8.6940973750966,0.0137662035491332,-47.46446328767393,35777617.02454502,-33064138.00823678,-26150781.090797357,83805.65380215495,1907.65258260134,-2412.181334989656,-6.586490912267363
2022-12-17 14:00:00.000000Z,0.0002335974453387,42165631.20038337,0.1676383655112079,81.1719496005995,129.45436899358393,37.8079936001286,-0.0109063039801019,-47.45302301362706,35779711.323007144,-15495823.18882358,-39206669.065563336,27196.40852155919,2859.7276967636426,-1130.7421875418331,-8.77574739420982
2022-12-17 16:00:00.000000Z,0.0002108166301962,42165182.67118648,0.1678969355197003,81.17529296417553,130.48985067045788,66.85814528011025,-0.0327652942130473,-47.44618597459813,35783550.58942383,6248789.509374682,-41696033.05296633,-36839.021770750245,3040.9939890535115,455.14446726499807,-8.601115857288944
2022-12-17 18:00:00.000000Z,0.0001896834674717,42165329.50185046,0.168073795342019,81.21198534721046,132.44590847648135,94.94834158563896,-0.0459147257482853,-47.44536935635572,35787880.90311001,26309972.405533697,-32950722.7281638,-91040.4421672503,2402.982418339404,1917.9687757649776,-6.1066989033214325
2022-12-17 20:00:00.000000Z,0.0001689292901084,42165869.9756618,0.1681223035348378,81.23923073441195,134.51296619441428,122.93126151024688,-0.046774496775475,-47.45027056478557,35791604.463716105,39284578.96881143,-15329525.812972266,-120778.76683126364,1117.9791550537886,2863.832491506173,-1.9623037328827249
2022-12-17 22:00:00.000000Z,0.0001524301608465,42166379.41797967,0.1681311047437152,81.22178250337083,134.49627929690428,153.0384097671515,-0.0350510737423156,-47.45938591827292,35793971.05968066,41680392.42533845,6420098.168833565,-118001.25638289424,-467.7811427918799,3038.3621458238945,2.717261168578684
2022-12-18 00:00:00.000000Z,0.0001493012145468,42166455.376254186,0.1682373391885341,81.16857128961765,132.01925940347837,185.6396143862405,-0.0138293079272801,-47.47055084390387,35794583.399252795,32854019.27888376,26441346.53274443,-83405.79603509125,-1927.428133481297,2394.825658595698,6.672015682249879
2022-12-18 02:00:00.000000Z,0.0001634623285663,42165969.2742221,0.1684865199791548,81.12578355119334,130.50662540707094,217.2663986239648,0.0112386498408881,-47.48133250134841,35793317.149220966,15182369.542454695,39343697.2117015,-26263.68086487615,-2868.1543734702286,1106.4739964603789,8.835226863471178
2022-12-18 04:00:00.000000Z,0.0001870155884468,42165282.4868901,0.1687773363274518,81.13011960191648,131.3143723656368,246.52854663487787,0.0334332024092124,-47.48924131562229,35790285.01165035,-6576939.730153665,41652349.62753939,38060.88993104715,-3036.67088116366,-480.0346278634578,8.620199393353522
2022-12-18 06:00:00.000000Z,0.0002116441568723,42165096.7981052,0.1689560715734009,81.16701685145279,131.52310518811683,276.3623010923677,0.0467593575652906,-47.49198646665595,35785969.033833966,-26564567.18096444,32743351.99881192,92232.3396779932,-2387.301778826827,-1937.659512803279,6.078909237727273
2022-12-18 08:00:00.000000Z,0.000237841057103,42165766.72720692,0.1689837350383056,81.17893848686195,129.81978199588517,308.13965448752526,0.0475573752871407,-47.48815844777359,35781434.70719015,-39395547.75014471,15013511.069100665,121606.49171200096,-1094.523950494068,-2873.668135786037,1.8902369522160083
2022-12-18 10:00:00.000000Z,0.0002612438867434,42166684.51288384,0.1690007579012453,81.1257508098903,128.64031415590924,339.4642900525256,0.0355072885208903,-47.47830660761991,35778231.39066191,-41610331.150658734,-6762083.120495376,118188.84315145056,493.5681881065026,-3035.4538195055147,-2.819632788460792
2022-12-18 12:00:00.000000Z,0.0002609684517585,42167114.68837048,0.1691808197286974,81.03577573937818,121.00652520154414,17.282563280273486,0.0137565276190405,-47.46593600324376,35778469.97930077,-32610766.4116861,-26715361.98635928,82824.4155204612,1948.6864945818777,-2379.1094560595634,-6.778358195118141
2022-12-18 14:00:00.000000Z,0.0002428206879013,42166386.81966274,0.1695232837396099,80.97774072751746,120.1201145583644,48.31903209027906,-0.0118876302854408,-47.45605740948443,35781439.765924715,-14821826.22137358,-39468249.96790851,24998.771560540765,2878.563750798216,-1081.611220003511,-8.91342091133184
2022-12-18 16:00:00.000000Z,0.0002184316836322,42165588.66444117,0.1698574297854289,80.98316639236941,117.73314221143296,80.78676087998457,-0.0345127772286749,-47.45201526525584,35785975.0574393,6961255.4744282905,-41585474.51663055,-39703.729665989085,3032.617687731575,506.98514686152936,-8.64378039081591
2022-12-18 18:00:00.000000Z,0.0001949359700296,42165416.82616504,0.1700307158132757,81.0190380505024,115.77936631328772,112.7840403877594,-0.0479772232406748,-47.45476929704943,35790461.57448832,26869182.29447569,-32499676.09024775,-93815.40581264682,2369.796072135149,1958.5348254963567,-6.039085413943509
2022-12-18 20:00:00.000000Z,0.0001703573602806,42165925.70930527,0.1700497921359944,81.02571293502554,114.53475775343912,144.09585757998985,-0.0485801083305238,-47.463009077675856,35793606.75170676,39541068.56758743,-14660996.194992442,-122706.43915300105,1069.022513812737,2882.311628891397,-1.7995221344549557
2022-12-18 22:00:00.000000Z,0.0001488083997068,42166675.85223927,0.1700678602544104,80.9723855075758,112.08993670535207,176.6650057834677,-0.0360693799108854,-47.47413743383368,35794802.98661356,41566445.61577372,7125546.665231665,-118532.67117931393,-519.369910670495,3029.919298253443,2.933709697348256
2022-12-19 00:00:00.000000Z,0.0001412462373233,42167062.38396893,0.1702473864632423,80.88561558108952,108.892801123329,210.0198235255982,-0.0137244853749026,-47.485364177194974,35794082.138348855,32400929.40654232,26993870.753942054,-82354.48644796688,-1967.8958554447809,2361.7605553153267,6.885195869658208
2022-12-19 02:00:00.000000Z,0.0001510417898366,42166711.65406112,0.1706073352557902,80.8272103239044,109.73820629992515,239.3059229711073,0.012504676963597,-47.49440989250137,35791824.99253102,14511888.8037076,39594320.40332173,-23864.48736962589,-2886.6813707971382,1057.590417131994,8.987674754276673
2022-12-19 04:00:00.000000Z,0.0001702081173742,42165847.10252808,0.1709909428994626,80.83529959117362,115.2527698583797,263.86018593192364,0.0355764534069641,-47.49963424869371,35788476.51587582,-7284589.196666732,41532593.91336161,41203.97313818026,-3028.2120622818243,-531.6686516681627,8.669204425068946
2022-12-19 06:00:00.000000Z,0.000192666595528,42165268.01520798,0.1712030940534256,80.880026321221,120.42028907036978,288.7298490259398,0.0492371119586185,-47.49985420790041,35784521.01058337,-27118493.939800348,32284174.6674339,95297.79083029476,-2354.030801508928,-1978.120759274037,6.008212853797122
2022-12-19 08:00:00.000000Z,0.0002204050462628,42165681.48856778,0.1712184492577604,80.8811500871714,122.13509922706464,317.101428044006,0.0497029328332707,-47.49446400572764,35780735.48932576,-39645730.13971087,14337757.546108952,123767.75110492966,-1045.3731867183176,-2891.961491852579,1.714810948450398
2022-12-19 10:00:00.000000Z,0.0002515726935683,42166809.04149976,0.1712519725082532,80.7881350574201,122.46164829613284,346.9602832243074,0.0367010450243439,-47.484202556527606,35778337.436133906,-41488729.43031269,-7472586.261591919,118831.67920706767,545.290813956728,-3026.5865801714685,-3.056980985957373
2022-12-19 12:00:00.000000Z,0.0002672851035056,42167465.75937197,0.1715473868252521,80.64893441556119,123.04557376445749,16.609985055544673,0.0135939862633335,-47.471915149296606,35778528.07556754,-32149294.25167807,-27269041.28166428,81712.24058709516,1989.084828736174,-2345.4491564634163,-7.017361236299589
2022-12-19 14:00:00.000000Z,0.000256462169752,42166960.97943367,0.1720729359888855,80.56590724280912,121.89804520753246,47.932631791096455,-0.0134665283927784,-47.461969821755496,35781576.87562956,-14144876.829998374,-39716034.9694664,22354.952643202247,2896.637018607385,-1032.2645620267751,-9.089814510825168
2022-12-19 16:00:00.000000Z,0.0002336190575024,42165905.84090116,0.1725498429397896,80.57686385105589,117.84295150278794,82.06273370918616,-0.0371731368320047,-47.45814533786756,35786406.31335356,7671185.853045259,-41460821.87478329,-43233.57662542247,3023.4970143856567,558.7006462314979,-8.707133574939297
2022-12-19 18:00:00.000000Z,0.0002114551567175,42165325.85158184,0.1727700990703174,80.62347213457336,113.23077363488169,116.7068687699616,-0.0510549218496548,-47.46170827797159,35791194.48086746,27420832.65970509,-32036556.95170167,-97319.28842367847,2335.973458524885,1998.6675498236289,-5.967918812082956
2022-12-19 20:00:00.000000Z,0.0001871668111676,42165651.11913821,0.1727817435340292,80.62278890730411,109.69952167982032,150.31150171451753,-0.0512554732274636,-47.47113245461216,35794369.80759679,39786137.35923,-13984559.914930206,-125247.8161542828,1019.6537817750834,2900.0745989463853,-1.6088593602223726
2022-12-19 22:00:00.000000Z,0.0001621500628996,42166553.00483198,0.1728130899985051,80.5430417967172,105.53542789056608,184.62537446866375,-0.0375944918935488,-47.483228216152064,35795231.0487085,41439388.03481045,7832996.420828211,-119407.57536744888,-570.9907581704679,3020.5801757888207,3.1957249307761164
2022-12-20 00:00:00.000000Z,0.000148788974933,42167280.76450913,0.1730686876540917,80.4270685794415,100.68870826962343,219.6587600401383,-0.0136351674047596,-47.49467537706107,35793973.501968406,31936201.280083142,27541956.06787091,-81288.63291954095,-2007.918071571244,2327.850074642387,7.150083766393253
2022-12-20 02:00:00.000000Z,0.0001522030478773,42167194.71819621,0.173554382280214,80.35432862836923,100.7918432399802,249.70208988762775,0.0142517191273211,-47.503096992958994,35791283.26515968,13834534.775226202,39835476.750166245,-21095.69606516446,-2904.359807641192,1008.2006237911564,9.184938898492735
2022-12-20 04:00:00.000000Z,0.0001643303188191,42166291.33604195,0.1740627156521075,80.36923053625645,108.02712631471658,272.5298798565675,0.0385793388793746,-47.5072626433283,35787847.351687,-7992287.457610372,41401588.77970654,44980.46548741764,-3018.759936173892,-583.2740899848668,8.74522288193004
2022-12-20 06:00:00.000000Z,0.0001806474772819,42165347.92523618,0.1743508230143104,80.43283315648067,116.95458273415558,293.6215705964584,0.0527451926811036,-47.50664085966041,35784157.6766226,-27665795.873346977,31815923.800626747,99107.4229318366,-2319.95175459784,-2018.0258345137156,5.940802097089282
2022-12-20 08:00:00.000000Z,0.0002049056773832,42165350.02323506,0.1743856169498114,80.44577130699179,122.1865451495378,318.4643779751918,0.0528072045734773,-47.50105414542024,35780744.906449586,-39884922.973361135,13658265.311392996,126610.2960515581,-995.8451441234074,-2909.3746606862373,1.5191606236545208
2022-12-20 10:00:00.000000Z,0.0002389960225204,42166458.19697434,0.1744346173195324,80.34056339035776,124.33034487692082,346.5178637856088,0.0385651499631761,-47.49110375670957,35778521.17227229,-41355214.98536152,-8180197.744625134,119940.87089969804,596.8990883650117,-3016.8057683839343,-3.3325685450671068
2022-12-20 12:00:00.000000Z,0.0002660411964582,42167587.9695011,0.1748267729561585,80.1696288419659,125.88894529122216,15.224352621947194,0.013667113765207,-47.47908931583134,35778626.15654537,-31679032.321524184,-27814116.376190163,80753.44154331456,2028.858579885242,-2311.1257780423325,-7.303781691138339
2022-12-20 14:00:00.000000Z,0.0002660506319471,42167533.63585501,0.1755494357491567,80.06562847078085,125.42557223138878,45.88389482571126,-0.0152974904116934,-47.46906785383759,35781585.59881241,-13464573.471643994,-39951809.59308809,19517.81130409156,2913.8610293429674,-982.6547681726992,-9.3134082157218
2022-12-20 16:00:00.000000Z,0.0002473237155299,42166417.08261506,0.1762251735678984,80.08697388677426,120.80629737336176,80.56790908497825,-0.040523869745044,-47.46512400897944,35786568.53457722,8378222.338961003,-41323910.12919516,-47265.11462694005,3013.527646442428,610.2227885471483,-8.80727457132204
2022-12-20 18:00:00.000000Z,0.0002283613203194,42165407.07088799,0.1765503476662691,80.15887714928112,114.11348967643184,117.2670312460496,-0.0551106050415249,-47.46903358024997,35791679.7415812,27964122.783692207,-31564077.241970617,-101524.1641045647,2301.513212296422,2038.2056360007591,-5.91407183444368
2022-12-20 20:00:00.000000Z,0.0002077848724588,42165385.28937498,0.1765829335547373,80.17079471825184,108.49331839527846,152.9470773403279,-0.0549701525180017,-47.47936129030615,35795050.65654299,40019530.12445637,-13304076.242298562,-128527.87643445808,970.0238037827628,2916.9875142024816,-1.410986742310456
2022-12-20 22:00:00.000000Z,0.0001826079233787,42166290.79217791,0.1766269516143382,80.08247055645037,102.78206167355223,188.81567533942163,-0.0399711506988672,-47.49247106652511,35795762.705490634,41300412.93467858,8538096.64881817,-120882.3136700006,-622.412915656299,3010.3551569705955,3.488378784562461
2022-12-21 00:00:00.000000Z,0.0001653263941251,42167331.13935775,0.1769456616467403,79.94855774606741,96.02322022152032,225.77861763133063,-0.0140017523928894,-47.50442413230456,35794055.61128994,31462558.97498605,28081928.81416846,-80537.92779036157,-2047.3232645357584,2293.2636865059176,7.461777156581386
2022-12-21 02:00:00.000000Z,0.0001636423892913,42167614.81617085,0.1775496890625834,79.86625056441524,93.7306509729228,258.22754747673304,0.016050301185908,-47.51251920726084,35790884.59433051,13153734.86647279,40065013.502540246,-18280.74864020153,-2921.173103182997,958.535530430425,9.43364265529257
2022-12-21 04:00:00.000000Z,0.0001681368293239,42166845.40776797,0.1781934716724014,79.89047856773149,100.07487739478871,281.9380148643347,0.0421276627352401,-47.51573881832633,35787240.72936031,-8697029.465218212,41258675.94390482,49152.05273380012,-3008.436554336366,-634.6840347763232,8.864706918841156
2022-12-21 06:00:00.000000Z,0.0001743833397242,42165649.60971832,0.1785855770690508,79.98109518054422,111.12494953323258,300.8810154969348,0.0571589039530215,-47.51417624815926,35783737.71528252,-28204564.95586501,31338721.540391777,103564.38357607689,-2285.229916516284,-2057.3247466487733,5.898645568698095
2022-12-21 08:00:00.000000Z,0.0001897516899441,42165163.813522816,0.1786647207651203,80.02697113017517,120.23732838719332,321.8108030149121,0.0569620199902458,-47.50825315339573,35780737.75044388,-40112314.82427748,12975205.819108509,130199.21682476184,-946.0731969735972,-2925.93164442362,1.3254362659455363
2022-12-21 10:00:00.000000Z,0.0002205246912608,42165996.64829335,0.1787179144940132,79.94258757718931,125.33517509538656,346.8890573387713,0.0413867834853202,-47.49866211868586,35778803.30141476,-41209828.74501448,-8884976.749144712,121727.61622866069,648.2814121550584,-3006.144488957079,-3.628587020751508
2022-12-21 12:00:00.000000Z,0.000254746831215,42167424.85849509,0.1791522184243849,79.76903332393998,128.69881265628803,13.792595202922648,0.0144003575716935,-47.48718250329424,35778855.43149696,-31200080.607135795,-28350670.87667632,80260.24115292581,2067.995965704542,-2276.14101941071,-7.627515098787978
2022-12-21 14:00:00.000000Z,0.0002670829348678,42167964.84120377,0.1800277032690573,79.65557918516141,129.7828743185159,42.91404743302262,-0.0169024777026147,-47.47727230728411,35781578.17865412,-12781113.06618797,-40175669.86399631,16839.157799380384,2930.222608757764,-932.784454987378,-9.583648265421903
2022-12-21 16:00:00.000000Z,0.0002550959372858,42167068.71342627,0.1809188049208591,79.69119439661826,125.80753752981089,76.94015711410215,-0.0441351715972439,-47.47302628051236,35786498.45750769,9082106.01808819,-41174861.04530717,-51481.77531278615,3002.7070708494275,661.5480815896897,-8.954590574963103
2022-12-21 18:00:00.000000Z,0.0002400987386484,42165725.73012625,0.1813980671377944,79.8016608958062,117.83854263665825,114.87704787472325,-0.0598668232350217,-47.47679007061594,35791845.61400303,28498821.804970324,-31082363.22405256,-106225.41194149628,2266.424436268693,2077.1525777855136,-5.897771265465314
2022-12-21 20:00:00.000000Z,0.0002258165887475,42165226.05237725,0.1814807856780546,79.849691154229,110.38538402948969,152.35352641824542,-0.0596762527939576,-47.48755765096158,35795523.11425732,40241090.9328346,-12619613.578414068,-132510.93640330614,920.1424017585152,2933.06210456614,-1.2316440563347244
2022-12-21 22:00:00.000000Z,0.0002043115610434,42165937.16995151,0.1815287817201747,79.77714992926325,103.52145849836492,189.35814504393196,-0.0434042657162893,-47.50153152602149,35796300.46900848,41149415.33686637,9240867.7528277,-123107.28556073646,-673.6320471934437,2999.255473994819,3.786854106036189
2022-12-22 00:00:00.000000Z,0.0001856664358631,42167180.929416895,0.1818769946173349,79.64231338711373,95.36912964275524,227.7147964811649,-0.015240517952508,-47.51418789408698,35794310.67496917,30979920.85136155,28613866.94110328,-80408.2766176798,-2086.1080857229317,2258.0059189486847,7.802860472993824
2022-12-22 02:00:00.000000Z,0.0001813277846394,42167881.19106495,0.1825636907450624,79.55746347516674,90.30863554986568,262.9341719551352,0.0173699667301689,-47.52230754551221,35790683.38466497,12469444.359674044,40283025.20775475,-15809.52917658782,-2937.114195555596,908.5962439546852,9.728398432989776
2022-12-22 04:00:00.000000Z,0.0001812748896625,42167418.66120821,0.183324238283223,79.59134163216457,93.79314387551008,289.49540888904585,0.045704425290812,-47.52482697061678,35786729.43661342,-9398804.217965543,41103960.81561828,53338.66795665092,-2997.234601966848,-685.8963312109631,9.035712379694065
2022-12-22 06:00:00.000000Z,0.0001774894166674,42166156.42981334,0.1838241394071002,79.71052047455426,104.09587317414513,309.15812738450506,0.0620986357472872,-47.52232601814524,35783292.759375446,-28734755.601003934,30852685.93667933,108389.5080109612,-2249.8635608451345,-2096.0171725968626,5.901072072610433
2022-12-22 08:00:00.000000Z,0.0001795543962335,42165221.48782613,0.1839588979311396,79.80156571379086,115.62048677842208,327.6309963074334,0.0620128393567362,-47.51591500667197,35780689.564281985,-40327869.055330224,12288676.237791572,134420.79281863646,-896.0610606334628,-2941.639001542999,1.1592661801514383
2022-12-22 10:00:00.000000Z,0.0001998774924459,42165576.0624774,0.1839979763301583,79.76478947457116,124.19156924844047,349.1880920824032,0.0452680427668851,-47.50663819609088,35779160.677468695,-41052573.15825051,-9586894.239112576,124266.96582097709,699.4304961930538,-2994.614110080508,-3.919207808962979
2022-12-22 12:00:00.000000Z,0.000233844470167,42167010.68391506,0.1843961890790882,79.61934901282639,130.2311858571396,13.386758468907225,0.0161278094938241,-47.495938567872685,35779280.9559589,-30712517.30104181,-28878758.505688988,80478.40849069011,2106.4824393349013,-2240.5061838760803,-7.967670130416873
2022-12-22 14:00:00.000000Z,0.0002564328659321,42168116.49416454,0.1853202969728676,79.51147580399125,133.6560808945085,40.16131212207814,-0.0177827344192169,-47.48651546838185,35781714.48346469,-12094705.410215236,-40387757.57943341,14686.034285094956,2945.701263113116,-882.6677602298706,-9.888271020239728
2022-12-22 16:00:00.000000Z,0.000253512576707,42167726.14139641,0.1863775470287156,79.56085597812937,131.507208302721,72.34738837025156,-0.0474433542845484,-47.48207548500815,35786344.991189614,9782503.380705148,-41013937.767610736,-55468.48877857422,2991.0244634324818,712.6576747003188,-9.14845944975848
2022-12-22 18:00:00.000000Z,0.0002428438718774,42166290.7743622,0.1870275215705618,79.7147426067089,123.32938447761508,110.45016203680044,-0.064818850208839,-47.485364297593335,35791729.33649242,29024593.03833572,-30591801.04439416,-111051.13568812262,2230.717283408804,2115.495535777296,-5.931652945848784
2022-12-22 20:00:00.000000Z,0.0002359668689495,42165283.056426056,0.1871819054449214,79.81819913574627,114.30513890705228,149.44237885500235,-0.0650518078460216,-47.4960516591888,35795713.268089734,40450611.6129526,-11931592.781676829,-136959.6534017588,870.0325470829282,2948.3023228144,-1.094930338596398
2022-12-22 22:00:00.000000Z,0.0002219083232265,42165593.13786308,0.1872179860686343,79.78643659528221,106.53505089249356,187.3118464601513,-0.0478420293050404,-47.5105586498176,35796736.926284865,40986353.40806636,9940972.618730778,-126044.22431186134,-724.6267226609483,2987.2989052440125,4.061098069169364
2022-12-23 00:00:00.000000Z,0.0002049864971769,42166849.62279743,0.1875447170794313,79.66983272982213,97.6835531891927,226.34868460033744,-0.0175919773595546,-47.52396559694269,35794678.12029691,30488376.30360602,29137581.77914248,-81076.72081345737,-2124.257434393342,2222.098917650853,8.144887985566454
2022-12-23 02:00:00.000000Z,0.0002000950485746,42167920.876698926,0.1882517332449696,79.58999941869982,90.3953542119826,263.7903976734033,0.017730276171764,-47.53243896631453,35790694.87044753,11781843.360628244,40489484.45179395,-14035.647012445,-2952.172862452497,858.4053325161015,10.049693009296693
2022-12-23 04:00:00.000000Z,0.0001996834995823,42167890.37841266,0.1890796921265862,79.63070792304883,90.54896333263864,293.6760646205248,0.0487035459399617,-47.534599355218,35786370.71138066,-10097380.961423809,40937578.66807924,57094.29259981938,-2985.151015870409,-736.8887852305114,9.252630939352294
2022-12-23 06:00:00.000000Z,0.0001904711680964,42166781.32315524,0.1896637552806596,79.77173723005357,98.04673868060414,316.1227103568387,0.0669780742844135,-47.53127384408404,35782854.26383664,-29256154.170378625,30358093.18498161,113151.32703302824,-2213.8607051708377,-2134.087834769869,5.957583728639049
2022-12-23 08:00:00.000000Z,0.0001793737383123,42165553.97330111,0.1898497825355582,79.9063216766834,109.07197128765463,335.0520505856602,0.0675299100134824,-47.52423048818184,35780559.098608375,-40531461.50431376,11599007.415306635,138958.77365914368,-845.8241744014673,-2956.4979662746478,1.042374888068032
2022-12-23 10:00:00.000000Z,0.0001837663251135,42165354.98250836,0.1898593843463324,79.92782679404284,119.86131008593472,354.3324731218477,0.0500282665160338,-47.51508729660626,35779507.28989074,-40883435.05260111,-10285692.56813764,127426.03932408371,750.3319665964511,-2982.232637880777,-4.176322815308442
2022-12-23 12:00:00.000000Z,0.0002084425755773,42166487.0872846,0.1901512064822158,79.83096066727256,128.9622998343708,15.420322437458635,0.0189480971356659,-47.50525826476392,35779877.07329336,-30216425.892724868,-29398284.26254036,81480.64600275643,2144.304473945598,-2204.2469091760518,-8.2962321058266
2022-12-23 14:00:00.000000Z,0.0002347430660486,42167932.143004194,0.1909934627879286,79.74150959509305,135.4587502246586,39.10399383918861,-0.0175871895637831,-47.49674303144325,35782112.85997391,-11405547.32437164,-40588175.38369418,13316.906189649682,2960.278974091521,-832.3342787929969,-10.204396095090468
2022-12-23 16:00:00.000000Z,0.0002411527994199,42168205.427687,0.1921021349130695,79.79832355606369,136.22900611218515,68.36329830235584,-0.0499143382406268,-47.49251499530704,35786316.81797786,10479095.774778634,-40841477.13946444,-58832.07509506284,2978.4672168309576,763.5163509463737,-9.375007560512207
2022-12-23 18:00:00.000000Z,0.0002354677565093,42167014.72863317,0.1928863541354898,79.98606420277756,129.22611957716862,105.25775347221916,-0.069356115468489,-47.49533061467568,35791488.50965422,29541104.07834657,-30092974.771682557,-115551.77194976831,2194.402533860599,2153.2040663255334,-6.014467584524049
2022-12-23 20:00:00.000000Z,0.0002355093005619,42165629.26757287,0.1931170332822212,80.15025372887243,119.1553833620451,145.23618941846135,-0.0705441530462225,-47.505553778056345,35795649.455788985,40647926.74729596,-11240742.834329087,-141467.2062428121,819.7275992343699,2962.700841378772,-1.0139604092827486
2022-12-23 22:00:00.000000Z,0.0002316759463182,42165395.438786514,0.1931250638212184,80.1761716145968,110.61131301416717,183.82183205142812,-0.0529224942834758,-47.520185316612434,35797005.43060365,40811327.9273601,10637734.671302136,-129427.1043628766,-775.35971353552,2974.50658334296,4.285817058748735
2022-12-24 00:00:00.000000Z,0.0002200662941246,42166426.05968093,0.1933763600894437,80.09394452145119,101.66563176532551,222.9178337759764,-0.0209778290738305,-47.53423598263531,35795083.71429603,29988259.39489717,29652622.81202031,-82486.41098681126,-2161.745173166573,2185.582103597538,8.456259889430184
2022-12-24 02:00:00.000000Z,0.0002042365540185,42165880.32981257,0.194028808687191,80.02562714004804,115.25967134219484,239.4635911724416,0.0168994784751951,-47.544913579454544,35792117.56706812,11092859.816903338,40685115.9355696,-13133.416892157342,-2966.134472453799,808.1639040657448,10.366893907584569
2022-12-24 04:00:00.000000Z,0.000202383484705,42166313.37718254,0.194853923173694,80.0680889495159,112.33726674861737,272.4207148108951,0.0506359498061213,-47.54988042150184,35787814.23025411,-10789561.323758025,40762104.97186953,60053.7307245996,-2972.0705412262355,-787.3519209547624,9.494266217759936
2022-12-24 06:00:00.000000Z,0.0002007848637314,42165549.16545415,0.19547582593381,80.2177615228088,117.45455663675946,297.23712243949154,0.0711707403683101,-47.5486350152996,35783536.09242056,-29765449.46211417,29859854.56541729,117383.2515399072,-2177.313430220321,-2171.228469659629,6.061776886427494
2022-12-24 08:00:00.000000Z,0.0001957094256315,42164261.21706017,0.195696140898387,80.38128190503886,127.39927410854465,317.21744229114745,0.0729004877930292,-47.542188360742486,35780067.10282486,-40721075.49340766,10912727.866272368,143357.73849917026,-795.6013786699417,-2970.3952881603914,0.9839891276575548
2022-12-24 10:00:00.000000Z,0.0001988307851309,42163588.45446693,0.1956731170110009,80.45322198199821,137.40987876931896,337.2272493070619,0.0552053322619744,-47.53195723018055,35777721.314961284,-40701956.065538496,-10974973.1751161,130861.935748845,800.8362286286306,-2969.136953306121,-4.378857459774152
2022-12-24 12:00:00.000000Z,0.0002198907511981,42164209.19115719,0.1958271307223472,80.4088516999295,145.24855847517472,359.5276585796124,0.0226374375431683,-47.51938270497184,35776800.98976938,-29711465.415047005,-29904192.246286552,83100.10960115294,2181.592247754148,-2167.5483045311103,-8.586460781990976
2022-12-24 14:00:00.000000Z,0.0002502005734618,42165651.19164644,0.1964856902573792,80.34435927333142,151.31077727293354,23.625033023068863,-0.0162713007955088,-47.50644032985799,35777848.10804054,-10711506.794538856,-40772423.76446331,12761.10858852806,2974.2827693127874,-781.7092340778536,-10.504950413663506
2022-12-24 16:00:00.000000Z,0.0002664211104623,42166520.89787691,0.1975053575235884,80.39918473618819,154.18182073300656,50.79153673998915,-0.0512483956465627,-47.49621683742482,35781280.58277957,11176107.095269028,-40651043.71329646,-61357.11212719495,2965.225274069277,814.5794806460382,-9.610038187119226
2022-12-24 18:00:00.000000Z,0.0002616339807743,42165878.31743484,0.1983352743861563,80.5978575444237,150.78767987945355,84.07304059717605,-0.0729706810674611,-47.492306140368974,35786599.323247984,30052439.61825552,-29575354.82630374,-119357.36749222408,2157.217071778497,2190.899510954122,-6.128189666695466
2022-12-24 20:00:00.000000Z,0.0002551206947568,42164405.48811263,0.1986226529571192,80.80754269475,142.17192696590374,122.5567742105314,-0.0755265015632171,-47.49675019978399,35792055.30080552,40833393.97681187,-10532704.37394433,-145569.457475098,768.4812096019959,2976.6294726767114,-0.9813747423644588
2022-12-24 22:00:00.000000Z,0.0002503102289266,42163626.267052494,0.1985956187347458,80.89201076382619,133.8757692352684,160.83913614113374,-0.0580309118159962,-47.50819687694616,35795458.308605365,40618431.75531093,11346255.245845798,-132789.4722392642,-826.7533597326444,2960.683413696553,4.453993158641874
2022-12-25 00:00:00.000000Z,0.0002359169189212,42164214.29977559,0.1987360939546198,80.8521074667177,126.4623249037754,198.36059198986865,-0.0249398675873891,-47.52223246265039,35795517.936619096,29467735.300327323,30170559.23316228,-84274.55290648986,-2199.226742799271,2147.70065722877,8.715598153389562
2022-12-25 02:00:00.000000Z,0.0002223477106867,42165503.854416095,0.1992701416704218,80.7996459523981,118.22369573998915,236.72238176838695,0.0150698057436756,-47.5336931679715,35792509.64760792,10383472.088457014,40872322.897136845,-12920.2704275688,-2979.710917543197,756.398919594626,10.650534390090636
2022-12-25 04:00:00.000000Z,0.0002209447468335,42166316.189813554,0.2000201810005862,80.83883537104984,113.06410920681328,271.91954639391014,0.0513794774383339,-47.53907637889666,35787865.08658186,-11496787.979575964,40568358.74555233,62172.05292385583,-2957.9092078373787,-838.9712752064386,9.728107371766908
2022-12-25 06:00:00.000000Z,0.0002200980923057,42166003.57785604,0.2006226032054283,80.98211294901662,114.88679877412136,300.0372413480897,0.0742632357986458,-47.53753945482859,35783219.53141209,-30280120.694610003,29337342.675738394,120818.01928444706,-2139.215967329542,-2208.828697246241,6.185665573412698
2022-12-25 08:00:00.000000Z,0.0002107101827389,42164887.696157925,0.2008520638446604,81.1529689801041,122.00714872385664,322.8353547063846,0.0775133671022503,-47.530328659928735,35779669.91210639,-40904478.865074486,10202089.254888888,147186.81746602218,-743.8005454510544,-2983.841336508933,0.967689366508407
2022-12-25 10:00:00.000000Z,0.0002015489192911,42163937.68007003,0.2008056575287314,81.25448590144151,130.96937231969412,343.8645376280881,0.0601340281381526,-47.51952283943825,35777637.237922624,-40504523.70074715,-11682246.421275243,134081.86389325978,852.3749520751861,-2954.7731810659097,-4.527157018997147
2022-12-25 12:00:00.000000Z,0.0002062291597222,42164008.44158088,0.2008389433471361,81.25145110961269,139.74850890732108,5.182948744855369,0.0266314547519469,-47.50715356164823,35777211.53637118,-29186464.40321442,-30417371.638696376,84900.34030514359,2218.9374673728475,-2129.2471923055145,-8.822793942776896
2022-12-25 14:00:00.000000Z,0.0002255011061402,42165133.91176153,0.2012821186082243,81.21120538040005,147.90263714634656,27.16319145250671,-0.014177564368096,-47.49518917479909,35778536.85211724,-10000702.58070218,-40953277.47321712,12738.041781575334,2987.3625932447885,-729.8367150561252,-10.763281101493392
2022-12-25 16:00:00.000000Z,0.0002431183245685,42166328.96380087,0.202107222774657,81.25665765355389,153.6812507654666,51.430439715709525,-0.0515045333859064,-47.4860271060244,35781799.07121362,11881043.141565409,-40451168.57049564,-63112.79806351446,2950.5627841812648,866.0255221154209,-9.822651655380112
2022-12-25 18:00:00.000000Z,0.0002456958033349,42166360.161865,0.2028733148150306,81.43910761914401,153.43130357475133,81.58357879898296,-0.0754349012924101,-47.48251109589905,35786704.33623833,30561763.91503829,-29048880.63520729,-122319.39969437003,2118.7985638001905,2228.088487380472,-6.244300571574393
2022-12-25 20:00:00.000000Z,0.0002444006275099,42165153.01972661,0.2031767825568301,81.66263669625786,146.26317904620285,118.60612657432809,-0.0795338349123368,-47.48666663470183,35791948.09727211,41010142.83420283,-9821510.842616394,-148940.02764268653,716.6460104527566,2989.5686224616047,-0.9772404606478232
2022-12-25 22:00:00.000000Z,0.0002485547620119,42164000.16449591,0.2031207277187155,81.78775231273708,137.6044072269882,157.21073782692136,-0.062562217680854,-47.49782770783448,35795524.7438838,40415124.66346807,12050602.686989527,-135705.7824701714,-878.0523997409551,2945.88600637137,4.572665420039476
2022-12-26 00:00:00.000000Z,0.0002454766332743,42164032.15281308,0.2031496745283991,81.78656320721753,130.25421181058937,194.62993007902656,-0.0288632952376198,-47.5121628892475,35795909.697236344,28939273.69379893,30678351.54696512,-86016.27970724512,-2236.16307906476,2109.163603488402,8.915680084459243
2022-12-26 02:00:00.000000Z,0.0002373168554396,42165079.465832576,0.2035352857068855,81.75096881928741,122.41261139843256,232.57701807403737,0.01272206918651,-47.52443137716656,35793021.853641815,9672358.651073596,41046948.070671394,-13083.539765826275,-2992.344681333959,704.5282904469243,10.879037797647458
2022-12-26 04:00:00.000000Z,0.0002376639930971,42166094.77670599,0.2041576020255426,81.78363047798138,116.13395554490444,268.8990479095854,0.0511648808497602,-47.53054929497299,35788147.96388856,-12199003.59782974,40363050.62259735,63575.776606193234,-2942.864529109396,-890.2065492182273,9.92517117711271
2022-12-26 06:00:00.000000Z,0.0002402818484837,42166227.67848488,0.2046887235280685,81.90825536278348,115.3887823444027,299.6031472377203,0.0761834494225635,-47.529124417373225,35783083.88221071,-30784407.81170172,28807526.081384387,123368.765500359,-2100.54535760346,-2245.659817401557,6.300246504471305
2022-12-26 08:00:00.000000Z,0.0002327614077841,42165453.58777198,0.2049010218921921,82.06530706998967,119.65793699095023,325.2668403679499,0.0810165076445801,-47.52133156530615,35779250.19914098,-41074988.30608506,9490420.220727423,150171.74149329853,-691.8893621934792,-2996.3565564726264,0.9714258648906142
2022-12-26 10:00:00.000000Z,0.0002181337781008,42164462.18775818,0.2048465187919284,82.17162418167433,126.24867916733268,348.6634970357107,0.0642702022511094,-47.50973029583238,35777307.09021427,-40295139.91727376,-12384041.280199846,136692.34909616268,903.5510185544492,-2939.572743153754,-4.631817299950938
2022-12-26 12:00:00.000000Z,0.0002092898211034,42164094.29939309,0.2048079748808481,82.19098121915232,133.65195649569444,11.3356874039741,0.0303193039231291,-47.4970480585419,35777304.86321339,-28653532.38545547,-30920040.1865762,86457.3618579692,2255.5533660271794,-2090.41389954848,-9.003188397799592
2022-12-26 14:00:00.000000Z,0.0002133625960751,42164731.682683885,0.2050723617299941,82.16882994820658,141.90693970926213,33.196450461164574,-0.0118534856002147,-47.48561550308598,35779065.95623259,-9288016.995700177,-41121312.423386425,12879.512887044804,2999.5260149989226,-677.8706710330047,-10.9663742925658
2022-12-26 16:00:00.000000Z,0.0002236763200267,42165910.55834194,0.2056689946720597,82.20218277572663,149.73245640302454,55.42785480371173,-0.0510578947390044,-47.47749629219424,35782420.29281413,12581273.784372805,-40239532.79860384,-64342.25149456226,2935.0290772035737,917.0875089848994,-9.991555685780224
2022-12-26 18:00:00.000000Z,0.0002283320357604,42166508.26323765,0.2062867419409485,82.34855038780435,153.03877599157246,82.06003807449213,-0.0768733032982441,-47.47475258909984,35787039.182902925,31061024.120630503,-28514897.127192248,-124505.82674350648,2079.800737254596,2264.50799531948,-6.335879805750684
2022-12-26 20:00:00.000000Z,0.000230201725096,42165835.94220416,0.2065578819157753,82.54944924683508,148.82451045633087,116.15128408490804,-0.0823996139495909,-47.47897955205776,35791975.32096459,41174258.9223252,-9109107.335974932,-151443.65789607583,664.6937329609667,3001.570456725543,-0.9729049261680878
2022-12-26 22:00:00.000000Z,0.0002400902371303,42164608.31617153,0.206489526730644,82.68385977929135,140.9183375073349,153.9942459186601,-0.0660761926575912,-47.489893715564406,35795569.202937715,40200128.31928602,12749595.034978896,-137847.94591754358,-928.9804634607334,2930.2442296531517,4.66553649666468
2022-12-27 00:00:00.000000Z,0.0002479343782337,42164123.36579558,0.2064435283359597,82.70667826219862,133.98064554448518,190.97679883210571,-0.0321227182970917,-47.50435601671169,35796248.95285887,28403260.68435641,31175727.7288921,-87252.53998916197,-2272.3476984219155,2070.096136151155,9.068223280985697
2022-12-27 02:00:00.000000Z,0.0002476740850185,42164746.893353246,0.2066933245739633,82.68530961159524,127.0619439131342,227.9860291689382,0.0105249960608413,-47.51735886250167,35793598.16613134,8959901.094942411,41208921.93167293,-13132.393265412786,-3004.044935899869,652.5827207771918,11.048615012248003
2022-12-27 04:00:00.000000Z,0.0002508912809136,42165748.2977579,0.2071697373530816,82.71054213537252,120.68048728419922,264.4173500562377,0.0505451082571676,-47.52441793454558,35788637.82828775,-12895940.62977628,40146325.2487867,64670.794765480576,-2926.957756437008,-941.0300193134052,10.066058810319651
2022-12-27 06:00:00.000000Z,0.0002576435440818,42166222.32915247,0.2075964910754345,82.80976452368414,118.2713080040482,296.81034362620017,0.0772351629445792,-47.52350844198151,35783183.11986478,-31278220.71534199,28270729.211070288,125258.68651536596,-2061.3292318112904,-2281.6997957130084,6.375238690987216
2022-12-27 08:00:00.000000Z,0.0002556742962623,42165858.94544166,0.2077704031503277,82.93769348516061,120.3364962533823,324.7073793557103,0.0833940470744877,-47.51546085191985,35778921.71247911,-41232730.09982732,8778175.6822538,152301.2943849213,-639.9000441329388,-3007.9278052080454,0.9617821610496322
2022-12-27 10:00:00.000000Z,0.0002423081378906,42165031.13522992,0.207721999887869,83.02742181351933,124.7464505696925,350.30222311148725,0.0672894214281729,-47.50304675552624,35776823.164108336,-40074164.204628095,-13079864.573317962,138455.775156453,954.3339789971576,-2923.5394354291184,-4.720976232100466
2022-12-27 12:00:00.000000Z,0.0002266151946267,42164419.8402235,0.207668899502557,83.04962243541286,129.98213318850148,15.139899428287016,0.0331547991778348,-47.48962850330544,35777059.24950655,-28113193.15713587,-31411802.035010222,87370.79154781016,2291.4278057064075,-2051.0705712855465,-9.143901292902212
2022-12-27 14:00:00.000000Z,0.0002178422438317,42164559.15224186,0.2078288924730883,83.03710166825913,136.30705300605973,38.92115591818538,-0.0099328955708935,-47.47813641826696,35779275.15728542,-8573956.773007877,-41276318.91511364,12720.75534624494,3010.790041401224,-625.8374135808457,-11.115735044794778
2022-12-27 16:00:00.000000Z,0.0002164866375893,42165447.0060037,0.2082330632054862,83.05995840297906,143.89988395067888,61.39505777323481,-0.0504884277094703,-47.47070350274707,35782938.18649992,13276490.46887857,-40016081.44078366,-65470.90675546936,2918.658356949968,967.7500244802776,-10.104780070060722
2022-12-27 18:00:00.000000Z,0.0002163676833649,42166342.246785015,0.2086718148588069,83.16374238129357,149.7501032574582,85.52505843893906,-0.0776942287314376,-47.46882710111885,35787491.48559271,31550149.592498165,-27973422.249596454,-126216.53869579177,2040.2524231643508,2300.1515215913623,-6.380665007863048
2022-12-27 20:00:00.000000Z,0.0002172438433189,42166287.02233,0.2088742491344231,83.31509247076495,149.28997643347708,115.91131598716372,-0.0842786456167098,-47.473451399818885,35792151.350035585,41325832.54760236,-8395553.070316307,-153194.40032335182,612.6405944238431,3012.629540239507,-0.9397447295744528
2022-12-27 22:00:00.000000Z,0.0002282326415884,42165298.66392906,0.2088137383336781,83.42530981546165,143.41348839172187,151.7488711560603,-0.0684365849829786,-47.48427854218976,35795638.36222988,39973614.17509231,13443144.803356882,-139116.18951400594,-979.5307221631494,2913.7567464357726,4.762305580605944
2022-12-28 00:00:00.000000Z,0.0002438346230102,42164476.157207005,0.2087525198658195,83.45101462610677,137.33405730471986,187.87026029900775,-0.0343134446938987,-47.49875647521783,35796523.43537018,27859880.147257693,31662617.887961738,-87686.11596123909,-2307.784434460825,2030.5040756304077,9.1971584773163
2022-12-28 02:00:00.000000Z,0.0002523008732658,42164606.349490926,0.2089178089038904,83.43783478265969,131.62064144813303,223.66544111663552,0.0090633311389275,-47.51233509578159,35794163.54721776,8246213.086595658,41358224.61655318,-12637.129590219864,-3014.826647801213,600.5687314688311,11.17126109164484
2022-12-28 04:00:00.000000Z,0.0002596018051356,42165394.371182814,0.2092663877963256,83.4566834208652,125.9033364463967,259.43800549649217,0.0501476723678404,-47.520384528603216,35789261.07438962,-13587610.526333632,39918190.76479577,65918.40593404963,-2910.2069287804884,-991.4405735425212,10.147366799116002
2022-12-28 06:00:00.000000Z,0.0002701992347903,42166044.93651213,0.2095805888906579,83.52961816074539,122.6903349741732,292.6602847013484,0.0779377355303622,-47.52029992778615,35783515.92392824,-31761686.05538117,27726957.584826145,126869.85000608789,-2021.580920081104,-2316.9491793889106,6.392553303240534
2022-12-28 08:00:00.000000Z,0.0002749218812298,42166068.62833002,0.2097046592316131,83.62083852184553,123.21706717799924,322.1323484159997,0.0849336323064648,-47.51238807050783,35778779.09707475,-41377913.38671021,8065370.66863075,153787.5285451062,-587.8431559639619,-3018.551515134388,0.9106936043664108
2022-12-28 10:00:00.000000Z,0.0002671331672202,42165536.446693175,0.2096724376149136,83.68002411580267,126.06089608099408,349.3244811348826,0.0691848921059612,-47.4993515296968,35776330.51491708,-39841886.941813126,-13769667.76404514,139367.9593243689,1004.7116066882828,-2906.668895070011,-4.825309957488533
2022-12-28 12:00:00.000000Z,0.0002508251713535,42164886.167053536,0.2096523770372577,83.68992176956756,129.59365917502825,15.878309580734784,0.0348499193475336,-47.48500289282518,35776576.48996548,-27565818.34937973,-31892599.196675703,87429.77211140543,2326.5523587448697,-2011.219727472084,-9.270464545955162
2022-12-28 14:00:00.000000Z,0.0002345979217331,42164636.834032,0.2097875218543267,83.67904844799135,133.61354552254974,41.96352336610197,-0.0089039284684726,-47.47294029687255,35779143.5923133,-7858902.374967368,-41418278.79881592,11903.776576505206,3021.162199797453,-573.7439075290505,-11.22602431041634
2022-12-28 16:00:00.000000Z,0.0002229465664755,42165093.94035342,0.2100719086115292,83.69510061312461,139.06990669369398,66.58052314610038,-0.0503637989965323,-47.46568508929796,35783218.845972665,13966429.492442956,-39780828.23356805,-66915.35825370518,2901.473855129683,1018.0127496721371,-10.163900934984722
2022-12-28 18:00:00.000000Z,0.0002143581145673,42165984.68323908,0.2103549551329135,83.76198261877448,145.18100203620546,90.48585466777024,-0.0784208531392784,-47.46450408811612,35787922.430277295,32029053.67910098,-27424440.61316005,-127835.77301494604,2000.176571534602,2335.026214675472,-6.368460282349881
2022-12-28 20:00:00.000000Z,0.000209448521036,42166438.173111096,0.2104771562101238,83.85407158447586,147.79949577160235,117.85217928972732,-0.085546107141907,-47.46970082348191,35792425.87349108,41464901.34110267,-7680785.46963561,-154468.1173154192,560.4975038998405,3022.7501983057887,-0.8583475615474704
2022-12-28 22:00:00.000000Z,0.0002164135825899,42165908.95148771,0.2104421907462164,83.91619746275882,144.7766961117193,150.8840343738731,-0.0697965075199693,-47.48062979998082,35795743.69072254,39735657.27728009,14131321.804069296,-139623.27232783975,-1029.7031226490733,2896.421704521372,4.888205445039114
2022-12-29 00:00:00.000000Z,0.0002347209791801,42165006.63442975,0.2104289621724583,83.92425039248008,140.03713743017994,185.6832439243572,-0.0353326597149209,-47.495066454457074,35796717.983363,27309176.43048879,32139067.562689494,-87241.4632197182,-2342.481834475111,1990.3828667977923,9.328616109597826
2022-12-29 02:00:00.000000Z,0.0002507377827381,42164692.71919281,0.2105806963498323,83.91185394588418,135.66316390799605,220.1378429642661,0.0086751007676505,-47.50900193013673,35794637.08276797,7531250.790157599,41494855.1814437,-11349.084292521144,-3024.704982886154,548.4771852998064,11.26792533053134
2022-12-29 04:00:00.000000Z,0.0002630891050946,42165130.70872597,0.2108469006301069,83.9264836360761,131.10624412912296,254.75337188203716,0.05046804790333,-47.517921483611794,35789908.23288147,-14274166.225345785,39678553.84121397,67683.1434189633,-2892.625307598816,-1041.454605428076,10.179580149813226
2022-12-29 06:00:00.000000Z,0.0002771780381877,42165779.72599968,0.2110642216450687,83.9770293894524,127.8345971294052,288.0557190637302,0.0788257081153033,-47.518803424763306,35784017.41660233,-32235015.528537657,27175991.21825464,128595.59013421804,-1981.3026808621307,-2351.4248432422232,6.349504705066281
2022-12-29 08:00:00.000000Z,0.0002881658117253,42166098.79676053,0.2111386260156615,84.0314115343005,127.39957123302946,318.5258970045011,0.0860805285012066,-47.51137269128826,35778856.23902865,-41510728.68971586,7351698.204871573,154958.22015101078,-535.7120415274833,-3028.233441961024,0.803062119031262
2022-12-29 10:00:00.000000Z,0.0002878875185353,42165914.86343715,0.2111287799173621,84.0543333705972,129.18107063157478,346.81692447017593,0.07020874336815,-47.49803369125718,35775958.58162986,-39598452.54810083,-14453748.134384984,139614.71591122184,1054.6882478826346,-2888.9535259640907,-4.96824415822042
2022-12-29 12:00:00.000000Z,0.0002752682141933,42165392.71432887,0.2111728643673623,84.04315483547506,131.65839722233935,14.448142055426509,0.0354114195922106,-47.48280858847002,35776015.80931278,-27011548.193187542,-32362653.72549604,86639.68381521496,2360.924273629093,-1970.850011394343,-9.408467007701082
2022-12-29 14:00:00.000000Z,0.0002564261010818,42164915.96389821,0.2113461058811687,84.02836654325473,134.01967624040995,42.19673794889227,-0.0089945458131765,-47.46988705408745,35778767.58400265,-7143016.77057741,-41547344.20128776,10261.352703216497,3030.640883946476,-521.582303752287,-11.31862965299497
2022-12-29 16:00:00.000000Z,0.0002381441085061,42164932.34002326,0.211588501520487,84.04181077948633,136.9923002633203,69.30036271499169,-0.0510814763952829,-47.46235265326223,35783243.96646728,14650948.934319844,-39533871.33058708,-68967.46120206574,2883.483351564625,1067.8840736658765,-10.181627197794974
2022-12-29 18:00:00.000000Z,0.0002218616263676,42165585.52197448,0.211769470400896,84.08410513540987,141.4543901840612,94.87889723399654,-0.0795248639069717,-47.46156136088249,35788242.13847803,32497672.536508445,-26867973.150223985,-129710.03693509818,1959.5852968209856,2369.144827764018,-6.301706013011144
2022-12-29 20:00:00.000000Z,0.0002087223735799,42166325.036343366,0.2118242735042635,84.12371586676795,145.2577989355171,121.11219458430672,-0.0866496561244404,-47.46734737900499,35792734.38076783,41591472.66783365,-6964738.384742291,-155593.8694219079,508.27104928751487,3031.942168030993,-0.721617751176495
2022-12-29 22:00:00.000000Z,0.0002074170502381,42166325.85841389,0.2118264418466343,84.12976111049069,144.88106578331272,151.55380387123583,-0.0704929771039555,-47.4785354505614,35795878.542117275,39486285.11706074,14814228.935574396,-139617.05582941862,-1079.4983488565354,2878.239367600671,5.058396667360863
2022-12-30 00:00:00.000000Z,0.0002228765133486,42165597.58506705,0.2119098487296255,84.10657509009,141.7860675716472,184.7397448946604,-0.0353389298739842,-47.49291950108587,35796826.16293666,26751151.33231854,32605153.23468074,-86035.1619510952,-2376.4461998326337,1949.7255328649676,9.48335769368899
2022-12-30 02:00:00.000000Z,0.0002434812085131,42164982.33857662,0.2121186388500364,84.0886180455312,138.80425849388376,217.80762300318335,0.0094158268452727,-47.50697316647475,35794955.5946834,6814953.061125984,41618818.68317741,-9227.275316981835,-3033.690627482101,496.29497084518783,11.360793528493886
2022-12-30 04:00:00.000000Z,0.0002610580076832,42165015.02025242,0.2123614696331819,84.10199842081119,135.70671780864782,250.96441085685476,0.0517647929597717,-47.51650449468757,35790465.629907265,-14955744.474325003,39427298.05272791,70155.33410971296,-2874.2216121586835,-1091.092628935497,10.181132280410758
2022-12-30 06:00:00.000000Z,0.0002784947446572,42165506.69483293,0.2125137509119554,84.1372836410464,132.99700389250555,283.71916821409354,0.0803002343611184,-47.51830295203036,35784581.67387215,-32698373.11930143,26617553.36590343,130731.0361993209,-1940.4922777710776,-2385.1489995487736,6.2561485100333085
2022-12-30 08:00:00.000000Z,0.0002947030633296,42165994.458046906,0.2125482233258165,84.1605122125355,132.117968741995,314.66381049613943,0.0872820670261448,-47.51156941661395,35779120.538581915,-41631280.10033077,6636753.405854583,156142.36796913532,-483.4934723661535,-3036.984939693772,0.638049990992239
2022-12-30 10:00:00.000000Z,0.0003022046284947,42166144.99914812,0.2125639663523065,84.14861296360073,133.19886909183333,343.6902181818175,0.0707472516403437,-47.49826982604682,35775777.72792769,-39343863.70867168,-15132529.792874532,139480.06744577462,1104.2764702951615,-2870.387435417228,-5.161125404296586
2022-12-30 12:00:00.000000Z,0.0002958144626774,42165862.26302952,0.2126869777527142,84.11380460593114,135.0705850096719,11.951320387260452,0.0350749098581891,-47.48240140955181,35775522.212922685,-26450331.886212718,-32822304.503415424,85173.70293777235,2394.545077152112,-1929.9457471892135,-9.576642583487164
2022-12-30 14:00:00.000000Z,0.0002779110779767,42165321.73472859,0.2129378425342254,84.09259175505066,136.49708466838536,40.64202205247603,-0.0101689639828981,-47.46857930695607,35778291.64890118,-6426272.8588921,-41663742.41913701,7819.72670522477,3039.2195969568074,-469.3386719293455,-11.414750950240457
2022-12-30 16:00:00.000000Z,0.0002562296547328,42164974.09770572,0.2132007327979898,84.10735617001012,137.5361737950463,69.67842549754685,-0.0528041604195077,-47.46048131356976,35783082.60250697,15330033.364254056,-39275353.16564701,-71746.8321447032,2864.6830846317093,1117.374285103108,-10.176503164015196
2022-12-30 18:00:00.000000Z,0.0002349627564073,42165261.7380264,0.2133388945717187,84.13896119147252,139.6728437308813,97.59297697758396,-0.0813216638542046,-47.45978131341765,35788431.58925442,32955987.42765929,-26304086.238676157,-132071.1372286443,1918.4810209990935,2402.5187101822085,-6.192585688331915
2022-12-30 20:00:00.000000Z,0.0002145191994125,42166044.44836077,0.2133523435161888,84.14302322417348,142.8015652443518,124.53600007013333,-0.0879855486087343,-47.46607597569684,35793034.25033284,41705552.56596617,-6247396.222754045,-156862.95414674107,455.9647379523709,3040.2157551052096,-0.5337721579376218
2022-12-30 22:00:00.000000Z,0.0002030471039738,42166507.91707434,0.2133949929884291,84.10029744435123,143.88169974951853,153.5691441805581,-0.0709229017922372,-47.47763211286911,35796037.44759316,39225522.37090844,15491931.864494646,-139389.43597627245,-1128.9148148113431,2859.2126918894523,5.276916399176565
2022-12-31 00:00:00.000000Z,0.0002109657533017,42166139.82835677,0.2135985667460373,84.04227063664152,142.28715828313824,185.2894919851738,-0.0346501618821792,-47.49199456322866,35796860.550782375,26185833.47027673,33060935.203824937,-84301.04380778412,-2409.678195802512,1908.52815052226,9.673298277058796
2022-12-31 02:00:00.000000Z,0.0002321245752444,42165415.079385936,0.2139183773174267,84.01533807122311,140.655578191571,217.016210265866,0.0111158283989144,-47.50595619996599,35795092.33786799,6097331.560589947,41730130.357355416,-6396.488051351,-3041.7877669825657,444.0134995334968,11.467756916088437
2022-12-31 04:00:00.000000Z,0.0002539526809165,42165066.09197557,0.2141961897431391,84.03101709855115,139.2037933101979,248.5246651559609,0.0540576846825146,-47.51576633014744,35790846.93670763,-15632371.469735973,39164356.074544266,73349.51717309123,-2855.0011878466744,-1140.3691976995478,10.172070031620503
2022-12-31 06:00:00.000000Z,0.0002745729516967,42165287.44768689,0.2143224115250714,84.0599428303307,137.57831029263147,280.2008466913427,0.0825682322038923,-47.5182677535471,35785097.055321135,-33151805.65494452,26051454.488831382,133428.26548934958,-1899.1488560980429,-2418.139976545627,6.12981474392916
2022-12-31 08:00:00.000000Z,0.0002948418367551,42165808.49349518,0.2143321805511768,84.0617297156465,136.75683655009888,311.108617866099,0.0888833870532442,-47.51228382642272,35779495.40550422,-41739573.78247002,5920228.917394604,157593.57067952203,-431.1773934543211,-3044.8185336048564,0.4259152394268165
2022-12-31 10:00:00.000000Z,0.0003094134025309,42166233.87858793,0.2143737614035793,84.02163065747291,137.43607691288705,340.56457010619124,0.0711998482109791,-47.49929920194207,35775793.11144513,-39078041.42763929,-15806362.852098614,139257.42886887386,1153.4879111523012,-2850.9694239305654,-5.403358188854513
2022-12-31 12:00:00.000000Z,0.0003104430922998,42166246.02399527,0.2145766512596247,83.96555805946112,138.9805501960252,9.174512427071647,0.0341973970124325,-47.48309910787551,35775186.1679052,-25882034.628900785,-33271849.949106045,83293.99665969022,2427.4173844025336,-1888.495257836773,-9.78402837084516
2022-12-31 14:00:00.000000Z,0.0002960204928465,42165780.54376585,0.2149226275637362,83.93802769305748,139.98171753640517,38.29761906877476,-0.0121965621181474,-47.46852373198062,35777846.276682466,-5708556.520532944,-41767682.31359349,4748.16409358176,3046.8909343125847,-417.00140783831546,-11.53054794039625
2022-12-31 16:00:00.000000Z,0.0002733578155973,42165187.48443151,0.2152461920342808,83.95740559103739,139.7814995421178,68.56936968636275,-0.0554775026591674,-47.459772465875496,35782836.401295125,16003733.988638332,-39005416.51846627,-75213.69923871943,2845.064737469805,1166.490269169824,-10.167567356951931
2022-12-31 18:00:00.000000Z,0.0002496145545322,42165078.24337492,0.2153902059048708,83.99048973712938,139.7473282826242,98.65339795860986,-0.0839387914656152,-47.458956061592296,35788522.28142084,33404010.30518317,-25732878.155074324,-135012.89760100804,1876.861550019386,2435.154234334096,-6.058474321012473
2022-12-31 20:00:00.000000Z,0.0002247357331503,42165704.80803772,0.2153893415679839,83.9791242525244,141.15649198996798,127.33100450650952,-0.0898287386232161,-47.465650585259766,35793313.023292124,41807157.25216646,-5528804.572821796,-158477.54956009373,403.5813566257391,3047.5788508818646,-0.3071026650657547
2022-12-31 22:00:00.000000Z,0.0002040214730509,42166478.1068662,0.2154671910960604,83.90455070303692,142.22521595105357,156.406967898769,-0.0714477944471226,-47.47764544535827,35796224.62427589,38953413.57624293,16164435.281544816,-139206.33886119153,-1177.9476651992077,2839.3470673620877,5.538596441149934
2023-01-01 00:00:00.000000Z,0.0002017376751848,42166554.59588863,0.2157863661229654,83.81748518349283,141.41208377644307,187.37489597327868,-0.0336391279809816,-47.49205884516634,35796853.786937594,25613305.333947133,33506442.09146371,-82313.42266871275,-2442.1725464986603,1866.792305697472,9.901395630856378
2023-01-01 02:00:00.000000Z,0.0002192625930152,42165916.823455386,0.2162450381043304,83.78159320133278,140.8686593243689,218.02265182237468,0.0134721024070842,-47.505788906737095,35795062.285564885,5378497.082852997,41828823.76454358,-3079.7749465309125,-3048.99452557198,391.6326064780818,11.599931214779009
2023-01-01 04:00:00.000000Z,0.0002431883750763,42165273.72638488,0.2166046448047873,83.80330725280133,141.15550801039436,247.786493321034,0.0571849583231875,-47.51554418061271,35791011.267011575,-16303942.63199224,38889748.86582522,77146.47892611615,-2834.967394748986,-1189.2882288894614,10.169607311518742
2023-01-01 06:00:00.000000Z,0.0002663816709663,42165162.59558087,0.2167430737206317,83.83529215927,141.07244741878455,277.91680383556866,0.0856506044656798,-47.51843306488511,35785475.66449978,-33595238.62492474,25477666.35904419,136702.3575837623,-1857.2762389944176,-2450.407358458096,5.989819759249452
2023-01-01 08:00:00.000000Z,0.0002895675371884,42165592.25127792,0.2167442129253887,83.82732349249261,140.81725579256488,308.2673949171394,0.0910849157285329,-47.51310036513357,35779891.21036069,-41835546.00414258,5202018.977482364,159458.87932227892,-378.7625233231854,-3051.744899075173,0.1831952497135698
2023-01-01 10:00:00.000000Z,0.0002869295285302,42166478.61104333,0.2168084515684075,83.76881777719115,135.99144825478527,343.245851436278,0.0718980931220395,-47.50106576811714,35776756.13685657,-38801763.04530821,-16475400.522897404,139193.154508259,1202.1882699293303,-2830.71088056936,-5.684884404762112
2023-01-01 12:00:00.000000Z,0.0002948415093401,42166793.47601578,0.2170813424900386,83.69700939945196,137.66382549546307,11.742127144116235,0.0331615377595418,-47.48636628824013,35776483.98019284,-25308591.19265682,-33711729.02204881,81286.95045113706,2459.357684949788,-1846.5819486720936,-10.02979559042839
2023-01-01 14:00:00.000000Z,0.0002852491126178,42166506.205949806,0.2175219109480285,83.66497044206422,138.46601734364094,41.066971065966506,-0.0147356569139506,-47.473540230187176,35779299.34125706,-4993096.575672177,-41860702.617519625,1304.5290207699309,3053.500294389565,-364.798609364869,-11.674619384848448
2023-01-01 16:00:00.000000Z,0.0002640341205924,42165797.32523613,0.2179247477423283,83.69126966879753,137.1019220242958,72.49382055326518,-0.0588826311114141,-47.46664647864024,35784308.708693124,16668237.724375254,-38727708.48746695,-79200.45819464719,2824.642785605869,1214.891936834747,-10.170764464220117
2023-01-01 18:00:00.000000Z,0.000240646150864,42165328.61139148,0.2181067532631795,83.73472877277383,134.6149834741609,105.0183923724194,-0.0873310256352836,-47.46767674457572,35789818.74624555,33838908.64553506,-25160396.811829757,-138497.61388280615,1834.9853684154225,2466.757113926532,-5.918746877863007
2023-01-01 20:00:00.000000Z,0.0002149029323991,42165670.16781591,0.2181117309490292,83.7258356773069,133.16226919518263,136.55389680967852,-0.0923150955149824,-47.47587649174969,35794111.16559589,41896001.040089846,-4816413.105055712,-160537.6003421286,351.5438391907401,3053.959110697933,-0.059701494243501
2023-01-01 22:00:00.000000Z,0.0001883242028063,42166568.54892019,0.2182117328959982,83.63962256902906,132.0802120343611,167.7917009238938,-0.0723501272103662,-47.48845099159162,35796192.91824129,38672743.91127497,16824790.647121873,-139281.14620953662,-1226.2015677760971,2818.84965061702,5.830598688583219
2023-01-02 00:00:00.000000Z,0.000176481010066,42167077.52414049,0.2186189390476042,83.53504295547728,130.2856526789242,199.75936976615003,-0.0326698583563396,-47.50206721063737,35795943.90828843,25038552.820190668,33936963.8647292,-80350.41117032264,-2473.733336251424,1824.9064159869872,10.16287347099321
2023-01-02 02:00:00.000000Z,0.0001870789963933,42166689.14401909,0.219214292222951,83.49297164396401,130.68209611304425,229.475387127486,0.0161216600668428,-47.51384998481572,35793677.04138839,4663940.881763125,41913119.12341726,443.4846779876725,-3055.3624993343496,339.54969210837214,11.761824962651096
2023-01-02 04:00:00.000000Z,0.0002088466286818,42165882.85083258,0.2196841318248109,83.52388236126535,133.7284057073856,256.47275456983976,0.0608693750719258,-47.52142226996792,35789803.975051455,-16966029.791473508,38604176.74786229,81331.29811802943,-2814.3455903104677,-1237.5714071820385,10.186792824409295
2023-01-02 06:00:00.000000Z,0.0002320474687343,42165428.81435138,0.2198667093544607,83.56756342260375,136.52337191865007,283.7147634693736,0.0894224014932777,-47.52288749500866,35784969.95959257,-34026162.75380452,24898355.464665078,140454.66218029658,-1815.1671986684623,-2481.819363465635,5.85473964370551
2023-01-02 08:00:00.000000Z,0.0002562924118794,42165663.554790646,0.2198729322649332,83.56184682146831,138.0619243639657,312.26950935524064,0.0939446329239035,-47.5174009954737,35780256.27936711,-41918855.90693552,4484803.869261968,161780.00856796387,-326.5553759706334,-3057.7478364732765,-0.0705004300936487
2023-01-02 10:00:00.000000Z,0.0002804340810123,42166362.06252988,0.2199526752892406,83.49601824656867,139.46882069832822,341.02202701258943,0.0730680085735246,-47.50592379295219,35777042.61897875,-38514336.2988245,-17137258.211641457,139449.74945004773,1250.47678848465,-2809.685089522944,-5.991352403705295
2023-01-02 12:00:00.000000Z,0.0002953455266556,42166951.01683144,0.2202775509731155,83.41542793564591,141.32616297084098,9.341880592327849,0.0323002525925733,-47.49146587078388,35776525.27730132,-24728026.65381608,-34139917.19381966,79391.11525603605,2490.620003664008,-1804.1973985613188,-10.307638052700453
2023-01-02 14:00:00.000000Z,0.0002919108310667,42166906.9015474,0.2207984139400974,83.38137906952942,142.3739036495415,38.42340075514,-0.0174342562236051,-47.478427740521205,35779125.17494186,-4275864.891423524,-41939858.46709632,-2260.643890415895,3059.32531196617,-312.4652600745952,-11.849871229599913
2023-01-02 16:00:00.000000Z,0.0002732729481727,42166203.09273257,0.221281854597417,83.41566460487624,140.849743995571,70.00276747098295,-0.0627347210386363,-47.47109541246199,35784122.80296342,17328868.923764236,-38436434.25261567,-83506.3104624052,2803.4570305577363,1263.080273746187,-10.19650432098708
2023-01-02 18:00:00.000000Z,0.0002510557777152,42165456.56281284,0.2215172829489798,83.47450346764218,137.13326043430428,103.7417470385571,-0.0913420135222714,-47.47188076100258,35789831.74274132,34264889.827008,-24577115.90266812,-142416.17640244382,1792.4965869217665,2497.8075068731187,-5.787814524426048
2023-01-02 20:00:00.000000Z,0.0002272894396407,42165453.74212743,0.2215392095798147,83.48106678539966,133.7536393868984,137.18849290142717,-0.0954425024833723,-47.48028643053085,35794346.3798588,41972560.60772499,-4098282.937144813,-163041.19394616596,299.21391186592274,3059.504268597552,0.1936044956832529
2023-01-02 22:00:00.000000Z,0.0001992406793027,42166304.33796658,0.2216438508060533,83.40119747147618,130.98565124462803,170.10540620872752,-0.0737743510666992,-47.49333839406398,35796443.60309206,38379330.32096769,17484356.745682478,-139711.731677219,-1274.2725425066335,2797.416277474833,6.140364455147641
2023-01-03 00:00:00.000000Z,0.0001799801722719,42167157.166880816,0.2220967861364159,83.29235735913385,127.63932482729663,203.62884371310875,-0.0320002439595477,-47.50721610482087,35795972.93149568,24454195.106199283,34360467.31074352,-78586.56377319407,-2504.619975992264,1782.2788121764463,10.449262346937951
2023-01-03 02:00:00.000000Z,0.0001827048930999,42167122.07296366,0.2228004636414061,83.24814356929225,127.0567980062366,234.32621127937173,0.0187474830858635,-47.5187647330679,35793476.96657162,3945878.733556189,41986605.59877957,3957.9734363070174,-3060.757875562241,287.18892419119777,11.9508807676268
2023-01-03 04:00:00.000000Z,0.0001998775333584,42166303.22772156,0.2233878170035547,83.29009005150706,131.2503868238581,260.1657465569525,0.0648075348747687,-47.52585506469007,35789604.12645605,-17624505.743493732,38307803.94184412,85696.30925880949,-2792.7754198985967,-1285.578678074009,10.228442663917162
2023-01-03 06:00:00.000000Z,0.0002208281161682,42165546.56673843,0.2236360314759879,83.35198487351566,136.39772531453798,285.03741260382594,0.0936712728044094,-47.527074662692215,35784991.882026106,-34447642.205176584,24311900.122837137,144538.01154186192,-1772.423893300012,-2512.526775646845,5.736275293448186
2023-01-03 08:00:00.000000Z,0.0002441835921065,42165512.09702772,0.223657026113414,83.35932763655646,139.73576530831951,311.7793884923787,0.0973986900899252,-47.52180794256164,35780513.81997856,-41989755.17355076,3766328.5202423264,164510.50802286915,-274.1670210498753,-3062.865181897729,-0.3195819112980829
2023-01-03 10:00:00.000000Z,0.0002703740048795,42166191.09930664,0.2237416289924572,83.2969426616333,141.93325430918256,339.7373678710544,0.0748119246418013,-47.51083198114682,35777358.65277753,-38215661.6004243,-17794083.011449624,140103.13789953568,1298.376685178324,-2787.840833079559,-6.306295986070765
2023-01-03 12:00:00.000000Z,0.0002910025476819,42166998.24850148,0.2240948923624026,83.21461931199755,144.1892482105475,7.659907523663523,0.0318580877084013,-47.49677208519381,35776699.98276115,-24140418.97406353,-34558130.75652885,77787.26492785526,2521.129126798715,-1761.2921860075403,-10.605522116311894
2023-01-03 14:00:00.000000Z,0.0002939676670708,42167227.03358472,0.2246728887032701,83.1809301762048,145.6594399673895,36.31858167211367,-0.0199659560603984,-47.48377276706504,35779101.01179563,-3557733.57307208,-42006847.24935936,-5705.86126950242,3064.237789028059,-260.0585553895736,-12.051883355223936
2023-01-03 16:00:00.000000Z,0.0002790072757189,42166629.74918332,0.2252255895297342,83.22295394700643,144.32487562509718,67.70086529578113,-0.0667079818434709,-47.47619101162937,35784025.90841638,17984020.50494804,-38134174.44408819,-87889.83733347176,2781.45394250426,1310.8756962478813,-10.249272250411602
2023-01-03 18:00:00.000000Z,0.0002586661910546,42165707.15149525,0.2255164724668615,83.29852913231906,139.89879462697797,102.13290464162378,-0.0957287147469794,-47.47677521174473,35789859.91520926,34680540.87552891,-23987049.73927192,-146588.5623450612,1749.5086191194284,2528.112093997828,-5.67785113915673
2023-01-03 20:00:00.000000Z,0.000238217401073,42165361.49102473,0.225558573577815,83.32761187920168,134.98436265489605,137.0917806592875,-0.0991085060133257,-47.48533879669338,35794580.508455455,42036771.20934952,-3379413.5046122563,-165913.60185614394,246.83500771331916,3064.154375275371,0.4364583021246634
2023-01-03 22:00:00.000000Z,0.0002122075755014,42166028.37051081,0.2256500530817452,83.26693695774323,130.6879981416543,171.51739253220111,-0.0757768885808788,-47.49887331377019,35796741.43270084,38074914.5629428,18138398.395353973,-140543.02717447697,-1321.9286619787028,2775.1781351447607,6.451753236950093
2023-01-04 00:00:00.000000Z,0.0001891946977491,42167090.91988867,0.2261016907120694,83.1655473285069,125.70297987889649,206.67168219094253,-0.0318246716036345,-47.51314291198271,35796082.52240804,23863192.001658715,34773652.438774206,-77170.77534450253,-2534.739781535577,1739.1558063644757,10.748331234588928
2023-01-04 02:00:00.000000Z,0.0001852701737967,42167445.19313044,0.2268671825552542,83.12307471058128,123.22153438656112,239.26632819911407,0.0210660093952084,-47.5245943240401,35793299.62372243,3227339.363274756,42047762.066042215,7248.256993894567,-3065.247584327586,234.777254074162,12.161145712923348
2023-01-04 04:00:00.000000Z,0.0001964309367543,42166760.712073416,0.2275579100487231,83.17592622581934,127.28430936612013,265.22629079869887,0.0686919031279988,-47.53116741177956,35789311.43109013,-18277183.967525937,38000396.69687218,90009.44908974215,-2770.4074956145378,-1333.1848313416567,10.296002701453418
2023-01-04 06:00:00.000000Z,0.0002125437448152,42165783.63956418,0.2278812052211586,83.25947568307213,134.34864762947046,288.1597699662732,0.0981364895079158,-47.53191709732889,35784851.792496234,-34858609.451646194,23718617.940492906,148757.28762161953,-1729.1970694883978,-2542.4932222345924,5.643087050289164
2023-01-04 08:00:00.000000Z,0.0002326017037375,42165441.620013855,0.2279221716888625,83.28809007450553,139.80455368134312,312.7626425177173,0.1012952055454741,-47.52661237185875,35780644.357800454,-42048191.74135426,3047021.836160873,167538.55217382227,-221.73275872168492,-3067.094832681251,-0.5500013799177255
2023-01-04 10:00:00.000000Z,0.00025845662874,42166001.495648816,0.2279990657499269,83.23838777412716,143.22355771265998,339.48604157567127,0.0771244624786506,-47.51601781726717,35777657.187693045,-37905858.279336594,-18445513.417784505,141149.55985057817,1345.8668418642396,-2765.1944901042853,-6.613991567354139
2023-01-04 12:00:00.000000Z,0.000282936775691,42166948.9769961,0.2283541927354084,83.16064101462106,146.1292263637481,6.753856107195436,0.0319770930634138,-47.502434287382464,35776964.14811714,-23546005.421873227,-34966159.58865659,76580.29528293508,2550.8739249643854,-1717.890671993342,-10.909650215340209
2023-01-04 14:00:00.000000Z,0.0002919161641796,42167449.841335945,0.2289608923809269,83.12912866447753,148.19062052913165,34.81891257055763,-0.0220780706814887,-47.48967740176245,35779206.17132937,-2838979.99427036,-42061641.63890957,-8844.789950706165,3068.237559071821,-207.6038940168504,-12.272307928553662
2023-01-04 16:00:00.000000Z,0.0002813584224263,42167035.9785945,0.2295628731763929,83.17740438400777,147.3212587856338,65.72980454736602,-0.0705035406135859,-47.48203422178042,35784019.63532555,18633449.560265448,-37821072.41761346,-92130.80543503795,2758.643000199844,1358.2570384764704,-10.328154259580892
2023-01-04 18:00:00.000000Z,0.0002634528220201,42166044.22730034,0.2299020859139114,83.26810609131631,142.6495981419769,100.39242929643498,-0.1002203743313336,-47.48248377469304,35789908.36173598,35085716.088712886,-23390464.41157726,-150815.38121367182,1706.0384458244357,2557.658845651541,-5.595361574777482
2023-01-04 20:00:00.000000Z,0.0002468751999782,42165400.59963764,0.2299624298586967,83.32142815475531,136.63730293391367,136.42481154806097,-0.1031342418812995,-47.49116129153134,35794803.88883113,42088622.90727641,-2660110.955161584,-169023.25178435596,194.42687590714763,3067.910714079635,0.6569831629097131
2023-01-04 22:00:00.000000Z,0.0002253277644893,42165797.26266088,0.2300264220786665,83.28675465230108,131.15794719391468,172.00695895796096,-0.0783078995910832,-47.50514876183838,35797069.082169,37759621.83401135,18786667.448625457,-141738.63363550737,-1369.1529353296137,2752.1494696153736,6.750756115388055
2023-01-05 00:00:00.000000Z,0.0002021293480167,42166920.0415199,0.2304349611361595,83.20101384951421,124.9440542769686,208.37398514789257,-0.0322269522564025,-47.51991016900285,35796281.895108595,23265773.17986304,35176406.948113784,-76165.18118304413,-2564.080863510158,1695.5600327227262,11.047195270486888
2023-01-05 02:00:00.000000Z,0.000193911433048,42167633.35368519,0.2312073487361555,83.16318204888404,120.3764032399068,243.05011672535417,0.0228832481863427,-47.53144469753991,35793200.90621862,2508615.727067617,42096656.44913681,10171.076665146738,-3068.826430138175,182.3415270304069,12.383327113939837
2023-01-05 04:00:00.000000Z,0.0001996201134925,42167204.58068125,0.2319694124914228,83.22468976625491,123.00937753563076,270.43166263278994,0.0722630570987257,-47.537580652449904,35789002.518712714,-18923772.448957227,37682219.118496336,94079.40926611384,-2747.248180738525,-1380.3633844524263,10.38565409198364
2023-01-05 06:00:00.000000Z,0.0002092602366179,42166122.44789445,0.2323649235925434,83.32968551535747,130.88843103871216,292.52956166555555,0.1025529039486703,-47.537746781940456,35784603.05436996,-35258870.94657541,23118937.67108596,152917.18005253695,-1685.5074661017975,-2571.701208866659,5.577926676701676
2023-01-05 08:00:00.000000Z,0.0002234794546165,42165473.0588196,0.2324271227218813,83.38433433599486,138.32144756361535,315.1295371738335,0.1054266647982382,-47.53219033170854,35780656.88580108,-42094157.05986892,2327379.384798437,170711.55584860165,-169.28150899825442,-3070.436624824596,-0.752859213810921
2023-01-05 10:00:00.000000Z,0.0002463302389888,42165828.32517152,0.2324839325769455,83.35413465602338,143.276769758951,340.2968776844108,0.0799066520734597,-47.52183184256276,35777912.47712225,-37585120.90736278,-19091120.433418527,142516.65101354834,1392.921649583177,-2741.76406242324,-6.90151534696506
2023-01-05 12:00:00.000000Z,0.0002723606919403,42166826.55220144,0.2328149035724556,83.28596579793418,147.09293562872983,6.644122790149809,0.0326910838969036,-47.50874487485056,35777282.06217222,-22945124.810920555,-35363750.6230913,75795.785299951,2579.840896498234,-1674.022241937152,-11.206333805577332
2023-01-05 14:00:00.000000Z,0.0002862842637668,42167568.40222871,0.2334198318678834,83.25782899886049,149.91373515471753,33.946004523518866,-0.0236133780281794,-47.496385880320624,35779415.90318315,-2119987.565276358,-42104213.39420958,-11561.020413683573,3071.3257294963964,-155.1328982414451,-12.500148776093804
2023-01-05 16:00:00.000000Z,0.0002804349502099,42167389.02969779,0.2340466068018096,83.31005921202065,149.73856399352294,64.15864302557911,-0.0738813019635872,-47.48885301493772,35784094.9969088,19276829.538808413,-37497312.18257998,-96051.9898111642,2735.0383754666573,1405.198119847933,-10.427603787873682
2023-01-05 18:00:00.000000Z,0.0002653271019327,42166429.31098462,0.2344206103021643,83.41200897320782,145.23003929166637,98.64694414996526,-0.1045544225366467,-47.48924011676042,35789971.529428326,35480225.83583712,-22787692.96384573,-154903.14290480365,1662.1089953096396,2586.433500128171,-5.541418332522737
2023-01-05 20:00:00.000000Z,0.0002526185009789,42165561.162215725,0.2344948297902989,83.48715967782671,138.55025971314058,135.3249143200397,-0.1072981798950639,-47.49798151601341,35794997.458317496,42128103.18533025,-1940755.1180673311,-172207.16738934067,142.014429092851,3070.7749527831315,0.8480439078505931
2023-01-05 22:00:00.000000Z,0.0002367992963917,42165650.98172075,0.2345233308703462,83.47974067471574,132.25341783379824,171.6969121589001,-0.0812364240380364,-47.51234838058275,35797394.11120148,37433602.46228179,19428852.78719896,-143202.5303117876,-1415.9260458114811,2728.34705176371,7.026366852635531
2023-01-06 00:00:00.000000Z,0.0002162573359572,42166695.839050695,0.234858493792439,83.41398068828607,125.34255589875228,208.74039525964275,-0.0331913294927107,-47.5276432079368,35796553.87149986,22662195.75233577,35568577.762693696,-75558.75133277457,-2592.632992564213,1651.5175120333467,11.333718377452085
2023-01-06 02:00:00.000000Z,0.0002061966996765,42167683.00639679,0.2355856014066868,83.38240038697171,119.11548170991576,245.06944238937015,0.0241012935785058,-47.53943787519963,35793209.57919046,1790007.2840465126,42133338.17522925,12653.80345845275,-3071.492933204277,129.9111756555231,12.60667985470814
2023-01-06 04:00:00.000000Z,0.0002083389909966,42167587.55172443,0.2363755944276311,83.4487697465539,119.58976376410192,274.60509589527777,0.0753328083194154,-47.54529894720748,35788743.43150667,-19563997.678841498,37353530.47025093,97767.3055046013,-2723.3067849882527,-1427.08641330649,10.490074380793883
2023-01-06 06:00:00.000000Z,0.0002117710949049,42166533.05008152,0.2368282720197076,83.5712887470696,126.9231966312061,297.2316752366758,0.1066838110865478,-47.54488039938748,35784308.513161644,-35648266.862171315,22513291.08075136,156843.3997153959,-1641.377295029592,-2600.1322426557454,5.538532072092706
2023-01-06 08:00:00.000000Z,0.0002183077294194,42165617.96106261,0.2369096573726683,83.65264710703475,135.61380949986568,318.5477352548183,0.1095623593075731,-47.53892970694763,35780580.88166665,-42127685.63673244,1607906.2278043935,173860.01753908698,-116.84350631299488,-3072.8897120229667,-0.9245517782199464
2023-01-06 10:00:00.000000Z,0.000235458185086,42165705.5515774,0.2369366721261201,83.64579170177394,142.13959522699943,342.1211677668964,0.0829890684579421,-47.52866930802218,35778119.572174534,-37253697.59452287,-19730464.28192661,144080.4012695704,1439.5139681604512,-2717.5680988903914,-7.160093608740519
2023-01-06 12:00:00.000000Z,0.0002603765535814,42166658.80799344,0.2372209047376156,83.59070924551244,147.07274262639382,7.33786315230666,0.0339333394475777,-47.516065940683504,35777632.47645874,-22338178.73161319,-35750650.16880148,75385.5695835726,2608.015709278317,-1629.7185290293278,-11.483731233081508
2023-01-06 14:00:00.000000Z,0.000277618405818,42167587.68010881,0.2377952007300786,83.56660176942749,150.8147737808631,33.7139708422574,-0.0245198332917291,-47.50422406323607,35779711.99743752,-1401201.69817039,-42134554.40252986,-13815.307038440344,3073.5046028256647,-102.68049169086026,-12.723490084071182
2023-01-06 16:00:00.000000Z,0.0002762450993029,42167665.208227605,0.2384204149049056,83.62009998496738,151.52786785616397,63.03681133978226,-0.0766842691365186,-47.49695828855506,35784244.00114168,19913787.744088016,-37163120.408600494,-99537.14491301493,2710.657402757005,1451.67003135878,-10.53860409029071
2023-01-06 18:00:00.000000Z,0.0002641188731484,42166824.10884664,0.2388124755570895,83.72826155644223,147.53068887696816,97.00754021089048,-0.108508788215347,-47.4973585000377,35790043.00770415,35863861.90025598,-22179125.91609304,-158688.08558656447,1617.747499613209,2614.420466811451,-5.512110734585271
2023-01-06 20:00:00.000000Z,0.0002548681312097,42165821.76390306,0.2388951157245226,83.8198356406708,140.58488061975643,133.9351039618097,-0.1113678703576874,-47.506107754409456,35795139.96496417,42155210.76320015,-1221785.8106820253,-175294.35306952315,89.62632637079275,3072.749304197981,1.00774185467446
2023-01-06 22:00:00.000000Z,0.000245071225485,42165611.39585535,0.2388869609844972,83.83680016337847,133.7801007646629,170.79039328387432,-0.0843740269758732,-47.520735370673485,35797674.74971274,37097038.38541648,20064592.441837475,-144796.477473582,-1462.227131501499,2703.78953758397,7.271649230259577
2023-01-07 00:00:00.000000Z,0.000229159585825,42166468.45304236,0.2391339999718241,83.79171885431805,126.61627626829087,208.06566442219352,-0.0346136349267644,-47.5365276922553,35796857.55648735,22052747.472970776,35949976.740965165,-75275.49821189384,-2620.3878055895148,1607.0564808035872,11.597927791363391
2023-01-07 02:00:00.000000Z,0.0002224852953726,42165807.92986037,0.2397746980796928,83.7669025361188,149.80550156628763,214.96907493406707,0.024716502197886,-47.55089937198138,35795357.839600794,1073482.803923418,42159827.86395105,14690.227152087034,-3073.0272550385766,77.84944704996224,12.819605325319245
2023-01-07 04:00:00.000000Z,0.0002198116626716,42166068.65207063,0.2405453991114372,83.83358131968076,148.21009815597975,246.569777463122,0.0777900245525334,-47.561089853145,35791615.46484809,-20194801.64094216,37019559.79740754,100988.71266722716,-2698.537749321204,-1472.8336856138003,10.599606526562106
2023-01-07 06:00:00.000000Z,0.0002304204249323,42165173.37085711,0.2410308814782334,83.96676539070383,153.13401298553725,271.5907795264207,0.1103400613237807,-47.56510026122939,35786764.497169614,-36024608.832760856,21910744.91628544,160397.18171458016,-1597.1064006003571,-2627.289916356156,5.519827704628626
2023-01-07 08:00:00.000000Z,0.0002457398253882,42164073.46274048,0.2411267650350117,84.07130495959153,160.4010326471529,294.30411338730744,0.1134857570083148,-47.562284061003375,35781669.89218468,-42149823.91629398,900214.0723700973,176829.2413004497,-64.97474691289493,-3074.288027090255,-1.0644011080337288
2023-01-07 10:00:00.000000Z,0.0002675174060201,42163859.34090185,0.2411186257369135,84.08847771072087,165.4521482553122,319.3274248537532,0.0861812649256406,-47.55278422696338,35777166.16151258,-36916522.10829275,-20352364.596231364,145709.7830829389,1485.1885607247327,-2692.8799250612483,-7.38410747574993
2023-01-07 12:00:00.000000Z,0.0002969025836332,42164674.99733196,0.2413402146541802,84.04826391474285,168.4307140605323,346.48615346244384,0.035579356824709,-47.5378617995863,35774365.603790075,-21731970.83629105,-36118544.44680528,75270.73765542638,2635.364164170704,-1585.433445842657,-11.733324444409652
2023-01-07 14:00:00.000000Z,0.0003218312805364,42165717.92419719,0.241859100276449,84.02845083873525,170.9166964270209,14.119502749671147,-0.0248341361974664,-47.52053645141785,35774420.391642176,-688140.0634851167,-42146937.17915868,-15620.08260452858,3075.1225148366607,-50.44466133802595,-12.932614562600415
2023-01-07 16:00:00.000000Z,0.0003269000376785,42166047.85111719,0.242457184739374,84.08056144477365,172.13914707213118,42.94225250303422,-0.078853390688875,-47.5053950178345,35777818.291125685,20541538.68674461,-36812487.54911886,-102527.6964414686,2685.828031633563,1497.9500415291618,-10.6512910982283
2023-01-07 18:00:00.000000Z,0.0003133580178863,42165392.59099005,0.2428490071078792,84.18943746654291,170.20957477367097,74.85333053971345,-0.1119327092857633,-47.49712378764476,35783799.41480396,36234778.1820743,-21555590.16810017,-162043.1520687164,1572.8380521312802,2642.1507605950783,-5.498515499744742
2023-01-07 20:00:00.000000Z,0.0002962241672952,42164350.19237033,0.2429343962902003,84.29047446127603,165.2768881304307,109.76575511124362,-0.1151218356845342,-47.49842404927119,35790433.847157426,42165338.7345441,-490763.65482997394,-178102.40466879483,36.64187535674515,3074.1271848121064,1.1421369905154315
2023-01-07 22:00:00.000000Z,0.0002800412365683,42163881.60290507,0.2428944623796147,84.32608921208544,159.96225306410432,145.11670733802958,-0.0874711755968246,-47.5085912729614,35795429.586613804,36740060.25813961,20706430.874960937,-146311.62507071794,-1508.8118966119268,2678.187440260788,7.487524294810361
2023-01-08 00:00:00.000000Z,0.0002577517051228,42164480.39812089,0.2430539545380902,84.29956849902175,155.06830337031218,180.1041879482565,-0.0362743608384897,-47.52373985015968,35797211.35541,21423167.05639862,36329083.08839692,-75122.62710635782,-2647.7389486315988,1561.3876609883434,11.834377520508356
2023-01-08 02:00:00.000000Z,0.0002361245996899,42165645.88092897,0.2435844029823917,84.28121568970526,149.49144287825905,215.7667054683035,0.0248760504329408,-47.53863032753851,35795586.696856126,339091.569700269,42172357.26212621,16431.14783521207,-3073.893832312452,24.286572841503897,13.013523954194616
2023-01-08 04:00:00.000000Z,0.0002300280686465,42166228.68864501,0.2442923449686851,84.34394205126874,146.23711323056062,249.0301498938128,0.0796802747433244,-47.548960042873965,35791560.97877025,-20836329.408305347,36662242.47849259,103814.15497577126,-2672.4700486227807,-1519.6404318533862,10.700637847298522
2023-01-08 06:00:00.000000Z,0.0002353796618332,42165601.12944529,0.2447793029977447,84.4790259926287,149.67070044764608,275.539941775045,0.1134398052031943,-47.55260745637959,35786503.75011399,-36400578.7749942,21279756.64939681,163536.9191637001,-1551.1050275518123,-2654.748075075812,5.5047517236925945
2023-01-08 08:00:00.000000Z,0.0002437351138875,42164428.126890525,0.2448823841175996,84.59937780678467,157.1938506332329,297.9818475170364,0.1169837620545641,-47.54927326890437,35781467.4010925,-42158897.66091782,165467.9684939629,179455.0853359902,-11.412139348969674,-3074.9810430064654,-1.1884070226925254
2023-01-08 10:00:00.000000Z,0.0002586057401538,42163917.6687995,0.2448398786033796,84.63760042729876,163.6157072298763,321.6135544638689,0.0891803878302156,-47.53958460703838,35777232.770247206,-36556187.54791622,-20992824.860195898,147147.751475297,1531.8655602642766,-2666.599986461486,-7.582387011452934
2023-01-08 12:00:00.000000Z,0.0002837182263904,42164515.01547517,0.2449919937812165,84.61232583022371,167.74861083517035,347.6026858126853,0.037321723406986,-47.52498322896506,35774693.97214241,-21099428.798304897,-36492048.61348996,75170.33360386784,2662.5522391688,-1539.2760228319808,-11.952622885891964
2023-01-08 14:00:00.000000Z,0.0003091026436605,42165585.98493508,0.2454386036247448,84.59681420229494,170.9939079115724,14.471807321671426,-0.0247740778823591,-47.50827278025522,35774828.78663204,45966.72454095596,-42152937.21100277,-17199.369405118163,3075.499283818174,3.12160531128235,-13.114835372770528
2023-01-08 16:00:00.000000Z,0.0003182208349634,42166137.745709606,0.2459875018542548,84.64536428342137,172.93514809948252,42.578795022642105,-0.0804595584405759,-47.49366690002192,35778118.41639671,21179330.71135529,-36449619.53346673,-105136.44022445896,2659.319636703148,1544.4834248944944,-10.748680801402656
2023-01-08 18:00:00.000000Z,0.0003088161318575,42165711.5383569,0.2463612115923343,84.74975775231196,171.69862912295198,73.80106888005376,-0.1147539136648339,-47.48562834887304,35783938.27994847,36604511.79560953,-20921832.792627174,-164965.14931328967,1526.6059241624448,2669.1316747294472,-5.486424875243516
2023-01-08 20:00:00.000000Z,0.0002946603348519,42164718.90816393,0.2464440029931693,84.85281352539562,167.02346956560797,108.4539409299801,-0.1183959122869728,-47.48693203480443,35790511.510791235,42167561.31487349,243072.34514495684,-180549.54363824413,-16.856857550632242,3074.307075391779,1.258551950516368
2023-01-08 22:00:00.000000Z,0.0002829383767172,42164059.18807834,0.2463817019683385,84.89982747878386,161.3752360888178,144.12704085397357,-0.0903345270565573,-47.49714825699384,35795588.04158345,36374314.2324615,21342693.04349215,-147638.6834479046,-1555.168470062309,2651.531310915238,7.674672519915174
2023-01-09 00:00:00.000000Z,0.000266806845106,42164368.59206099,0.2464664046252589,84.88795067635726,156.11268741863103,179.46817495133706,-0.0379968507570951,-47.51259906251653,35797480.85872136,20788084.73911105,36696493.68134536,-75002.32152993593,-2674.473924561844,1515.087931932712,12.03968715252222
2023-01-09 02:00:00.000000Z,0.0002483006092314,42165435.216541246,0.2468807155195754,84.87514134235103,150.22165538276442,215.4388657752513,0.0247004064921867,-47.527947350268725,35795827.376443334,-394243.3212735946,42172117.82475951,17923.98997526265,-3073.8252970835983,-29.18374059734224,13.180650159911895
2023-01-09 04:00:00.000000Z,0.0002409001988054,42166259.78997903,0.2474938156748226,84.9305415881077,145.6525905155764,250.0241224317535,0.0810411468177412,-47.53852853819786,35791590.84486669,-21470505.01867933,36294518.47475234,106234.8355012724,-2645.630059389922,-1565.898000685659,10.785688257631296
2023-01-09 06:00:00.000000Z,0.0002430101491395,42165969.65110517,0.2479502956957543,85.05842325661924,147.1318867260335,278.4956093977872,0.1159350676447884,-47.54197356045561,35786316.512036055,-36764893.80760823,20643548.41529453,166206.93625397683,-1504.709384037428,-2681.3486498631064,5.487995463340549
2023-01-09 08:00:00.000000Z,0.0002453174699091,42164852.384094365,0.2480520482285536,85.18435935427875,153.91461974835525,301.6727999527528,0.1199395146310375,-47.53818454902476,35781282.457906455,-42155202.81989529,-567906.8258696436,181654.06167560056,42.05874504125086,-3074.7434868902137,-1.298955281151576
2023-01-09 10:00:00.000000Z,0.0002521298306457,42164088.22624302,0.2479818039579024,85.23761090572599,161.11716686361504,324.50900785470805,0.0918274892129061,-47.52827311695737,35777294.68816888,-36185452.60179917,-21625712.52581768,148303.5766229623,1577.9919256814385,-2639.567557061585,-7.75466296373865
2023-01-09 12:00:00.000000Z,0.0002706520138574,42164407.940834045,0.2480681337061188,85.2254505305741,166.3576007870562,349.37719204998086,0.0389893230879462,-47.5139747780593,35775054.54017477,-20461688.18150401,-36853836.26601657,75002.87058093626,2688.879200527318,-1492.746954230778,-12.139414318516812
2023-01-09 14:00:00.000000Z,0.0002940020064589,42165415.007275306,0.2484339398137553,85.21395520804028,170.46756937395793,15.37692917411909,-0.0244904561244137,-47.49796363333488,35775324.81285388,778637.6025713137,-42146265.78428009,-18611.92911021064,3074.9374059821603,56.57451991620008,-13.266025473295626
2023-01-09 16:00:00.000000Z,0.0003055845244699,42166136.28950559,0.248916874752409,85.25727553878453,173.24113781156134,42.656116807243,-0.0815970058926561,-47.48406161752555,35778521.226566136,21809431.622927222,-36076598.92585128,-107384.41533293868,2632.053550937301,1590.446928956408,-10.824364627922678
2023-01-09 18:00:00.000000Z,0.0002998986377496,42165959.79134366,0.2492563727991207,85.35260345099334,172.87364337444953,73.0180510300242,-0.1169760494506217,-47.47640327832063,35784126.03129454,36962402.59940246,-20283224.12033348,-167420.9902083371,1480.004723255723,2695.2453007596328,-5.467376180452406
2023-01-09 20:00:00.000000Z,0.0002884395905978,42165094.88251717,0.2493317052671062,85.45046005365285,168.73495684190974,107.13962884849998,-0.1210867286856507,-47.47772461224657,35790538.95612333,42157003.88448385,975154.7060584036,-182539.4257762521,-70.24250000117223,3073.5624035679434,1.3656433855540913
2023-01-09 22:00:00.000000Z,0.000280445838118,42164324.649873525,0.2492588143073958,85.50112830124625,163.01629726301596,142.87960298543211,-0.0927694705171353,-47.48783612107727,35795615.23580461,35998257.00247284,21971089.541469887,-148627.30466209605,-1600.969168584179,2624.139814816609,7.838892187373712
2023-01-10 00:00:00.000000Z,0.0002705242151537,42164352.060345486,0.2492909609981818,85.49879144594328,157.55483654716565,178.41004344829696,-0.0395433706153041,-47.50335300146028,35797617.15481513,20147865.449003577,37052019.77456052,-74740.51732711203,-2700.35944927994,1468.4318275983617,12.214377775915796
2023-01-10 02:00:00.000000Z,0.000256867274858,42165219.63397604,0.2496002646176238,85.49028876959218,151.62774482940208,214.4121896522485,0.0244123525128057,-47.519001437448175,35796017.14002297,-1126187.5628012284,42159110.58068757,19331.802520501624,-3072.8332812283634,-82.53655512279133,13.316695420141269
2023-01-10 04:00:00.000000Z,0.0002501496830903,42166171.80065361,0.250101841268837,85.53646045733734,146.2129134560182,249.85216820416437,0.0820295227614151,-47.52985784636167,35791665.65913597,-22097113.13493437,35916543.55070313,108365.56618842923,-2618.03777800366,-1611.5888387048556,10.84592970281463
2023-01-10 06:00:00.000000Z,0.0002511794438373,42166239.13555652,0.250499413407019,85.64900734811317,145.70572097878488,280.3255427735414,0.1178802879610074,-47.5332382860976,35786201.25916402,-37117492.40519811,20002369.76809857,168447.115416703,-1457.9413736550184,-2707.083354744411,5.45792945049256
2023-01-10 08:00:00.000000Z,0.0002496440916099,42165306.71181135,0.2505909553420297,85.76875878635437,150.99638719998313,305.00134468397783,0.1222891005473023,-47.52908694740109,35781130.19467225,-42138831.400138445,-1299639.3425502148,183379.4149575652,95.41773492800752,-3073.5780066117145,-1.4080242815395765
2023-01-10 10:00:00.000000Z,0.0002486219970085,42164371.10279778,0.2505055045077737,85.82817461426731,158.19158969566385,327.83896235343974,0.0939510108494783,-47.51894407040695,35777358.99055419,-35804535.32289823,-22250817.31745997,149051.63944526913,1623.5536008854242,-2611.796555944074,-7.910373461511473
2023-01-10 12:00:00.000000Z,0.0002587586759042,42164381.76604139,0.250540433577024,85.82554823705247,164.25056582371425,351.87878972337523,0.0403414627058061,-47.50492663669793,35775443.73640054,-19819033.18588845,-37203826.787164256,74592.06528321462,2714.341195098385,-1445.8673338522085,-12.297971574009566
2023-01-10 14:00:00.000000Z,0.0002775035189252,42165234.79621887,0.2508280937207492,85.81745752648038,169.228849606084,17.006041486673816,-0.0242347152077969,-47.48968323546604,35775908.16020655,1509601.4121983964,-42127001.13873738,-20041.959839087514,3073.4441909258458,109.8921016123237,-13.38401485255794
2023-01-10 16:00:00.000000Z,0.0002895163361083,42166055.17148704,0.2512350938995248,85.85455149318099,172.92036109409673,43.37263985185038,-0.0824648023254134,-47.476655639296176,35779042.69429144,22431657.678524245,-35693648.70177587,-109417.54652123916,2604.046298896541,1635.8230679893688,-10.870107619079498
2023-01-10 18:00:00.000000Z,0.0002866552561066,42166123.69401909,0.2515273836671191,85.93719207853606,173.57251040283322,72.72705413830512,-0.1186953326226572,-47.46956043521031,35784394.66397542,37308409.49985617,-19640084.65501281,-169481.36348660183,1433.0568920687758,2720.4826501101875,-5.4291660553666805
2023-01-10 20:00:00.000000Z,0.0002774612957039,42165449.774545945,0.2515910891008194,86.0233385150338,170.22411553071734,106.0699600880248,-0.1231637045219577,-47.47096990788925,35790548.36361732,42133794.55329681,1705139.0447752385,-184049.89247187276,-123.4916105020691,3071.89594778378,1.4764295520110469
2023-01-10 22:00:00.000000Z,0.0002722718892824,42164656.50183325,0.251520470531442,86.07005510666431,164.68123455374618,141.63832180064225,-0.0946274056033512,-47.480865022038834,35795520.12059639,35612166.44503762,22591341.25664941,-149168.81520553355,-1646.19725858744,2596.0279784445484,7.990692844515592
2023-01-11 00:00:00.000000Z,0.0002680284312575,42164440.11943877,0.2515274913704155,86.07173889880669,159.14664637900324,177.23805017546346,-0.0406855141623199,-47.49620108678099,35797591.26387214,19502860.72810507,37395520.800139256,-74169.98962774007,-2725.392625504339,1421.4414855426885,12.363890505947133
2023-01-11 02:00:00.000000Z,0.0002603455840827,42165040.929237925,0.251756506627493,86.06610613861892,153.3614616060208,213.0953527388648,0.0242638671653074,-47.511918312449566,35796099.60929086,-1856423.7755418613,42133353.64944693,20839.14760614746,-3070.9295677329897,-135.75135688775342,13.420974250765946
2023-01-11 04:00:00.000000Z,0.0002561284907925,42165992.510492414,0.2521467003039286,86.1026652099165,147.56065087523294,248.93072016772905,0.0828616688168475,-47.52297936482984,35791735.677172035,-22715955.1667112,35528458.42860322,110364.83949302242,-2589.713034939779,-1656.6999050649888,10.874951265684208
2023-01-11 06:00:00.000000Z,0.0002580182923105,42166380.43436242,0.2524659513458915,86.19409251606943,145.34377215374653,281.13487620241403,0.1194061860598476,-47.52638363655273,35786139.745661266,-37458323.52933565,19356425.3870274,170353.4020623947,-1410.8211957075812,-2731.94742646968,5.403873827582324
2023-01-11 08:00:00.000000Z,0.000255532576928,42165743.99862668,0.2525394924881142,86.29588627981744,148.7372047360846,307.7261303698925,0.1240455752912635,-47.521969328175565,35781012.455710955,-42109866.154435806,-2029520.7773116403,184640.9217997442,148.64842867056487,-3071.4883109640805,-1.5284412251376551
2023-01-11 10:00:00.000000Z,0.0002484430471649,42164753.0745423,0.2524562719084608,86.3506256376617,155.14159696296056,331.3594605870212,0.0954393740925446,-47.511599152796215,35777421.74071492,-35413613.05006247,-22867987.33880064,149310.29968959437,1668.5412718749894,-2583.29879116458,-8.061562594435749
2023-01-11 12:00:00.000000Z,0.0002493930778013,42164459.7336225,0.2524652622223902,86.35224775486633,161.47619913502797,355.1191722772761,0.0411651929886603,-47.49782328499253,35775845.33242186,-19171674.819008235,-37541972.063640125,73781.84773999444,2738.938356040902,-1398.6532941827943,-12.436452445609122
2023-01-11 14:00:00.000000Z,0.0002611298393051,42165077.6729604,0.252689054277137,86.34663692178452,167.14190162531307,19.555725510830005,-0.0242705739747183,-47.48338158514869,35776564.92365507,2238680.390085556,-42095210.3440852,-21682.89262874558,3071.028320850704,163.05926919505055,-13.470761225512714
2023-01-11 16:00:00.000000Z,0.0002711518243164,42165911.71473702,0.2530187814596155,86.37724862550552,171.75843481502497,45.00275731742575,-0.0833117628006879,-47.47138232720117,35779688.98982853,23045915.116754897,-35300930.16809178,-111418.5151626622,2575.312014788972,1680.6010723555694,-10.881006443690698
2023-01-11 18:00:00.000000Z,0.000269718048469,42166196.26008861,0.2532552644603323,86.44475849404415,173.54974478509516,73.23236999023216,-0.1200826671234134,-47.46505819431786,35784775.53934005,37642552.12811782,-18992633.33726572,-171272.00142872028,1385.7794341666502,2744.838695710559,-5.361232319162227
2023-01-11 20:00:00.000000Z,0.0002621219641196,42165758.28187198,0.253304273130644,86.51374662546966,171.23384794896006,105.5597137196948,-0.1246768275948668,-47.46668832230949,35790583.46368763,42098078.47810731,2432796.0806510365,-185118.094309183,-176.58691053462223,3069.3101815796917,1.604397832651005
2023-01-11 22:00:00.000000Z,0.0002587095189673,42165029.68216305,0.253248737966631,86.54957218761882,166.1227051721521,140.7074885575985,-0.0958258958970651,-47.47632189465982,35795333.94446772,35216299.36545902,23203267.95692393,-149203.19573347393,-1690.8400709171094,2567.2068852360767,8.142984967740222
2023-01-12 00:00:00.000000Z,0.0002591603308264,42164632.89203621,0.2532604731661517,86.54979292331078,160.63878688387226,176.2584111479673,-0.0412307129305214,-47.49125744769526,35797399.99962441,18853383.330605306,37726920.181355365,-73149.80518436345,-2749.571442067541,1374.133678825877,12.497327275743157
2023-01-12 02:00:00.000000Z,0.0002579570467145,42164934.85250054,0.2534432774894322,86.54556562437863,155.11817846677894,211.8499341019393,0.0245088563189004,-47.506774143229,35796036.13989686,-2584671.0780611453,42094890.93597257,22632.093250797723,-3068.124709650976,-188.81269340491812,13.496707409600967
2023-01-12 04:00:00.000000Z,0.0002578508252853,42165759.50125293,0.2537385970745058,86.57363836774725,149.35327094122826,247.6578323732737,0.0837916280592364,-47.51788841314647,35791753.17839132,-23326857.670660995,35130395.77056089,112418.97999222334,-2560.673818673954,-1701.2224442174345,10.86965941980188
2023-01-12 06:00:00.000000Z,0.0002621962753282,42166380.36429428,0.2539722687441835,86.64133348917387,145.8863180901226,281.135742552311,0.1207082655864209,-47.52134401845185,35786105.40349856,-37787347.01101357,18705884.835519128,172069.36992696067,-1363.3668028262532,-2755.939125087557,5.317289184071323
2023-01-12 08:00:00.000000Z,0.0002617126027652,42166112.54440918,0.254022910980942,86.71529518620203,147.3177397732966,309.717009981057,0.1253005060545002,-47.51675768358299,35780922.357128985,-42068380.761377975,-2757390.959947995,185506.0304208348,201.73772603461188,-3068.478656414087,-1.672440584694414
2023-01-12 10:00:00.000000Z,0.0002517060412957,42165206.65405994,0.2539627763262095,86.75375666973008,152.33720120525038,334.7517667438169,0.0962561897142991,-47.50616881898075,35777469.8916994,-35012827.97390202,-23477113.27610608,149053.0891306327,1712.9494788487132,-2554.0838259565085,-8.221570962273379
2023-01-12 12:00:00.000000Z,0.000244129193469,42164657.46635113,0.2539813915655685,86.75296077279269,158.24289926158062,358.9426287060727,0.0413011079848156,-47.49256568767275,35776228.60557088,-18519762.269468863,-37868241.23693733,72455.34705994328,2762.67414899759,-1351.1162223870397,-12.56607361276006
2023-01-12 14:00:00.000000Z,0.0002470496721582,42164977.06604932,0.254168134056564,86.74860825134954,164.1359671812029,23.149782255968532,-0.0248441721785572,-47.47890147823257,35777261.5901679,2965776.0163679603,-42050936.25779902,-23715.41921757589,3067.699681882116,216.06754549231624,-13.532353210916604
2023-01-12 16:00:00.000000Z,0.0002524665657344,42165728.87172129,0.2544293074672321,86.77330839129222,169.49616483067905,47.85792559057651,-0.0844104911875114,-47.46803833102173,35780447.65809059,23652185.858270444,-34898530.892344564,-113587.64151772569,2545.862479081809,1724.77692097289,-10.856275087147775
2023-01-12 18:00:00.000000Z,0.0002505362059094,42166177.23505252,0.2546069935654259,86.82458489510473,172.4668313636011,74.92343332623474,-0.1213685558551583,-47.46269487015506,35785290.02518261,37964895.80820631,-18340974.365361728,-172962.53702198016,1338.1836334590378,2768.312628179396,-5.256006192149286
2023-01-12 20:00:00.000000Z,0.0002434958232433,42165997.94548924,0.2546400451593569,86.87243671073969,171.4043116699696,106.0181258052275,-0.1257563830578741,-47.46473383221691,35790691.89662629,42049999.51090491,3158025.7105703745,-185840.2329749019,-229.51787789563804,3065.807244368796,1.7619302000379076
2023-01-12 22:00:00.000000Z,0.000240712443543,42165416.71566817,0.254611742327177,86.89151951225845,167.0149136037128,140.46112251570233,-0.0963630181045259,-47.47414310056442,35795106.192488804,34810868.631032415,23806800.30895821,-148729.57624963735,-1734.889505316747,2537.6831663076305,8.30974916226188
2023-01-13 00:00:00.000000Z,0.0002444879112997,42164922.8321855,0.2546580710491587,86.88526617198434,161.7419639304845,175.80810960468938,-0.0410469860958715,-47.48852072403387,35797067.065779105,18199682.562833857,38046212.261995606,-71583.47628172343,-2772.894655055029,1326.5190093818942,12.62670049512625
2023-01-13 02:00:00.000000Z,0.0002496078955472,42164930.41049936,0.2548342951207165,86.88113772806783,156.60665711852874,211.01470015731155,0.0253748945902824,-47.5035708514343,35795812.75433167,-3310705.5625320133,42043794.39724131,24877.475300314847,-3064.4270459658323,-241.710578899033,13.551054681241192
2023-01-13 04:00:00.000000Z,0.0002548791528057,42165518.71327007,0.255064710191193,86.90317397310184,151.2747164080098,246.39582008958627,0.0850866065527145,-47.51453334953205,35791682.77425749,-23929683.864534546,34722482.116833866,114724.08694812052,-2530.9350271713142,-1745.1517179910045,10.830924971693646
2023-01-13 06:00:00.000000Z,0.0002629461375423,42166244.88231028,0.2552193958718658,86.94816476201153,147.1403316176788,280.56384411392264,0.1220312043399935,-47.51800992610754,35786072.48777621,-38104537.60822302,18050888.331652246,173774.77502854355,-1315.5932730628554,-2779.059109762154,5.192871280029776
2023-01-13 08:00:00.000000Z,0.0002669435699984,42166362.46579823,0.2552469143250033,86.98830438262117,146.83436632511217,310.91641402041654,0.1262208163457599,-47.51332847049791,35780851.6284235,-42014443.95307962,-3483127.969829257,186097.56516020573,254.67513702043897,-3064.5533240836903,-1.8502851299685024
2023-01-13 10:00:00.000000Z,0.0002580645565687,42165688.89367148,0.2552319163335862,86.99994615991005,150.18562891332684,337.6463941464104,0.0964512149094708,-47.5025346303622,35777487.77394122,-34602298.57301363,-24078115.17906164,148316.80166785576,1756.7752589585898,-2524.1588427849124,-8.403613954268366
2023-01-13 12:00:00.000000Z,0.0002443896008847,42164980.04416196,0.255303641939172,86.98937250945258,155.01243926827686,2.925852718939732,0.0406667312694108,-47.4890018641533,35776551.79860565,-17863403.80805204,-38182608.78447797,70552.13280060927,2785.554206048272,-1303.2632928152216,-12.700074576394472
2023-01-13 14:00:00.000000Z,0.00023790828516,42164967.20808024,0.2554929651324334,86.98491304255748,160.39777783536871,27.64017098078297,-0.0261539008650461,-47.4760107554152,35777943.10143395,3690842.5421508495,-41994191.02159495,-26285.25606933116,3063.469030323452,268.9141750162822,-13.578707475077335
2023-01-13 16:00:00.000000Z,0.0002363629488706,42165535.7812388,0.2557058384051834,87.00529116817204,165.96943257064947,52.14001753704153,-0.0860284796643824,-47.4663091045737,35781280.661562815,24250501.39876762,-34486463.88361103,-116121.5773508697,2515.707479803209,1768.352729694374,-10.799804843003123
2023-01-13 18:00:00.000000Z,0.0002315771717046,42166070.88472072,0.2558288241158225,87.04097932783661,169.93069100290117,78.22936368615106,-0.1228234027528072,-47.46212183061671,35785939.87201244,38275528.84907585,-17685098.905053195,-174751.9567809843,1290.2754536969976,2790.907694736072,-5.110217184539303
2023-01-13 20:00:00.000000Z,0.0002235500898536,42166148.57546692,0.2558469264635982,87.06557384842185,170.25945755649445,107.95539321906745,-0.1266078586652027,-47.46479313107948,35790915.66242943,41989679.93185163,3880855.5689833527,-186367.74743723735,-282.2805867825481,3061.389048596346,1.958668534122064
2023-01-13 22:00:00.000000Z,0.0002199963012884,42165787.46460164,0.2558568053693062,87.0636338884781,166.9096156832013,141.37995763111067,-0.0963282353298145,-47.47410147884903,35794897.33672909,34396023.13357012,24401978.68305695,-147814.1699196557,-1778.342133621253,2507.4589055571864,8.504489784896165
2023-01-14 00:00:00.000000Z,0.0002253636041561,42165294.22929745,0.2559656203169294,87.04681097693044,162.0807214375081,176.2940864242904,-0.0400867021089461,-47.48785341956402,35796639.883239925,17541924.362097267,38353459.72051226,-69436.38803345218,-2795.3615963441407,1278.6016519623672,12.765905030337471
2023-01-14 02:00:00.000000Z,0.0002359101430102,42165048.52912298,0.256176666808884,87.0418540496984,157.50194791153157,210.94566258762237,0.0270331540836483,-47.50221472187093,35795442.150577016,-4034377.4119866914,41980159.71303402,27700.818311009916,-3059.8420296796785,-294.4406212332443,13.594861984478657
2023-01-14 04:00:00.000000Z,0.0002472419161402,42165320.77472466,0.2563819350086934,87.06146842520256,153.01694418267192,245.4826427706927,0.0869984812605214,-47.51280139158198,35791507.755074106,-24524344.615555093,34304834.320341334,117465.11609512004,-2500.5074900009413,-1788.4866368562198,10.76413444014198
2023-01-14 06:00:00.000000Z,0.0002599211139083,42165998.99680679,0.256477774990526,87.08869786357245,148.90861422632426,279.6424244010745,0.1236485385456292,-47.51622463089279,35786023.56878634,-38409890.18858694,17391546.901242267,175670.64901253307,-1267.5122641401476,-2801.3097538358497,5.029686991374796
2023-01-14 08:00:00.000000Z,0.000270038801486,42166452.634326726,0.2564870869067579,87.09456075777963,147.33031761727145,311.3016293115976,0.1270409298543058,-47.511514353314375,35780798.60020706,-41948124.800312325,-4206643.883681942,186587.98149901567,307.452258000861,-3059.7161230395063,-2.068836042420779
2023-01-14 10:00:00.000000Z,0.000266466390146,42166141.56669031,0.2565369541408455,87.07226024009377,149.0644550075318,339.6828510182852,0.0961674905762542,-47.50054689283243,35777467.44479068,-34182133.33979706,-24670935.76542662,147206.78853695263,1800.0165397120836,-2493.5285369852145,-8.619204455680341
2023-01-14 12:00:00.000000Z,0.0002507899361098,42165417.79301718,0.2567084559612826,87.0450873724818,152.4719038124483,6.398325856795823,0.0392783568153903,-47.48696101223137,35776771.97539244,-17202693.365339708,-38485049.76453987,68084.3416261696,2807.584643737317,-1255.0981590968804,-12.852369295159567
2023-01-14 14:00:00.000000Z,0.0002361247610568,42165081.91892153,0.2569517998080828,87.03933150773922,156.57949416590674,32.391211984425404,-0.0283185367929877,-47.47444843604458,35778537.11698027,4413851.256073715,-41924959.39421256,-29479.635238106617,3058.3473268295334,321.6007044361468,-13.62292270768548
2023-01-14 16:00:00.000000Z,0.0002263134234426,42165369.82679659,0.2571494859247568,87.05832389517963,161.42032637019997,57.62219690593694,-0.0883944849631232,-47.46581585718313,35782121.2842032,24840907.14381377,-34064681.13286056,-119188.50364399103,2484.855466663147,1811.3354982206768,-10.720470190951806
2023-01-14 18:00:00.000000Z,0.000216385711182,42165889.56872208,0.2572302006769136,87.08134830447935,165.72565414221177,83.37888208230603,-0.1247313642361142,-47.46288119577145,35786698.68359831,38574534.375694,-17024904.74934927,-176849.3010768799,1242.0568804649074,2812.6308244943266,-4.926071627980612
2023-01-14 20:00:00.000000Z,0.0002053484388036,42166192.47232949,0.2572369359087919,87.0830970909213,167.3038144827032,111.87750501330706,-0.1275006541501923,-47.46640907050784,35791280.50454743,41917201.17062603,4601421.364160188,-186898.946921231,-334.876626802645,3056.057617098548,2.1997461262841003
2023-01-14 22:00:00.000000Z,0.0001992128642532,42166107.79146264,0.2572937780754598,87.05805958781765,165.2430969970032,144.03594539221018,-0.095909278911366,-47.4758154453793,35794769.13812911,33971834.541393064,24988937.04844398,-146595.2798291475,-1821.1985854492093,2476.5322251932043,8.738380462050582
2023-01-15 00:00:00.000000Z,0.0002039956093594,42165722.27922328,0.2574883978579174,87.02801184486835,161.14945298345032,178.22863925533358,-0.038409946997204,-47.48897975809128,35796182.79893714,16880180.92961752,38648781.16476799,-66752.94612957253,-2816.971953488693,1230.3797310920686,12.929273503392494
2023-01-15 02:00:00.000000Z,0.0002182199167754,42165300.83089778,0.257773715025501,87.02189423025479,157.3900348077373,212.06285585461785,0.0295647670405911,-47.50250793032436,35794961.06892899,-4755619.258009301,41904096.63360919,31161.61945798904,-3054.3719291470875,-347.00368273555165,13.642043365435365
2023-01-15 04:00:00.000000Z,0.0002353895600569,42165218.78222818,0.2579986188953432,87.0436568182673,154.23003182289602,245.2732704383896,0.0897286938814266,-47.51251021584629,35791231.54918426,-25110803.856409457,33877552.72842434,120790.0793599528,-2469.3975185787363,-1831.229321122136,10.679504223243944
2023-01-15 06:00:00.000000Z,0.0002530433796306,42165690.47500394,0.258066345555164,87.06168932959288,150.95161997238063,278.6124811373069,0.1258344890331177,-47.51578002143484,35785953.13596162,-38703422.064528674,16727938.891273404,177958.60039627698,-1219.1317731840163,-2822.694769405853,4.832199557812003
2023-01-15 08:00:00.000000Z,0.0002698131281657,42166359.44649715,0.2580664646895869,87.03969990086806,148.78814085590193,310.88468434588293,0.1280474522999562,-47.51110400524194,35780774.08702844,-41869495.75448433,-4927886.051108008,187188.1272166655,360.06217699541867,-3053.9701748366992,-2.329995782430319
2023-01-15 10:00:00.000000Z,0.0002749501512689,42166492.7324085,0.258192897814805,86.98236242643402,149.23573103714432,340.5875935422418,0.0956426250750766,-47.50003417962196,35777420.848897025,-33752442.68528626,-25255541.55242454,145897.94886355888,1842.6702962301256,-2462.1952436697343,-8.87630178857918
2023-01-15 12:00:00.000000Z,0.0002624057953812,42165937.18201689,0.2585054742282334,86.93402212316016,151.3017657008352,8.665815941934566,0.037270395329781,-47.48628566062401,35776861.85265699,-16537738.574262068,-38775544.944024704,65150.978132299744,2828.769627236303,-1206.6220167872402,-13.035759810299744
2023-01-15 14:00:00.000000Z,0.0002427101561899,42165349.74356694,0.2588617274968119,86.92643104879772,153.73950787077817,36.3301791695205,-0.0313429047055458,-47.47398169727194,35778967.23401228,5134748.535912301,-41843215.523088135,-33301.96109038976,3052.3445104979687,374.1308879228533,-13.68008412043081
2023-01-15 16:00:00.000000Z,0.0002251485529944,42165278.98755171,0.25909030526513,86.94865250518411,156.81531746013815,63.32212009331763,-0.0916574082777986,-47.4661854045788,35782878.02221469,25423419.01544699,-33633106.380428135,-122897.79914098684,2453.314396140884,1853.73503681434,-10.631969243733584
2023-01-15 18:00:00.000000Z,0.0002088912574144,42165657.97685004,0.2591505155946922,86.96492255842756,160.28660423256588,89.91837454136339,-0.1273534452842918,-47.46447304031585,35787506.69408412,38861958.81133771,-16360240.08282335,-179446.4513149517,1193.5281521275665,2833.4918096305973,-4.712252031170152
2023-01-15 20:00:00.000000Z,0.0001929194809253,42166116.79569547,0.2591516733981162,86.94769504624391,162.39797875679528,117.90172331027108,-0.1287456794875312,-47.46903460568281,35791785.34627444,41832589.50685009,5319922.889523641,-187662.48855841672,-387.3107907695473,3049.8157731551787,2.483879808180609
2023-01-15 22:00:00.000000Z,0.0001820320344399,42166338.56917873,0.259260000407452,86.9004995218516,161.52904819625536,148.89019087378483,-0.0953907640355748,-47.47878613807712,35794772.960900694,33538296.99953603,25567867.666689616,-145282.25512271255,-1863.4620741538065,2444.898833751896,9.01796068183122
2023-01-16 00:00:00.000000Z,0.0001835739271317,42166169.08697947,0.2595560381851385,86.85650495773567,158.37975611269056,182.1529260717847,-0.0362049871064525,-47.49150789869128,35795767.23878713,16214437.72606923,38932327.867422976,-63671.61848842442,-2837.7251257271973,1181.847107813032,13.1295372711653
2023-01-16 02:00:00.000000Z,0.000198764975912,42165684.26897208,0.2599477847416278,86.84966124272259,155.74597155521872,214.8631135373189,0.0329235867851293,-47.5041603720036,35794423.56036168,-5474437.545826663,41815716.618425205,35225.95362666638,-3048.015834481572,-399.40454617340254,13.708290525800962
2023-01-16 04:00:00.000000Z,0.0002202726340411,42165262.66046935,0.2602359394121978,86.87863039364292,154.466081342644,246.1869557617628,0.0933837111259211,-47.513414374744336,35790874.00880436,-25689071.105472345,33440716.81426582,124777.27612365416,-2437.607108605307,-1873.384239046948,10.591877422945966
2023-01-16 06:00:00.000000Z,0.0002424128331059,42165389.555365466,0.2603118415844788,86.89876270526157,152.92545798543298,277.78653788590617,0.128822874223327,-47.51642036582663,35785865.40292934,-38985167.28550046,16060109.862443913,180810.5922949091,-1170.4563940967882,-2843.2189219143115,4.611130318339451
2023-01-16 08:00:00.000000Z,0.0002651426721796,42166091.4426203,0.2603128170320569,86.86218735060812,151.06828618716398,309.76691976758457,0.1295501522393627,-47.5118414213125,35780801.315192804,-41778629.70974889,-5646837.954953086,188125.9069414475,412.4988303750056,-3047.3184174428684,-2.6291616474196027
2023-01-16 10:00:00.000000Z,0.0002807131994459,42166667.29714168,0.2605123638661413,86.77681078012793,150.7585160856663,340.2551978259152,0.0951977109979387,-47.50080341687069,35777389.158210844,-33313344.388425887,-25831928.87714298,144626.6089794106,1884.7307004696547,-2430.159941725788,-9.177259575423047
2023-01-16 12:00:00.000000Z,0.0002764632507129,42166472.89751227,0.2609884807082956,86.70701550706687,151.8768214755429,9.302809157489792,0.0349062964155926,-47.48685458327759,35776831.66266927,-15868683.888349334,-39054096.02880233,61946.00853759004,2849.108490499588,-1157.8354207257269,-13.259612666073314
2023-01-16 14:00:00.000000Z,0.000256331227876,42165781.94847273,0.2615131003494023,86.69820675739726,152.84783555664634,38.43520409634606,-0.0350848134036199,-47.47446784875807,35779177.53513254,5853413.799766194,-41748955.64802835,-37647.41029604073,3045.467523845769,426.5075863816811,-13.765220641359592
2023-01-16 16:00:00.000000Z,0.0002333221912239,42165319.96865034,0.2618283959106259,86.72998479846915,153.62745058821872,67.71330918181903,-0.0958375835534428,-47.46714403267332,35783450.04817165,25997976.997803427,-33191691.93114956,-127264.12804901644,2421.0925713026622,1895.5606618466768,-10.551780295762631
2023-01-16 18:00:00.000000Z,0.0002115531193535,42165419.733423,0.2618989637523559,86.7489527347639,155.01881948558935,96.38574977573496,-0.1308752463814665,-47.46646083021911,35788273.10418984,39137781.634415634,-15690978.572943777,-182679.6394898628,1144.6911681695462,2853.501789255696,-4.484290706910748
2023-01-16 20:00:00.000000Z,0.0001900877622472,42165920.36669433,0.2619011063479822,86.72095581436164,156.38083835481544,125.12811138656669,-0.1306535297619054,-47.47213124026913,35792394.47193369,41735813.50776663,6036547.686161468,-188886.6050585544,-439.5871093789722,3042.668285250412,2.801629076753669
2023-01-16 22:00:00.000000Z,0.000172662262957,42166438.28663657,0.2620577819958811,86.65634812139342,155.9300499873433,155.7152539271441,-0.0951343836931589,-47.4824791804149,35794937.44972709,33095349.518935066,26138960.71359267,-144140.9574365484,-1905.1356145515429,2412.555111830519,9.342467412741764
2023-01-17 00:00:00.000000Z,0.0001681391595847,42166581.05334075,0.2624579118833174,86.60007851826785,153.46576277132257,188.30547114741177,-0.0337963494563656,-47.49499402141964,35795459.53100076,15544629.40296158,39204248.34836582,-60430.93566211518,-2857.619330409781,1132.9969147830247,13.374898925174016
2023-01-17 02:00:00.000000Z,0.0001807591989047,42166173.173945405,0.2629749506874817,86.59361773599738,152.04421132863112,219.8038528648441,0.0369017787069246,-47.50683982802038,35793891.0884006,-6190875.386941619,41715122.37703379,39741.10130945124,-3040.7702091596107,-451.648729331521,13.808730659610712
2023-01-17 04:00:00.000000Z,0.000203569093666,42165488.1887987,0.2633610456058977,86.6344741784493,153.14873621856685,248.7322393493032,0.0979227036258707,-47.51524588078522,35790463.23282478,-26259171.8003842,32994393.359787088,129396.75237801208,-2405.135317881632,-1914.9562073313,10.519518234806268
2023-01-17 06:00:00.000000Z,0.0002284140011325,42165184.10368701,0.2634795004742926,86.66873068839591,154.29050103738766,277.6356820299613,0.1327493554978337,-47.51787398387158,35785765.33521647,-39255157.40265861,15388089.275214598,184326.42194755128,-1121.488687144106,-2862.8877019351444,4.383560562298859
2023-01-17 08:00:00.000000Z,0.0002551615578,42165701.826127805,0.2634882748822736,86.63569941171923,153.81736685278443,308.2283313633075,0.1318310312823963,-47.51344220257718,35780905.56834272,-41675588.75554333,-6363506.198674446,189608.8010592617,464.7561101627629,-3039.7649021782067,-2.953982803707026
2023-01-17 10:00:00.000000Z,0.0002805203164426,42166606.12019101,0.2637357489322333,86.53754591734933,153.43807291685675,338.79867765933994,0.0952025422117208,-47.50263804137322,35777440.76823137,-32864958.775712684,-26400124.565318555,143664.94119788913,1926.1879091909411,-2397.42446833933,-9.51671739856568
2023-01-17 12:00:00.000000Z,0.0002835633404031,42167199.685184926,0.2643622800453779,86.45165822172709,146.9059763575363,15.5124172559746,0.0325687742126063,-47.489060568142655,35777540.943693295,-15196329.330373587,-39321359.402709976,58753.01801278592,2868.501523582485,-1108.8456401386188,-13.526612186971636
2023-01-17 14:00:00.000000Z,0.0002683972280078,42166628.29721958,0.2650891304307093,86.44345188871668,146.62941979587174,45.89055330255789,-0.0392315857267987,-47.477905134000544,35780612.473867975,6568401.559498504,-41643900.74652408,-42283.851458245685,3037.6515134780125,478.5364128070338,-13.889922806601772
2023-01-17 16:00:00.000000Z,0.0002442919456713,42165823.61270842,0.2655472429922538,86.49198017031945,144.56653029535644,77.99211910962167,-0.10077208798076,-47.47287383644889,35785541.23472879,26563101.31145046,-32743853.42678418,-132167.32300785097,2388.262078543262,1936.548461759576,-10.49896929430069
2023-01-17 18:00:00.000000Z,0.0002205575735206,42165516.86348179,0.2656650675591172,86.52622468032818,142.29729331291662,110.30676552281824,-0.1353367951414414,-47.47530874863781,35790605.68334691,39401741.74275328,-15022342.842626864,-186581.3890463769,1095.8128377646658,2872.44886140939,-4.264676687094061
2023-01-17 20:00:00.000000Z,0.0001960962787479,42165900.22094087,0.2656732863344743,86.50026029063194,140.5240018865725,142.1793044899336,-0.1334718483854882,-47.48407520182932,35794294.35281834,41629075.01062069,6745196.845838606,-190760.8908127766,-491.3107913522924,3034.604209164914,3.1328747518017144
2023-01-17 22:00:00.000000Z,0.000173447679287,42166645.09219784,0.265863202186452,86.42724150829342,137.83317408325314,175.01290180626202,-0.0955434327409426,-47.49642001054954,35795794.1611384,32647987.74299896,26696980.624645803,-143479.763305787,-1945.8709008696724,2379.749120998361,9.69985173383853
2023-01-18 00:00:00.000000Z,0.0001630296486886,42167163.0473049,0.2663511456241142,86.36284781432683,134.21766704920708,208.7622876827836,-0.03164543053726,-47.50911579193422,35795052.14115546,14877552.73838121,39461791.81510634,-57385.05739199849,-2876.5236881288984,1084.2448725786744,13.665019839236388
2023-01-18 02:00:00.000000Z,0.0001699591442379,42166985.94486439,0.2669914901535115,86.35809478775789,133.84275281211268,239.213915771304,0.0410953356579197,-47.51937499850645,35792516.201188974,-6898179.234688774,41602609.80846356,44394.37377717615,-3032.7735750722554,-503.33780264925593,13.954937089950118
2023-01-18 04:00:00.000000Z,0.0001871414377874,42166176.63728648,0.2674930653826028,86.413777693644,138.53506193911312,264.5422354794459,0.103098271187277,-47.52523626000362,35788788.77520688,-26816081.23886274,32541194.39793521,134453.16912380728,-2372.300585884359,-1955.7169909227064,10.482673816821707
2023-01-18 06:00:00.000000Z,0.000207899299615,42165435.44868437,0.2676785258465143,86.47194412127492,144.38232006313976,288.7186264968747,0.1375789189571249,-47.52550722816548,35784483.69152908,-39510867.33822735,14715380.177281586,188471.8215636627,-1072.5824227940043,-2881.6770646552386,4.17303514144341
2023-01-18 08:00:00.000000Z,0.0002338206661935,42165568.14312498,0.2676958302085661,86.46090072153306,147.6571744426614,315.5426109833004,0.1350702918485041,-47.51975915595783,35780392.92825873,-41560226.11972521,-7074776.740394039,191767.22646928887,516.5341953089192,-3031.4285809498256,-3.2830583638151785
2023-01-18 10:00:00.000000Z,0.000265316009749,42166578.647903465,0.2679451513463391,86.37022876208543,149.1246406391025,344.2588490118299,0.0960113973682676,-47.508822517213176,35777673.58297418,-32409066.768315066,-26958193.998330068,143277.40124819317,1966.804070733984,-2364.1928977509533,-9.879387983251508
2023-01-18 12:00:00.000000Z,0.0002863508498621,42167448.54925401,0.2686606137663039,86.27908991739517,150.50088409470314,13.069299532218782,0.0307124848346772,-47.49545106887844,35777549.46116576,-14522122.977454947,-39575329.67599871,55908.48902107236,2887.051056572498,-1059.6317613549209,-13.831428787402489
2023-01-18 14:00:00.000000Z,0.0002814443437342,42167259.77031639,0.2695778770349777,86.27374845865725,150.4071591340266,43.26203045466757,-0.0433290103784491,-47.48400953720181,35780478.806691185,7279304.447371585,-41525394.82327644,-46874.74023546801,3029.058554178661,530.400666410889,-14.05957608655214
2023-01-18 16:00:00.000000Z,0.0002598533736724,42166276.73266397,0.2702168161296074,86.34467206643228,147.21275285082288,76.4730352054661,-0.1061135001876606,-47.47866039015042,35785574.228282094,27119155.307023548,-32284843.03324166,-137346.73521986709,2354.834545563356,1977.0829442350844,-10.488830406183364
2023-01-18 18:00:00.000000Z,0.0002373938336664,42165493.628309496,0.2704177549043164,86.40754758045072,142.46904631423496,111.23330979230174,-0.1405808601344701,-47.481299991263306,35790979.91667286,39653150.37419516,-14346622.77146298,-191026.59085436456,1046.57551381296,2890.722493397114,-4.074950499337985
2023-01-18 20:00:00.000000Z,0.0002141066164944,42165570.633614376,0.2704335909817819,86.39966587964713,138.4132710857081,145.36947056519392,-0.1372711545645777,-47.4908403473213,35794861.61465123,41508315.68028262,7455478.364697712,-193322.43894367505,-543.0650989398562,3025.7162825546666,3.455020613697826
2023-01-18 22:00:00.000000Z,0.0001884659224137,42166401.12527607,0.2706276773007094,86.3308090352032,134.15474323454404,179.7657484173623,-0.0969009932990782,-47.50404312197848,35796211.049517706,32187874.98750088,27250609.96778133,-143486.68676190276,-1986.2124070245736,2346.131032785745,10.071582544525771
2023-01-19 00:00:00.000000Z,0.0001713290129119,42167294.45156958,0.2711643150658916,86.26456457400306,128.84167635411944,215.2142014454016,-0.0301852232479774,-47.51708838368396,35795059.46122137,14202088.03225474,39709900.38595883,-54828.08410751306,-2894.628327637648,1034.949041531473,13.9895465024747
2023-01-19 02:00:00.000000Z,0.0001711487723126,42167485.114267,0.2718991760825636,86.26248948077617,126.92286735285448,247.2074477095556,0.0450196962671449,-47.52695207440075,35792142.8791318,-7607218.215909855,41478432.3256083,48854.8793540029,-3023.777271865181,-555.0759954298054,14.147323066785464
2023-01-19 04:00:00.000000Z,0.0001808633661106,42166739.155299656,0.2725086846921967,86.33269511044834,132.18616637970635,271.9510881067792,0.1084894266719722,-47.531979992717,35788341.20247129,-27367785.026253067,32077978.67113388,139659.1638195963,-2338.594414589949,-1995.9814012130928,10.492849950677536
2023-01-19 06:00:00.000000Z,0.0001939694244121,42165655.73866794,0.272768835191035,86.41886677785463,141.13399802285352,292.9995199444588,0.1430583286656049,-47.531625604607015,35784321.86005679,-39756475.43043965,14037745.871364206,193075.41055489524,-1023.2247332472356,-2899.591399998642,3.999567251004148
2023-01-19 08:00:00.000000Z,0.0002139450976466,42165278.15621721,0.2727898717388415,86.44275756087231,148.08156311965428,316.1157781329802,0.1392454083969223,-47.525953229330696,35780638.50169209,-41433450.607654326,-7784192.101879545,194589.94095329216,568.222540491048,-3022.13710349106,-3.5929220515411044
2023-01-19 10:00:00.000000Z,0.0002455908428355,42166109.81418458,0.2729860454715672,86.37860047693943,151.71908397154905,342.6347777675225,0.0978368559128679,-47.51568554087271,35778089.03089222,-31944160.729405463,-27508132.56817469,143616.95668442926,2006.8718866623608,-2330.2130233483167,-10.243994781000692
2023-01-19 12:00:00.000000Z,0.000277392668838,42167403.76788256,0.2736893328742568,86.29550393079452,154.2057493317579,10.32617405191108,0.029739921033206,-47.50291001715997,35777759.192913614,-13844481.210759256,-39817672.44688538,53705.31377590535,2904.7173400279617,-1010.142159080648,-14.15807270791436
2023-01-19 14:00:00.000000Z,0.0002861689146974,42167807.630800165,0.2747216693174617,86.29452672642229,155.04033808938388,39.586263502018966,-0.0468615631816368,-47.491438168101325,35780369.52678848,7987124.645416973,-41394962.32326293,-51044.29997305627,3019.582426799227,582.0725846998346,-14.26775790976111
2023-01-19 16:00:00.000000Z,0.0002709518592237,42166926.706624106,0.2755366621728869,86.3883568629564,151.80358955780298,72.81717635114019,-0.1113421523726975,-47.48561732581873,35785411.70821049,27666501.293365914,-31816807.734719276,-142424.1344957446,2320.761143825548,2017.0245909698413,-10.527476991949316
2023-01-19 18:00:00.000000Z,0.0002517692801447,42165714.05047754,0.2758433886812168,86.48925530516905,145.24505499903668,109.3544835421525,-0.1462100871534312,-47.48802397374104,35791093.087178886,39892548.45955113,-13667121.949387424,-195728.0137435462,997.0849804368784,2908.164059490459,-3.9340022080734327
2023-01-19 20:00:00.000000Z,0.0002332830952039,42165312.315857545,0.2758639631381424,86.51488878065528,139.0113815358254,145.63460864440697,-0.1418845608157917,-47.49797683530641,35795294.26210427,41375356.078875095,8163308.648695135,-196455.1871288414,-594.6162523636665,3015.9669015302416,3.740377948927107
2023-01-19 22:00:00.000000Z,0.0002089737475154,42166020.92909896,0.2760224555500501,86.46403141496911,133.3026144620487,181.46230421398167,-0.0993230755874558,-47.512000898531305,35796692.71373716,31718583.16169681,27796167.51422996,-144255.71796041634,-2025.934352736368,2311.850367443796,10.428337431932857
2023-01-20 00:00:00.000000Z,0.0001877350139888,42167199.23843984,0.2765479940229439,86.40325964592408,126.34290183684962,218.55132246455585,-0.029792248699872,-47.52565967895044,35795252.57963447,13522962.98438548,39946482.276549086,-53047.16338127186,-2911.855061311704,985.3808210770436,14.325368882528258
2023-01-20 02:00:00.000000Z,0.0001819447351089,42167837.59061532,0.2773213393525237,86.40392457307193,121.82570878113349,253.14028178965864,0.0481287909979737,-47.53546102428439,35791924.49557485,-8313387.936375264,41342458.65820937,52710.387337819695,-3013.888987785607,-606.61515095371,14.37496601035869
2023-01-20 04:00:00.000000Z,0.0001846076413927,42167354.71162507,0.2780034613413343,86.48432344627315,125.31234572097117,279.6510764765071,0.1135125281873067,-47.53980468774325,35787911.35967989,-27910905.485905565,31605950.071713623,144576.0444887601,-2304.229759329224,-2035.637554250009,10.553661516524349
2023-01-20 06:00:00.000000Z,0.0001871962018544,42166114.254942045,0.2783265050241381,86.59490480611349,135.23214169012104,299.70387560829295,0.1487016790608681,-47.53870364305975,35784064.99817197,-39990148.18431728,13356653.744472949,197773.02057208944,-973.614527233742,-2916.66124683961,3.879692999534486
2023-01-20 08:00:00.000000Z,0.0001957802251088,42165227.293447845,0.2783445890350404,86.65641397877125,145.5673220405412,319.3950446102863,0.1440722925712287,-47.53288037306273,35780822.334446885,-41294612.262280285,-8490800.223842109,197864.7519348415,619.6921420766835,-3011.988602598654,-3.858796665416613
2023-01-20 10:00:00.000000Z,0.0002203680973345,42165627.34289374,0.2784453204545649,86.62967096753601,152.3847865696435,342.6960364970821,0.1006492169889359,-47.52326159834036,35778618.82048392,-31470355.65102132,-28049738.748900805,144661.93575306525,2046.2975291440807,-2295.5916542016234,-10.583314615989869
2023-01-20 12:00:00.000000Z,0.0002562867858279,42167060.50647052,0.2790281945002736,86.56577448188996,156.81163232058293,8.427114724482921,0.0298749315605014,-47.51142904694946,35778233.273097,-13163618.929635577,-40048420.12622411,52308.53057148654,2921.486130947856,-960.4113140358968,-14.482262322716766
2023-01-20 14:00:00.000000Z,0.0002786765551165,42168104.58920502,0.2800473161357823,86.56883458843281,159.27079398037336,36.0581556432521,-0.0493966886349847,-47.50040224679925,35780466.51574601,8691552.244047541,-41252900.5189774,-54474.04538421869,3009.21316653225,633.5133188443516,-14.496703813382211
2023-01-20 16:00:00.000000Z,0.0002738052955123,42167654.587745845,0.2809726873991783,86.6780304994153,157.10566395312028,68.20238313721254,-0.1158990939729193,-47.49428435463989,35785227.684099235,28204823.299959578,-31340319.896508988,-146988.18991327132,2286.0525008395707,2056.3386047565514,-10.607476824888808
2023-01-20 18:00:00.000000Z,0.0002596499844053,42166221.28296086,0.2813802066544566,86.81624898319474,149.7291525569414,105.52082170044658,-0.1516564567757653,-47.49621183584175,35791011.47515676,40119786.89726007,-12984593.28045716,-200267.7645139811,947.3754059743123,2924.76109704453,-3.847694102291099
2023-01-20 20:00:00.000000Z,0.0002485447472144,42165257.87682776,0.2814002018188475,86.88419327508343,141.6119523016395,143.64212209569396,-0.1468668460240091,-47.50619885964431,35795559.920552604,41230330.0793822,8867956.296413561,-199831.9218622124,-645.9232588510486,3005.3743425365988,3.969999053706827
2023-01-20 22:00:00.000000Z,0.0002303501737918,42165609.22114672,0.2814843594611385,86.86254087969928,134.74428639456258,180.5988424005135,-0.102597990928204,-47.520890087311294,35797184.614191204,31240511.317094125,28333142.98594638,-145631.9899751292,-2065.0060414948293,2276.948125774179,10.742143396521524
2023-01-21 00:00:00.000000Z,0.0002087045395861,42166885.49464623,0.2819319931129393,86.81398002529413,126.8177320183856,218.64169167182945,-0.0305452164672979,-47.535353403807775,35795621.49617756,12840737.53180943,40171366.04927986,-52101.40676503015,-2928.190387958351,935.5914941294368,14.642287402062554
2023-01-21 02:00:00.000000Z,0.0001886990894135,42166164.03679849,0.2826701569214789,86.8166301547692,150.398112990701,225.1288217192622,0.0500630570902891,-47.547431675346886,35793639.883208185,-9015059.425936123,41196897.52627649,55694.43485930951,-3002.9894241162906,-657.5806218671195,14.612425172932394
2023-01-21 04:00:00.000000Z,0.0001885314770539,42166101.80975867,0.2833667198889049,86.89962891292187,150.86582769484193,254.65255553664085,0.1176103423219906,-47.55516096982768,35790067.54962841,-28443541.44454557,31130375.479351778,148795.05233248393,-2269.2787049501594,-2074.2274474699298,10.651958975691818
2023-01-21 06:00:00.000000Z,0.0001976062643982,42164939.886160366,0.283723576007005,87.02379190070337,158.83010658631426,276.64397911115765,0.153893995788086,-47.55736661707615,35785837.39997418,-40211527.49748202,12680415.18161772,202117.21317560764,-924.104474705208,-2932.543502215008,3.815956790104516
2023-01-21 08:00:00.000000Z,0.0002116450297167,42163679.45905663,0.2837347624226987,87.11440316636583,168.76386844074753,296.70514712008327,0.1490287979231103,-47.55385409296744,35781530.77723504,-41146488.55607344,-9184964.172363453,201215.25273826133,670.4728543791229,-3000.982079183881,-4.06421554928387
2023-01-21 10:00:00.000000Z,0.0002362209820867,42163518.24167282,0.2837293915831752,87.12426212617684,175.05298607656158,320.49732253975344,0.1041301376545182,-47.54479433292732,35777695.34671367,-30993260.07135539,-28574650.55244492,146187.7559997007,2084.816217125204,-2260.652812778481,-10.872765176350542
2023-01-21 12:00:00.000000Z,0.0002750076603373,42164749.86106441,0.284122734091383,87.08453229573992,177.86224991360538,347.8237488675318,0.0310504670406947,-47.53103311731555,35775277.958484255,-12485685.67173675,-40261835.21126477,51680.37970585451,2937.4738210266537,-910.7786704457184,-14.77755665233318
2023-01-21 14:00:00.000000Z,0.0003108891797294,42166256.52471789,0.2849932190295501,87.08985044576625,179.66448339291665,16.114384701523782,-0.0507520665676883,-47.515088136539006,35775525.25512249,9388233.420114184,-41094878.78748409,-57015.78371335829,2998.277388424274,684.7126619327038,-14.721617716792988
2023-01-21 16:00:00.000000Z,0.0003180919817898,42166471.67769044,0.2859110487294837,87.19988188968435,179.20979956274505,46.55483513805863,-0.1193800732747328,-47.50146834747905,35779109.06385498,28731697.24823894,-30849639.274101883,-150724.16954455536,2250.8503261428705,2095.4031051800007,-10.707815327619524
2023-01-21 18:00:00.000000Z,0.0003014984929164,42165163.060509525,0.2863769012216403,87.36091123185433,174.07451569337607,81.6175815285026,-0.1563482273296175,-47.49504615218134,35785169.21272478,40331847.98790261,-12290025.064953906,-204203.7701257027,897.1195833680239,2940.9703669530422,-3.8024402450992536
2023-01-21 20:00:00.000000Z,0.0002843876033999,42163721.15010312,0.2863913001939505,87.4671075226058,166.47315667665725,119.19158972035956,-0.1515751253228361,-47.49822594540788,35791430.010576054,41066317.8847938,9580642.696924996,-202953.61518462675,-697.6936315234933,2994.030843520943,4.145401341053913
2023-01-21 22:00:00.000000Z,0.0002641218615136,42163529.88848869,0.2863809725140034,87.47853868780828,160.49455794657345,155.22968254060663,-0.1061465244956298,-47.5093910938777,35795504.155206166,30741493.447281588,28871351.31990497,-147158.78295167713,-2104.094151595089,2240.9399607283244,10.99955048498416
2023-01-22 00:00:00.000000Z,0.0002339439744657,42164655.6936765,0.2866993562385348,87.44643892086837,155.03196340294485,190.7920370107651,-0.0320710139087488,-47.52393164928779,35796208.32183999,12139952.310398676,40389284.34133565,-51682.28092989228,-2943.830309179215,884.7160993906697,14.91321259912738
2023-01-22 02:00:00.000000Z,0.0002102852342525,42166019.85492262,0.2873316153933529,87.45006544406141,148.62674779990593,227.26303219981736,0.0509021739468684,-47.53677120386624,35793899.2370724,-9730059.72616185,41034171.41828876,57902.51290551332,-2991.0624246578977,-709.7523785673026,14.826744582976897
2023-01-22 04:00:00.000000Z,0.0002044389007032,42166437.030701615,0.2879756555759982,87.52719189129766,146.27091580244274,259.61619144679986,0.1205483877199954,-47.544497133825054,35789852.18188879,-28980361.990202453,30630944.611952238,152166.94186840765,-2232.8486382046017,-2113.433659023922,10.753907775257703
2023-01-22 06:00:00.000000Z,0.0002053832677414,42165568.24750325,0.2883263299160414,87.6501634125498,151.98174612997877,283.86297841805657,0.1581253350331572,-47.54597630675511,35785354.766380325,-40425602.0235964,11978664.321253125,205733.67286729065,-872.9448684516913,-2948.237660100756,3.780909910209613
2023-01-22 08:00:00.000000Z,0.0002073572997394,42164164.29189216,0.2883302844305965,87.75338813565726,162.33524620826037,303.4926384589606,0.1534294868144225,-47.5416139552789,35781201.509732924,-40979957.53348756,-9900062.052100549,204114.18649443617,722.5941395948146,-2988.9028204093715,-4.22318216849551
2023-01-22 10:00:00.000000Z,0.0002188080687187,42163482.89725579,0.2882441595291744,87.78850573750708,171.3922922719671,324.49186778518487,0.1075706832712343,-47.53231015873992,35777835.258136325,-30490902.9831254,-29110290.816563588,147629.73716599663,2123.818095138384,-2224.034764200334,-11.1084128013537
2023-01-22 12:00:00.000000Z,0.0002484370461608,42164252.58973457,0.288445146588812,87.77069828375423,176.8830489864623,349.11424797806893,0.032702867998098,-47.51918265535259,35775828.83468031,-11783062.316167751,-40473616.60029929,51349.302898247326,2952.8169967087097,-859.5208447964567,-15.022613612373387
2023-01-22 14:00:00.000000Z,0.0002869200390941,42165883.27337539,0.2890853769072339,87.77632928689955,180.52171140011345,15.567112838806016,-0.0512115835791056,-47.50427251875241,35776091.60606884,10101590.521489922,-40925949.99213356,-58941.61324806135,2985.85555381543,736.7645521610687,-14.909656200005712
2023-01-22 16:00:00.000000Z,0.0003072805836618,42166769.135919526,0.2898718632054402,87.87178868869377,181.8341455748102,44.25440066036606,-0.1217273645513771,-47.49127228833775,35779349.84278421,29263661.65378895,-30345810.032598,-153651.75251294064,2214.0528057437155,2134.2371923600176,-10.792766470845049
2023-01-22 18:00:00.000000Z,0.0003015315853023,42165935.32978764,0.2903249391767142,88.03071642413957,177.96628084615742,78.05190640617775,-0.1599117099954918,-47.484770781922094,35785162.63011578,40539344.58560462,-11587164.550402408,-207316.04192840072,845.8658474457716,2956.1491100847315,-3.768869464076845
2023-01-22 20:00:00.000000Z,0.0002918058108278,42164278.98170897,0.2903309469143915,88.15668311624407,169.86218864915,116.10909646592124,-0.1554230728177415,-47.48772625347458,35791553.91289917,40893663.13960357,10293149.67201777,-205434.4366125932,-749.5994632092405,2981.470461806848,4.282428190814249
2023-01-22 22:00:00.000000Z,0.0002820009437611,42163499.01830555,0.2902381449065838,88.19457123081499,162.63277497178944,153.37121355009364,-0.1093149166477924,-47.49922212536101,35795990.3708821,30235442.63627609,29401581.60344527,-148393.90677952554,-2142.660121468062,2204.0422878983,11.200343773572884
2023-01-23 00:00:00.000000Z,0.0002597533452627,42164236.17902455,0.2904133758816272,88.17897354164216,156.62523084636598,189.4610423917832,-0.0337946443867004,-47.51473784053135,35796902.43332308,11437079.376222242,40594636.63604671,-51403.36401806907,-2958.6814856231285,833.4577780073108,15.12337962653439
2023-01-23 02:00:00.000000Z,0.0002366035476685,42165677.32657736,0.2908953642664683,88.18273118184064,149.65692010309252,226.4939460289332,0.0510041408985147,-47.52863792385386,35794407.2691667,-10440386.959884906,40859738.8824831,59559.15139509554,-2978.2411178617235,-761.5597872713022,14.99068328916389
2023-01-23 04:00:00.000000Z,0.0002283013137779,42166514.64206287,0.291431172147205,88.24718863297659,145.0904792566482,261.0699354311424,0.1223793276250462,-47.53681449296979,35789869.9307397,-29507013.063945565,30123961.347040515,154703.30096048332,-2195.8235332733125,-2151.8786456519374,10.828985052241494
2023-01-23 06:00:00.000000Z,0.0002258966317469,42166070.85814498,0.2917372507686906,88.3550966983225,147.62670000104544,288.5068351713318,0.1611398333464351,-47.53785196921895,35784908.63262177,-40626827.77858216,11275629.71669065,208427.28934438157,-821.6512828193223,-2962.9951399408087,3.7489021791926302
2023-01-23 08:00:00.000000Z,0.0002195453821023,42164767.119287066,0.2917359048364591,88.45268049302071,155.84216617095947,310.28115040560795,0.1567856956432777,-47.5325043831644,35780644.0346811,-40801362.41892411,-10609858.806076536,206217.6993629445,774.3727400392007,-2975.9726691564915,-4.350681044682608
2023-01-23 10:00:00.000000Z,0.0002171365857348,42163741.00877127,0.2916150243568555,88.49678938888707,165.21818902203634,330.9531865039999,0.1103704052397367,-47.522422796916906,35777599.85085312,-29980368.42949101,-29635478.318990268,148581.29976601218,2162.1081365601517,-2186.86572248352,-11.292649968140411
2023-01-23 12:00:00.000000Z,0.0002320265454766,42163959.64078165,0.2916799623700332,88.49318622050471,172.71642703054133,353.55384554975694,0.0342471204598535,-47.50933257523433,35776101.312946364,-11078197.22145218,-40672481.59709454,50932.88610089391,2967.256771611015,-808.1447891837311,-15.208729862621915
2023-01-23 14:00:00.000000Z,0.0002634462493177,42165365.975491546,0.29209001064161,88.4978924032376,178.5292273535711,17.832692763716413,-0.0512355601838777,-47.49523127167714,35776654.1114045,10810648.901212895,-40744970.45807684,-60538.52876377912,2972.560285389676,788.4595165679489,-15.0434678386058
2023-01-23 16:00:00.000000Z,0.0002898174197029,42166689.01705769,0.292669882642982,88.56918846834273,182.15423372120975,44.23068590702214,-0.1231880322478913,-47.48311920236079,35779793.84971382,29785874.19966189,-29834016.095588665,-155906.98114620658,2176.6521056034853,2172.318054915288,-10.838009548010133
2023-01-23 18:00:00.000000Z,0.0002946072644887,42166524.90832057,0.293039473821102,88.70083460945486,180.58991710073,75.75159503792054,-0.162311849592468,-47.47694600846894,35785327.12166376,40734297.381105,-10882591.588254934,-209545.93014865875,794.4594428074864,2970.3871099653734,-3.7178076427094537
2023-01-23 20:00:00.000000Z,0.0002921381225368,42165015.8674,0.2930374047660966,88.81923770011093,173.3292065068497,112.97305948038832,-0.1580674467803178,-47.4798051533453,35791683.6763431,40709152.49935323,11000718.811933585,-207003.84071985044,-801.1677859149203,2968.0467627053717,4.409524751305175
2023-01-23 22:00:00.000000Z,0.000292495395169,42163781.71196491,0.2929057481966292,88.86752566850504,165.54486790554645,150.7795305084433,-0.1115024922504644,-47.49146988159274,35796407.27924786,29721463.920854565,29921640.87486474,-148889.57722653617,-2180.4982719789227,2166.586006892461,11.363905348977964
2023-01-24 00:00:00.000000Z,0.0002812866712562,42163989.23859162,0.2929706296097555,88.86369310307396,159.3646967963713,187.0293887068646,-0.0349904708945419,-47.50781946520532,35797623.21792084,10732363.752997411,40787357.64757776,-50731.55371373848,-2972.608069720759,782.0909228594385,15.27629260207528
2023-01-24 02:00:00.000000Z,0.0002626462089755,42165265.332607865,0.2933001031695576,88.86705937416238,152.5854535821136,223.8724196174073,0.0510472111614622,-47.52291949952404,35795110.42493117,-11145927.330029234,40673669.12397832,61162.7615231843,-2964.546475268945,-812.9865408443166,15.090547549588482
2023-01-24 04:00:00.000000Z,0.0002544572120642,42166361.09129527,0.2937004191464425,88.91567137607765,146.90683687627504,259.5755705096826,0.123570484646811,-47.53195777391456,35790162.93545389,-30023533.27134047,29609599.6440148,156747.9057675556,-2158.2243111892626,-2189.548880679225,10.848859318867447
2023-01-24 06:00:00.000000Z,0.0002526904773981,42166361.95676153,0.2939352005029329,88.99916190721855,146.79232237684738,289.68763685542086,0.1630828991796657,-47.53297988967009,35784633.14470572,-40815397.264258735,10571579.321164588,210305.782645702,-770.2461166063977,-2976.803862123654,3.684151380411523
2023-01-24 08:00:00.000000Z,0.000244452753219,42165345.04315265,0.2939310960425985,89.07650675694951,152.15516875104043,314.3356719295082,0.1588929961821766,-47.52676780038676,35780003.45695892,-40611065.14905781,-11314025.601936577,207376.70266692404,825.7850861126051,-2962.1885836891943,-4.480742592354456
2023-01-24 10:00:00.000000Z,0.0002332313188162,42164207.77637838,0.2938233320665024,89.11418406111571,159.76373550578126,336.782712721624,0.1120350769985361,-47.5155673268022,35777032.88123956,-29462156.60541061,-30149918.128615763,148680.3185464939,2199.674547866423,-2149.158113629659,-11.449475972408942
2023-01-24 12:00:00.000000Z,0.0002333497188318,42163952.93880388,0.2938339126236926,89.11542911518403,167.20953118954316,359.431575389286,0.0350253388670075,-47.501868917461564,35775977.48417443,-10371585.422424484,-40858256.05966438,49948.58562661834,2980.8074482830416,-756.6687487124062,-15.344900983397322
2023-01-24 14:00:00.000000Z,0.0002510946377329,42164914.06249829,0.2940795822008527,89.11881508072207,174.2074393499553,22.526365428717316,-0.0514932840986091,-47.48803995962755,35776997.087856844,11515097.736131905,-40551867.6715826,-62297.5651724897,2958.425162671885,839.7893956294287,-15.116629738274073
2023-01-24 16:00:00.000000Z,0.0002739587556314,42166326.72962535,0.2944526231343271,89.16531496584413,179.97061708908913,46.81017610134196,-0.1243035091171054,-47.47673621238586,35780281.86896959,30298263.62768128,-29314204.16464926,-157887.32818368566,2138.6775522136318,2209.646719443697,-10.82452709003941
2023-01-24 18:00:00.000000Z,0.0002843772687238,42166780.101582,0.2947005692616157,89.25522494368478,181.26047316974663,75.5180283670365,-0.1638563171333774,-47.47118148366494,35785641.35734832,40916788.09411685,-10176250.349408347,-211119.74299302037,742.9134171685711,2983.6826323639843,-3.6213998788622543
2023-01-24 20:00:00.000000Z,0.0002872236004602,42165727.5413864,0.2946940475785041,89.34116867468286,176.1240367036601,110.64754462055278,-0.1595178650895041,-47.474171298886944,35791858.217534415,40512914.807871066,11703379.424184788,-207669.27587692425,-852.397860353517,2953.7551128196465,4.5586465500509465
2023-01-24 22:00:00.000000Z,0.000294871894107,42164317.97870421,0.2945834250805042,89.37994919012309,168.6906569565088,148.1124805661155,-0.1124127554844073,-47.48591881821639,35796736.79476989,29199653.835690998,30431532.29320153,-148427.90733364684,-2217.6186097771097,2128.56861000938,11.519642706184303
2023-01-25 00:00:00.000000Z,0.000294968463675,42164001.7786034,0.2946062521142398,89.37984080632414,162.62595324859254,184.2425516738151,-0.0351170254231691,-47.50286546326239,35798267.73748411,10025792.57004574,40967428.18211166,-49268.5518687381,-2985.62954000552,730.6104468752542,15.39155387015384
2023-01-25 02:00:00.000000Z,0.0002839077578606,42164921.78450414,0.2948227200609088,89.38254849638258,156.4386594512974,220.49316899020496,0.0516940504475613,-47.5190903757785,35795887.07588656,-11846838.71862249,40475878.28960232,63200.86513291299,-2949.99694416026,-864.0454850238658,15.130924289215592
2023-01-25 04:00:00.000000Z,0.0002780093948748,42166068.81196686,0.2950940899726694,89.41596844088328,150.5644736002193,256.4059826851173,0.1247482632491706,-47.52922734053628,35790684.11248781,-30530173.806117315,29087673.46415052,158761.77613470337,-2120.057588018873,-2226.457756900731,10.80171049145108
2023-01-25 06:00:00.000000Z,0.0002789202781754,42166429.10392316,0.2952497983396298,89.47207336874742,148.74611248937632,288.2488638312318,0.1643956267972806,-47.53066499170034,35784606.40040472,-40991570.6266529,9866267.75173374,211694.2464079742,-718.7269773459788,-2989.665496636282,3.5615830445960754
2023-01-25 08:00:00.000000Z,0.0002736742902068,42165792.39188505,0.2952457075056054,89.52115936073976,151.74906447234298,315.28558392722766,0.1599072440712735,-47.523919020333,35779453.629614025,-40409312.95467127,-12012773.1226681,207706.81826910476,876.8307759066089,-2947.5405717641006,-4.645136599249808
2023-01-25 10:00:00.000000Z,0.0002605458359592,42164758.0876362,0.2951865885633412,89.54186438400387,157.21435427139588,339.8940290154481,0.1124102022143985,-47.51156333178121,35776304.47447245,-28936537.641268067,-30653741.52381986,147814.17379779334,2236.51261293614,-2110.901826380952,-11.609155729228554
2023-01-25 12:00:00.000000Z,0.000250945209698,42164205.88173513,0.2952178444302465,89.54014352433559,163.20529078439102,4.001768500409002,0.0346245208398979,-47.49681507430115,35775513.7684494,-9663512.489011724,-41031018.58156636,48093.509274331576,2993.471805639228,-705.087666686177,-15.452731509930398
2023-01-25 14:00:00.000000Z,0.0002544188604618,42164668.95527152,0.2953897311711867,89.54250405993437,169.63887189214333,27.66222526529577,-0.0525488101163864,-47.48267362276684,35777030.05089329,12214723.818974568,-40346678.329327874,-64632.748193765765,2943.46693431379,890.7624199910375,-15.138094349771718
2023-01-25 16:00:00.000000Z,0.0002668879669234,42165865.66428546,0.2956127051282749,89.57046034006605,176.22438735669655,51.14176451119344,-0.1256614592863565,-47.47184663298938,35780666.51049899,30800755.924860176,-28786325.4250679,-160024.2676920422,2100.148105930326,2246.2377396122297,-10.748443961934743
2023-01-25 18:00:00.000000Z,0.0002756623510793,42166698.51363424,0.2957446842314196,89.61882249824883,179.97955221320524,77.42515332682984,-0.1650398773565548,-47.46699188683752,35786027.97156161,41086843.23710823,-9467998.280237706,-212401.03898388636,691.2356507743157,2996.0449136353213,-3.46503254739064
2023-01-25 20:00:00.000000Z,0.0002798746282899,42166236.71922801,0.2957405960495568,89.65978840015599,177.69946326630875,109.74294693430768,-0.1600836003614323,-47.47033281347749,35792083.43514305,40304990.20137993,12401295.111119606,-207658.23007653965,-903.2928453817495,2938.5923158893643,4.752503011121878
2023-01-25 22:00:00.000000Z,0.0002903921510986,42164965.8145481,0.2957042652988063,89.6732102574387,171.54718946005545,145.9520641240108,-0.1121080251195656,-47.48215262242649,35796973.09636424,28670001.10459696,30931364.605273634,-147054.65376131935,-2254.031927375299,2089.97894153399,11.694523352977996
2023-01-26 00:00:00.000000Z,0.0002993036352228,42164270.86984456,0.2957646753214363,89.66838227345991,165.89061220991252,181.67840722702903,-0.0339742830953199,-47.49942294155265,35798748.37931699,9317254.47935685,41134854.22517041,-46866.92202769742,-2997.762200406511,678.9984595724908,15.494815360376483
2023-01-26 02:00:00.000000Z,0.0002972173601225,42164743.782669686,0.295933827417189,89.67051041619546,160.44772741830465,217.18434055520476,0.0533638929194617,-47.51650377697104,35796589.69841692,-12543345.686766688,40266210.3489444,65982.1376215619,-2934.605487793964,-914.7635800771716,15.130008452120036
2023-01-26 04:00:00.000000Z,0.0002955687318684,42165746.06595521,0.2961106406233805,89.69250032942128,154.97335125291536,252.7076812833244,0.1264537348055159,-47.527732620288965,35791310.36232158,-31027202.24506656,28557819.17154179,161143.0772518394,-2081.3209712143034,-2262.633542566028,10.69366943651622
2023-01-26 06:00:00.000000Z,0.0002999962314316,42166321.536154464,0.2961971653195266,89.72385829738685,152.28261600070988,285.4469713828482,0.1656124399964439,-47.52987951401839,35784811.976916805,-41155539.55458989,9159173.126297245,212985.95609492285,-667.0768675959634,-3001.593193940917,3.373735531493281
2023-01-26 08:00:00.000000Z,0.0003000645830006,42166063.98211748,0.2961967042696614,89.74371319246168,153.63539813536568,314.1632230483684,0.1602308881851984,-47.52300153514781,35779110.10869747,-40196167.02120582,-12706634.820632825,207504.3590937005,927.5259423612138,-2932.0191279044293,-4.862740135414692
2023-01-26 10:00:00.000000Z,0.00029015563252,42165279.32358746,0.2962049369335328,89.74304994750229,157.39771180581326,340.4969438133842,0.1116773782418945,-47.509716209915325,35775609.48590266,-28403502.658565845,-31147359.80125848,146116.74282115165,2272.624817027453,-2072.0752609436167,-11.796931950158044
2023-01-26 12:00:00.000000Z,0.0002770481295966,42164629.632767305,0.2963072321437088,89.73382287276297,161.83852545696692,6.163494284581582,0.0329743966422042,-47.4937891083873,35774878.49557425,-8953989.811956057,-41191027.27131959,45316.17138127693,3005.2438464686666,-653.3821745138273,-15.557397727819282
2023-01-26 14:00:00.000000Z,0.0002700754497072,42164671.533003904,0.2964853633120826,89.73596511505961,166.78242814981223,31.314570663934397,-0.0546944109325134,-47.47892600089545,35776804.954869695,12909482.344482986,-40129537.798468,-67758.82760461289,2927.684063259059,941.3942823946412,-15.127253521287477
2023-01-26 16:00:00.000000Z,0.0002705795314658,42165474.24669322,0.2966352811630152,89.75448618159061,172.58162598963673,55.58976904514155,-0.1277010689873809,-47.46819060300815,35780887.797793016,31293321.03642293,-28250397.6887445,-162640.42261035574,2061.068468999547,2282.1083573350206,-10.620061349693568
2023-01-26 18:00:00.000000Z,0.0002720906846978,42166392.28917107,0.2966871094746092,89.77237360449608,177.45445740565324,80.78534628542128,-0.1663542640459494,-47.46395202390931,35786415.20085711,41244464.22674903,-8757735.337959012,-213751.1083150976,639.42894022185,3007.4875963127133,-3.2492028860705826
2023-01-26 20:00:00.000000Z,0.000272909008484,42166465.59040271,0.2966930127419444,89.77074115946137,177.8475988803743,110.47200111875256,-0.1602150107995015,-47.46779822459951,35792350.78209438,40085383.20145056,13094621.234253496,-207301.80726214583,-953.8544779160044,2922.559400276238,4.999876164624125
2023-01-26 22:00:00.000000Z,0.000281566070298,42165572.59396768,0.296760856005286,89.75226770117106,173.63783187402524,144.77038552188702,-0.1109111511835018,-47.47974171436002,35797132.48934835,28132487.81110368,31421257.96700629,-145007.19659706182,-2289.7425924855165,2050.807252206452,11.905539036954693
2023-01-27 00:00:00.000000Z,0.0002949758020812,42164725.70336099,0.2969236589040785,89.73693089008285,168.7009175922071,179.78749351813522,-0.0316892474396523,-47.49709683896356,35799026.198071495,8606688.696014866,41289660.956256814,-43619.87711528717,-3009.013606768492,627.2385268297227,15.608497489272343
2023-01-27 02:00:00.000000Z,0.0003013674852483,42164766.84516661,0.2971160696480102,89.7390977618548,164.05440130639298,214.4965409381064,0.0561570926074267,-47.51465757717955,35797101.316944346,-13235565.313702997,40044546.37945036,69580.5550035756,-2918.378916177767,-965.1646116825514,15.110890155511164
2023-01-27 04:00:00.000000Z,0.0003053823365221,42165482.000132754,0.2972476456921527,89.75534252464989,159.32378761554082,249.2809960663529,0.1289940738277568,-47.52675179230229,35791897.21456274,-31514753.157840487,28019728.323665056,164117.66685563416,-2042.0109594884768,-2298.1034989039563,10.54293936306106
2023-01-27 06:00:00.000000Z,0.000313744266001,42166110.645690896,0.2972864358558645,89.76861945320962,156.40673118536094,282.2638890869658,0.1671753393850643,-47.52969373947556,35785159.75223626,-41307361.92122806,8449817.519177482,214505.7287311208,-615.2787009244288,-3012.6041435920147,3.1293293659062043
2023-01-27 08:00:00.000000Z,0.0003196686764696,42166163.99414726,0.2972930665568729,89.76371696457115,156.7104427448873,312.0537647035732,0.1603350463506529,-47.52301849111575,35778996.04386101,-39971544.8441542,-13396139.680225672,207115.51378457865,977.8896927636124,-2915.620541045811,-5.136409215801922
2023-01-27 10:00:00.000000Z,0.0003157715473469,42165701.05756055,0.2973722853522822,89.74250417233041,159.2595229495606,339.6218468989459,0.1102256139373206,-47.50915785767118,35775082.202706866,-27862872.927946325,-31631210.77381153,143873.83639450924,2308.017023662473,-2032.6589756558812,-12.026297008505288
2023-01-27 12:00:00.000000Z,0.000303974403357,42165122.431159176,0.2975686032734344,89.72456035091481,162.53949394125138,6.4590021220883616,0.0302941786150483,-47.49218986558036,35774249.625227615,-8242854.743243,-41338569.13373379,41777.4739940712,3016.114500231679,-601.5322014018384,-15.679325558164036
2023-01-27 14:00:00.000000Z,0.0002913413066967,42164883.47501954,0.2978056763768904,89.72761584337104,166.04184261763385,33.05159511036271,-0.0579239009818928,-47.47645218765294,35776448.92009848,13599453.233428832,-39900612.1156404,-71671.51623554075,2911.0649275253563,991.6985594287436,-15.106272308454493
2023-01-27 16:00:00.000000Z,0.000282082640994,42165247.96059666,0.297949751594681,89.7452483501878,170.23291836134183,58.93599446175806,-0.1306211928429214,-47.465523107979344,35780971.31827182,31775978.17462329,-27706499.220174644,-165882.04804914838,2021.4338348129895,2317.2704328756304,-10.458280585885571
2023-01-27 18:00:00.000000Z,0.0002746200926419,42166007.20539897,0.2979657034459237,89.74807569030196,174.68764910541304,84.56425904336196,-0.1681533498872777,-47.46175312954712,35786770.30692621,41389656.584523216,-8045452.779911149,-215430.0167522258,587.4934961634456,3018.0222801822224,-2.9862370654614407
2023-01-27 20:00:00.000000Z,0.0002685669970541,42166436.27993312,0.2979857213900516,89.71669453733766,176.72945464160392,112.63140774851334,-0.1603464746114301,-47.46618864553087,35792654.54349387,39854107.466768734,13783430.186599394,-206919.39307744423,-1004.0807904270104,2905.661333021164,5.296761365392896
2023-01-27 22:00:00.000000Z,0.0002713222442859,42166030.14003848,0.2981584154577104,89.66956469332527,174.58439130445072,144.89352932689587,-0.1092506310882954,-47.47835121091392,35797251.55660165,27587147.61954229,31901290.64157687,-142600.7672679627,-2324.747245995344,2011.0506976167912,12.15788970516401
2023-01-28 00:00:00.000000Z,0.0002844401186373,42165264.01886248,0.2984585950058568,89.64191952603942,170.65190353201834,178.9185903774635,-0.0285943864041717,-47.49564027991893,35799118.37947813,7894149.717009174,41431892.17653091,-39772.04288559176,-3019.382054522215,575.3243496785462,15.746783170271303
2023-01-28 02:00:00.000000Z,0.0002971169305735,42164975.51331928,0.2987317729028047,89.64536994738468,166.83772746144538,212.7939129093272,0.0599143493251967,-47.51330368120524,35797368.72334755,-13923446.242637862,39810871.225120775,73878.80737239777,-2901.31947064064,-1015.2590805199025,15.094137136567678
2023-01-28 04:00:00.000000Z,0.0003073094115836,42165330.747749485,0.2988681670731127,89.6621451953864,163.06069555904264,246.62374419995663,0.1324240862281283,-47.52590560167609,35792331.74151226,-31992790.82904781,27473289.344181385,167725.51962968483,-2002.1282694776944,-2332.8835641703604,10.371725669084098
2023-01-28 06:00:00.000000Z,0.00031982757611,42165866.39850684,0.2988848417141351,89.66610746608153,160.41642122187665,279.3424773104943,0.1693422297338415,-47.52953452108106,35785536.16169821,-41446981.17284061,7737972.795561926,216442.7163718254,-563.3255563159391,-3022.713030350852,2.846689320497675
2023-01-28 08:00:00.000000Z,0.0003312660353743,42166127.08507926,0.2989006195219069,89.64407906417331,160.1578234761819,309.71139158701425,0.160618190869664,-47.52325426341082,35779062.938103914,-39735319.93077357,-14081585.944059778,206832.7565883115,1027.9329444988186,-2898.3484231604425,-5.45639192605165
2023-01-28 10:00:00.000000Z,0.0003343733978166,42165992.00022994,0.2990425917719425,89.60672781018575,161.87981705243806,338.1229263715109,0.1084962897909445,-47.509170227688536,35774770.58318759,-27314462.40989674,-32105572.06890062,141409.5345214773,2342.693116879389,-1992.6445916795133,-12.298374972877411
2023-01-28 12:00:00.000000Z,0.0003270189600047,42165604.02398218,0.2993343213752013,89.58118947959515,164.37014895210325,5.758076765034888,0.0269615007012112,-47.49144645652939,35773747.605094135,-7529936.580930917,-41473847.24178972,37754.66716773828,3026.0759921471945,-549.5272703450977,-15.830045960259104
2023-01-28 14:00:00.000000Z,0.0003128008441993,42165236.62440119,0.2996548075123329,89.5863468860876,166.82416580470613,33.397714756781625,-0.0620110569340606,-47.474895405601735,35776087.033134006,14284730.073992005,-39660046.4102728,-76204.84010543696,2893.5978637859457,1041.6805420139324,-15.09382128623558
2023-01-28 16:00:00.000000Z,0.000297073614814,42165210.031670965,0.2998377875348649,89.60945938634256,169.37251493642316,60.91968417164872,-0.1343942047066804,-47.46363875131856,35780982.14753109,32248754.33014089,-27154748.270142548,-169729.02273685526,1981.2384437377932,2351.7273421539435,-10.284097816411895
2023-01-28 18:00:00.000000Z,0.000281935463144,42165662.521661416,0.2998538986285705,89.61128723650002,172.4337247890489,87.94212613470262,-0.1706065656176358,-47.4602058572216,35787095.47799029,41522433.69743046,-7331233.21417148,-217562.3553159277,535.4308336432618,3027.6557751851715,-2.694607067027828
2023-01-28 20:00:00.000000Z,0.0002681174258607,42166231.775132775,0.2998868529305471,89.56673440832166,174.78913481325003,115.70821333398912,-0.1608014528025048,-47.46526827990289,35792996.67572887,39611205.28677601,14467694.078379542,-206748.9089583244,-1053.9656553170885,2887.90573776448,5.630663340505124
2023-01-28 22:00:00.000000Z,0.0002624850553403,42166294.30066823,0.3001413777409855,89.50065763532716,174.22436672551692,146.40864986674575,-0.1075333246377276,-47.47777185005394,35797376.20157371,27034079.43030817,32371481.570342906,-140134.84980547678,-2359.036637626003,1970.714856155721,12.44732235663716
2023-01-29 00:00:00.000000Z,0.0002710164744587,42165792.82272593,0.3005791900251435,89.46266738933754,171.39779526750647,179.33825356989774,-0.0250922201037478,-47.49495332655633,35799082.68873397,7179801.244110392,41561605.42674994,-35619.83866241454,-3028.859982064208,523.2614388258864,15.914882682634593
2023-01-29 02:00:00.000000Z,0.0002867213100312,42165326.001304924,0.3009679222244308,89.46894363172999,168.45739763657144,212.33716721844007,0.0643297546175621,-47.51242341538788,35797402.803243294,-14606795.759596318,39565281.333612464,78651.4888634755,-2883.42735096443,-1065.0425791559933,15.093936226912616
2023-01-29 04:00:00.000000Z,0.0003025100969734,42165315.32995134,0.301150783319922,89.49210014396316,165.79764561277332,245.04321251918864,0.1366092948092229,-47.52514581968008,35792557.237922445,-32461151.40831808,26918609.792853475,171867.24257498665,-1961.679810852145,-2366.975843203248,10.20013847025956
2023-01-29 06:00:00.000000Z,0.0003191437787167,42165644.69338081,0.3011687670857242,89.49576925698557,163.84105181020882,277.074101672342,0.1721846374715528,-47.52922476530959,35785846.39969657,-41574284.93252917,7023703.963330025,218848.97063372209,-511.2236017704452,-3031.928919542988,2.546856820259822
2023-01-29 08:00:00.000000Z,0.000300927384615,42166269.74257046,0.3011930709889868,89.46553894858576,161.33241525580334,309.7003445707815,0.1613408784670359,-47.523854436557386,35780025.277561024,-39488272.68788536,-14762932.12780653,206851.3456114007,1077.5148788125753,-2880.2131515557226,-5.805331188349866
2023-01-29 10:00:00.000000Z,0.0003107029626886,42166425.60526372,0.3013823588644939,89.41800915223205,162.72295605239194,338.451938743365,0.1068770180794548,-47.51134684009165,35776102.54485983,-26760250.518446263,-32570685.77963847,139015.76537630553,2376.464029517906,-1952.115325136426,-12.604244774570496
2023-01-29 12:00:00.000000Z,0.0003091216308508,42166295.22913585,0.3017551608483803,89.38731968750916,164.91298867548397,6.390730265898178,0.0233987675176471,-47.49543913418834,35775204.666085795,-6818558.966962032,-41598201.16581146,33566.361660330804,3034.964614169608,-497.5956032955524,-16.011265644074353
2023-01-29 14:00:00.000000Z,0.0002961041279288,42165934.190717325,0.3021622006122875,89.39548610789578,166.83282266934603,34.559725598223594,-0.0666010992545792,-47.48070691488524,35777513.77409105,14961320.955941647,-39411307.885416806,-81091.13202867974,2875.283550081725,1090.9938336456478,-15.102047829281362
2023-01-29 16:00:00.000000Z,0.0002768332069904,42165613.79700354,0.3024058683775532,89.4277795474701,168.11695515693395,63.335000231729694,-0.1388197261086176,-47.47117630215974,35782235.883406445,32708540.0061647,-26601093.12206975,-174030.13345601127,1940.7288330098652,2385.1688581094245,-10.116982756951517
2023-01-29 18:00:00.000000Z,0.0002563311220768,42165700.38698687,0.3024445652601346,89.43884676749965,169.52132620772696,92.00358529526628,-0.1737143415179611,-47.46919295824713,35787938.6988618,41642179.43291282,-6622563.704418356,-220148.51155239865,483.6620639626142,3036.295210287205,-2.3960133775290067
2023-01-29 20:00:00.000000Z,0.0002360073440978,42166217.87458332,0.3024840007855779,89.39611453230661,171.20096382428468,120.44289090862036,-0.1617750570210299,-47.47498641316404,35793121.53645467,39359162.93571296,15140293.976687765,-206938.41522646436,-1103.1033266928905,2869.4848012534444,5.9830557894046885
2023-01-29 22:00:00.000000Z,0.0002215291438246,42166644.46845942,0.3027833197922742,89.32291713677418,171.24829979124837,150.53883596124788,-0.1060969411123125,-47.48700250422911,35796640.271834694,26478078.52153817,32826882.007637423,-137866.69035216965,-2392.3960880030404,1930.1845105495208,12.762546830350992
2023-01-30 00:00:00.000000Z,0.0002226528542536,42166515.73048979,0.3033312150312261,89.27869542408165,169.0190017127792,182.87912614269567,-0.0215815155627933,-47.5024626480813,35797755.372438595,6469090.088095354,41676801.4648909,-31468.149945310117,-3037.4784247381394,471.4560054882762,16.111098131368543
2023-01-30 02:00:00.000000Z,0.0002380242878002,42166035.50799391,0.303844691417222,89.28916125101077,166.7354344356991,215.2192462786157,0.069036928233284,-47.5177090958689,35796097.10835106,-15281100.270509357,39308357.92310567,83617.73691092174,-2864.9135875260204,-1114.218398434084,15.118562371245986
2023-01-30 04:00:00.000000Z,0.00025796324642,42165709.01857128,0.304101851335488,89.32321898720565,165.2917587042888,246.6999910931001,0.1413012345162957,-47.52875014422427,35791872.2114806,-32917176.63716263,26357883.982340068,176352.39659287143,-1920.9553030373693,-2400.227395328347,10.044529286231835
2023-01-30 06:00:00.000000Z,0.0002783238398764,42165758.06383509,0.3041392758711075,89.33468120190415,164.42883893943738,277.62984379701425,0.175629987533503,-47.53239121406,35786059.870639965,-41688799.67392986,6309859.352642573,221669.8986868413,-459.2862310638419,-3040.218712552162,2.250462067787643
2023-01-30 08:00:00.000000Z,0.0002983327879996,42166088.18284579,0.304168513391505,89.30489421096419,164.4248196718364,307.75062028003657,0.1626222080113764,-47.52742389032553,35780247.49758948,-39229652.3546741,-15437642.031663328,207252.4880334509,1126.723325107149,-2861.296205269082,-6.165378616037179
2023-01-30 10:00:00.000000Z,0.0003143117789885,42166468.17123336,0.3043848347935853,89.25347935129018,165.56369422257518,336.75752638135464,0.1056396795527046,-47.515160203020805,35776152.784456484,-26198265.059857134,-33024480.49832149,136882.39093589765,2409.5802137751757,-1911.0827680982663,-12.932250068820148
2023-01-30 12:00:00.000000Z,0.0003196990130208,42166622.171837024,0.30481615204878,89.22034926514242,167.44475845566024,5.007873985108747,0.0199505056421769,-47.499112919720176,35775055.97355147,-6104665.25633399,-41708798.49809734,29455.06221555081,3043.0707979654103,-445.4940896639585,-16.22017860092398
2023-01-30 14:00:00.000000Z,0.0003104422765099,42166373.04280136,0.3052976564709804,89.23193979187513,168.96991203666386,33.56853629594509,-0.0713667422101398,-47.48397311021595,35777327.73108426,15634723.317950156,-39148834.181047805,-86098.43154524242,2856.187594003597,1140.1299369698654,-15.136390951833269
2023-01-30 16:00:00.000000Z,0.0002905376568774,42165871.44106401,0.3056064495620609,89.27476201517483,169.22624159215886,63.36137161695862,-0.1436597362407411,-47.474151642883214,35782238.95264956,33159909.723859232,-26036239.60905768,-178614.91656616112,1899.574579486036,2418.0849203613825,-9.968055673900986
2023-01-30 18:00:00.000000Z,0.0002675954439713,42165601.89997235,0.3056771624125972,89.3007836356362,168.79060817184956,93.8548289493068,-0.1773692377085541,-47.4723387761649,35788220.66184844,41749875.61684255,-5907606.087151101,-223108.78065600927,431.5597888595127,3044.113427254481,-2.1040625498799965
2023-01-30 20:00:00.000000Z,0.0002437504928082,42165927.5191028,0.3057140286701248,89.27060752928455,168.84265597969068,123.90856933808833,-0.1633022189345356,-47.47872817639816,35793522.72742602,39094305.63942616,15812687.213461723,-207507.1413803244,-1152.0998888466945,2850.1221877813896,6.3404303910032
2023-01-30 22:00:00.000000Z,0.0002220217804125,42166570.22446068,0.30601772374359,89.20094722543683,168.5410195826306,154.34939028805707,-0.1051076133699251,-47.49130805591361,35796872.1934897,25912140.85408881,33275725.088960696,-135906.50727471677,-2425.109401455264,1888.8850065078536,13.09210670626739
2023-01-31 00:00:00.000000Z,0.0002141331304019,42166843.80621786,0.3066304760729716,89.15520944057769,166.67753127090677,186.32532254941444,-0.0183273684479752,-47.50684000490264,35797681.1359505,5754424.506143659,41781401.099242575,-27496.18160588767,-3045.1280720785967,419.3336963250513,16.32811853589063
2023-01-31 02:00:00.000000Z,0.0002254048637856,42166502.14909551,0.3072544935904016,89.17055192591897,165.1297000510978,217.9252345512137,0.0737292928131368,-47.52168531234372,35795861.679829866,-15952187.133233497,39040569.19505594,88567.8261102789,-2845.4338126282,-1163.1541535787294,15.167182007530148
2023-01-31 04:00:00.000000Z,0.0002465124814939,42165951.05022301,0.3075987725622534,89.21814458912085,165.23029805602144,247.84859984007343,0.1462294742997269,-47.53229320427496,35791731.2670346,-33363975.070027903,25789730.265341077,180992.56965632975,-1879.5669164548815,-2432.79862185767,9.911599200049382
2023-01-31 06:00:00.000000Z,0.0002689938791494,42165685.66821877,0.3076673465923014,89.24367698918594,165.9736811343373,277.1581571785253,0.179517757255462,-47.53584911457018,35786132.52378301,-41790888.63694211,5594345.718570085,224788.19956065115,-407.13350458823294,-3047.633237452688,1.970037503227011
2023-01-31 08:00:00.000000Z,0.00029146780062,42165893.79859919,0.3076956009349537,89.22177835048545,166.742947449167,306.49749186705213,0.1644537426924115,-47.53114619122686,35780444.72006017,-38959522.370912924,-16107710.48520992,208032.17862020055,1175.5759679362493,-2841.5499349964284,-6.519940283056005
2023-01-31 10:00:00.000000Z,0.0003123971815267,42166416.08953536,0.3079169353901212,89.17217063408702,167.9296976825402,335.4544016608741,0.1049323774454114,-47.51920014730851,35776296.18317448,-25628772.92114815,-33468551.980957225,135121.4935886983,2441.9646063788778,-1869.5021326973365,-13.267434745575008
2023-01-31 12:00:00.000000Z,0.0003246190374143,42166845.54213052,0.3083793186181088,89.1391161848603,169.6936618659368,3.821703306064192,0.016887198427055,-47.50323101281242,35775050.80190436,-5389324.833428524,-41807245.3412002,25622.781059589623,3050.265234977408,-393.28340373079567,-16.447351751172747
2023-01-31 14:00:00.000000Z,0.0003205333044756,42166784.57560808,0.3089150488578028,89.15397625580242,171.0701017552079,32.528006220017346,-0.0759831404931746,-47.48789850761412,35777250.75221503,16303119.42888962,-38875142.853218935,-90985.74866884189,2836.253733549465,1188.9043684576416,-15.195735340780653
2023-01-31 16:00:00.000000Z,0.0003019931014552,42166213.934333205,0.3092812529822432,89.20669115012834,170.71940208914074,62.918172036265325,-0.1486196870401825,-47.477879194986976,35782276.75944248,33601219.23716386,-25464189.670618687,-183266.09743550868,1857.8868266170164,2450.272857618715,-9.844836664565594
2023-01-31 18:00:00.000000Z,0.0002786668273021,42165639.91483682,0.3093845600588675,89.24956668724398,168.80789142204583,94.87050454376867,-0.181382103558306,-47.476206949829205,35788497.513740435,41845225.59549368,-5191428.428096764,-226304.94593309623,379.3701453619559,3051.0382112845805,-1.8325823460663857
2023-01-31 20:00:00.000000Z,0.0002541532556695,42165690.28972774,0.309409975333649,89.23787870814269,167.09463528684486,126.67049150383416,-0.1653406218738598,-47.48316201998821,35793951.76705137,38818185.08207646,16479991.543921512,-208426.5873842817,-1200.7148968526014,2829.940699351299,6.686891413457582
2023-01-31 22:00:00.000000Z,0.0002281814524255,42166394.77699363,0.3096819011826566,89.17957013121476,165.72658203465855,158.16572576674474,-0.1046690400007641,-47.49639769444384,35797188.91456996,25339106.550023302,33714533.117371656,-134335.10631297613,-2457.073697486548,1847.0628009246293,13.422124169966152
2023-02-01 00:00:00.000000Z,0.0002119208020029,42167032.18237498,0.3103073119001164,89.13646046266491,163.455381430889,190.5465049664544,-0.0155456686956766,-47.51217457150965,35797680.231762126,5038780.650653174,41873734.9525097,-23868.72725013365,-3051.867823929585,367.1288924576842,16.55681380633501
2023-02-01 02:00:00.000000Z,0.0002166899418729,42166949.0496149,0.3110098659873327,89.1564477473582,162.0711197220555,221.978533589949,0.078131237522711,-47.52669294949675,35795603.7220765,-16617878.330343427,38761602.38376885,93293.02403283837,-2825.134556031891,-1211.713495488552,15.236897570118463
2023-02-01 04:00:00.000000Z,0.0002359911752634,42166291.36194174,0.3114390926938123,89.21799594501,163.55325254356669,250.5069603447253,0.1511201758977789,-47.536745553052455,35791472.95333049,-33800474.41857437,25214469.642466668,185582.4114129037,-1837.6657728970729,-2464.6418871188584,9.805208828276175
2023-02-01 06:00:00.000000Z,0.0002586209629794,42165717.28113179,0.3115440872011897,89.26147271978574,166.1847102043342,277.91080343038493,0.1836377082863555,-47.53998928873185,35786076.87253761,-41880511.5557985,4877669.360975228,228049.2133083913,-354.9046906932718,-3054.161371869425,1.7155875202470654
2023-02-01 08:00:00.000000Z,0.0002819700153394,42165720.34589088,0.3115643954185736,89.25316735385816,168.17542202601655,306.0149913066522,0.1667390807842441,-47.535390380426406,35780590.362566486,-38678051.80250695,-16772681.814781051,209119.83314394025,1224.0458209201602,-2820.990609433303,-6.855595663336652
2023-02-01 10:00:00.000000Z,0.0003062550568454,42166293.426178105,0.3117689383330954,89.21007776901494,169.7358165145991,334.59141408121747,0.1047955915497393,-47.52377249338279,35776491.25250611,-25052099.01399947,-33902612.280215845,133763.4550836587,2473.6019633338524,-1827.4022157084669,-13.595784835114918
2023-02-01 12:00:00.000000Z,0.0003246458270079,42166965.477471575,0.3122339320356376,89.17913282521481,171.56785324048914,2.8883056061533785,0.0143744399847354,-47.50803911043134,35775156.52821958,-4672918.511493829,-41893477.956140615,22192.033884922115,3056.5476569407315,-340.99552358843425,-16.68176523729156
2023-02-01 14:00:00.000000Z,0.0003264994470406,42167139.75316502,0.3127988699114836,89.19661478712553,172.9922450549008,31.54404490608601,-0.0802028440403355,-47.49270068435738,35777268.33413999,16966175.68999677,-38590386.67990592,-95570.46524223028,2815.4948853774526,1237.2900705190625,-15.274758434468335
2023-02-01 16:00:00.000000Z,0.0003108724453067,42166600.29848512,0.3132077345946768,89.2572468311232,172.382359994514,62.18557935474467,-0.1534330336070164,-47.48257771940395,35782343.74726994,34032263.74720306,-24885254.351304024,-187787.26381195712,1815.6876245423612,2481.716632685942,-9.74886890210093
2023-02-01 18:00:00.000000Z,0.0002886782577254,42165800.11304332,0.313338379640734,89.31576445303754,169.43092739892322,95.162074381776,-0.1855320957830399,-47.48101537829338,35788755.03830826,41928197.88768228,-4474403.060423561,-229574.50904628632,327.11800440793456,3057.0690168260594,-1.5891769713161554
2023-02-01 20:00:00.000000Z,0.0002657690431993,42165541.184994064,0.3133458095160124,89.32439694370568,166.1371075235636,128.5217988269753,-0.1677645106455268,-47.48847214106297,35794381.96370329,38530936.84748934,17141887.641948972,-209604.5019974332,-1248.9279198227125,2808.955139977995,7.011013121846724
2023-02-01 22:00:00.000000Z,0.0002389670046442,42166169.04544438,0.3135595416907418,89.28187913348503,163.47156261821166,161.29804065947127,-0.1047734642538175,-47.50240443481344,35797576.155472934,24759228.963306237,34143134.406385496,-133147.3136845644,-2488.2769131884347,1804.743014634338,13.740314661338152
2023-02-02 00:00:00.000000Z,0.0002165153589451,42167083.70454625,0.314147733612538,89.24443397688673,160.26409402866446,194.60901582732004,-0.0133425616953563,-47.51859627073368,35797781.22944619,4322467.018664033,41953830.93651306,-20664.520724037877,-3057.694499327597,314.87110570942,16.78654697553331
2023-02-02 02:00:00.000000Z,0.000213951086329,42167332.83968824,0.3148849340108352,89.26791951534915,158.27426979086135,226.6432866487982,0.0820487180996687,-47.53294112346144,35795388.63828486,-17277879.519997556,38471698.75154196,97650.07515734724,-2804.0235816535137,-1259.8676473758878,15.32072343557985
2023-02-02 04:00:00.000000Z,0.0002287763023947,42166699.59520769,0.3153836568033217,89.34161934369587,160.55526770504957,254.3612593305194,0.1557352941362389,-47.5424283042435,35791161.18789642,-34226485.00080971,24632526.081345063,189946.60314359175,-1795.273201874592,-2495.7367923528845,9.723641330411311
2023-02-02 06:00:00.000000Z,0.0002490559512748,42165860.08178887,0.3155243995067882,89.40420636119799,165.0849519977559,279.8482229360806,0.1877632832728825,-47.54520752573788,35785924.58083317,-41957670.546131,4160343.567901559,231286.43981751223,-302.63029857862534,-3059.799822815952,1.491277789111095
2023-02-02 08:00:00.000000Z,0.0002712927031966,42165597.70382466,0.3155301482841177,89.41308414779374,168.67151489102434,306.3394171671219,0.1693177572634932,-47.54056365267822,35780680.36751005,-38385463.16665736,-17432091.56426465,210397.95466076315,1272.1042080169611,-2799.6347796910795,-7.163163807523877
2023-02-02 10:00:00.000000Z,0.0002970515255653,42166127.98060354,0.315698535036103,89.38000390979477,170.94778087151153,334.18965641886706,0.1051740861388017,-47.52925121818876,35776714.37751128,-24468632.9640506,-34326372.68923683,132768.48836016632,2504.475882781389,-1784.813822818829,-13.905356500421265
2023-02-02 12:00:00.000000Z,0.000320423413357,42166987.70046179,0.3161387368143175,89.35268894063593,173.04541561274382,2.2169761849802576,0.0124751279654688,-47.5138688475878,35775349.51808576,-3955894.4685150497,-41967451.14340614,19210.02314976773,3061.9184179218973,-288.6655524380807,-16.911718023059603
2023-02-02 14:00:00.000000Z,0.000328408396483,42167417.86973299,0.3167060372223892,89.3717843589217,174.68841701531426,30.65234095873832,-0.0838617048587458,-47.49868650780255,35777366.50729831,17623504.594543774,-38294759.58434827,-99731.06225105704,2793.926919536016,1285.257204282529,-15.364942073482505
2023-02-02 16:00:00.000000Z,0.0003168402531449,42166995.16695453,0.3171387378732652,89.43744508333708,174.11100282666467,61.25638753523472,-0.1578763579515578,-47.48854935024536,35782430.27428641,34452811.83344206,-24299800.55002406,-192013.6301449458,1773.0033089244064,2512.3991281085155,-9.67686621368785
2023-02-02 18:00:00.000000Z,0.000296842376452,42166058.24203156,0.3172885883377918,89.50838573051622,170.54200411556596,94.8379468698066,-0.1895918707317709,-47.48705880145302,35788973.415067755,41998765.01089567,-3756959.6723036775,-232750.1727480825,274.8321589275333,3062.2059110395967,-1.3764045761397243
2023-02-02 20:00:00.000000Z,0.0002769942350064,42165498.204379976,0.3172749756201008,89.53585980100773,166.00262148941357,129.42398943909416,-0.1703959237521592,-47.49491420093862,35794776.63882641,38232721.9822717,17798008.752801567,-210910.2639617194,-1296.7167017565732,2787.182263086251,7.305424680556044
2023-02-02 22:00:00.000000Z,0.000252317154308,42165941.54923886,0.3174157606311052,89.51054410703473,162.1489836763852,163.37045538793777,-0.1053300560397909,-47.509515711591966,35797998.60904782,24172788.32494885,34561325.44122757,-132276.89048478642,-2518.708531780146,1761.9529274794545,14.036538689733383
2023-02-03 00:00:00.000000Z,0.0002266935031348,42167014.8393973,0.3179266705618848,89.48049277074085,157.9049009814842,197.71011546454412,-0.0117303316338605,-47.52624984595607,35797983.6064495,3605798.437869746,42021697.333523445,-17893.28281026867,-3062.608684486976,262.590811833139,17.006696148210416
2023-02-03 02:00:00.000000Z,0.000217520438014,42167618.25747304,0.3186501089403599,89.50568634842786,154.71643103459192,230.941313044696,0.0853710461032482,-47.54061014190045,35795259.72719259,-17931917.1664298,38171080.94378881,101557.0503257036,-2782.111826614069,-1307.5884501400765,15.409541131147613
2023-02-03 04:00:00.000000Z,0.0002263511451758,42167139.089789055,0.3191914396017777,89.58768922581787,156.85054314788806,258.7983502860236,0.1598894802366298,-47.54961342264103,35790854.33181393,-34641852.57486335,24044297.66147374,193948.66150333115,-1752.411347865718,-2526.064088808212,9.66116061111676
2023-02-03 06:00:00.000000Z,0.0002418416450284,42166112.68417645,0.3193619444548368,89.6676865139308,162.8567461039323,282.79191468309057,0.1916756724671006,-47.551856376354245,35785715.735296875,-42022402.69155911,3442849.7684058,234339.19188824808,-250.3401238717576,-3064.545758286309,1.2962934532514223
2023-02-03 08:00:00.000000Z,0.0002606558124147,42165552.104994446,0.3193482854326524,89.69497577764879,168.229330580589,307.47883372807087,0.1719888748517969,-47.5470501128182,35780726.00298157,-38082007.54668231,-18085507.72295128,211719.43281139884,1319.723330255243,-2777.498810754438,-7.438101906291993
2023-02-03 10:00:00.000000Z,0.0002857181163678,42165949.00327294,0.3194657011276084,89.67403737251213,171.55030893444555,334.27194782624235,0.1059336987458281,-47.53601059435061,35776958.19346761,-23878787.683883984,-34739575.54585504,132038.87878815702,2534.570536460399,-1741.7676663705472,-14.187245374330525
2023-02-03 12:00:00.000000Z,0.0003124359256432,42166924.51853532,0.3198571389846285,89.65137445711632,174.12523134785243,1.8168904314781025,0.0111549341721278,-47.5210721749862,35775619.676479205,-3238719.600483137,-42029152.02468106,16652.54801485213,3066.378664063924,-236.3290536394551,-17.12613212641173
2023-02-03 14:00:00.000000Z,0.0003262019959427,42167606.41380522,0.3204004167387235,89.67091874575871,176.14607261942018,29.87366389612001,-0.086885974063249,-47.50619701472688,35777540.89830116,18274707.98121781,-37988492.06006661,-103412.44510188788,2771.567260060033,1332.7752515977552,-15.455820455418404
2023-02-03 16:00:00.000000Z,0.0003194122223962,42167367.28631149,0.3208360554782102,89.73823455058182,175.84803852470873,60.196594285165226,-0.161786782400929,-47.49613905926347,35782532.89361192,34862634.95450111,-23708235.028463725,-195824.9312196633,1729.8623915213882,2542.303027908032,-9.62157634969537
2023-02-03 18:00:00.000000Z,0.000302306426645,42166386.80347286,0.3209955494658248,89.81704587030966,172.04689911386157,94.0023845731556,-0.1933502253254079,-47.49468125318655,35789135.93832254,42056918.34176172,-3039566.207743667,-235676.54879832143,222.54348627523763,3066.4496446585777,-1.19193337020595
2023-02-03 20:00:00.000000Z,0.0002861977394753,42165566.39819154,0.3209616265383074,89.8595731888783,166.6269793848924,129.45364594601782,-0.1730263971203883,-47.5027972246197,35795095.99185315,37923731.61083868,18447957.07727117,-212190.8674979048,-1344.0581974713043,2764.640119343592,7.567209055486976
2023-02-03 22:00:00.000000Z,0.0002657504099246,42165753.50852928,0.3210269676858449,89.85038466978153,161.83035156916495,164.32641138962524,-0.1061805366537914,-47.51796384357835,35798405.26715897,23580092.217529807,34968881.04836768,-131608.02748987573,-2548.359683270845,1718.7209600461686,14.303649636402245
2023-02-04 00:00:00.000000Z,0.0002400051705852,42166855.5784117,0.3214350048699101,89.82827653502764,156.75393865852206,199.48987096784344,-0.0106341761204903,-47.535291625198894,35798258.68592643,2889096.257569724,42077324.48167769,-15500.708654912472,-3066.614790556769,210.31822873849612,17.207652674391383
2023-02-04 02:00:00.000000Z,0.0002487078354099,42166010.72584483,0.322098991923271,89.8531459135701,173.4712714681054,212.81364854593107,0.0880688992773031,-47.55159773520865,35796686.69310151,-18579220.35764865,37861818.45460474,104992.88742707984,-2759.367054672816,-1354.557014617765,15.492895087889645
2023-02-04 04:00:00.000000Z,0.0002529961562394,42165794.91730136,0.3226481059693665,89.9380966641191,174.0975198002165,242.17270100785967,0.1634541657838109,-47.563500199053415,35792635.787325315,-35046106.183651686,23454327.92516548,197498.81998219035,-1709.215401484313,-2555.2747531407254,9.609605806780143
2023-02-04 06:00:00.000000Z,0.0002709291249443,42164690.59129162,0.3228376697446839,90.03098992943053,178.95014424029412,267.30412829349274,0.1951829823273077,-47.56855705906644,35787088.05567475,-42075967.18598865,2731842.627031964,237074.56389584116,-198.36684108183647,-3068.196165168709,1.127076324245504
2023-02-04 08:00:00.000000Z,0.0002927273813906,42163833.38736471,0.3228027897300834,90.0753147620671,183.91970741525185,292.3752267880837,0.1745499450190935,-47.56555271682516,35780995.06619571,-37771558.8934688,-18725821.563405994,212944.6358185124,1366.553557616502,-2754.6671356633306,-7.678797897593625
2023-02-04 10:00:00.000000Z,0.0003196630592197,42164015.74867586,0.3228609219662019,90.0671909292135,186.5894729279285,319.80682321667905,0.1069088639161087,-47.55443039442044,35775581.33752282,-23288222.00970722,-35136553.569042206,131462.29694705264,2563.7738497035057,-1698.5414916360144,-14.435748663413872
2023-02-04 12:00:00.000000Z,0.0003508316974006,42165022.59161411,0.3231851168876593,90.04972243434977,188.13503991175716,348.37852389588903,0.010315508541912,-47.53690049625104,35772395.81106652,-2526715.460231983,-42074730.13741059,14458.40985927694,3070.1186918744856,-184.1582261383201,-17.316723422523737
2023-02-04 14:00:00.000000Z,0.0003721146616368,42165928.2049145,0.3236803663291833,90.0685464545507,189.61936125542292,16.97766442873393,-0.0892904305819924,-47.51690279380672,35772784.01461603,18916278.068046782,-37667800.524825945,-106609.98140636193,2748.669773832879,1380.0162433624744,-15.53750862924823
2023-02-04 16:00:00.000000Z,0.0003707139003721,42165917.719975255,0.3240977301040134,90.13403026372949,189.82974080366185,46.80087251501392,-0.1650858307076106,-47.49998420925929,35777077.499425806,35259165.05104866,-23104409.037676424,-199141.8783013296,1686.218807552883,2571.870467437629,-9.572326507985268
2023-02-04 18:00:00.000000Z,0.0003528768149268,42164983.35801832,0.3242566928414249,90.21543147036834,187.20473581732733,79.43505207358494,-0.1966346915897279,-47.49140724901068,35784113.46293983,42098084.0135639,-2312990.790548422,-238199.30247791728,169.74482166430568,3070.1406394380474,-1.025978606847418
2023-02-04 20:00:00.000000Z,0.0003334683382445,42163967.91062901,0.3242064429788814,90.26771509580838,182.6764838055337,113.99057747134091,-0.1754096066690386,-47.49383095962585,35791543.942827135,37594626.65438443,19101846.830701448,-213233.05321228327,-1391.704349986005,2741.1889167551203,7.8024397317560386
2023-02-04 22:00:00.000000Z,0.0003116598014442,42163866.22524613,0.3242049265661682,90.27170462224386,178.72918539025443,148.0038633188799,-0.1070532107558732,-47.50597103193002,35796872.63439875,22966851.65279327,35372842.97636574,-130905.72711807083,-2577.776005702945,1674.3555692523084,14.541262829129948
2023-02-05 00:00:00.000000Z,0.000281696984335,42164874.2577383,0.3245012275800128,90.25709280086149,175.2835516663034,181.5291340659459,-0.0098241525671237,-47.52321744297348,35798610.744073525,2156025.99362938,42121602.839094974,-13281.365077896571,-3069.7018307483154,157.10734005980913,17.38162709112479
2023-02-05 02:00:00.000000Z,0.0002578034667546,42166047.018758304,0.3250699328875824,90.2798033668478,171.55310754803378,215.3024719422504,0.0902845669522704,-47.53990288342413,35796780.73159588,-19235444.26470492,37532781.41887012,108093.02842417026,-2735.346744497648,-1402.416987426915,15.557938928847296
2023-02-05 04:00:00.000000Z,0.0002552839430161,42166165.764082514,0.3255886843634148,90.361683078448,171.109683329915,245.73442344053527,0.1664468391122927,-47.55164863264746,35792450.44746403,-35448925.558361165,22840574.830327246,200620.69176474464,-1664.4647325809422,-2584.680029255256,9.55110888129814
2023-02-05 06:00:00.000000Z,0.0002667776957167,42165111.463576,0.325782237172613,90.46042508910354,176.1660011830018,270.6568027726094,0.1981488685992749,-47.55620628077856,35786842.77282513,-42116907.39269917,1998576.2548839827,239379.1143351718,-144.91211392157888,-3071.218370296396,0.9642790150194572
2023-02-05 08:00:00.000000Z,0.0002832098707477,42163998.82991117,0.3257279658253734,90.51761777573743,182.5673626318664,294.28357696776226,0.1767198582744684,-47.55285634172303,35780948.3427467,-37439518.13142264,-19381053.044184253,213833.6156299894,1414.3096675413462,-2730.4656061761257,-7.899910628548232
2023-02-05 10:00:00.000000Z,0.000306576913591,42163905.487798646,0.3257273218339243,90.52127140480044,186.5705548311436,320.3698397896657,0.1077422695256474,-47.54186457792738,35775811.26601711,-22672709.596075457,-35537114.368190445,130728.76541092402,2592.938156909896,-1653.637510146222,-14.654910367270846
2023-02-05 12:00:00.000000Z,0.0003377178260291,42164852.38821993,0.3259742680890712,90.50905061041206,188.78241541489712,348.2694846941893,0.0096339305855872,-47.524853917853655,35772772.7712315,-1793763.675450954,-42112723.18727756,12333.695093100729,3072.8249669123315,-130.6787723159395,-17.47519078639816
2023-02-05 14:00:00.000000Z,0.000363093677907,42165930.32887661,0.3264023719386558,90.52619047695794,190.6587984425995,16.477688961485995,-0.0912637890670286,-47.50541856969057,35773111.53843211,19569046.15409909,-37333204.86992898,-109524.17830948342,2724.2089387012365,1427.6441408878768,-15.593467445965942
2023-02-05 16:00:00.000000Z,0.00036718679277,42166169.25407131,0.3267818197087065,90.58662937184778,191.2717760366999,45.90302688441281,-0.167790360018223,-47.48881589205512,35777255.37227284,35655899.571308255,-22487620.96528822,-202038.9117605023,1641.203332028553,2600.823127841362,-9.511954954429314
2023-02-05 18:00:00.000000Z,0.0003532849401919,42165360.72446273,0.3269303825157898,90.66523764456612,188.8767490909601,78.3099655828083,-0.1993261021114532,-47.48028998872224,35784200.67547898,42132025.00814022,-1580325.0015383237,-240287.53295867797,116.31065033454176,3072.63640547874,-0.8671926334691139
2023-02-05 20:00:00.000000Z,0.0003371293019626,42164231.27672643,0.3268701049215937,90.72126020410568,184.03328096037055,113.17694356191828,-0.1773653681783899,-47.48273476729948,35791684.977181286,37256779.977591306,19752985.556654964,-213952.4486392372,-1439.1612681497331,2716.572286470143,8.014704739872045
2023-02-05 22:00:00.000000Z,0.0003203013779844,42163845.0847637,0.3268187865718437,90.73426085614014,179.38668795801945,147.88026322882467,-0.1077728031504336,-47.4951255618781,35797144.962397754,22348366.759892024,35767135.53109678,-130081.92924060355,-2606.4774027378376,1629.2754305573087,14.747357385708405
2023-02-06 00:00:00.000000Z,0.0002942447635748,42164657.9203897,0.3270109138201343,90.72588299217053,175.3368576239162,182.0030113116769,-0.009163236888484,-47.5128616992161,35798920.06565671,1423552.8418538405,42153024.98234863,-11172.179289111926,-3071.937989828132,103.71564458055468,17.52411554943166
2023-02-06 02:00:00.000000Z,0.0002687549668666,42165963.69208398,0.32746335731121,90.74504069720967,170.80769162539332,216.57821292628373,0.092087460063699,-47.52996131163116,35796926.01221531,-19884729.646592177,37193025.81198172,110875.0129640066,-2710.5382087203075,-1449.7561146915348,15.598177253419088
2023-02-06 04:00:00.000000Z,0.0002608350541779,42166438.72499096,0.3279171165278078,90.81809364420926,168.93476290816767,248.44850712746924,0.1688550105790974,-47.54169440403285,35792339.58180449,-35840326.96302386,22221132.20942857,203288.0432592916,-1619.2879336479978,-2613.24176662583,9.480265193668854
2023-02-06 06:00:00.000000Z,0.0002658480948119,42165565.32337346,0.3280978951858311,90.9140047624583,173.29250659831618,274.07269346163275,0.2004889223978403,-47.54584589074677,35786629.48807588,-42145060.55669047,1266177.9066807302,241195.26105908368,-91.51201762474392,-3073.3052280397237,0.8047087770474495
2023-02-06 08:00:00.000000Z,0.0002753933481511,42164278.39166381,0.3280301894719328,90.97742443525377,180.57972574993892,296.8077366513623,0.1783672943801771,-47.54213930887148,35780902.16922487,-37096806.670201,-20029118.0644756,214314.4363370572,1461.5464112571815,-2705.4900670555216,-8.102299859823038
2023-02-06 10:00:00.000000Z,0.0002930319491682,42163875.89524785,0.327980971124911,90.99007969138589,185.96989471572837,321.4979162217677,0.1082828971845846,-47.53125354175834,35776068.44065034,-22051550.23000691,-35926164.87915021,129766.8679672308,2621.258385971576,-1608.3290056971746,-14.843832557344456
2023-02-06 12:00:00.000000Z,0.0003218215642152,42164671.2185254,0.3281503839588349,90.9826019427868,189.0670942312049,348.5068965339821,0.0089639694577639,-47.514829440290846,35773236.63147893,-1061744.667512952,-42137998.20605825,10218.794888236192,3074.5902789237693,-77.2770291963858,-17.599128288268815
2023-02-06 14:00:00.000000Z,0.000349537874617,42165850.80474421,0.328498979924658,90.99728902945628,191.4917198072829,16.168580613322877,-0.0929205375182906,-47.49612722564116,35773557.86085913,20214539.492814057,-36988176.23667087,-112190.4298544656,2698.9693691204798,1474.7296664122764,-15.619231387634724
2023-02-06 16:00:00.000000Z,0.0003585856625417,42166335.67235042,0.328824212029715,91.04991956373928,192.65444490424957,45.051478634808845,-0.1699494141842751,-47.48002407015401,35777514.12864276,36041009.720986165,-21865559.683579225,-204509.8413972392,1595.786554366223,2628.9194195088344,-9.4333459507707
2023-02-06 18:00:00.000000Z,0.0003487990123774,42165717.31571146,0.3289536478997302,91.12065469853631,190.71690324410693,77.00867956686663,-0.2013764851070955,-47.47161987922879,35784269.443528384,42153163.8924562,-848978.6458612164,-241876.0182026916,62.95655683850066,3074.200462038892,-0.7065886302549642
2023-02-06 20:00:00.000000Z,0.0003357509320011,42164562.522783406,0.3288910443284519,91.17426360982714,185.8445837724188,111.90701102835892,-0.1787394128810188,-47.473973551709015,35791703.555727765,36908383.10512425,20396587.98393577,-214219.9092614069,-1486.0887482624591,2691.199195647703,8.2122091331547
2023-02-06 22:00:00.000000Z,0.0003238468774388,42163930.82464527,0.3288132500079577,91.19138385624268,180.7107536058004,147.09344540187823,-0.108106758338864,-47.486368458786025,35797256.46807562,21724350.42743917,36149685.68717005,-128961.26224919331,-2634.3456148459804,1583.8087028445314,14.926087829113037
2023-02-07 00:00:00.000000Z,0.0003033446646937,42164477.64874097,0.3289225643855263,91.18746967778182,176.21837054114073,181.65402469545737,-0.0084001464371921,-47.504366109739856,35799125.68610491,692006.7668092004,42171584.43175979,-8989.086262419687,-3073.252788209122,50.40680372445071,17.633281256327784
2023-02-07 02:00:00.000000Z,0.0002790030892695,42165786.54536886,0.3292559537467863,91.20239561990476,171.14620384834197,216.77611100342835,0.0936868519199114,-47.52181566783505,35797071.47498012,-20526861.38861126,36842682.9392177,113492.1635287262,-2684.961029574782,-1496.5591438935337,15.606639661972585
2023-02-07 04:00:00.000000Z,0.0002677818038901,42166583.5931806,0.3296192640457704,91.26210024142132,167.83036534298083,250.10257872511048,0.1707975898993608,-47.533631781679766,35792287.007751875,-36220243.88317755,21596210.58387119,205588.1068191731,-1573.705741264242,-2640.953238567323,9.385990993510152
2023-02-07 06:00:00.000000Z,0.000267673540593,42166002.7584091,0.3297713696439602,91.34613967236528,170.75381463177052,277.1732287196927,0.2022018108449048,-47.5374820588751,35786453.68081201,-42160500.19884733,534874.6083548148,242522.1998397935,-38.18424013390705,-3074.45907198442,0.6354256919422001
2023-02-07 08:00:00.000000Z,0.0002700454810893,42164658.456780285,0.3297000679423038,91.40717878247892,178.1244630298225,299.82757068531646,0.1793666061273857,-47.53342605198606,35780855.86591895,-36743603.9727686,-20669840.50588655,214295.1205962716,1508.2526236532956,-2679.752080633068,-8.297808842327806
2023-02-07 10:00:00.000000Z,0.000280187917823,42163952.59786328,0.329622937896543,91.42431742285368,184.69707834287212,323.3307543784788,0.1083071210040224,-47.52260800161091,35776338.664265424,-21424970.26949708,-36303635.78531076,128412.70487237624,2648.732965569965,-1562.6331611091773,-15.010177326013263
2023-02-07 12:00:00.000000Z,0.0003041681604752,42164513.45634544,0.3297264135968179,91.4204947066466,188.83990633879964,349.2898336442799,0.0080370590278589,-47.50680477215136,35773774.634957254,-330861.5099330009,-42150612.36129092,7916.77339829029,3075.4223441571835,-23.97006483535296,-17.689812742496432
2023-02-07 14:00:00.000000Z,0.0003319917614792,42165707.4567549,0.3299924249369303,91.43231500961495,191.97727559542636,16.24075440729663,-0.0945073372636823,-47.48899057663663,35774130.10076326,20852635.850400127,-36632881.65357877,-114789.7546332244,2672.9652695379696,1521.2597870761592,-15.609189559556786
2023-02-07 16:00:00.000000Z,0.0003448899318763,42166409.33488762,0.3302520315948877,91.47509146004806,193.83706478826863,44.43573132571397,-0.1717252351487204,-47.47359670682699,35777886.00423356,36414490.81543758,-21238465.19631761,-206673.98959954028,1549.9865033045326,2656.1524055820155,-9.32535816466772
2023-02-07 18:00:00.000000Z,0.0003390652064468,42166025.87539775,0.3303555075718347,91.5335943378216,192.5618717187681,75.74255691602447,-0.2028228536210039,-47.46544814166899,35784363.527757004,42161631.50417494,-119213.3454287491,-242992.38984512232,9.70153231667011,3074.8341568928386,-0.5304014432433215
2023-02-07 20:00:00.000000Z,0.0003287936630696,42164934.84247457,0.3302989238296783,91.57900871583884,187.92825530425336,110.41051557980455,-0.1794353486309374,-47.46766456022544,35791628.882731125,36549691.38981535,21032437.214160427,-213965.1946920412,-1532.4723085915443,2665.0807121419007,8.407788417329417
2023-02-07 22:00:00.000000Z,0.0003212396230431,42164122.88747817,0.3302206615690342,91.59526140646112,182.50162470962,145.89083940544353,-0.107851020885153,-47.47983984063497,35797199.2809671,21095125.37961073,36520383.89631286,-127394.359751307,-2661.377327082713,1537.9731587793915,15.086139826503906
2023-02-08 00:00:00.000000Z,0.0003070997076468,42164372.26511896,0.3302794462367354,91.5937178435721,177.68948568600786,180.76882031651587,-0.0072744433473979,-47.49782441261638,35799182.765425734,-38315.31588282017,42177301.854374334,-6541.218100660304,-3073.6564077513062,-2.8021382679224587,17.711772647799165
2023-02-08 02:00:00.000000Z,0.000286394996911,42165556.1991628,0.3305089099502749,91.60453822034452,172.32361153759217,216.18852520594436,0.0953372570679063,-47.51546947829661,35797164.336626135,-21161649.93803897,36481873.90084425,116131.12061713476,-2658.633523389516,-1542.815728942481,15.579602103801191
2023-02-08 04:00:00.000000Z,0.0002742983249205,42166585.81534619,0.3307707433063469,91.64850182968011,167.815250293608,250.72314206021653,0.1724646611085049,-47.52739788528006,35792264.57553254,-36588623.51545316,20965978.61135062,207660.4363310954,-1527.7366791768145,-2667.8113365368777,9.259199294236968
2023-02-08 06:00:00.000000Z,0.0002713453195579,42166370.0509137,0.3308821915490381,91.712760848188,168.8931859396238,279.65928653773494,0.2033689878601692,-47.5310443791933,35786310.52098414,-42163292.91174576,-195165.73545754352,243419.93604566544,15.057144363643973,-3074.6831784881283,0.443803019230879
2023-02-08 08:00:00.000000Z,0.0002678320220492,42165108.84313208,0.3308203399404787,91.76196040007228,175.4728740175106,303.11675985530565,0.1796688468430302,-47.52665599446873,35780799.94397096,-36380053.13779424,-21303098.260152835,213739.9644253886,1554.421557782715,-2653.2609136690485,-8.499895562855293
2023-02-08 10:00:00.000000Z,0.0002695852541277,42164149.83115532,0.3307453077182011,91.77768287903965,182.7156239932898,325.95122215498924,0.1076434286648563,-47.51584325070014,35776593.82905215,-20793128.88705983,-36669484.63656516,126540.49980690396,2675.3641730342747,-1516.5620131358028,-15.164951299519046
2023-02-08 12:00:00.000000Z,0.0002864433194214,42164415.29827983,0.3308074550781655,91.77584274995084,187.90978160841595,350.8563932118336,0.0065982312698954,-47.50063910860165,35774353.96586535,398771.3673359407,-42150604.36740494,5240.478184146217,3075.3306259715832,29.23232494972052,-17.752872379311334
2023-02-08 14:00:00.000000Z,0.0003117557286864,42165526.90029609,0.3309985345492542,91.78478422859992,191.90516108507904,16.951187264878342,-0.0963002435354602,-47.4838206512477,35774815.38702596,21483301.08672545,-36267414.467636205,-117524.94799708293,2646.2087992639317,1567.2291459150076,-15.561929538171333
2023-02-08 16:00:00.000000Z,0.0003267604891962,42166389.86740257,0.3311883308445481,91.81669251896125,194.60663135816617,44.3144292966224,-0.1733456397024103,-47.469345955463936,35778392.253166795,36776396.66942557,-20606456.14757408,-208698.9820214096,1503.815260092989,2682.5202069749785,-9.179842282416727
2023-02-08 18:00:00.000000Z,0.0003243329434262,42166262.62226188,0.3312616752811292,91.85968954141364,194.18827380865585,74.77947656807379,-0.2037875552710185,-47.46164281940273,35784531.36035505,42157567.27993196,608850.2892581793,-243727.05546403525,-43.44282974324565,3074.5389768359087,-0.3258261557591355
2023-02-08 20:00:00.000000Z,0.0003163765595646,42165317.84019871,0.331219359513443,91.89200442097253,190.05682050067875,108.9584701902758,-0.1794404782155178,-47.46376028670491,35791511.24793848,36180921.624180704,21660440.4525373,-213179.5942623988,-1578.302722885728,2638.2232959932926,8.615552336944548
2023-02-08 22:00:00.000000Z,0.0003122747124888,42164410.56361292,0.331166998147201,91.90272913910763,184.54081095161524,144.5340835641196,-0.1068631196123965,-47.47555578619817,35796996.160420775,20460952.80762152,36879202.3598702,-125277.07421193924,-2687.5703223463106,1491.7799312986924,15.239350589029293
2023-02-09 00:00:00.000000Z,0.0003045264485323,42164370.52159079,0.3312132164994193,91.90145684570744,179.50551914244258,179.63523618967125,-0.0055510910699644,-47.49325324230937,35799073.42743592,-767173.1464807289,42170232.5274396,-3656.271135174677,-3073.156910661916,-55.9002629460466,17.766324169298134
2023-02-09 02:00:00.000000Z,0.00028944561622,42165322.176405735,0.3313688355115041,91.9090249256814,174.04972002746462,215.1481386082789,0.0973087338416815,-47.51087798087865,35797163.33083383,-21788942.87244104,36110715.34428537,118990.05236867552,-2631.570978636596,-1588.5202828466442,15.517405236460748
2023-02-09 04:00:00.000000Z,0.0002789255203362,42166454.919606,0.3315353022449775,91.93746099905076,168.7423641863632,250.49719992421643,0.174098863212644,-47.52288063486792,35792241.7459112,-36945428.78775101,20330571.846091315,209683.2509969208,-1481.3964149767005,-2693.816116767728,9.09411794334136
2023-02-09 06:00:00.000000Z,0.000275759727168,42166615.97013314,0.3316013340862695,91.976982294804,167.9441171543989,281.33438678935084,0.2041513055628037,-47.52640170013311,35786190.882254936,-42153499.69490345,-923821.9930387744,244006.8156011455,68.2011350738153,-3073.981278228427,0.2192671421127165
2023-02-09 08:00:00.000000Z,0.0002691168784023,42165582.768085815,0.3315635456327795,92.00560903705257,173.0096960631253,306.32684975708,0.1793155055190145,-47.52170575528883,35780721.85848794,-36006269.847455926,-21928808.943176143,212679.67091331145,1600.049506262971,-2626.023397605166,-8.721876597936209
2023-02-09 10:00:00.000000Z,0.0002630891460149,42164469.57701735,0.3315277327572322,92.0132597905543,180.1497735434128,329.272143135177,0.1062012750465734,-47.51080972691104,35776796.28963949,-20156137.81288268,-37023683.04395537,124083.86308743071,2701.1568470892234,-1470.1229818761728,-15.321253386723608
2023-02-09 12:00:00.000000Z,0.000271022391938,42164410.14842007,0.3315853800115014,92.01131071671357,186.1278295969897,353.3930251485696,0.0044434475286913,-47.49610836905659,35774921.50095717,1127100.489894488,-42137987.390218526,2040.0410433486795,3074.325605364093,82.32664505222081,-17.797870375946065
2023-02-09 14:00:00.000000Z,0.0002909931070176,42165341.415134124,0.3317216637811017,92.01789634138,191.019299561077,18.59306270509366,-0.098568501030084,-47.480311113425806,35775574.69030618,22106559.86946556,-35891793.9339459,-120593.90075162158,2618.710202599744,1612.6392507971198,-15.480904805777705
2023-02-09 16:00:00.000000Z,0.0003057663652275,42166287.07657717,0.3318456511353477,92.0391051547416,194.680895533589,45.00578345942274,-0.1750784857786142,-47.46692737036247,35779032.47431623,37126813.22043021,-19969532.603073254,-210781.8923778154,1457.279507661142,2708.025960052525,-8.99310007729674
2023-02-09 18:00:00.000000Z,0.0003056271398931,42166409.39473455,0.3318884257228597,92.06485258679696,195.3005884996733,74.44935940136662,-0.2044701509860794,-47.45989114298525,35784814.08220551,42141095.53475926,1335230.802290825,-244227.13105261413,-96.4720640540834,3073.316866120355,-0.0829748613231632
2023-02-09 20:00:00.000000Z,0.0002993784326126,42165679.7671186,0.3318681424168967,92.08046994321332,191.9467989293104,107.86736153700176,-0.1788370229505689,-47.462034517722,35791412.62239808,35802228.41720695,22280628.949227396,-211924.09244181172,-1623.5759746964277,2610.629038484091,8.849015110778842
2023-02-09 22:00:00.000000Z,0.0002975666319904,42164774.65241679,0.3318657425190292,92.08184872931504,186.5767991686606,143.30676101897132,-0.1050894461291797,-47.473384198725086,35796697.01825747,19822008.588957656,37226194.680536695,-122570.47671441204,-2712.923376435994,1445.233251752673,15.399364661570472
2023-02-10 00:00:00.000000Z,0.0002955569478794,42164490.14682616,0.3319388873389423,92.0790094401559,181.42288910776557,178.52861529619526,-0.0030562876384402,-47.49056864562142,35798811.04342482,-1494403.017462053,42150465.07253821,-206.81776467885905,-3071.7593864445053,-108.8827523205766,17.80738131763163
2023-02-10 02:00:00.000000Z,0.0002873904323257,42165136.39662081,0.3320612801079897,92.0848959696007,176.04432063280493,213.9662238436552,0.0998515829166804,-47.50793715037726,35797048.52549279,-22408636.37681308,35729320.43359471,122252.7354952986,-2603.784415557805,-1633.6712900756838,15.425028871983518
2023-02-10 04:00:00.000000Z,0.0002807359243172,42166222.0902522,0.3321540646611098,92.10066473269288,170.39503835283472,249.66989016221584,0.1759684136543622,-47.51992380759123,35792195.07913765,-37290642.246351205,19690099.2782795,211853.6389053288,-1434.697009915921,-2718.969934395674,8.889484133452454
2023-02-10 06:00:00.000000Z,0.0002797962896871,42166706.045055926,0.3321786145112284,92.11460495323698,168.0078701651674,282.1216435301413,0.2047756885807597,-47.523376734887,35786088.7063856,-42131179.911487885,-1651008.7901222217,244449.76332948476,121.2389747357254,-3072.357313471068,-0.045170959007679
2023-02-10 08:00:00.000000Z,0.0002736349198849,42166020.990823165,0.3321789146509373,92.1166742441704,171.17400501127574,309.040377693177,0.1784423114521692,-47.51841209145303,35780614.81711875,-35622355.57375983,-22546917.95505192,211214.20408635415,1645.1338426747157,-2598.044210734358,-8.975121674588259
2023-02-10 10:00:00.000000Z,0.0002623228813459,42164894.55122498,0.3322216135759179,92.11002532449324,177.39655360950402,332.9176905811397,0.1039924474106769,-47.5073300729638,35776908.98435807,-19514088.975617766,-37366208.9860083,121051.58223968334,2726.1162219406287,-1423.3199506017363,-15.49260115908646
2023-02-10 12:00:00.000000Z,0.0002607946632746,42164527.45950197,0.332321775025897,92.10576125163998,183.55694432306336,356.85822904870923,0.0014541606898878,-47.49295642280856,35775410.69480475,1854093.9924503656,-42112752.4104699,-1771.6214131444503,3072.417811027453,135.3137754766347,-17.837362785430205
2023-02-10 14:00:00.000000Z,0.0002727438498219,42165189.03287314,0.3324359624494946,92.11119900227426,189.12452043440996,21.382371342031483,-0.1015353778429017,-47.47809468103922,35776342.97498439,22722454.19562517,-35505983.09804599,-124160.71689666944,2590.478331541735,1657.4965879480287,-15.374469656349596
2023-02-10 16:00:00.000000Z,0.0002844086148417,42166117.600961454,0.3325077551335898,92.12344289800818,193.73625710807667,46.85272908863385,-0.1771982378991748,-47.46589260592751,35779777.67093037,37465824.87949192,-19327604.513163973,-213124.5737358655,1410.381988010266,2732.6768143960494,-8.767031115001014
2023-02-10 18:00:00.000000Z,0.0002848213603774,42166453.91550202,0.3325233814474906,92.1320461611395,195.529623477182,75.13888971380244,-0.205128549095959,-47.45973830879379,35785233.73094445,42112303.54091195,2060055.6557503864,-244682.4811477911,-149.38733757244668,3071.1705591258483,0.2032933572976378
2023-02-10 20:00:00.000000Z,0.0002793694955777,42165987.70823745,0.3325315467734229,92.12918093227697,193.23342873598628,107.5175600668132,-0.1778027285782824,-47.46210266504093,35791393.645091265,35413691.02255431,22893133.18588291,-210329.73628727056,-1668.2926056042695,2582.29653546613,9.118995776285177
2023-02-10 22:00:00.000000Z,0.0002785631600278,42165185.86725433,0.3325991192975931,92.1185635207054,188.31024506657425,142.5225497677697,-0.1025848556498807,-47.47304788222927,35796369.001949035,19178373.94473307,37561478.77088215,-119315.22193663652,-2737.4357798778824,1398.3316355427792,15.579916180628349
2023-02-11 00:00:00.000000Z,0.0002809968612231,42164734.87955876,0.3327355581944187,92.11287237420548,183.18473954018543,177.71950872999207,0.0002894473910282,-47.48957910973697,35798436.648721,-2219925.576346849,42118111.07160722,3865.382376017321,-3069.4656411578912,-161.74999619126265,17.848116493712336
2023-02-11 02:00:00.000000Z,0.0002801800117955,42165045.73645907,0.3328694514956926,92.11918995198486,178.04267006571249,212.92065506730407,0.103158521578607,-47.50647809985074,35796824.617434934,-23020680.3358614,35337795.16552371,126060.75574895338,-2575.2800377531066,-1678.2703583964576,15.312007994975028
2023-02-11 04:00:00.000000Z,0.0002792313946479,42165937.817481,0.3329226394820881,92.12760117052392,172.53085792316122,248.49433641165368,0.1783334582418491,-47.5183310132109,35792114.465886086,-37624268.27768527,19044646.92274721,214362.83973956064,-1387.6467837645607,-2743.2765152308766,8.649370991534228
2023-02-11 06:00:00.000000Z,0.0002824495752739,42166625.80510837,0.332917434494926,92.1199996870598,169.0982307392084,282.0131121597116,0.2055122908552981,-47.521757652734486,35786006.978566654,-42096394.88395815,-2376668.423084944,244947.5195401444,174.16361082824747,-3069.8149661521643,-0.3514475699804196
2023-02-11 08:00:00.000000Z,0.0002803417770613,42166357.787141,0.3329653668385288,92.0940674026837,170.37326244000653,310.8511553603081,0.1772718265740838,-47.51659029689998,35780487.029697895,-35228410.395383954,-23157391.27205535,209507.40010526968,1689.6713906148443,-2569.3262084067874,-9.267214315963711
2023-02-11 10:00:00.000000Z,0.0002679409464786,42165387.56127442,0.3331212114971196,92.06863934415144,175.0998935635995,336.24344575284,0.1011418612979021,-47.50523381222063,35776909.6201409,-18867082.933471177,-37697046.52748347,117535.65161704356,2750.245732767713,-1376.1547163084952,-15.691043484780064
2023-02-11 12:00:00.000000Z,0.0002583374841916,42164784.25987856,0.3333162491666939,92.06020460384045,180.66358329391733,0.7847685760606482,-0.0023749664976895,-47.49095225501437,35775755.53683575,2579698.991869483,-42074882.89581009,-6198.324177346263,3069.6163141497195,188.19632606733504,-17.88540590966286
2023-02-11 14:00:00.000000Z,0.0002605160431555,42165111.2068879,0.333452425031653,92.06655125219648,186.30801707164616,25.230415538039093,-0.105339947284395,-47.47681736625009,35777037.00055671,23330997.94448691,-35109923.89483061,-128327.52174116352,2561.5212711807194,1701.8097888509396,-15.255278260456295
2023-02-11 16:00:00.000000Z,0.0002660742782189,42165909.241145656,0.3334952790352152,92.07334340205998,191.55602340363288,50.06879500521473,-0.1799471187670836,-47.46576868340197,35780569.41726956,37793480.80176781,-18680543.43287108,-215905.0230192548,1363.1239725027942,2756.482463022463,-8.509553615551614
2023-02-11 18:00:00.000000Z,0.0002646637514808,42166391.421344094,0.3334912627294215,92.0672758935748,194.49030672033243,77.22765931643515,-0.2060499141892075,-47.460659389173,35785784.67940311,42071227.61769021,2783505.1070279065,-245304.27401994783,-202.1926151689296,3068.103977306116,0.531917074123727
2023-02-11 20:00:00.000000Z,0.0002586388494743,42166210.820341386,0.3335321438536133,92.04630262982688,193.49272240579,108.32537576434196,-0.1765992259490179,-47.46347716898015,35791500.411672555,35015316.913511634,23498135.551631857,-208589.03917219676,-1712.455693395243,2553.2229568700645,9.431643207842866
2023-02-11 22:00:00.000000Z,0.0002573115927574,42165607.682516165,0.3336826243543909,92.02270268002452,189.3681221161776,142.54503446196733,-0.0995214694208781,-47.4741596973458,35796082.54842223,18530047.29663543,37885205.08228292,-115638.00778642918,-2761.107079873382,1351.0699403051922,15.792741025288771
2023-02-12 00:00:00.000000Z,0.0002623403500406,42165094.62975261,0.3339119248681551,92.01358514704653,184.49696654402436,177.49176304583145,0.0044446836869773,-47.490003007229774,35798008.63232945,-2943734.1093809637,42073288.6416567,8529.815187450547,-3066.2746441680783,-214.505722638441,17.902919943460255
2023-02-12 02:00:00.000000Z,0.0002682932598252,42165089.390451975,0.3341002142224495,92.02282404828092,179.7740502549775,212.27145979271495,0.1073275255245738,-47.50627510001183,35796516.72661223,-23625070.471804023,34936233.75825028,130486.1619701457,-2546.059918734976,-1722.3208198912969,15.19187241498862
2023-02-12 04:00:00.000000Z,0.0002742109038463,42165666.517238855,0.3341533798737809,92.03078203302098,174.8855566523042,247.2225226610272,0.1814074809562912,-47.5178737176506,35792003.4110387,-37946328.9863821,18394281.500633,217367.86309111875,-1340.2507147917358,-2766.74016697901,8.38342705162556
2023-02-12 06:00:00.000000Z,0.0002828203555231,42166393.3200913,0.3341352992757389,92.01021186556552,171.11699610338857,281.0901874454505,0.206642487156078,-47.52130772415598,35785959.43042712,-42049208.0147054,-3100764.0590164103,245707.1162898536,226.9688593531729,-3066.3579161475923,-0.6955541508971275
2023-02-12 08:00:00.000000Z,0.0002874059426554,42166535.15467253,0.3342322788829901,91.96057421503323,170.85563629645645,311.48842471841573,0.17609396238199,-47.51604502630043,35780368.00133038,-34824541.16110251,-23760212.33897376,207772.680432835,1733.6567288370395,-2539.8716073105707,-9.600505351894796
2023-02-12 10:00:00.000000Z,0.0002788849649265,42165888.60669308,0.334520959319995,91.91531507058606,173.92673325934064,338.5563950605256,0.0978854626793385,-47.50438158319687,35776805.81148244,-18215251.07059711,-38016192.55931128,113709.80483882363,2773.544717565692,-1328.6288379048133,-15.925189794592878
2023-02-12 12:00:00.000000Z,0.0002648458312149,42165182.99336318,0.3348599813477112,91.90173177398285,178.29773726408175,4.295716658389407,-0.006918610389628,-47.48994154091741,35775910.075963795,3303804.7513126726,-42024379.05252726,-11147.693324146683,3065.927336410866,240.9757032848356,-17.955606095767642
2023-02-12 14:00:00.000000Z,0.000257320158052,42165151.80081212,0.3350704292630005,91.9119757370844,183.17846654711025,29.500757862977352,-0.1100032116241712,-47.476217662669136,35777570.96308359,23932136.323825467,-34703585.406774014,-133109.47869953516,2531.8470735311835,1745.5862279441935,-15.13897073538611
2023-02-12 16:00:00.000000Z,0.0002544657835649,42165700.50497133,0.335116646448888,91.91888955126268,188.29427444012893,54.47022141640523,-0.183493170675899,-47.46615345779202,35781326.59175285,38109768.11025357,-18028251.647183828,-219246.5027482107,1315.5082765213745,2779.4529518328904,-8.234391678322499
2023-02-12 18:00:00.000000Z,0.0002485950267237,42166227.19667275,0.3351034747404399,91.90330464802014,191.9621457002085,80.90389646147031,-0.207511677647256,-47.462156502979006,35786430.777110614,42017852.16028648,3505736.756242493,-246296.30855458605,-254.89081850728388,3064.122629400804,0.8947499318738834
2023-02-12 20:00:00.000000Z,0.000206222829542,42166592.03818737,0.3351770596401233,91.8672438475478,195.71202137057284,107.26919463616584,-0.175545252241326,-47.465022006736994,35791035.025738426,34606209.68378053,24095777.28228205,-206932.2028854068,-1756.2015258650006,2523.389670666825,9.787344083397786
2023-02-12 22:00:00.000000Z,0.0002018327656456,42166269.72890145,0.3354144776145815,91.83144316221946,192.2980283780843,140.79198744484756,-0.0961765033904713,-47.474172293383845,35794726.54228304,17875072.739574477,38197116.43318144,-111736.44127748454,-2784.086530767843,1303.3466967701136,16.046296238800725
2023-02-13 00:00:00.000000Z,0.0002062531715145,42165816.54047032,0.3357548112789128,91.81917249254124,187.17488935212936,175.99633858809358,0.0092452818452134,-47.48753625933874,35796355.14183592,-3668669.900291192,42014621.99777325,13671.937144621075,-3062.2661697660888,-267.3550722152567,17.985859224162823
2023-02-13 02:00:00.000000Z,0.0002167775818902,42165563.19244926,0.3360321340192054,91.83386315803943,182.3260772550223,210.89884652162897,0.1123456882885001,-47.501439414063526,35795269.03049067,-24224707.462515328,34521607.01378188,135524.30760108255,-2516.052849144993,-1766.0569084060508,15.0803921282958
2023-02-13 04:00:00.000000Z,0.0002293449268889,42165752.33895228,0.3361234515042163,91.84887338975118,177.87138252157905,245.41034062519148,0.1853262362200041,-47.51174712240384,35791637.78507397,-38258669.66493529,17734577.904092338,220972.0300650722,-1292.2994230550414,-2789.49333545896,8.105342026547888
2023-02-13 06:00:00.000000Z,0.0002436757073501,42166330.92480548,0.3361096717190615,91.8271002443234,174.04046863031954,279.341392109577,0.2084163311560214,-47.51534391619833,35786523.97962976,-41989805.708769456,-3828036.211264777,246915.0355306284,279.8802436280932,-3061.938109873622,-1.0683249885627204
2023-02-13 08:00:00.000000Z,0.0002560524081545,42166784.87125532,0.3362445929125742,91.76377393054838,172.67078500062848,310.8603521666929,0.1752225155347799,-47.51137268507476,35781582.963000536,-34409690.8752166,-24359240.7196869,206242.50823950095,1777.1921588874884,-2509.502988112426,-9.971473275423696
2023-02-13 10:00:00.000000Z,0.000255885759555,42166592.04656847,0.3366616383700903,91.70187717750528,174.49263229104122,339.1923737493369,0.0945419631901384,-47.50155411812381,35778368.655862354,-17557395.59714029,-38326189.03733653,109808.63682747204,2795.9561319228947,-1280.5787932088326,-16.198099825447247
2023-02-13 12:00:00.000000Z,0.0002428262912097,42165972.29152909,0.3371775745337833,91.68353165794365,177.97176747316786,5.826234358418738,-0.0119203111644576,-47.489213489316334,35777649.151466966,4026880.1881214646,-41963010.75818959,-16432.55803301716,3061.227928914816,293.69436834602084,-18.05810358377681
2023-02-13 14:00:00.000000Z,0.0002282599239547,42165623.7213776,0.3375151613384085,91.701369691772,182.04993796832096,31.823961917652568,-0.1153979238705029,-47.47776654129823,35779308.33799717,24525612.023821197,-34288852.21517044,-138415.15464196628,2501.3937402867955,1788.7648353887662,-15.04161529470046
2023-02-13 16:00:00.000000Z,0.0002169106215135,42165816.8868573,0.33760334807801,91.71587141344264,186.7166645119047,57.23273015444192,-0.1878826661472248,-47.46988211136115,35782728.527182885,38414368.65851521,-17373112.32668444,-223184.48823683523,1267.576877502661,2801.5301833735743,-7.9599576897328195
2023-02-13 18:00:00.000000Z,0.0002052368446256,42166255.807997584,0.3375930242680683,91.69876371407098,190.9087925008152,83.14217562928843,-0.2097333380776072,-47.46737313547253,35787083.9949109,41952357.16905487,4224233.737979885,-247819.9693971781,-307.4027436480543,3059.253676418159,1.2761105577707863
2023-02-13 20:00:00.000000Z,0.0001924480879955,42166562.46450439,0.3376931039348153,91.65339230358968,192.60341702537656,111.57121536173116,-0.1749859713998183,-47.47106026522501,35791407.80632714,34189516.69888799,24684107.416479506,-205624.27788494545,-1799.111076866931,2492.941448296874,10.175465416350336
2023-02-13 22:00:00.000000Z,0.0001838651621277,42166572.98313474,0.3380083533603429,91.608216351748,190.73163524957084,143.56099273131417,-0.092945984587242,-47.480399327708014,35794672.71506485,17219557.275318623,38497026.835631415,-107919.3584895138,-2805.992960123697,1255.522420954033,16.339356912967894
2023-02-14 00:00:00.000000Z,0.0001858067700114,42166309.05107258,0.3384625920154756,91.59374497909808,186.55414539458025,177.82236540225352,0.0143345206769364,-47.49330135358274,35796001.177906655,-4386567.010512315,41945388.29674268,19011.42637021671,-3057.2867266142525,-319.711471905779,18.106020583833104
2023-02-14 02:00:00.000000Z,0.0001988153253774,42165922.2921167,0.3388497007852298,91.61592108013208,182.6677513390482,211.755675777266,0.1179854947196528,-47.50649744530973,35794913.18339254,-24811705.5025171,34101694.16636601,140993.55641195152,-2485.5050382007485,-1808.863238282876,14.99538131114533
2023-02-14 04:00:00.000000Z,0.0002172267305968,42165713.93953283,0.3390087880716628,91.64461109158712,179.95666423079564,244.5102991114713,0.190055661122174,-47.51637934059342,35791517.34179561,-38556557.79494514,17076911.02220316,225140.97764696664,-1244.391212889768,-2811.2009962281754,7.837273391667825
2023-02-14 06:00:00.000000Z,0.0002369738394429,42165971.287446864,0.339012432929797,91.63422373029528,177.58811430237654,276.96751890304705,0.211006934431112,-47.52005000711458,35786620.11953839,-41918203.69391628,-4546324.7555349935,248694.2892539084,332.2373538127156,-3056.679830952997,-1.4492369170065098
2023-02-14 08:00:00.000000Z,0.0002565724092528,42166557.25349879,0.3391609423036414,91.57112329243776,176.02430397123535,308.6801056144786,0.1749941793115344,-47.51635403585376,35781657.33349219,-33987818.71274164,-24944625.22901573,205165.3018771324,1819.8870073185024,-2478.6964474533,-10.366556584779689
2023-02-14 10:00:00.000000Z,0.0002674404643982,42166862.74591445,0.3396689390980246,91.50024813357642,176.60891647958815,338.2583714113453,0.0915266159538089,-47.50651378563516,35778250.47440454,-16898839.880310126,-38620965.09124291,106143.41339448551,2817.4890671403823,-1232.5225008989414,-16.506202987381204
2023-02-14 12:00:00.000000Z,0.0002610687948843,42166545.85464834,0.3403625778445942,91.47893001771838,178.75207794110315,6.231589692630346,-0.0169875431939295,-47.49377043824433,35777465.49886217,4744742.037287165,-41887728.17451555,-21754.57435252652,3055.7849503203106,346.059214151814,-18.199955041370306
2023-02-14 14:00:00.000000Z,0.0002434456105919,42166005.19404128,0.3408683000758321,91.507958806154,181.0861655270904,33.96252390556283,-0.1212468629927064,-47.482008499439694,35779353.579533,25109301.00814367,-33863789.83585007,-144030.36716780142,2470.4267016294198,1831.3135459695527,-14.979042847294911
2023-02-14 16:00:00.000000Z,0.000224318994969,42165777.882206656,0.3410378714015538,91.53850894420722,183.51510088952145,61.59276864953741,-0.1930164835889701,-47.47438107757867,35783139.700838484,38706570.34201165,-16712953.818868687,-227639.28268587677,1219.451128628917,2822.7774041732846,-7.707041854514808
2023-02-14 18:00:00.000000Z,0.0002056566991147,42165973.39706566,0.3410418298624731,91.5302836004319,186.1189158917977,89.08081319611824,-0.2128165961631098,-47.47269477700502,35787695.795437686,41874540.94042376,4941434.690707605,-249949.48593539084,-359.68307385118374,3053.4928929973776,1.654821108168156
2023-02-14 20:00:00.000000Z,0.0001870182986783,42166385.42591291,0.3411536252597514,91.4840323601076,187.8342934281793,117.48906957828832,-0.1752020732008856,-47.47729249836982,35791887.42692157,33762990.82178571,25265182.063005377,-204864.44145968,-1841.464442154509,2461.7683305816004,10.581376454290451
2023-02-14 22:00:00.000000Z,0.0001720736593013,42166738.72268447,0.3415225000828428,91.43407280534464,187.1329048384932,148.3128011631507,-0.0902188746457629,-47.48707726852659,35794775.58522221,16559377.19843753,38785701.82475983,-104461.5783683474,-2827.053638419593,1207.344619701807,16.66600835171006
2023-02-15 00:00:00.000000Z,0.0001684640023641,42166782.3362757,0.3420739461803507,91.41883201127354,184.0216490527619,181.5089562071911,0.0193137795433238,-47.499741583682585,35795746.45941354,-5102688.621305903,41864046.9352495,24266.870638877623,-3051.4068861069595,-371.9515636168196,18.267482314831703
2023-02-15 02:00:00.000000Z,0.0001803191507294,42166413.87902955,0.3425720348905935,91.44937145641092,181.33969446626105,214.2301175906363,0.1239349629177891,-47.512283821781615,35794562.931861475,-25391001.350592576,33672127.1720082,146673.96675522137,-2454.2493478466117,-1851.121343848001,14.94941107894968
2023-02-15 04:00:00.000000Z,0.0002019439912479,42165871.71264859,0.3428138164756888,91.49588012709452,180.88477371171737,244.71126237998504,0.1954397556691582,-47.5216499983669,35791371.05550817,-38842932.48043016,16414663.95255774,229765.88138046445,-1196.156269492565,-2832.0796914344905,7.596879425589955
2023-02-15 06:00:00.000000Z,0.0002257649670284,42165688.29202704,0.3428408830725727,91.50717517898951,180.9294548779513,274.7335366187688,0.2144447239907699,-47.52534352401722,35786763.886616275,-41834412.84726019,-5262861.150421917,251069.35386321225,384.4498873471914,-3050.5314972897518,-1.8195542005712169
2023-02-15 08:00:00.000000Z,0.0002507147162423,42166173.582137816,0.3429694246244,91.45875040371116,180.20539703822635,305.5912603912265,0.1756183748797156,-47.52208236010541,35781882.32339598,-33556438.43627397,-25522357.893699117,204693.6066680103,1861.9983905721565,-2447.180286510577,-10.769422369765609
2023-02-15 10:00:00.000000Z,0.0002726242934026,42166897.37006141,0.3434993075718698,91.38952176288136,180.12919581648114,335.82841902792484,0.0891897640683506,-47.51252575512605,35778272.082326785,-16236103.79211578,-38904256.24260582,102967.0847717603,2838.1620117024986,-1184.1367089819723,-16.838380510216304
2023-02-15 12:00:00.000000Z,0.0002779484068274,42167076.51674329,0.3443253939901575,91.3679760383958,181.33574235663284,4.738739647472155,-0.0216956459860054,-47.49953224483061,35777259.288566515,5460325.732701082,-41800257.89627022,-26808.32648225978,3049.450904813322,398.2872999435981,-18.378156616209598
2023-02-15 14:00:00.000000Z,0.0002630706004509,42166561.16222565,0.345010364532963,91.41015059874124,182.3625109574349,33.764355680486624,-0.1271458909567234,-47.48726248296417,35779201.59884044,25684914.12422248,-33429088.76718028,-149664.65657695994,2438.775071898087,1873.309096119459,-14.95857939261783
2023-02-15 16:00:00.000000Z,0.0002394317611566,42165926.46567575,0.3452928610215783,91.46430012694108,182.4257293304602,63.73684967048671,-0.1986160163564913,-47.47949460493084,35783320.4145146,38987040.8722268,-16048211.718304424,-232409.93394281503,1171.0157172204435,2843.2043625608817,-7.492767156263085
2023-02-15 18:00:00.000000Z,0.0002155800562562,42165726.50367989,0.3453194165865781,91.47614819448654,182.3797686038751,93.85406342226608,-0.2166880955573996,-47.47833167903615,35788198.85174496,41784384.32988433,5656965.385794954,-252630.62707523844,-411.8177328292325,3046.8532485028504,2.0081576248865143
2023-02-15 20:00:00.000000Z,0.0001917364705458,42166081.38252576,0.3454197367363278,91.43912060445186,182.66180958970045,123.68553637726332,-0.176351280816708,-47.48382479083352,35792427.60578341,33326769.90557212,25838749.5734159,-204768.82899381063,-1883.2431965418532,2429.8910901434297,10.982173333148872
2023-02-15 22:00:00.000000Z,0.0001695075553643,42166720.98848141,0.3458015645588653,91.39036617241293,181.9896462030112,154.4781740347488,-0.0883498913952993,-47.49428213342149,35795033.940134026,15894775.4193746,39063053.25636113,-101624.44013094233,-2847.257976677044,1158.8373339770626,17.009715786363603
2023-02-16 00:00:00.000000Z,0.0001577092114002,42167156.44354366,0.3464117856447617,91.37585743574463,179.3664115304902,187.1855545574656,0.0237164395843932,-47.506977963085184,35795617.35129368,-5816749.626918175,41770685.09205543,29094.554909136983,-3044.6258851422854,-424.0514976506614,18.464365740065908
2023-02-16 02:00:00.000000Z,0.0001643524976512,42166976.94558907,0.3469988015367003,91.41379681476188,177.656865064573,218.92744981286015,0.1297291504365061,-47.518979666386734,35794230.93760185,-25962346.125143185,33233146.40597862,152223.1243914677,-2422.296486043825,-1892.814014446171,14.948637524047085
2023-02-16 04:00:00.000000Z,0.0001850472038815,42166237.874210216,0.3473200202449594,91.47835975492328,179.74349618593695,246.84958638095063,0.2011265320425024,-47.52773932109882,35791167.5363183,-39117654.10804045,15748153.183959056,234587.4907303429,-1147.6130309642613,-2852.126541683119,7.400516918326745
2023-02-16 06:00:00.000000Z,0.0002102010854151,42165580.9016946,0.3473691273653796,91.51644924444432,183.09545533607647,273.53789713349005,0.2185699673889125,-47.531313994308846,35786895.41622391,-41738430.0477086,-5977366.725881636,253922.5576166696,436.4994484423653,-3043.5058685973427,-2.157168207438016
2023-02-16 08:00:00.000000Z,0.0002377006833423,42165735.525043055,0.3474446957071322,91.4935610259264,184.41236822255783,302.3286255243252,0.1771575991481293,-47.52853956253146,35782237.07644877,-33115669.349278957,-26092289.96170033,204873.5641142068,1903.5103535841345,-2414.976578135825,-11.15750018596304
2023-02-16 10:00:00.000000Z,0.0002679954025313,42166670.89883316,0.3479118114306665,91.4366163847098,184.42250937491232,332.46655572350886,0.0877981014565372,-47.51959350869632,35778512.70661319,-15569421.347874798,-39176091.35262936,100476.29826806956,2857.959012350336,-1135.4485631840384,-17.17601695001351
2023-02-16 12:00:00.000000Z,0.0002875223726772,42167434.87594856,0.3487770237038951,91.4177248417364,185.09188593075524,1.9112953092720792,-0.0256282950418726,-47.5067069481815,35777180.5405214,6173297.468677172,-41700841.91069924,-31287.13035867373,3042.2162046560748,450.3468805653744,-18.581292031344944
2023-02-16 14:00:00.000000Z,0.0002816196755068,42167223.12928559,0.3496044764485068,91.47159913583782,185.4220986481077,31.62222556161891,-0.1326142096222692,-47.49398128996818,35778973.3795902,26252113.64728108,-32985215.79604759,-154964.06743714522,2406.4489452808816,1914.7230764041544,-14.978931060079038
2023-02-16 16:00:00.000000Z,0.0002578813344158,42166315.5945947,0.3500095061433288,91.55261747959422,183.6899743378272,63.36361052843871,-0.2042440003100983,-47.4857886243187,35783301.56098673,39255593.240083,-15379500.195204953,-237174.6072778544,1122.3008794626685,2862.800681895175,-7.327351998911008
2023-02-16 18:00:00.000000Z,0.0002318521519985,42165615.27872942,0.3500620056707455,91.59357449804672,180.7542661917616,96.34126896496502,-0.2210612940980526,-47.48480952033588,35788556.13927884,41681948.95662303,6370224.203908558,-255652.68941530463,-463.770637847634,3039.3484337125533,2.316036131587749
2023-02-16 20:00:00.000000Z,0.0002057956616891,42165711.876294926,0.3501229877377231,91.57565687251292,178.61163916346047,128.57751299170843,-0.1783729355860745,-47.49108722254219,35792985.05746228,32881153.00038004,26404377.48076615,-205293.3765272223,-1924.4190553736069,2397.341432659175,11.35261164943957
2023-02-16 22:00:00.000000Z,0.0001778589799277,42166505.93873431,0.350465767914948,91.53449693313802,176.72321595683275,160.57797150090786,-0.0875244950131575,-47.502396710757154,35795441.76187923,15226206.434706043,39328913.91491386,-99545.30462498732,-2866.5917106998286,1110.0411453003364,17.346418599954454
2023-02-17 00:00:00.000000Z,0.0001570918335748,42167351.87173593,0.3510772530867088,91.52201608821882,173.38578371652625,193.9971948275194,0.0271526505915263,-47.51542969587386,35795642.27524721,-6528252.098088375,41665435.07284068,33206.74584815258,-3036.9464275169694,-475.9700449844254,18.679882943955104
2023-02-17 02:00:00.000000Z,0.0001554310944792,42167516.810838215,0.3517081551154604,91.56440549636054,171.47932135752583,225.9319116063751,0.1348671260098199,-47.52707856221556,35793937.8930453,-26525326.57839442,32785152.223275557,157271.8156744554,-2389.666995071599,-1933.9100358280596,14.987701020674058
2023-02-17 04:00:00.000000Z,0.00017038562625,42166773.6758602,0.3520856606920908,91.64255937516452,175.53954103299972,251.86753789743616,0.2066234801624285,-47.53516174438195,35790871.80602276,-39380503.738103,15077929.8444988,239243.03108616924,-1098.7929669520154,-2871.3325001801245,7.25522328224142
2023-02-17 06:00:00.000000Z,0.0001923731787834,42165717.26937557,0.3521500535760186,91.70551359399153,182.72922137236867,274.6936155089603,0.2230113491340764,-47.53837366263984,35786915.29478311,-41630260.25087393,-6689319.86323205,256980.51750942928,488.3577082675771,-3035.619678065148,-2.4449431199553637
2023-02-17 08:00:00.000000Z,0.0002186666704565,42165380.88060664,0.3521530827337791,91.7120202511028,187.3944036771027,300.1063338672632,0.1794389250420448,-47.53594220017077,35782617.68833717,-32665678.69687869,-26654087.700860627,205578.1089115192,1944.4063926470617,-2382.118629162419,-11.508165434406456
2023-02-17 10:00:00.000000Z,0.0002526853197361,42166238.919316985,0.3524845518139587,91.67474005028792,188.56613489923717,329.0622111506308,0.0874063005336362,-47.52780157142792,35778962.36728391,-14899046.459733913,-39436400.6148373,98711.77741996937,2876.8712183214843,-1086.4968990672387,-17.49587042457386
2023-02-17 12:00:00.000000Z,0.0002852389050155,42167508.35326413,0.3532697263051756,91.66056457378276,189.1783481329159,358.55885240577834,-0.0285163161846567,-47.51547040895143,35777347.3470367,6883354.963212429,-41589698.96572578,-34992.55024927278,3034.07711003244,502.1968787327922,-18.78937980524474
2023-02-17 14:00:00.000000Z,0.0002934243842602,42167853.242935866,0.3541488518046733,91.72036933976167,189.3848628191,28.387692267011715,-0.1372167452505389,-47.50260597659391,35778830.32195328,26810618.29286037,-32532678.26881966,-159608.53001402898,2373.460108426423,1955.5183677049413,-15.026962856158464
2023-02-17 16:00:00.000000Z,0.0002749205415154,42166939.347909376,0.3546499909399431,91.82372149044916,186.76012291590757,60.99984036342614,-0.2093850543361365,-47.493925880553206,35783179.983322114,39512109.15596543,-14707532.330371026,-241554.44339279,1073.3394430246833,2881.549157336642,-7.20812477643136
2023-02-17 18:00:00.000000Z,0.0002500113523747,42165745.589173526,0.3547252518074487,91.8963677866022,181.4022067663328,96.3681113640537,-0.2254544948116337,-47.49284356086166,35788775.58132222,41567395.33924129,7080482.154941124,-258661.8581500146,-515.5003198350105,3030.991772126517,2.568834979434092
2023-02-17 20:00:00.000000Z,0.0002259184240572,42165387.424847126,0.3547236301959532,91.90420571470108,176.58317040678054,131.25439615655472,-0.1809343611638494,-47.499730784345005,35793530.85779251,32426576.31578035,26961531.564359862,-206194.35153139493,-1964.9592840398448,2364.1583909579917,11.672324198558956
2023-02-17 22:00:00.000000Z,0.0001964149826139,42166131.06628361,0.354975714205163,91.8760867102526,172.90066686797937,165.03492558715925,-0.0876433199439174,-47.5120145926861,35795995.16839704,14554279.66375588,39583086.40709988,-98152.46018654584,-2885.040305988843,1061.0085374946214,17.64969473510816
2023-02-18 00:00:00.000000Z,0.0001686598479383,42167315.55906317,0.3555219118921848,91.86652933258772,168.03582342604406,199.9779736622435,0.0294598039087556,-47.52572003132025,35795862.39025717,-7236558.6170932865,41548491.09778624,36482.49416469089,-3028.375631270976,-527.6528258593921,18.88806922288537
2023-02-18 02:00:00.000000Z,0.0001870756454683,42166152.60618665,0.3561349556259416,91.908887581746,186.17813508897387,211.8626070100828,0.1389561156654732,-47.53871320128273,35794714.94896814,-27079273.050838307,32330114.58866195,161532.19868794235,-2356.3912571936785,-1974.153157894084,15.047494711147186
2023-02-18 04:00:00.000000Z,0.000196857693783,42165613.88797327,0.3565296261510219,91.99221869106516,188.62059076802024,239.4091827533997,0.2114027893902573,-47.54842819047129,35791700.18436959,-39631461.00080539,14407748.748733506,243348.7291502965,-1049.8514942298154,-2889.477157070109,7.154022453512429
2023-02-18 06:00:00.000000Z,0.0002193383401794,42164330.3339116,0.356599692319222,92.07128585687408,195.38105629632796,262.6469542837686,0.2272374708876338,-47.55303887613567,35787375.2921877,-41511363.27248821,-7393888.810769559,259857.818939586,539.7899122414954,-3026.811613392433,-2.676531240543957
2023-02-18 08:00:00.000000Z,0.0002462570280245,42163468.07149132,0.3565329773392123,92.10280711942,201.0333845852697,287.0467822130622,0.1820491289885366,-47.55133348300725,35782285.133332945,-32209405.899361167,-27203174.49396505,206507.54653735465,1984.541181396776,-2348.726263009368,-11.804713390762688
2023-02-18 10:00:00.000000Z,0.0002804299924209,42163969.68441195,0.3566964263269856,92.08688851284565,202.5275763000947,315.65939583139146,0.087795918068614,-47.542639547254495,35777374.58877507,-14228224.682225589,-39681674.18323076,97516.65160885284,2894.964329081486,-1037.4192364859173,-17.77576920450075
2023-02-18 12:00:00.000000Z,0.0003213580096977,42165491.856327005,0.3572988980863184,92.0781152829654,202.23117202980492,346.06183404767745,-0.0303544233117078,-47.52773530811032,35774203.3605147,7588288.453379606,-41463673.71856391,-37914.018683900445,3025.22137111406,553.9066367739786,-18.978502321932208
2023-02-18 14:00:00.000000Z,0.0003456361017419,42166502.085734926,0.3581055985664877,92.13497938644852,202.10403936387655,16.23215932806378,-0.1407232197155152,-47.50997711881861,35774371.53031433,27359226.65202674,-32066804.90695695,-163415.46539956372,2339.851422757405,1996.035098174264,-15.079159306476484
2023-02-18 16:00:00.000000Z,0.0003360068990351,42165921.25032756,0.3586366843766962,92.24720349590449,200.15843008534105,48.16268566340639,-0.2136045750546965,-47.49491161021008,35778331.56927714,39754420.55292311,-14024754.426760696,-245208.096858831,1023.7976354898668,2899.8567638508903,-7.115247160163102
2023-02-18 18:00:00.000000Z,0.0003100248617904,42164402.783909306,0.3587235464699014,92.34384683158576,195.04734898188192,83.26619826265012,-0.2292876002678766,-47.48774749557398,35784729.34833928,41434764.40617366,7797393.280766245,-261202.09962268517,-567.6950946541336,3021.901081824394,2.777594843836371
2023-02-18 20:00:00.000000Z,0.000285349007754,42163473.91227551,0.3586525923658294,92.37719272563156,189.7347218907832,118.62466063751448,-0.1834174197521871,-47.49053620457513,35791098.319237515,31951737.38346154,27518866.71482752,-206982.8161055912,-2005.5900248773305,2329.929976178944,11.938742154942442
2023-02-18 22:00:00.000000Z,0.0002550260389117,42163929.33440649,0.3587819397021998,92.3647225851016,186.5605103890032,151.88271966356476,-0.0881914744777515,-47.50135370309652,35795275.66965536,13863597.057680156,39829486.4838617,-97030.90866260065,-2902.954404816812,1010.877001527127,17.9016596817913
2023-02-19 00:00:00.000000Z,0.0002193081068314,42165284.02809058,0.3592052452239362,92.35853182822052,183.55309601954173,184.96428130991265,0.0309145675909606,-47.51575764105204,35796359.520023264,-7957468.789798647,41416968.90283679,39160.62528311055,-3018.663242134309,-580.0551412615254,19.058819429610654
2023-02-19 02:00:00.000000Z,0.0001969722444907,42166338.9596524,0.3597359015892262,92.3960823823624,180.1346579284688,218.4140927191185,0.1419686239522675,-47.52913380693349,35794709.23292328,-27636700.40602917,31854897.76123024,165007.97104926442,-2321.7045146292894,-2014.842811593526,15.093328781566692
2023-02-19 04:00:00.000000Z,0.0001969666190305,42166172.50185031,0.3601006435145487,92.47431889828722,181.51083842410543,247.0325169511,0.2151313100214781,-47.53836601644728,35791275.22665169,-39875421.039977096,13716750.951668244,246662.51711056105,-999.464546082564,-2907.344843865208,7.064665690059396
2023-02-19 06:00:00.000000Z,0.000209644098456,42164889.54999594,0.3601658005267859,92.5563103662683,189.53659667061748,269.00297605728275,0.2306710300430139,-47.54206451871668,35786904.85662247,-41376006.07718463,-8114686.914815944,262112.5615101031,592.3390274482805,-3017.023598718851,-2.8739489949923867
2023-02-19 08:00:00.000000Z,0.0002284764334903,42163607.01587887,0.3600540379223337,92.60180665558526,198.49034401631397,290.08800428466304,0.1842912247255947,-47.53976121449225,35782159.581389025,-31731002.17663609,-27759524.353974316,207117.6792945098,2025.0759548976048,-2313.8858404337534,-12.052807338814937
2023-02-19 10:00:00.000000Z,0.0002571788810147,42163584.07091399,0.3600705414305791,92.60295909910565,203.0334069390377,315.63447647749894,0.08831664592887,-47.531270221892406,35777693.750456035,-13535723.05443756,-39923539.11950301,96371.96625117963,2912.524319052593,-986.925255065154,-18.003195203516608
2023-02-19 12:00:00.000000Z,0.0002997348593358,42165020.6410704,0.3604475107984346,92.59891389003552,204.0608326438424,344.70755931527754,-0.0315844781419962,-47.51717020060258,35774692.55261933,8308109.068578499,-41325957.07681638,-40424.442285773206,3015.0801882321566,606.4138745079664,-19.121584573029857
2023-02-19 14:00:00.000000Z,0.0003372085817057,42166579.86972759,0.3610731187398661,92.64449741463628,204.50942908868632,14.31276126151585,-0.1432600781622167,-47.50008968027363,35774665.12332752,27912407.393488683,-31586840.55315612,-166532.21034030904,2304.777655169841,2036.405116960243,-15.10135503418163
2023-02-19 16:00:00.000000Z,0.0003425148423522,42166607.74271626,0.3615458566148547,92.74672339587929,203.08427004833,45.73275529009065,-0.2166932791302825,-47.485100702748376,35778387.42785192,39992105.60205121,-13332010.06697218,-248038.71577580925,973.2568984807432,2917.2302105937288,-7.016589382828521
2023-02-19 18:00:00.000000Z,0.0003240729072117,42165083.539516345,0.3616274102036866,92.84917530370991,197.5261481267608,81.27767239680261,-0.2320864041543696,-47.47775807397657,35784870.38692933,41293149.806318745,8516207.124314578,-262978.4980191645,-620.0817214062947,3011.6027028193967,2.9640718273186346
2023-02-19 20:00:00.000000Z,0.0003058110564409,42163622.57542344,0.361505812984166,92.89887704092588,190.42834306140648,118.40465861916938,-0.1852160045578625,-47.48084233999633,35791616.41621868,31469281.835447263,28070080.66351712,-207259.96497088717,-2045.6943052675176,2294.753935012783,12.158649422120572
2023-02-19 22:00:00.000000Z,0.0002823736364236,42163589.45836824,0.3615163507694862,92.90036282654124,185.50876053858457,153.39310183411615,-0.088579492364381,-47.49269390987772,35796096.89140448,13170628.09016167,40064839.70231223,-95788.13037031503,-2919.982782549071,960.3467742539772,18.09410689280774
2023-02-20 00:00:00.000000Z,0.0002476762390936,42164881.74096854,0.3617889474544437,92.8973055424412,181.30239212856924,187.6691736269,0.0319602457046232,-47.50841389364356,35797094.527584635,-8674155.733299091,41273568.43623565,41529.501132914855,-3008.08130640187,-632.3089816833342,19.172041522848897
2023-02-20 02:00:00.000000Z,0.0002201726447223,42166277.26353804,0.3621889561011039,92.92632383416452,176.33559109022457,222.67504808016136,0.1440923062918257,-47.52262457280852,35794965.045080006,-28184285.31563969,31371777.538722564,167809.5201657873,-2286.398215127878,-2054.789037137937,15.097686443223354
2023-02-20 04:00:00.000000Z,0.0002126456688331,42166563.02533592,0.3624820079102915,92.99019650061722,175.3752677679446,253.6444611731997,0.2176983631916941,-47.53173232641068,35790949.527093366,-40106654.12976516,13024057.700364642,249094.55127501444,-948.9132035353156,-2924.274642024211,6.960299766837242
2023-02-20 06:00:00.000000Z,0.0002153094453663,42165498.20619843,0.3625334135989472,93.06149694334567,182.1036055954223,276.92395901361954,0.2329420013918555,-47.53449800970903,35786265.18578457,-41228499.51350814,-8830525.787705353,263484.6000177395,644.5713896130374,-3006.3677172058706,-3.056732794631543
2023-02-20 08:00:00.000000Z,0.0002221494560602,42164000.656330496,0.3624130310146188,93.10729105173073,192.4344124875064,296.632686023978,0.1856339111077822,-47.53113634837954,35781663.411008984,-31244175.262748677,-28305607.145578846,207046.10602500156,2064.9177043196723,-2278.4689844407994,-12.260970731619866
2023-02-20 10:00:00.000000Z,0.0002399309639453,42163449.06296647,0.3623451673114679,93.11724318773544,200.0229971375585,319.1252823412534,0.0883952514020033,-47.52220292488302,35777661.699211895,-12840620.677971482,-40152469.60275762,94895.166641025,2929.193287875992,-936.2819700489172,-18.175402724735733
2023-02-20 12:00:00.000000Z,0.000276542042073,42164509.27950701,0.3625268521803181,93.11629166422418,203.4157272127048,345.82956381795526,-0.0327106019012444,-47.50851100549606,35775066.634516515,9024039.832159428,-41175932.83704252,-42850.600241272914,3004.0653737022744,658.5983849444469,-19.206270477785147
2023-02-20 14:00:00.000000Z,0.000319821278629,42166311.34179936,0.3629251791794251,93.14636218195784,205.27660277080824,14.037222238429052,-0.1451682266678222,-47.49220909425321,35775091.2461092,28456170.85796708,-31098430.228782687,-169166.88213585963,2269.079669968567,2076.0473891192096,-15.073200463324456
2023-02-20 16:00:00.000000Z,0.0003395324980133,42167023.146651454,0.3632662452878994,93.2219883319581,205.1603293070225,44.17447903198898,-0.2187485103622693,-47.47766797981546,35778615.589913025,40217364.29583938,-12636962.860453784,-250082.9381768822,922.526361722702,2933.6664448412475,-6.885248234742343
2023-02-20 18:00:00.000000Z,0.0003316211087467,42165851.97607051,0.3633261509550026,93.30734906887218,200.3399699431712,78.99870711167479,-0.2336518692478324,-47.470338504101655,35785042.4543677,41139516.34753702,9230615.62163324,-263821.3970433203,-672.169143423228,3000.422429880173,3.15765515802687
2023-02-20 20:00:00.000000Z,0.000321065918945,42164076.55578281,0.3631959588477574,93.35695331641362,192.4709556317504,116.89682752395746,-0.1858447083168887,-47.47359450584708,35792060.46562339,30978489.917241797,28611466.066149183,-206657.5867254796,-2085.0994049669694,2258.9863129033088,12.356352719398672
2023-02-20 22:00:00.000000Z,0.000307555602261,42163477.98069728,0.3631349329345979,93.3659780755617,186.30818558251772,153.12007192447103,-0.08813045858899,-47.48629677795192,35796906.75630672,12475256.133635327,40287634.26085308,-93923.66089960128,-2936.0991184161912,909.6670450512556,18.238338714008822
2023-02-21 00:00:00.000000Z,0.0002791305300497,42164473.731998056,0.363272162203587,93.36516570170336,181.3961441980273,188.0982010267635,0.0333037023056071,-47.50339121216307,35797988.70247516,-9386630.741355974,41118302.450285085,44108.90483328828,-2996.6168812962487,-684.2228726865867,19.221581335006693
2023-02-21 02:00:00.000000Z,0.0002509393280239,42166015.74336479,0.3635254945033427,93.38415079802002,175.6278233761375,223.9144284391828,0.1458922567513126,-47.51880200921977,35795499.988002375,-28722168.53710444,30880797.586886555,170352.74096362074,-2250.487449549747,-2093.9876827154512,15.038269528248618
2023-02-21 04:00:00.000000Z,0.0002396894230405,42166723.72492474,0.3637219959722199,93.42785489035757,172.521564538664,257.0496004718298,0.219391022837553,-47.528251219471215,35790849.77235949,-40325396.58361186,12329755.88605876,250856.93088387424,-898.210039656512,-2940.2584958271727,6.807881721757664
2023-02-21 06:00:00.000000Z,0.0002366568261691,42166025.23015361,0.3637547959925153,93.47819141313242,176.49826355028398,283.1023921128176,0.2339953577413655,-47.53032213549556,35785624.21432297,-41069178.82003037,-9541258.782254582,263934.9169399274,696.4720999709975,-2994.837230120778,-3.260089035308051
2023-02-21 08:00:00.000000Z,0.0002332107314501,42164548.21220209,0.3636613545344976,93.51223251076836,185.52868443355467,304.12452855247443,0.1857036356739411,-47.52569017203248,35780893.490157746,-30749357.32828953,-28841262.33093599,206019.5005802852,2104.0568516169706,-2242.479437445517,-12.45776781622112
2023-02-21 10:00:00.000000Z,0.0002375564488779,42163606.25320246,0.3635850272084871,93.52207816651205,194.3244429999618,325.41110041304654,0.0874392480632443,-47.51571750744449,35777222.70585361,-12143354.155226702,-40368362.77674249,92651.64959312262,2944.98133845511,-885.4995786388167,-18.307877147520134
2023-02-21 12:00:00.000000Z,0.0002619143834573,42164149.93131817,0.3636522224538918,93.52229122920788,200.04468606092684,349.7869198053655,-0.034402060902381,-47.50181328308198,35775144.431679934,9735791.605144463,-41013551.53650825,-45683.62483551593,2992.2055711558314,710.4575523563665,-19.23273082534891
2023-02-21 14:00:00.000000Z,0.0003015696094758,42165839.94556681,0.36385370199619,93.53806832841452,203.90977488287703,16.004115824826773,-0.1470492082291133,-47.48605276209825,35775479.70435324,28990442.188011598,-30601505.67078409,-171760.99268841505,2232.784687565836,2114.9682398015143,-14.981201943997696
2023-02-21 16:00:00.000000Z,0.0003296564793995,42167066.30120976,0.3640384779848648,93.58015417399088,205.74108651325457,44.22667584510428,-0.2201850141265272,-47.47215900124738,35778966.37935633,40430263.623461016,-11939505.711069068,-251645.5731975578,871.6174910020261,2949.167937208181,-6.697345874201791
2023-02-21 18:00:00.000000Z,0.0003321421136715,42166489.97448848,0.3640693574278733,93.6306642866144,202.70072060668213,77.30549242215876,-0.2341294765284595,-47.46509494759228,35785271.2087432,40973961.828397445,9940714.426757457,-263838.05102796864,-723.9594904892272,2988.3553519806405,3.388554262030925
2023-02-21 20:00:00.000000Z,0.0003287431345418,42164733.13868381,0.3639819458084567,93.66239167614783,195.24187513285008,114.81119638075316,-0.1851453522355711,-47.46847706376121,35792409.24428722,30479405.14996424,29143074.033452865,-205059.36733446817,-2123.818270720233,2222.620156440231,12.56263855568185
2023-02-21 22:00:00.000000Z,0.0003252316551716,42163655.4732079,0.3639253207867869,93.6698609065108,188.43875384901756,151.67577727680347,-0.0864116393617924,-47.4817542984022,35797588.71463749,11777396.044891575,40497857.66206173,-91118.87614037926,-2951.3251322960696,858.8258769814089,18.35856410792041
2023-02-22 00:00:00.000000Z,0.00030650406116,42164197.32044762,0.3639830882242285,93.6698588786786,183.2099561886712,186.9686641825708,0.0355564853443268,-47.50003940974975,35798888.29771542,-10095134.780322818,40951037.52174694,47349.03244602893,-2984.2888276858093,-735.818484105788,19.21888291623404
2023-02-22 02:00:00.000000Z,0.0002817456639623,42165662.17171319,0.3641114533867166,93.67981367751652,177.32609173288722,222.90812859541128,0.1480154086149315,-47.516784642243145,35796225.2189941,-29250673.377560794,30381654.9108855,173113.86002936854,-2213.9749636398387,-2132.461615157459,14.910635577344374
2023-02-22 04:00:00.000000Z,0.0002700911048771,42166663.51936967,0.3642110850565435,93.7024860882492,172.95028253849637,257.3331283579324,0.2207375744921468,-47.52698292812693,35791021.27670932,-40531933.69162893,11633424.231932923,252338.911622834,-847.3436998803618,-2955.304131812109,6.588254394055975
2023-02-22 06:00:00.000000Z,0.000266162713155,42166379.390798055,0.3642257086883225,93.7272473884368,174.36135118736993,285.9774062114798,0.2341183529895747,-47.52877058989567,35785150.73016539,-40898243.42029208,-10247290.488951525,263675.85897141474,748.0510904547307,-2982.42066071294,-3.512833980508823
2023-02-22 08:00:00.000000Z,0.0002583149456832,42165119.73708722,0.36418413460967,93.74214468833976,180.9020620120804,309.5095606077311,0.1844883432198501,-47.52297732877191,35780051.7934101,-30246711.8427744,-29366778.13668645,204030.06567208245,2142.493745274982,-2205.8989186933527,-12.674170486139046
2023-02-22 10:00:00.000000Z,0.0002522284560623,42163997.16854996,0.3641626595484791,93.7451312833838,188.7658967225954,331.73627905427475,0.0851547395592944,-47.511646491900784,35776492.58234849,-11444094.918016998,-40571387.52558115,89426.00181765785,2959.8883006558035,-834.5637649463941,-18.426170857620104
2023-02-22 12:00:00.000000Z,0.0002622835557172,42164050.17490383,0.3642072690644878,93.745037396875,195.3438133340368,355.2555146081217,-0.0371531611601812,-47.49696193579189,35774892.12083099,10443225.79555276,-40838884.27875868,-49286.45710861901,2979.5105316420413,762.0056365811945,-19.215798766450984
2023-02-22 14:00:00.000000Z,0.0002906871491187,42165368.34811317,0.3642906604139698,93.75156002136676,200.80289108979105,19.88785729976326,-0.1494818911221517,-47.48131671029769,35775705.15073822,29515175.150234047,-30096017.97195186,-174739.55962849827,2195.9063088526577,2153.186314010134,-14.827759173927118
2023-02-22 16:00:00.000000Z,0.0003181891099308,42166794.34094634,0.3643479228812027,93.764585075088,204.66004602843608,46.11300045868363,-0.221548615015701,-47.46805092170152,35779354.25410131,40630829.75317864,-11239468.046488129,-253127.5441504121,820.5354576831951,2963.747376490811,-6.444090228423652
2023-02-22 18:00:00.000000Z,0.0003271017521961,42166838.145288415,0.3643549574209349,93.77515090645066,204.00341621068316,76.84754055399875,-0.2339310687318403,-47.461468835866064,35785558.75769724,40796512.10734168,10646711.533781348,-263331.2736293418,-775.4573134160642,2975.398812658665,3.6748430358692303
2023-02-22 20:00:00.000000Z,0.0003286356756674,42165417.12304489,0.3643503517687704,93.77747822022916,198.0295400591892,112.8975132526145,-0.183317714308212,-47.46501698749433,35792668.036381535,29971996.935323536,29665048.913507964,-202612.1197161705,-2161.8618513573665,2185.6415540139087,12.80215716832893
2023-02-22 22:00:00.000000Z,0.0003326438342829,42164083.69547837,0.3643763649848811,93.7750267687516,191.25187005332396,149.7462791181715,-0.0833671917994038,-47.478585450724914,35798060.92775339,11076919.156705528,40695526.81688276,-87332.26504900055,-2965.67672924725,807.801530625512,18.48151511905037
2023-02-23 00:00:00.000000Z,0.0003244815023477,42164137.88939878,0.3644322708786369,93.7745227738568,185.95485807931823,185.1070700215968,0.0390216901856975,-47.49768523687076,35799628.032636225,-10799908.379186127,40771597.85707606,51473.2536979924,-2971.1100940821066,-787.1276057787304,19.18672263773181
2023-02-23 02:00:00.000000Z,0.0003063580251094,42165334.1438288,0.3644858346914216,93.77858159446104,180.33883025049855,220.7834063955673,0.1509449783560204,-47.51561302211398,35796976.673375115,-29770080.241174918,29873924.905449413,176448.4457922658,-2176.857022485417,-2170.2456689904006,14.72794906380716
2023-02-23 04:00:00.000000Z,0.0002968486446202,42166450.793174125,0.3645097497559671,93.7838175250412,175.4748773018836,255.7130308817468,0.2222884373638604,-47.52675937735585,35791399.56581459,-40726447.18053138,10934431.805179069,253945.370183358,-796.2919360238088,-2969.4308255584974,6.301638089981335
2023-02-23 06:00:00.000000Z,0.0002950519733973,42166533.99874978,0.3645119394396485,93.78432793450908,175.0894928814806,286.1778784054977,0.2337993724592477,-47.52867878379727,35784927.563962944,-40715694.39301001,-10949292.644635046,263066.8285840638,799.3325496824814,-2969.10985520222,-3.8275532003518538
2023-02-23 08:00:00.000000Z,0.0002882605696227,42165607.05015761,0.3645330504399162,93.77835365389018,179.3509749687666,312.01095796668574,0.1823035771305625,-47.522065762600015,35779333.53508206,-29736116.58065375,-29882689.78247385,201310.15340146265,2180.236577772921,-2168.700711056821,-12.932106636049422
2023-02-23 10:00:00.000000Z,0.0002777898179791,42164512.34210181,0.364603076824662,93.77129161764488,185.481660713415,335.9822164519258,0.0816198361129295,-47.509400230304166,35775676.08447686,-10742723.905667815,-40761876.36806632,85275.74865490959,2973.906940068519,-783.4474786407537,-18.55588388353524
2023-02-23 12:00:00.000000Z,0.0002765299961291,42164212.37325178,0.3646966856439555,93.7703240427711,191.4494623814276,0.1135361711274638,-0.0411290975120226,-47.49362265313071,35774415.73763625,11146396.547993768,-40652092.8490843,-53780.63793972224,2965.971970487692,813.2634223373399,-19.178673587870463
2023-02-23 14:00:00.000000Z,0.0002909229526571,42165053.116740815,0.3647482329432658,93.77387739219576,197.2352484601479,24.42241733360656,-0.1528274013190859,-47.4776943075012,35775746.48439189,30030386.72460076,-29581986.715967745,-178367.96334142258,2158.4424419678458,2190.721041600179,-14.629099030549314
2023-02-23 16:00:00.000000Z,0.0003103059597759,42166370.50277996,0.364734701852839,93.76929658196006,202.3623746782081,49.39471741785101,-0.2233157542872526,-47.46489772300306,35779715.53133955,40819072.836145535,-10536737.271029,-254878.82585993895,769.2793833360656,2977.4205329595343,-6.132587585245493
2023-02-23 18:00:00.000000Z,0.0003194330904036,42166868.0451189,0.3647313081507093,93.74770793584152,203.99096167919757,77.87557806378175,-0.2335563876878941,-47.45892983914076,35785898.21775196,40607164.939479895,11348788.342755156,-262668.4008574739,-826.664970325768,2961.5551658167915,4.018889990557779
2023-02-23 20:00:00.000000Z,0.000322490102443,42165965.33687856,0.3648239560521896,93.71950054820492,200.17607913718612,111.79682232045644,-0.1807916620152513,-47.46275334838808,35792873.96727072,29456246.39198504,30177538.727675483,-199631.97710121312,-2199.2322563003017,2148.040123288265,13.086747327347434
2023-02-23 22:00:00.000000Z,0.0003300644244334,42164654.04202585,0.3649846240358422,93.7027700270158,194.08918074077573,147.96901383377823,-0.0792694595406685,-47.476412560036096,35798314.1298478,10373786.1770628,40880689.04676476,-82763.9972690555,-2979.157929710829,756.5770276169608,18.62717000031029
2023-02-24 00:00:00.000000Z,0.000330961438729,42164307.61146201,0.3651123442496962,93.7011991626864,188.92522899821063,183.1974379600817,0.0436484402956356,-47.49588867638217,35800103.64543357,-11501026.546108363,40579886.462765016,56444.26286208927,-2957.085750040051,-838.1737730797573,19.14951729029813
2023-02-24 02:00:00.000000Z,0.0003212434809859,42165121.09685631,0.3651529856429509,93.70380451702908,183.7446335611876,218.4389764146628,0.1548686312080124,-47.51462904723322,35797592.18425376,-30280478.338937383,29357318.890745305,180494.30006338764,-2139.130704304741,-2207.3683980523792,14.51342405188136
2023-02-24 04:00:00.000000Z,0.0003158960426392,42166173.26191922,0.3651344984366282,93.6982767787675,178.9233651813219,253.33577834508975,0.2244287364129676,-47.52666747984772,35791852.43805298,-40908953.46103793,10232301.46698932,255959.0178251551,-745.0375864656274,-2982.6595803025075,5.964220873051415
2023-02-24 06:00:00.000000Z,0.0003177065718779,42166513.97562,0.3651321794827838,93.68033047401178,177.4672946424246,284.889359052793,0.2335299957295091,-47.528993399644165,35784931.059813015,-40521397.15615816,-11647822.155851334,262468.8137325109,850.3384939119179,-2954.9046115858364,-4.199133512729687
2023-02-24 08:00:00.000000Z,0.0003151517228206,42165950.85250425,0.3652138288419557,93.65635682118432,180.0285501947563,312.4410835155783,0.1796306344647388,-47.52196801758772,35778844.16445625,-29217314.931849297,-30389476.18633881,198213.3165934861,2217.294780844776,-2130.86525365779,-13.23866781874604
2023-02-24 10:00:00.000000Z,0.0003055974883652,42165040.525470056,0.3653846725376209,93.63937764053117,184.56764594370483,338.01492325262046,0.0771939756643258,-47.508238299181365,35774954.49980592,-10038985.432602407,-40940144.31612888,80464.81102362221,2987.028255415148,-732.1276465201576,-18.714247523014183
2023-02-24 12:00:00.000000Z,0.0002982167289193,42164564.42625645,0.3655660892797364,93.63784116689274,189.39911680114292,3.2842606240187355,-0.0461709425296369,-47.49134605056229,35773873.90125366,11845460.241286809,-40453350.99407746,-59049.75805351767,2951.5738940122164,864.2465106970053,-19.14420786125407
2023-02-24 14:00:00.000000Z,0.0003005126954832,42164958.16867345,0.365650412455424,93.64380141954187,194.46483639436047,28.311310834120786,-0.1571558952496962,-47.47490139610319,35775665.03778794,30536134.846559323,-29059492.4728196,-182698.02531411347,2120.382932767673,2227.58397082623,-14.408183871813868
2023-02-24 16:00:00.000000Z,0.0003084730455525,42165959.55116624,0.3656222908389893,93.6344216815868,199.66029655774872,53.21977719378923,-0.2257626868223594,-47.46239320232151,35780032.36732801,40995005.343056135,-9831309.76765036,-257102.4317893707,717.8462707244413,2990.1990694442884,-5.781238739492076
2023-02-24 18:00:00.000000Z,0.0003123351956696,42166659.07235939,0.3656208294406146,93.59544223036129,202.7710136665483,80.23522620384536,-0.233426324903495,-47.457094114805074,35786284.72930487,40405928.36847338,12047018.524943655,-262158.8390667817,-877.5807974404692,2946.8309175670493,4.4098763967406285
2023-02-24 20:00:00.000000Z,0.0003131050996574,42166290.54267078,0.3657975548421493,93.54445915893862,201.2050965852011,111.92986491451248,-0.1780482348450536,-47.461340328968674,35793080.93938533,28932190.77289518,30680634.618746158,-196472.87996017485,-2235.9232004116075,2109.814625397484,13.415094528141529
2023-02-24 22:00:00.000000Z,0.0003201520012348,42165238.12757048,0.3661055376881688,93.51397357258978,196.35476464727853,146.87923306373054,-0.0745608361280708,-47.4750222718128,35798405.80430704,9668085.804717848,41053414.39257795,-77739.6993763886,-2991.761928993789,705.148599398152,18.80475183990421
2023-02-25 00:00:00.000000Z,0.00032694476092,42164659.791699626,0.3663543363909674,93.51177289833343,191.54741471596623,181.75168025342808,0.0491327149748673,-47.49450718207889,35800301.875742584,-12198370.737574294,40375940.94613954,62038.16829047205,-2942.2147461733275,-888.9627836368423,19.125890973286445
2023-02-25 02:00:00.000000Z,0.000325778440044,42165066.310192905,0.3664378215089964,93.51756371678788,186.8834304103329,216.4730540964093,0.1596958265505859,-47.51360845568993,35797973.89085474,-30781757.94195613,28831812.302926548,185184.32350586983,-2100.7982128851004,-2243.841647887686,14.291108660895327
2023-02-25 04:00:00.000000Z,0.0003259792736932,42165910.0696844,0.366412046886397,93.50920628787895,182.45301617582467,250.98117961048783,0.2273067605147893,-47.52628765016342,35792248.67242129,-41079345.33405659,9526907.6963941,258488.14260783355,-693.5780575432786,-2995.005216004715,5.599614089206053
2023-02-25 06:00:00.000000Z,0.0003320229042018,42166372.065220736,0.3664118906449284,93.48089318032063,180.50271970558768,283.0388589481744,0.2336624345851213,-47.529103632055495,35785072.397342935,-40315202.70059959,-12343091.613706397,262140.03625350972,901.0769499966884,-2939.812635157369,-4.610425639303356
2023-02-25 08:00:00.000000Z,0.0003349553848567,42166137.06725406,0.3665419820851232,93.44452095930234,181.8974788516671,311.7695621531219,0.1769390566068257,-47.52200184245232,35778589.27995526,-28690108.00159673,-30887363.08741225,195084.2316217224,2253.672292319979,-2092.388777136722,-13.58745780255181
2023-02-25 10:00:00.000000Z,0.000329681292586,42165503.28388039,0.3668027271055205,93.41985503931944,185.2016362448758,338.5867388093364,0.0723491568557653,-47.50757191112294,35774424.10924382,-9332691.32983937,-41106369.35631917,75339.79997446467,2999.2451467021897,-680.5965730272745,-18.907066689985307
2023-02-25 12:00:00.000000Z,0.0003209650250973,42165014.91636464,0.3670810285080437,93.41853664851624,188.96969503811417,4.920208599620779,-0.0519168746281171,-47.48974556571094,35773394.27634087,12540527.331263565,-40242795.11938746,-64828.21118779788,2936.3036439509024,914.9580276511748,-19.12855948471177
2023-02-25 14:00:00.000000Z,0.0003151087676855,42165068.225437336,0.3672326139398963,93.43041618626972,192.95041158696895,31.026903875926685,-0.162297214301512,-47.47273232382887,35775544.67482803,31032452.035577253,-28528662.59321877,-187604.9509831674,2081.720169530389,2263.7756658302387,-14.187096039692626
2023-02-25 16:00:00.000000Z,0.0003123073489901,42165669.24511295,0.3672285472794006,93.426301921842,197.2778301678932,56.79797593274039,-0.2289423063584368,-47.46038290645135,35780318.6498538,41158636.06636968,-9123295.226988075,-259837.30814937223,666.2368985956925,3002.08806942287,-5.4125412055459705
2023-02-25 18:00:00.000000Z,0.0003081838090335,42166335.35381346,0.3672350133446653,93.3849181513044,200.73590775839563,83.46778861780707,-0.2337962032307408,-47.45575962317537,35786716.4238255,40192838.99442762,12741345.648199596,-261990.3578202439,-928.1981718108312,2931.235002894286,4.829646593115176
2023-02-25 20:00:00.000000Z,0.0003036046534689,42166387.11116281,0.367463723101023,93.32312957981262,200.9074419384542,113.43521328661508,-0.1754851494066392,-47.460581494532256,35793338.51081943,28399932.767889835,31174344.16979096,-193427.63100147317,-2271.92311623877,2070.9736892362853,13.776633999313145
2023-02-25 22:00:00.000000Z,0.000306602922553,42165736.6074513,0.3678952550533644,93.2830151904817,197.5774108276618,146.87383949441198,-0.0696951534676477,-47.47434538006514,35798425.373499766,8960010.548987072,41213776.24173212,-72593.67929615322,-3003.476704454502,653.5264031574802,19.01357239115556
2023-02-26 00:00:00.000000Z,0.0003154378939862,42165121.27667974,0.3682817361013835,93.28127902041813,193.3689766815904,181.14712146780155,0.0550662681922525,-47.49362012538573,35800282.10614472,-12891688.260062782,40159915.24728701,67954.16007671077,-2926.493829408812,-939.4831769812791,19.125777980909955
2023-02-26 02:00:00.000000Z,0.0003215264058208,42165172.4450144,0.3684470777143646,93.29416719253555,189.30418995202575,215.26223884801908,0.1651613451205089,-47.51267578562964,35798103.883618034,-31273687.03555432,28297624.574088376,190322.8584786652,-2061.86802964164,-2279.660114980319,14.079741042328248
2023-02-26 04:00:00.000000Z,0.0003278652629063,42165717.3430758,0.3684427571101644,93.29041094891788,185.51912119659647,249.120104649617,0.2308663806346215,-47.525655841879214,35792503.986460984,-41237473.05028108,8818467.610568054,261490.7900654562,-641.9259610351658,-3006.473709353578,5.23086629864734
2023-02-26 06:00:00.000000Z,0.0003383167493402,42166167.71497374,0.3684482295309195,93.26010056492744,183.53970990292683,281.20847694112524,0.2343636453035353,-47.52888595462657,35785253.50366041,-40097040.24785268,-13034956.14875855,262202.66106328554,951.5393947357404,-2923.846714449198,-5.0399112968972
2023-02-26 08:00:00.000000Z,0.0003480832038797,42166459.21699937,0.3686089922252725,93.21776321580808,183.1537027000285,311.725869859472,0.1745755878298308,-47.521833281754894,35778550.74672417,-28154450.18400547,-31376365.431658257,192177.5651872188,2289.3662895213342,-2053.292652747947,-13.9639974978756
2023-02-26 10:00:00.000000Z,0.0003484602716679,42166133.39631296,0.3689359783031672,93.1885755484692,185.54953590143157,339.45624686787414,0.0675238719272978,-47.50706151238072,35774236.99636725,-8623831.131204154,-41260722.68354561,70223.1046421955,3010.550116847497,-628.8782541432865,-19.130390173391294
2023-02-26 12:00:00.000000Z,0.0003415898113881,42165759.70443702,0.3692997054441402,93.18824946323824,188.45926735034723,6.647532308047132,-0.0579452277030666,-47.48875991857804,35773316.099409945,13231552.322243473,-40020819.6587737,-70806.3306961956,2920.156212006263,965.3582932929878,-19.13904615279981
2023-02-26 14:00:00.000000Z,0.0003312872514105,42165606.09029554,0.3695277843436166,93.2075873310525,191.3896848122409,33.79716380922238,-0.167947203804029,-47.47164410041719,35775859.49536913,31519338.97054567,-27990238.985048056,-192866.5400617572,2042.4767231832143,2299.2418509641207,-13.982194868120274
2023-02-26 16:00:00.000000Z,0.0003200015015761,42165813.94759113,0.3695665501119458,93.21474353208156,194.40044112110397,60.8729537064216,-0.2327353947096618,-47.459956283838935,35781106.2570227,41310295.82238019,-8413801.34632141,-262998.68014044256,614.5219291792192,3013.046660877804,-5.047455472595249
2023-02-26 18:00:00.000000Z,0.0003077363967687,42166279.25393873,0.3695801392207158,93.18216088594338,197.16563083235735,88.22552248752983,-0.2347513531836982,-47.45665846138141,35787736.81089952,39968898.0929248,13430536.275618466,-262230.11126325134,-978.4056109704172,2914.7793266813947,5.257758608655854
2023-02-26 20:00:00.000000Z,0.0002962952717136,42166580.09749403,0.3698226614680185,93.12101716686308,198.14138002090735,117.38672068455428,-0.1733656000755631,-47.46285413286813,35794187.42773066,27861314.863278992,31657790.51828447,-190695.459480735,-2307.11836196818,2031.6061814203772,14.155736131226508
2023-02-26 22:00:00.000000Z,0.0002930089829687,42166367.10313916,0.3703303101298544,93.07688631949104,196.20880003824183,149.4311331906846,-0.06505157519344,-47.47740964916116,35798867.18469124,8252061.480305916,41361801.09430678,-67610.92120654734,-3014.2426181342034,601.8679057210375,19.245880391446164
2023-02-27 00:00:00.000000Z,0.0003004707285076,42165891.69746536,0.3708411549989361,93.07674351025425,192.82330998503343,182.8797623048316,0.0610408564941902,-47.496805582290506,35800408.328622326,-13578392.648220368,39933087.50735106,73886.51883864903,-2909.9639054669915,-989.5554697657652,19.151334157039628
2023-02-27 02:00:00.000000Z,0.0003117734976533,42165692.95145352,0.3711066829190709,93.09919264773018,189.50885964559973,216.23511897728196,0.1709251923043913,-47.5157179287676,35798158.36558637,-31754364.08286697,27757196.45736212,195656.01206803328,-2022.485668187888,-2314.6920503745187,13.891299351010906
2023-02-27 04:00:00.000000Z,0.0003242849327344,42165900.9785002,0.3711431900965409,93.10592873201628,186.6516307153828,249.15465454612732,0.2349195428358633,-47.52868356655479,35792626.22848192,-41382733.54401977,8110022.93380511,264827.24854521226,-590.2859147666037,-3017.0358957745348,4.877030527300342
2023-02-27 06:00:00.000000Z,0.0003391449770129,42166226.03133869,0.3711540634698048,93.08092948463462,185.10422290104768,280.8055401215514,0.2356432799429261,-47.53207994037885,35785403.7149568,-39867790.48270984,-13720583.957559804,262665.36089124705,1001.5292333072604,-2907.092578554436,-5.466326494655556
2023-02-27 08:00:00.000000Z,0.0003526627301733,42166399.92685061,0.3713251780657264,93.03862423335104,185.46606564694508,310.5748428431168,0.1727432277460573,-47.52524220928188,35778587.704735965,-27612495.28555247,-31854411.93430693,189646.8050492129,2324.237862169652,-2013.724478893285,-14.350249348694176
2023-02-27 10:00:00.000000Z,0.0003594962699059,42166370.68404001,0.3716897510567847,93.00801141955344,187.2528344676493,338.9158221283724,0.063060148911794,-47.51037049352873,35774089.17958387,-7915188.3289811555,-41402363.33778152,65371.858815675136,3020.910793887634,-577.1550678649,-19.374078123109506
2023-02-27 12:00:00.000000Z,0.0003571225131172,42166195.748800136,0.3721163300390177,93.00918832825764,189.57367823556115,6.694900790437274,-0.063864524587697,-47.491666538592845,35773102.88789699,13915904.830064831,-39787796.285425656,-76690.04671088734,2903.2011397451984,1015.304928411066,-19.17572307006993
2023-02-27 14:00:00.000000Z,0.0003461604009835,42165963.24839217,0.3724131087811512,93.03591330014592,191.71828281604743,34.623321624714194,-0.1737633809586937,-47.47418067405949,35775813.536417484,31994874.905686945,-27445294.972369675,-198224.46418935875,2002.767356744735,2333.9350554362627,-13.803023864356533
2023-02-27 16:00:00.000000Z,0.0003299811242644,42165842.53208566,0.3724979652112075,93.056521218528,193.44343441075253,62.97118136535984,-0.2369267521609199,-47.46256351202707,35781379.22630986,41448810.46899845,-7703889.142224386,-266421.61359524296,562.7815690391534,3023.1195215128764,-4.701667789119611
2023-02-27 18:00:00.000000Z,0.0003119163642237,42166013.70541863,0.3725140026144351,93.03913859733008,194.9378551752349,91.57869248338837,-0.2362418162468417,-47.45988636377936,35788235.31232099,39733219.70893621,14114003.429616006,-262834.842364471,-1028.2059500086305,2897.537050474076,5.676869784881275
2023-02-27 20:00:00.000000Z,0.0002942500062384,42166386.38578884,0.3727357413689814,92.98710039181616,195.7818482081196,120.86174908991372,-0.1717998157296932,-47.46688083964745,35794611.520179,27315174.662520982,32130771.207053974,-188351.7162606612,-2341.5734948112668,1991.7348993691892,14.53732209553526
2023-02-27 22:00:00.000000Z,0.0002832049616674,42166566.11752225,0.3732646439277783,92.94417584955774,194.7646540579016,151.9891753723603,-0.0608646264135267,-47.48184303361612,35798971.302668326,7542600.281799525,41497152.67169716,-62959.31804547147,-3024.114202577425,550.1138710843035,19.49138315011215
2023-02-28 00:00:00.000000Z,0.0002856222271583,42166360.0561725,0.3738646719451131,92.94636354097338,192.17325749778817,184.64158606003468,0.0667525748976842,-47.50103978210559,35800227.21398278,-14260279.529912308,39694489.47218785,79615.30329339235,-2892.607696114072,-1039.2858231379744,19.198654503554756
2023-02-28 02:00:00.000000Z,0.0002985945172375,42166043.28376958,0.3742293304758333,92.97914947984434,189.6629441042438,217.182945283296,0.1766821274466379,-47.5194698713123,35797936.127739295,-32225155.20237988,27208824.19211238,200961.7745992668,-1982.5519706230853,-2349.024876830796,13.729201223308058
2023-02-28 04:00:00.000000Z,0.0003155966686989,42165925.95549015,0.3743157633850478,93.00005700334604,187.91265027377443,248.981661693303,0.2392307011820147,-47.532135819751375,35792558.598343484,-41515581.246370606,7399462.905207891,268325.137997636,-538.511736577223,-3026.7122738100147,4.548255133574555
2023-02-28 06:00:00.000000Z,0.0003340249546924,42166038.06743984,0.3743290796677217,92.9859195536223,187.13502271799013,279.8518463501352,0.2373923690717362,-47.53558464207061,35785486.99178846,-39626830.94684272,-14401945.086557576,263446.5437287229,1051.1920235499558,-2889.49117983754,-5.875129304540868
2023-02-28 08:00:00.000000Z,0.0003516940096985,42166268.071371175,0.3744905623309964,92.94853961115352,187.5252547477636,309.587626429266,0.1714846753099343,-47.52896088762542,35778677.87545493,-27062631.566339854,-32322992.33363451,187519.7054595501,2358.4002737271358,-1973.5842986734376,-14.730987948274864
2023-02-28 10:00:00.000000Z,0.0003646603624496,42166493.62489653,0.3748633027179832,92.91911520547312,188.9414261176809,338.2979534311308,0.0591391470469257,-47.51416295003317,35774069.32479554,-7204594.646962652,-41531898.60256804,60914.46106239297,3030.3642833174986,-525.2893973389829,-19.62599084264578
2023-02-28 12:00:00.000000Z,0.000368034026517,42166564.49136924,0.3753252080257942,92.92191681613748,190.86537894900624,6.472486378390836,-0.0694022800848502,-47.49527757550737,35773007.63440828,14595712.436805312,-39543360.99950752,-82284.1267594014,2885.392049961521,1064.9210767634015,-19.23252449442787
2023-02-28 14:00:00.000000Z,0.0003589770873473,42166363.38746829,0.3756736846813923,92.95480019794395,192.47099144567,34.93397732097009,-0.1794506687727052,-47.47754958694184,35775815.512667134,32460637.219582807,-26892774.63291653,-203466.56760618463,1962.4934479785693,2367.919423062621,-13.650980975798207
2023-02-28 16:00:00.000000Z,0.0003406870087055,42166002.79054695,0.3757988805792048,92.9883510014999,193.1247217298028,64.3402451591585,-0.2412710203004665,-47.4659905866442,35781641.59640973,41575015.01812362,-6992293.159667419,-269929.6621736605,510.9167768410133,3032.302744183917,-4.383425827740755
2023-02-28 18:00:00.000000Z,0.00031932017161,42165849.81358856,0.3758116989489448,92.98828846585975,193.17014553352337,94.3788680137454,-0.2381282829046242,-47.46387218661079,35788736.93224186,39486051.68879689,14792816.091760494,-263704.86312664906,-1077.659076495304,2879.464017786949,6.074398990761433
2023-02-28 20:00:00.000000Z,0.0002974360538819,42166145.82408038,0.3759871404287594,92.9502097446229,193.1735475351615,124.48772356079486,-0.1707812128457717,-47.47170496572934,35795107.97923286,26761503.93394404,32594013.881500985,-186393.08535687235,-2375.3011426621224,1951.315314694025,14.90774195750632
2023-02-28 22:00:00.000000Z,0.0002791593532348,42166616.84482089,0.3764862848828744,92.91240020222722,192.38847938983412,155.37733920991283,-0.0572555078889452,-47.48724883690636,35799180.16176369,6831645.525126208,41620322.57853808,-58728.57003080667,-3033.076222189371,498.2456200818544,19.738313560108864
